ISO-10303-21;
HEADER;
FILE_DESCRIPTION(('Open CASCADE Model'),'2;1');
FILE_NAME('Open CASCADE Shape Model','2026-09-06T10:02:37',('Author'),(
    'Open CASCADE'),'Open CASCADE STEP processor 7.9','Open CASCADE 7.9'
  ,'Unknown');
FILE_SCHEMA(('AUTOMOTIVE_DESIGN { 1 0 10303 214 1 1 1 1 }'));
ENDSEC;
DATA;
#1 = APPLICATION_PROTOCOL_DEFINITION('international standard',
  'automotive_design',2000,#2);
#2 = APPLICATION_CONTEXT(
  'core data for automotive mechanical design processes');
#3 = SHAPE_DEFINITION_REPRESENTATION(#4,#10);
#4 = PRODUCT_DEFINITION_SHAPE('','',#5);
#5 = PRODUCT_DEFINITION('design','',#6,#9);
#6 = PRODUCT_DEFINITION_FORMATION('','',#7);
#7 = PRODUCT('Open CASCADE STEP translator 7.9 1',
  'Open CASCADE STEP translator 7.9 1','',(#8));
#8 = PRODUCT_CONTEXT('',#2,'mechanical');
#9 = PRODUCT_DEFINITION_CONTEXT('part definition',#2,'design');
#10 = ADVANCED_BREP_SHAPE_REPRESENTATION('',(#11,#15),#7253);
#11 = AXIS2_PLACEMENT_3D('',#12,#13,#14);
#12 = CARTESIAN_POINT('',(0.,0.,0.));
#13 = DIRECTION('',(0.,0.,1.));
#14 = DIRECTION('',(1.,0.,-0.));
#15 = MANIFOLD_SOLID_BREP('',#16);
#16 = CLOSED_SHELL('',(#17,#190,#369,#396,#934,#1439,#1766,#1965,#2088,
    #2115,#2637,#2740,#3455,#3499,#3613,#3944,#4045,#4100,#4732,#4756,
    #4780,#4804,#4828,#4853,#5110,#5187,#5420,#5493,#5757,#5804,#5831,
    #5858,#5883,#5908,#5935,#5962,#5969,#5996,#6023,#6029,#6088,#6112,
    #6182,#6191,#6250,#6380,#6408,#6552,#6560,#6568,#6673,#6701,#6845,
    #6853,#6894,#6918,#6942,#6949,#7062,#7109,#7150,#7174,#7198,#7205,
    #7212,#7219,#7226,#7233,#7239,#7246));
#17 = ADVANCED_FACE('',(#18),#31,.T.);
#18 = FACE_BOUND('',#19,.T.);
#19 = EDGE_LOOP('',(#20,#52,#80,#106,#134,#166));
#20 = ORIENTED_EDGE('',*,*,#21,.F.);
#21 = EDGE_CURVE('',#22,#24,#26,.T.);
#22 = VERTEX_POINT('',#23);
#23 = CARTESIAN_POINT('',(-57.,289.333,377.778));
#24 = VERTEX_POINT('',#25);
#25 = CARTESIAN_POINT('',(-57.,293.333,377.778));
#26 = SURFACE_CURVE('',#27,(#30,#41),.PCURVE_S1.);
#27 = B_SPLINE_CURVE_WITH_KNOTS('',1,(#28,#29),.UNSPECIFIED.,.F.,.F.,(2,
    2),(0.,1.),.PIECEWISE_BEZIER_KNOTS.);
#28 = CARTESIAN_POINT('',(-57.,289.333,377.778));
#29 = CARTESIAN_POINT('',(-57.,297.333,377.778));
#30 = PCURVE('',#31,#36);
#31 = PLANE('',#32);
#32 = AXIS2_PLACEMENT_3D('',#33,#34,#35);
#33 = CARTESIAN_POINT('',(-57.,297.333,377.778));
#34 = DIRECTION('',(0.,0.,1.));
#35 = DIRECTION('',(1.,0.,-0.));
#36 = DEFINITIONAL_REPRESENTATION('',(#37),#40);
#37 = B_SPLINE_CURVE_WITH_KNOTS('',1,(#38,#39),.UNSPECIFIED.,.F.,.F.,(2,
    2),(0.,1.),.PIECEWISE_BEZIER_KNOTS.);
#38 = CARTESIAN_POINT('',(0.,-8.));
#39 = CARTESIAN_POINT('',(0.,0.));
#40 = ( GEOMETRIC_REPRESENTATION_CONTEXT(2) 
PARAMETRIC_REPRESENTATION_CONTEXT() REPRESENTATION_CONTEXT('2D SPACE',''
  ) );
#41 = PCURVE('',#42,#47);
#42 = PLANE('',#43);
#43 = AXIS2_PLACEMENT_3D('',#44,#45,#46);
#44 = CARTESIAN_POINT('',(-45.,297.333,244.167));
#45 = DIRECTION('',(-0.995991052701,0.,-8.945290905998E-02));
#46 = DIRECTION('',(-8.945290905998E-02,0.,0.995991052701));
#47 = DEFINITIONAL_REPRESENTATION('',(#48),#51);
#48 = B_SPLINE_CURVE_WITH_KNOTS('',1,(#49,#50),.UNSPECIFIED.,.F.,.F.,(2,
    2),(0.,1.),.PIECEWISE_BEZIER_KNOTS.);
#49 = CARTESIAN_POINT('',(134.14879545117,-8.));
#50 = CARTESIAN_POINT('',(134.14879545117,0.));
#51 = ( GEOMETRIC_REPRESENTATION_CONTEXT(2) 
PARAMETRIC_REPRESENTATION_CONTEXT() REPRESENTATION_CONTEXT('2D SPACE',''
  ) );
#52 = ORIENTED_EDGE('',*,*,#53,.T.);
#53 = EDGE_CURVE('',#22,#54,#56,.T.);
#54 = VERTEX_POINT('',#55);
#55 = CARTESIAN_POINT('',(-20.,289.333,377.778));
#56 = SURFACE_CURVE('',#57,(#61,#68),.PCURVE_S1.);
#57 = LINE('',#58,#59);
#58 = CARTESIAN_POINT('',(-57.,289.333,377.778));
#59 = VECTOR('',#60,1.);
#60 = DIRECTION('',(1.,0.,0.));
#61 = PCURVE('',#31,#62);
#62 = DEFINITIONAL_REPRESENTATION('',(#63),#67);
#63 = LINE('',#64,#65);
#64 = CARTESIAN_POINT('',(0.,-8.));
#65 = VECTOR('',#66,1.);
#66 = DIRECTION('',(1.,0.));
#67 = ( GEOMETRIC_REPRESENTATION_CONTEXT(2) 
PARAMETRIC_REPRESENTATION_CONTEXT() REPRESENTATION_CONTEXT('2D SPACE',''
  ) );
#68 = PCURVE('',#69,#74);
#69 = PLANE('',#70);
#70 = AXIS2_PLACEMENT_3D('',#71,#72,#73);
#71 = CARTESIAN_POINT('',(-57.,289.333,377.778));
#72 = DIRECTION('',(0.,-1.,0.));
#73 = DIRECTION('',(0.606800045294,0.,-0.794854518155));
#74 = DEFINITIONAL_REPRESENTATION('',(#75),#79);
#75 = LINE('',#76,#77);
#76 = CARTESIAN_POINT('',(0.,0.));
#77 = VECTOR('',#78,1.);
#78 = DIRECTION('',(0.606800045294,0.794854518155));
#79 = ( GEOMETRIC_REPRESENTATION_CONTEXT(2) 
PARAMETRIC_REPRESENTATION_CONTEXT() REPRESENTATION_CONTEXT('2D SPACE',''
  ) );
#80 = ORIENTED_EDGE('',*,*,#81,.T.);
#81 = EDGE_CURVE('',#54,#82,#84,.T.);
#82 = VERTEX_POINT('',#83);
#83 = CARTESIAN_POINT('',(-20.,297.333,377.778));
#84 = SURFACE_CURVE('',#85,(#89,#95),.PCURVE_S1.);
#85 = LINE('',#86,#87);
#86 = CARTESIAN_POINT('',(-20.,280.3315,377.778));
#87 = VECTOR('',#88,1.);
#88 = DIRECTION('',(-0.,1.,0.));
#89 = PCURVE('',#31,#90);
#90 = DEFINITIONAL_REPRESENTATION('',(#91),#94);
#91 = B_SPLINE_CURVE_WITH_KNOTS('',1,(#92,#93),.UNSPECIFIED.,.F.,.F.,(2,
    2),(9.0015,17.0015),.PIECEWISE_BEZIER_KNOTS.);
#92 = CARTESIAN_POINT('',(37.,-8.));
#93 = CARTESIAN_POINT('',(37.,2.273736754432E-13));
#94 = ( GEOMETRIC_REPRESENTATION_CONTEXT(2) 
PARAMETRIC_REPRESENTATION_CONTEXT() REPRESENTATION_CONTEXT('2D SPACE',''
  ) );
#95 = PCURVE('',#96,#101);
#96 = PLANE('',#97);
#97 = AXIS2_PLACEMENT_3D('',#98,#99,#100);
#98 = CARTESIAN_POINT('',(-20.,263.33,314.03));
#99 = DIRECTION('',(1.,0.,-0.));
#100 = DIRECTION('',(0.,0.,1.));
#101 = DEFINITIONAL_REPRESENTATION('',(#102),#105);
#102 = B_SPLINE_CURVE_WITH_KNOTS('',1,(#103,#104),.UNSPECIFIED.,.F.,.F.,
  (2,2),(9.0015,17.0015),.PIECEWISE_BEZIER_KNOTS.);
#103 = CARTESIAN_POINT('',(63.748,-26.003));
#104 = CARTESIAN_POINT('',(63.748,-34.003));
#105 = ( GEOMETRIC_REPRESENTATION_CONTEXT(2) 
PARAMETRIC_REPRESENTATION_CONTEXT() REPRESENTATION_CONTEXT('2D SPACE',''
  ) );
#106 = ORIENTED_EDGE('',*,*,#107,.F.);
#107 = EDGE_CURVE('',#108,#82,#110,.T.);
#108 = VERTEX_POINT('',#109);
#109 = CARTESIAN_POINT('',(-52.30708461568,297.333,377.778));
#110 = SURFACE_CURVE('',#111,(#115,#122),.PCURVE_S1.);
#111 = LINE('',#112,#113);
#112 = CARTESIAN_POINT('',(-57.,297.333,377.778));
#113 = VECTOR('',#114,1.);
#114 = DIRECTION('',(1.,0.,0.));
#115 = PCURVE('',#31,#116);
#116 = DEFINITIONAL_REPRESENTATION('',(#117),#121);
#117 = LINE('',#118,#119);
#118 = CARTESIAN_POINT('',(0.,0.));
#119 = VECTOR('',#120,1.);
#120 = DIRECTION('',(1.,0.));
#121 = ( GEOMETRIC_REPRESENTATION_CONTEXT(2) 
PARAMETRIC_REPRESENTATION_CONTEXT() REPRESENTATION_CONTEXT('2D SPACE',''
  ) );
#122 = PCURVE('',#123,#128);
#123 = PLANE('',#124);
#124 = AXIS2_PLACEMENT_3D('',#125,#126,#127);
#125 = CARTESIAN_POINT('',(-57.,297.333,377.778));
#126 = DIRECTION('',(0.,-1.,0.));
#127 = DIRECTION('',(0.606800045294,0.,-0.794854518155));
#128 = DEFINITIONAL_REPRESENTATION('',(#129),#133);
#129 = LINE('',#130,#131);
#130 = CARTESIAN_POINT('',(0.,0.));
#131 = VECTOR('',#132,1.);
#132 = DIRECTION('',(0.606800045294,0.794854518155));
#133 = ( GEOMETRIC_REPRESENTATION_CONTEXT(2) 
PARAMETRIC_REPRESENTATION_CONTEXT() REPRESENTATION_CONTEXT('2D SPACE',''
  ) );
#134 = ORIENTED_EDGE('',*,*,#135,.F.);
#135 = EDGE_CURVE('',#136,#108,#138,.T.);
#136 = VERTEX_POINT('',#137);
#137 = CARTESIAN_POINT('',(-52.50503997012,293.120081401,377.778));
#138 = SURFACE_CURVE('',#139,(#144,#151),.PCURVE_S1.);
#139 = ELLIPSE('',#140,158.09247474748,4.5);
#140 = AXIS2_PLACEMENT_3D('',#141,#142,#143);
#141 = CARTESIAN_POINT('',(-57.,293.333,377.778));
#142 = DIRECTION('',(0.,0.,1.));
#143 = DIRECTION('',(4.731524422176E-02,0.99888000664,-0.));
#144 = PCURVE('',#31,#145);
#145 = DEFINITIONAL_REPRESENTATION('',(#146),#150);
#146 = ELLIPSE('',#147,158.09247474748,4.5);
#147 = AXIS2_PLACEMENT_2D('',#148,#149);
#148 = CARTESIAN_POINT('',(0.,-4.));
#149 = DIRECTION('',(4.731524422176E-02,0.99888000664));
#150 = ( GEOMETRIC_REPRESENTATION_CONTEXT(2) 
PARAMETRIC_REPRESENTATION_CONTEXT() REPRESENTATION_CONTEXT('2D SPACE',''
  ) );
#151 = PCURVE('',#152,#157);
#152 = CYLINDRICAL_SURFACE('',#153,4.5);
#153 = AXIS2_PLACEMENT_3D('',#154,#155,#156);
#154 = CARTESIAN_POINT('',(-57.,293.333,377.778));
#155 = DIRECTION('',(4.729607247351E-02,0.998475268667,
    -2.846435295031E-02));
#156 = DIRECTION('',(0.99888000664,-4.731524422176E-02,
    2.168404344971E-19));
#157 = DEFINITIONAL_REPRESENTATION('',(#158),#165);
#158 = B_SPLINE_CURVE_WITH_KNOTS('',5,(#159,#160,#161,#162,#163,#164),
  .UNSPECIFIED.,.F.,.F.,(6,6),(4.712388976591,4.744137962173),
  .PIECEWISE_BEZIER_KNOTS.);
#159 = CARTESIAN_POINT('',(6.283185310973,-5.995138963044E-07));
#160 = CARTESIAN_POINT('',(6.276835513857,1.003447786901));
#161 = CARTESIAN_POINT('',(6.270485716741,2.006896173347));
#162 = CARTESIAN_POINT('',(6.264135919624,3.010260270318));
#163 = CARTESIAN_POINT('',(6.257786122508,4.013455788311));
#164 = CARTESIAN_POINT('',(6.251436325391,5.016398480302));
#165 = ( GEOMETRIC_REPRESENTATION_CONTEXT(2) 
PARAMETRIC_REPRESENTATION_CONTEXT() REPRESENTATION_CONTEXT('2D SPACE',''
  ) );
#166 = ORIENTED_EDGE('',*,*,#167,.T.);
#167 = EDGE_CURVE('',#136,#24,#168,.T.);
#168 = SURFACE_CURVE('',#169,(#173,#179),.PCURVE_S1.);
#169 = LINE('',#170,#171);
#170 = CARTESIAN_POINT('',(-57.09452450292,293.33747746467,377.778));
#171 = VECTOR('',#172,1.);
#172 = DIRECTION('',(-0.99888000664,4.731524422176E-02,0.));
#173 = PCURVE('',#31,#174);
#174 = DEFINITIONAL_REPRESENTATION('',(#175),#178);
#175 = B_SPLINE_CURVE_WITH_KNOTS('',1,(#176,#177),.UNSPECIFIED.,.F.,.F.,
  (2,2),(-4.594630488444,-9.463048844352E-02),.PIECEWISE_BEZIER_KNOTS.);
#176 = CARTESIAN_POINT('',(4.494960029878,-4.212918598998));
#177 = CARTESIAN_POINT('',(-1.387778780781E-17,-4.));
#178 = ( GEOMETRIC_REPRESENTATION_CONTEXT(2) 
PARAMETRIC_REPRESENTATION_CONTEXT() REPRESENTATION_CONTEXT('2D SPACE',''
  ) );
#179 = PCURVE('',#180,#185);
#180 = PLANE('',#181);
#181 = AXIS2_PLACEMENT_3D('',#182,#183,#184);
#182 = CARTESIAN_POINT('',(-57.,293.333,377.778));
#183 = DIRECTION('',(4.729607247351E-02,0.998475268667,
    -2.846435295031E-02));
#184 = DIRECTION('',(0.99888000664,-4.731524422176E-02,
    2.168404344971E-19));
#185 = DEFINITIONAL_REPRESENTATION('',(#186),#189);
#186 = B_SPLINE_CURVE_WITH_KNOTS('',1,(#187,#188),.UNSPECIFIED.,.F.,.F.,
  (2,2),(-4.594630488444,-9.463048844352E-02),.PIECEWISE_BEZIER_KNOTS.);
#187 = CARTESIAN_POINT('',(4.5,-2.574774962491E-16));
#188 = CARTESIAN_POINT('',(-4.440892098501E-16,-2.584532782043E-16));
#189 = ( GEOMETRIC_REPRESENTATION_CONTEXT(2) 
PARAMETRIC_REPRESENTATION_CONTEXT() REPRESENTATION_CONTEXT('2D SPACE',''
  ) );
#190 = ADVANCED_FACE('',(#191),#42,.T.);
#191 = FACE_BOUND('',#192,.T.);
#192 = EDGE_LOOP('',(#193,#220,#241,#242,#263,#290,#313,#345));
#193 = ORIENTED_EDGE('',*,*,#194,.F.);
#194 = EDGE_CURVE('',#195,#197,#199,.T.);
#195 = VERTEX_POINT('',#196);
#196 = CARTESIAN_POINT('',(-45.,289.333,244.167));
#197 = VERTEX_POINT('',#198);
#198 = CARTESIAN_POINT('',(-45.,293.333,244.167));
#199 = SURFACE_CURVE('',#200,(#203,#209),.PCURVE_S1.);
#200 = B_SPLINE_CURVE_WITH_KNOTS('',1,(#201,#202),.UNSPECIFIED.,.F.,.F.,
  (2,2),(0.,1.),.PIECEWISE_BEZIER_KNOTS.);
#201 = CARTESIAN_POINT('',(-45.,289.333,244.167));
#202 = CARTESIAN_POINT('',(-45.,297.333,244.167));
#203 = PCURVE('',#42,#204);
#204 = DEFINITIONAL_REPRESENTATION('',(#205),#208);
#205 = B_SPLINE_CURVE_WITH_KNOTS('',1,(#206,#207),.UNSPECIFIED.,.F.,.F.,
  (2,2),(0.,1.),.PIECEWISE_BEZIER_KNOTS.);
#206 = CARTESIAN_POINT('',(0.,-8.));
#207 = CARTESIAN_POINT('',(0.,0.));
#208 = ( GEOMETRIC_REPRESENTATION_CONTEXT(2) 
PARAMETRIC_REPRESENTATION_CONTEXT() REPRESENTATION_CONTEXT('2D SPACE',''
  ) );
#209 = PCURVE('',#210,#215);
#210 = PLANE('',#211);
#211 = AXIS2_PLACEMENT_3D('',#212,#213,#214);
#212 = CARTESIAN_POINT('',(45.,297.333,244.167));
#213 = DIRECTION('',(0.,0.,-1.));
#214 = DIRECTION('',(-1.,0.,0.));
#215 = DEFINITIONAL_REPRESENTATION('',(#216),#219);
#216 = B_SPLINE_CURVE_WITH_KNOTS('',1,(#217,#218),.UNSPECIFIED.,.F.,.F.,
  (2,2),(0.,1.),.PIECEWISE_BEZIER_KNOTS.);
#217 = CARTESIAN_POINT('',(90.,-8.));
#218 = CARTESIAN_POINT('',(90.,0.));
#219 = ( GEOMETRIC_REPRESENTATION_CONTEXT(2) 
PARAMETRIC_REPRESENTATION_CONTEXT() REPRESENTATION_CONTEXT('2D SPACE',''
  ) );
#220 = ORIENTED_EDGE('',*,*,#221,.T.);
#221 = EDGE_CURVE('',#195,#22,#222,.T.);
#222 = SURFACE_CURVE('',#223,(#227,#234),.PCURVE_S1.);
#223 = LINE('',#224,#225);
#224 = CARTESIAN_POINT('',(-45.,289.333,244.167));
#225 = VECTOR('',#226,1.);
#226 = DIRECTION('',(-8.945290905998E-02,0.,0.995991052701));
#227 = PCURVE('',#42,#228);
#228 = DEFINITIONAL_REPRESENTATION('',(#229),#233);
#229 = LINE('',#230,#231);
#230 = CARTESIAN_POINT('',(0.,-8.));
#231 = VECTOR('',#232,1.);
#232 = DIRECTION('',(1.,0.));
#233 = ( GEOMETRIC_REPRESENTATION_CONTEXT(2) 
PARAMETRIC_REPRESENTATION_CONTEXT() REPRESENTATION_CONTEXT('2D SPACE',''
  ) );
#234 = PCURVE('',#69,#235);
#235 = DEFINITIONAL_REPRESENTATION('',(#236),#240);
#236 = LINE('',#237,#238);
#237 = CARTESIAN_POINT('',(113.4829075687,-71.53690663393));
#238 = VECTOR('',#239,1.);
#239 = DIRECTION('',(-0.845948017551,0.533265366963));
#240 = ( GEOMETRIC_REPRESENTATION_CONTEXT(2) 
PARAMETRIC_REPRESENTATION_CONTEXT() REPRESENTATION_CONTEXT('2D SPACE',''
  ) );
#241 = ORIENTED_EDGE('',*,*,#21,.T.);
#242 = ORIENTED_EDGE('',*,*,#243,.T.);
#243 = EDGE_CURVE('',#24,#244,#246,.T.);
#244 = VERTEX_POINT('',#245);
#245 = CARTESIAN_POINT('',(-56.59767604284,293.18623966822,
    373.29842448009));
#246 = SURFACE_CURVE('',#247,(#251,#257),.PCURVE_S1.);
#247 = LINE('',#248,#249);
#248 = CARTESIAN_POINT('',(-51.01221343035,291.14876630485,
    311.10848738697));
#249 = VECTOR('',#250,1.);
#250 = DIRECTION('',(8.940532381123E-02,-3.261340706169E-02,
    -0.995461226645));
#251 = PCURVE('',#42,#252);
#252 = DEFINITIONAL_REPRESENTATION('',(#253),#256);
#253 = B_SPLINE_CURVE_WITH_KNOTS('',1,(#254,#255),.UNSPECIFIED.,.F.,.F.,
  (2,2),(-66.97349010539,-62.45480417713),.PIECEWISE_BEZIER_KNOTS.);
#254 = CARTESIAN_POINT('',(134.14879545117,-4.));
#255 = CARTESIAN_POINT('',(129.63251327697,-4.147369743562));
#256 = ( GEOMETRIC_REPRESENTATION_CONTEXT(2) 
PARAMETRIC_REPRESENTATION_CONTEXT() REPRESENTATION_CONTEXT('2D SPACE',''
  ) );
#257 = PCURVE('',#180,#258);
#258 = DEFINITIONAL_REPRESENTATION('',(#259),#262);
#259 = B_SPLINE_CURVE_WITH_KNOTS('',1,(#260,#261),.UNSPECIFIED.,.F.,.F.,
  (2,2),(-66.97349010539,-62.45480417713),.PIECEWISE_BEZIER_KNOTS.);
#260 = CARTESIAN_POINT('',(-8.881784197001E-15,-5.684341886081E-14));
#261 = CARTESIAN_POINT('',(0.410514942779,4.5));
#262 = ( GEOMETRIC_REPRESENTATION_CONTEXT(2) 
PARAMETRIC_REPRESENTATION_CONTEXT() REPRESENTATION_CONTEXT('2D SPACE',''
  ) );
#263 = ORIENTED_EDGE('',*,*,#264,.F.);
#264 = EDGE_CURVE('',#265,#244,#267,.T.);
#265 = VERTEX_POINT('',#266);
#266 = CARTESIAN_POINT('',(-56.58591202289,297.333,373.1674409409));
#267 = SURFACE_CURVE('',#268,(#273,#280),.PCURVE_S1.);
#268 = ELLIPSE('',#269,100.98687553479,4.5);
#269 = AXIS2_PLACEMENT_3D('',#270,#271,#272);
#270 = CARTESIAN_POINT('',(-57.,293.333,377.778));
#271 = DIRECTION('',(-0.995991052701,4.336808689942E-19,
    -8.945290905998E-02));
#272 = DIRECTION('',(2.917364136026E-03,0.99946804135,
    -3.248266163154E-02));
#273 = PCURVE('',#42,#274);
#274 = DEFINITIONAL_REPRESENTATION('',(#275),#279);
#275 = ELLIPSE('',#276,100.98687553479,4.5);
#276 = AXIS2_PLACEMENT_2D('',#277,#278);
#277 = CARTESIAN_POINT('',(134.14879545117,-4.));
#278 = DIRECTION('',(-3.261340706169E-02,0.99946804135));
#279 = ( GEOMETRIC_REPRESENTATION_CONTEXT(2) 
PARAMETRIC_REPRESENTATION_CONTEXT() REPRESENTATION_CONTEXT('2D SPACE',''
  ) );
#280 = PCURVE('',#152,#281);
#281 = DEFINITIONAL_REPRESENTATION('',(#282),#289);
#282 = B_SPLINE_CURVE_WITH_KNOTS('',5,(#283,#284,#285,#286,#287,#288),
  .UNSPECIFIED.,.F.,.F.,(6,6),(1.521768172636,1.570796332742),
  .PIECEWISE_BEZIER_KNOTS.);
#283 = CARTESIAN_POINT('',(1.528850744656,4.944300695127));
#284 = CARTESIAN_POINT('',(1.519045112635,3.956232890695));
#285 = CARTESIAN_POINT('',(1.509239480614,2.967570840534));
#286 = CARTESIAN_POINT('',(1.499433848592,1.978512467829));
#287 = CARTESIAN_POINT('',(1.489628216571,0.989255933878));
#288 = CARTESIAN_POINT('',(1.47982258455,-6.000000212225E-07));
#289 = ( GEOMETRIC_REPRESENTATION_CONTEXT(2) 
PARAMETRIC_REPRESENTATION_CONTEXT() REPRESENTATION_CONTEXT('2D SPACE',''
  ) );
#290 = ORIENTED_EDGE('',*,*,#291,.F.);
#291 = EDGE_CURVE('',#292,#265,#294,.T.);
#292 = VERTEX_POINT('',#293);
#293 = CARTESIAN_POINT('',(-45.466619398,297.333,249.36245703227));
#294 = SURFACE_CURVE('',#295,(#299,#306),.PCURVE_S1.);
#295 = LINE('',#296,#297);
#296 = CARTESIAN_POINT('',(-45.,297.333,244.167));
#297 = VECTOR('',#298,1.);
#298 = DIRECTION('',(-8.945290905998E-02,0.,0.995991052701));
#299 = PCURVE('',#42,#300);
#300 = DEFINITIONAL_REPRESENTATION('',(#301),#305);
#301 = LINE('',#302,#303);
#302 = CARTESIAN_POINT('',(0.,0.));
#303 = VECTOR('',#304,1.);
#304 = DIRECTION('',(1.,0.));
#305 = ( GEOMETRIC_REPRESENTATION_CONTEXT(2) 
PARAMETRIC_REPRESENTATION_CONTEXT() REPRESENTATION_CONTEXT('2D SPACE',''
  ) );
#306 = PCURVE('',#123,#307);
#307 = DEFINITIONAL_REPRESENTATION('',(#308),#312);
#308 = LINE('',#309,#310);
#309 = CARTESIAN_POINT('',(113.4829075687,-71.53690663393));
#310 = VECTOR('',#311,1.);
#311 = DIRECTION('',(-0.845948017551,0.533265366963));
#312 = ( GEOMETRIC_REPRESENTATION_CONTEXT(2) 
PARAMETRIC_REPRESENTATION_CONTEXT() REPRESENTATION_CONTEXT('2D SPACE',''
  ) );
#313 = ORIENTED_EDGE('',*,*,#314,.F.);
#314 = EDGE_CURVE('',#315,#292,#317,.T.);
#315 = VERTEX_POINT('',#316);
#316 = CARTESIAN_POINT('',(-45.39709551318,292.59551470713,
    248.58836071772));
#317 = SURFACE_CURVE('',#318,(#323,#330),.PCURVE_S1.);
#318 = ELLIPSE('',#319,73.149032168222,4.5);
#319 = AXIS2_PLACEMENT_3D('',#320,#321,#322);
#320 = CARTESIAN_POINT('',(-45.,293.333,244.167));
#321 = DIRECTION('',(-0.995991052701,-1.734723475977E-18,
    -8.945290905998E-02));
#322 = DIRECTION('',(-1.466004551911E-02,0.986479347654,0.163228611821)
  );
#323 = PCURVE('',#42,#324);
#324 = DEFINITIONAL_REPRESENTATION('',(#325),#329);
#325 = ELLIPSE('',#326,73.149032168222,4.5);
#326 = AXIS2_PLACEMENT_2D('',#327,#328);
#327 = CARTESIAN_POINT('',(0.,-4.));
#328 = DIRECTION('',(0.163885620637,0.986479347654));
#329 = ( GEOMETRIC_REPRESENTATION_CONTEXT(2) 
PARAMETRIC_REPRESENTATION_CONTEXT() REPRESENTATION_CONTEXT('2D SPACE',''
  ) );
#330 = PCURVE('',#331,#336);
#331 = CYLINDRICAL_SURFACE('',#332,4.5);
#332 = AXIS2_PLACEMENT_3D('',#333,#334,#335);
#333 = CARTESIAN_POINT('',(-45.,293.333,244.167));
#334 = DIRECTION('',(4.663934168152E-02,0.984610915462,0.168422436036));
#335 = DIRECTION('',(-8.673617379884E-19,-0.168605914035,0.985683542397)
  );
#336 = DEFINITIONAL_REPRESENTATION('',(#337),#344);
#337 = B_SPLINE_CURVE_WITH_KNOTS('',5,(#338,#339,#340,#341,#342,#343),
  .UNSPECIFIED.,.F.,.F.,(6,6),(4.712388972167,4.78917327275),
  .PIECEWISE_BEZIER_KNOTS.);
#338 = CARTESIAN_POINT('',(6.194730432369,-6.000000780659E-07));
#339 = CARTESIAN_POINT('',(6.179373572252,1.121211203855));
#340 = CARTESIAN_POINT('',(6.164016712136,2.242423007903));
#341 = CARTESIAN_POINT('',(6.148659852019,3.363083939309));
#342 = CARTESIAN_POINT('',(6.133302991902,4.482643125619));
#343 = CARTESIAN_POINT('',(6.117946131785,5.600551317356));
#344 = ( GEOMETRIC_REPRESENTATION_CONTEXT(2) 
PARAMETRIC_REPRESENTATION_CONTEXT() REPRESENTATION_CONTEXT('2D SPACE',''
  ) );
#345 = ORIENTED_EDGE('',*,*,#346,.T.);
#346 = EDGE_CURVE('',#315,#197,#347,.T.);
#347 = SURFACE_CURVE('',#348,(#352,#358),.PCURVE_S1.);
#348 = LINE('',#349,#350);
#349 = CARTESIAN_POINT('',(-44.97107633571,293.3867169933,
    243.84495669098));
#350 = VECTOR('',#351,1.);
#351 = DIRECTION('',(8.824344737527E-02,0.163885620637,-0.982524603938)
  );
#352 = PCURVE('',#42,#353);
#353 = DEFINITIONAL_REPRESENTATION('',(#354),#357);
#354 = B_SPLINE_CURVE_WITH_KNOTS('',1,(#355,#356),.UNSPECIFIED.,.F.,.F.,
  (2,2),(-4.845433416666,-0.327771241275),.PIECEWISE_BEZIER_KNOTS.);
#355 = CARTESIAN_POINT('',(4.456580435702,-4.740379869444));
#356 = CARTESIAN_POINT('',(0.,-4.));
#357 = ( GEOMETRIC_REPRESENTATION_CONTEXT(2) 
PARAMETRIC_REPRESENTATION_CONTEXT() REPRESENTATION_CONTEXT('2D SPACE',''
  ) );
#358 = PCURVE('',#359,#364);
#359 = PLANE('',#360);
#360 = AXIS2_PLACEMENT_3D('',#361,#362,#363);
#361 = CARTESIAN_POINT('',(-45.,293.333,244.167));
#362 = DIRECTION('',(4.663934168152E-02,0.984610915462,0.168422436036));
#363 = DIRECTION('',(-8.673617379884E-19,-0.168605914035,0.985683542397)
  );
#364 = DEFINITIONAL_REPRESENTATION('',(#365),#368);
#365 = B_SPLINE_CURVE_WITH_KNOTS('',1,(#366,#367),.UNSPECIFIED.,.F.,.F.,
  (2,2),(-4.845433416666,-0.327771241275),.PIECEWISE_BEZIER_KNOTS.);
#366 = CARTESIAN_POINT('',(4.5,-0.399088374874));
#367 = CARTESIAN_POINT('',(-2.22044604925E-16,1.054711873394E-15));
#368 = ( GEOMETRIC_REPRESENTATION_CONTEXT(2) 
PARAMETRIC_REPRESENTATION_CONTEXT() REPRESENTATION_CONTEXT('2D SPACE',''
  ) );
#369 = ADVANCED_FACE('',(#370),#180,.F.);
#370 = FACE_BOUND('',#371,.F.);
#371 = EDGE_LOOP('',(#372,#394,#395));
#372 = ORIENTED_EDGE('',*,*,#373,.T.);
#373 = EDGE_CURVE('',#244,#136,#374,.T.);
#374 = SURFACE_CURVE('',#375,(#380,#387),.PCURVE_S1.);
#375 = CIRCLE('',#376,4.5);
#376 = AXIS2_PLACEMENT_3D('',#377,#378,#379);
#377 = CARTESIAN_POINT('',(-57.,293.333,377.778));
#378 = DIRECTION('',(4.729607247351E-02,0.998475268667,
    -2.846435295031E-02));
#379 = DIRECTION('',(0.99888000664,-4.731524422176E-02,
    2.168404344971E-19));
#380 = PCURVE('',#180,#381);
#381 = DEFINITIONAL_REPRESENTATION('',(#382),#386);
#382 = CIRCLE('',#383,4.5);
#383 = AXIS2_PLACEMENT_2D('',#384,#385);
#384 = CARTESIAN_POINT('',(0.,0.));
#385 = DIRECTION('',(1.,0.));
#386 = ( GEOMETRIC_REPRESENTATION_CONTEXT(2) 
PARAMETRIC_REPRESENTATION_CONTEXT() REPRESENTATION_CONTEXT('2D SPACE',''
  ) );
#387 = PCURVE('',#152,#388);
#388 = DEFINITIONAL_REPRESENTATION('',(#389),#393);
#389 = LINE('',#390,#391);
#390 = CARTESIAN_POINT('',(0.,0.));
#391 = VECTOR('',#392,1.);
#392 = DIRECTION('',(1.,0.));
#393 = ( GEOMETRIC_REPRESENTATION_CONTEXT(2) 
PARAMETRIC_REPRESENTATION_CONTEXT() REPRESENTATION_CONTEXT('2D SPACE',''
  ) );
#394 = ORIENTED_EDGE('',*,*,#167,.T.);
#395 = ORIENTED_EDGE('',*,*,#243,.T.);
#396 = ADVANCED_FACE('',(#397),#152,.T.);
#397 = FACE_BOUND('',#398,.T.);
#398 = EDGE_LOOP('',(#399,#443,#466,#498,#547,#570,#599,#631,#680,#710,
    #711,#755,#787,#814,#863,#888,#889,#931,#932,#933));
#399 = ORIENTED_EDGE('',*,*,#400,.F.);
#400 = EDGE_CURVE('',#401,#108,#403,.T.);
#401 = VERTEX_POINT('',#402);
#402 = CARTESIAN_POINT('',(-52.30548119321,297.333,377.6578988761));
#403 = SURFACE_CURVE('',#404,(#409,#436),.PCURVE_S1.);
#404 = ELLIPSE('',#405,4.506871768599,4.5);
#405 = AXIS2_PLACEMENT_3D('',#406,#407,#408);
#406 = CARTESIAN_POINT('',(-56.8105268144,297.333,377.66396872113));
#407 = DIRECTION('',(0.,-1.,0.));
#408 = DIRECTION('',(0.856799148539,0.,-0.515650287562));
#409 = PCURVE('',#152,#410);
#410 = DEFINITIONAL_REPRESENTATION('',(#411),#435);
#411 = B_SPLINE_CURVE_WITH_KNOTS('',8,(#412,#413,#414,#415,#416,#417,
    #418,#419,#420,#421,#422,#423,#424,#425,#426,#427,#428,#429,#430,
    #431,#432,#433,#434),.UNSPECIFIED.,.F.,.F.,(9,7,7,9),(0.541092536502
    ,2.111888863297,4.46808335349,6.824277843682),.UNSPECIFIED.);
#412 = CARTESIAN_POINT('',(6.28318530718,4.219351977162));
#413 = CARTESIAN_POINT('',(6.08683576633,4.194191450478));
#414 = CARTESIAN_POINT('',(5.890486225481,4.159635171434));
#415 = CARTESIAN_POINT('',(5.694136684631,4.117161816884));
#416 = CARTESIAN_POINT('',(5.497787143782,4.069020458003));
#417 = CARTESIAN_POINT('',(5.301437602933,4.018056046615));
#418 = CARTESIAN_POINT('',(5.105088062083,3.967353310833));
#419 = CARTESIAN_POINT('',(4.908738521234,3.919837038717));
#420 = CARTESIAN_POINT('',(4.417864669111,3.815161263403));
#421 = CARTESIAN_POINT('',(4.123340357839,3.76505936006));
#422 = CARTESIAN_POINT('',(3.828816046554,3.735962529057));
#423 = CARTESIAN_POINT('',(3.534291735308,3.733821923131));
#424 = CARTESIAN_POINT('',(3.239767424012,3.759936771719));
#425 = CARTESIAN_POINT('',(2.945243112744,3.809703550176));
#426 = CARTESIAN_POINT('',(2.650718801466,3.874834937185));
#427 = CARTESIAN_POINT('',(2.061670178918,4.017028814955));
#428 = CARTESIAN_POINT('',(1.767145867646,4.094091820985));
#429 = CARTESIAN_POINT('',(1.47262155638,4.16771957673));
#430 = CARTESIAN_POINT('',(1.178097245105,4.227426327903));
#431 = CARTESIAN_POINT('',(0.883572933838,4.264166654348));
#432 = CARTESIAN_POINT('',(0.589048622552,4.273692975808));
#433 = CARTESIAN_POINT('',(0.294524311274,4.257092767189));
#434 = CARTESIAN_POINT('',(1.24344978758E-14,4.219351977162));
#435 = ( GEOMETRIC_REPRESENTATION_CONTEXT(2) 
PARAMETRIC_REPRESENTATION_CONTEXT() REPRESENTATION_CONTEXT('2D SPACE',''
  ) );
#436 = PCURVE('',#123,#437);
#437 = DEFINITIONAL_REPRESENTATION('',(#438),#442);
#438 = ELLIPSE('',#439,4.506871768599,4.5);
#439 = AXIS2_PLACEMENT_2D('',#440,#441);
#440 = CARTESIAN_POINT('',(0.205610614819,8.140943246059E-02));
#441 = DIRECTION('',(0.929772722998,0.368134056519));
#442 = ( GEOMETRIC_REPRESENTATION_CONTEXT(2) 
PARAMETRIC_REPRESENTATION_CONTEXT() REPRESENTATION_CONTEXT('2D SPACE',''
  ) );
#443 = ORIENTED_EDGE('',*,*,#444,.T.);
#444 = EDGE_CURVE('',#401,#445,#447,.T.);
#445 = VERTEX_POINT('',#446);
#446 = CARTESIAN_POINT('',(-49.13398042027,364.287081401,375.74918399425
    ));
#447 = SEAM_CURVE('',#448,(#452,#459),.PCURVE_S1.);
#448 = LINE('',#449,#450);
#449 = CARTESIAN_POINT('',(-52.50503997012,293.120081401,377.778));
#450 = VECTOR('',#451,1.);
#451 = DIRECTION('',(4.729607247351E-02,0.998475268667,
    -2.846435295031E-02));
#452 = PCURVE('',#152,#453);
#453 = DEFINITIONAL_REPRESENTATION('',(#454),#458);
#454 = LINE('',#455,#456);
#455 = CARTESIAN_POINT('',(6.28318530718,-0.));
#456 = VECTOR('',#457,1.);
#457 = DIRECTION('',(0.,1.));
#458 = ( GEOMETRIC_REPRESENTATION_CONTEXT(2) 
PARAMETRIC_REPRESENTATION_CONTEXT() REPRESENTATION_CONTEXT('2D SPACE',''
  ) );
#459 = PCURVE('',#152,#460);
#460 = DEFINITIONAL_REPRESENTATION('',(#461),#465);
#461 = LINE('',#462,#463);
#462 = CARTESIAN_POINT('',(0.,-0.));
#463 = VECTOR('',#464,1.);
#464 = DIRECTION('',(0.,1.));
#465 = ( GEOMETRIC_REPRESENTATION_CONTEXT(2) 
PARAMETRIC_REPRESENTATION_CONTEXT() REPRESENTATION_CONTEXT('2D SPACE',''
  ) );
#466 = ORIENTED_EDGE('',*,*,#467,.T.);
#467 = EDGE_CURVE('',#445,#468,#470,.T.);
#468 = VERTEX_POINT('',#469);
#469 = CARTESIAN_POINT('',(-48.93602506585,368.5,375.74918399425));
#470 = SURFACE_CURVE('',#471,(#476,#486),.PCURVE_S1.);
#471 = ELLIPSE('',#472,158.09247474748,4.5);
#472 = AXIS2_PLACEMENT_3D('',#473,#474,#475);
#473 = CARTESIAN_POINT('',(-53.62894045015,364.5,375.74918399425));
#474 = DIRECTION('',(0.,0.,1.));
#475 = DIRECTION('',(4.731524422176E-02,0.99888000664,-0.));
#476 = PCURVE('',#152,#477);
#477 = DEFINITIONAL_REPRESENTATION('',(#478),#485);
#478 = B_SPLINE_CURVE_WITH_KNOTS('',5,(#479,#480,#481,#482,#483,#484),
  .UNSPECIFIED.,.F.,.F.,(6,6),(4.712388976591,4.744137962173),
  .PIECEWISE_BEZIER_KNOTS.);
#479 = CARTESIAN_POINT('',(6.283185310973,71.275675657353));
#480 = CARTESIAN_POINT('',(6.276835513857,72.279124043769));
#481 = CARTESIAN_POINT('',(6.270485716741,73.282572430214));
#482 = CARTESIAN_POINT('',(6.264135919624,74.285936527185));
#483 = CARTESIAN_POINT('',(6.257786122508,75.289132045179));
#484 = CARTESIAN_POINT('',(6.251436325391,76.292074737169));
#485 = ( GEOMETRIC_REPRESENTATION_CONTEXT(2) 
PARAMETRIC_REPRESENTATION_CONTEXT() REPRESENTATION_CONTEXT('2D SPACE',''
  ) );
#486 = PCURVE('',#487,#492);
#487 = PLANE('',#488);
#488 = AXIS2_PLACEMENT_3D('',#489,#490,#491);
#489 = CARTESIAN_POINT('',(-53.62894045015,368.5,375.74918399425));
#490 = DIRECTION('',(0.,0.,1.));
#491 = DIRECTION('',(1.,0.,-0.));
#492 = DEFINITIONAL_REPRESENTATION('',(#493),#497);
#493 = ELLIPSE('',#494,158.09247474748,4.5);
#494 = AXIS2_PLACEMENT_2D('',#495,#496);
#495 = CARTESIAN_POINT('',(0.,-4.));
#496 = DIRECTION('',(4.731524422176E-02,0.99888000664));
#497 = ( GEOMETRIC_REPRESENTATION_CONTEXT(2) 
PARAMETRIC_REPRESENTATION_CONTEXT() REPRESENTATION_CONTEXT('2D SPACE',''
  ) );
#498 = ORIENTED_EDGE('',*,*,#499,.F.);
#499 = EDGE_CURVE('',#500,#468,#502,.T.);
#500 = VERTEX_POINT('',#501);
#501 = CARTESIAN_POINT('',(-48.93442164337,368.5,375.62908287035));
#502 = SURFACE_CURVE('',#503,(#508,#535),.PCURVE_S1.);
#503 = ELLIPSE('',#504,4.506871768599,4.5);
#504 = AXIS2_PLACEMENT_3D('',#505,#506,#507);
#505 = CARTESIAN_POINT('',(-53.43946726456,368.5,375.63515271538));
#506 = DIRECTION('',(0.,-1.,0.));
#507 = DIRECTION('',(0.856799148539,0.,-0.515650287562));
#508 = PCURVE('',#152,#509);
#509 = DEFINITIONAL_REPRESENTATION('',(#510),#534);
#510 = B_SPLINE_CURVE_WITH_KNOTS('',8,(#511,#512,#513,#514,#515,#516,
    #517,#518,#519,#520,#521,#522,#523,#524,#525,#526,#527,#528,#529,
    #530,#531,#532,#533),.UNSPECIFIED.,.F.,.F.,(9,7,7,9),(0.541092536502
    ,2.111888863297,4.46808335349,6.824277843682),.UNSPECIFIED.);
#511 = CARTESIAN_POINT('',(6.28318530718,75.49502823403));
#512 = CARTESIAN_POINT('',(6.08683576633,75.469867707345));
#513 = CARTESIAN_POINT('',(5.890486225481,75.435311428302));
#514 = CARTESIAN_POINT('',(5.694136684631,75.392838073751));
#515 = CARTESIAN_POINT('',(5.497787143782,75.344696714871));
#516 = CARTESIAN_POINT('',(5.301437602933,75.293732303483));
#517 = CARTESIAN_POINT('',(5.105088062083,75.2430295677));
#518 = CARTESIAN_POINT('',(4.908738521234,75.195513295584));
#519 = CARTESIAN_POINT('',(4.417864669111,75.090837520271));
#520 = CARTESIAN_POINT('',(4.123340357839,75.040735616935));
#521 = CARTESIAN_POINT('',(3.828816046563,75.011638785901));
#522 = CARTESIAN_POINT('',(3.534291735295,75.009498180028));
#523 = CARTESIAN_POINT('',(3.239767424012,75.035613028569));
#524 = CARTESIAN_POINT('',(2.945243112743,75.085379807051));
#525 = CARTESIAN_POINT('',(2.650718801466,75.150511194052));
#526 = CARTESIAN_POINT('',(2.061670178918,75.292705071822));
#527 = CARTESIAN_POINT('',(1.767145867646,75.36976807786));
#528 = CARTESIAN_POINT('',(1.472621556387,75.443395833559));
#529 = CARTESIAN_POINT('',(1.178097245119,75.503102584803));
#530 = CARTESIAN_POINT('',(0.883572933831,75.539842911175));
#531 = CARTESIAN_POINT('',(0.58904862255,75.54936923268));
#532 = CARTESIAN_POINT('',(0.294524311274,75.532769024056));
#533 = CARTESIAN_POINT('',(1.24344978758E-14,75.49502823403));
#534 = ( GEOMETRIC_REPRESENTATION_CONTEXT(2) 
PARAMETRIC_REPRESENTATION_CONTEXT() REPRESENTATION_CONTEXT('2D SPACE',''
  ) );
#535 = PCURVE('',#536,#541);
#536 = PLANE('',#537);
#537 = AXIS2_PLACEMENT_3D('',#538,#539,#540);
#538 = CARTESIAN_POINT('',(-53.62894045015,368.5,375.74918399425));
#539 = DIRECTION('',(0.,-1.,0.));
#540 = DIRECTION('',(0.623620246609,0.,-0.781727438446));
#541 = DEFINITIONAL_REPRESENTATION('',(#542),#546);
#542 = ELLIPSE('',#543,4.506871768599,4.5);
#543 = AXIS2_PLACEMENT_2D('',#544,#545);
#544 = CARTESIAN_POINT('',(0.207300694258,7.700417378394E-02));
#545 = DIRECTION('',(0.937415274736,0.348213444157));
#546 = ( GEOMETRIC_REPRESENTATION_CONTEXT(2) 
PARAMETRIC_REPRESENTATION_CONTEXT() REPRESENTATION_CONTEXT('2D SPACE',''
  ) );
#547 = ORIENTED_EDGE('',*,*,#548,.T.);
#548 = EDGE_CURVE('',#500,#549,#551,.T.);
#549 = VERTEX_POINT('',#550);
#550 = CARTESIAN_POINT('',(-46.50503997012,419.787081401,374.167));
#551 = SEAM_CURVE('',#552,(#556,#563),.PCURVE_S1.);
#552 = LINE('',#553,#554);
#553 = CARTESIAN_POINT('',(-49.13398042027,364.287081401,375.74918399425
    ));
#554 = VECTOR('',#555,1.);
#555 = DIRECTION('',(4.729607247351E-02,0.998475268667,
    -2.846435295031E-02));
#556 = PCURVE('',#152,#557);
#557 = DEFINITIONAL_REPRESENTATION('',(#558),#562);
#558 = LINE('',#559,#560);
#559 = CARTESIAN_POINT('',(6.28318530718,71.275676256867));
#560 = VECTOR('',#561,1.);
#561 = DIRECTION('',(0.,1.));
#562 = ( GEOMETRIC_REPRESENTATION_CONTEXT(2) 
PARAMETRIC_REPRESENTATION_CONTEXT() REPRESENTATION_CONTEXT('2D SPACE',''
  ) );
#563 = PCURVE('',#152,#564);
#564 = DEFINITIONAL_REPRESENTATION('',(#565),#569);
#565 = LINE('',#566,#567);
#566 = CARTESIAN_POINT('',(0.,71.275676256867));
#567 = VECTOR('',#568,1.);
#568 = DIRECTION('',(0.,1.));
#569 = ( GEOMETRIC_REPRESENTATION_CONTEXT(2) 
PARAMETRIC_REPRESENTATION_CONTEXT() REPRESENTATION_CONTEXT('2D SPACE',''
  ) );
#570 = ORIENTED_EDGE('',*,*,#571,.F.);
#571 = EDGE_CURVE('',#572,#549,#574,.T.);
#572 = VERTEX_POINT('',#573);
#573 = CARTESIAN_POINT('',(-50.50484570483,419.84911174757,
    369.69687081179));
#574 = SURFACE_CURVE('',#575,(#580,#587),.PCURVE_S1.);
#575 = CIRCLE('',#576,4.5);
#576 = AXIS2_PLACEMENT_3D('',#577,#578,#579);
#577 = CARTESIAN_POINT('',(-51.,420.,374.167));
#578 = DIRECTION('',(4.729607247351E-02,0.998475268667,
    -2.846435295031E-02));
#579 = DIRECTION('',(0.99888000664,-4.731524422176E-02,
    4.336808689942E-19));
#580 = PCURVE('',#152,#581);
#581 = DEFINITIONAL_REPRESENTATION('',(#582),#586);
#582 = LINE('',#583,#584);
#583 = CARTESIAN_POINT('',(0.,126.86042806959));
#584 = VECTOR('',#585,1.);
#585 = DIRECTION('',(1.,0.));
#586 = ( GEOMETRIC_REPRESENTATION_CONTEXT(2) 
PARAMETRIC_REPRESENTATION_CONTEXT() REPRESENTATION_CONTEXT('2D SPACE',''
  ) );
#587 = PCURVE('',#588,#593);
#588 = PLANE('',#589);
#589 = AXIS2_PLACEMENT_3D('',#590,#591,#592);
#590 = CARTESIAN_POINT('',(-51.,420.,374.167));
#591 = DIRECTION('',(4.729607247351E-02,0.998475268667,
    -2.846435295031E-02));
#592 = DIRECTION('',(0.99888000664,-4.731524422176E-02,
    2.168404344971E-19));
#593 = DEFINITIONAL_REPRESENTATION('',(#594),#598);
#594 = CIRCLE('',#595,4.5);
#595 = AXIS2_PLACEMENT_2D('',#596,#597);
#596 = CARTESIAN_POINT('',(0.,0.));
#597 = DIRECTION('',(1.,0.));
#598 = ( GEOMETRIC_REPRESENTATION_CONTEXT(2) 
PARAMETRIC_REPRESENTATION_CONTEXT() REPRESENTATION_CONTEXT('2D SPACE',''
  ) );
#599 = ORIENTED_EDGE('',*,*,#600,.T.);
#600 = EDGE_CURVE('',#572,#601,#603,.T.);
#601 = VERTEX_POINT('',#602);
#602 = CARTESIAN_POINT('',(-50.51941271469,416.,369.8283781351));
#603 = SURFACE_CURVE('',#604,(#609,#619),.PCURVE_S1.);
#604 = ELLIPSE('',#605,102.56471118615,4.5);
#605 = AXIS2_PLACEMENT_3D('',#606,#607,#608);
#606 = CARTESIAN_POINT('',(-51.,420.,374.167));
#607 = DIRECTION('',(-0.993920936271,-4.336808689942E-19,-0.110096196314
    ));
#608 = DIRECTION('',(3.69160503559E-03,0.999437687218,
    -3.332688736005E-02));
#609 = PCURVE('',#152,#610);
#610 = DEFINITIONAL_REPRESENTATION('',(#611),#618);
#611 = B_SPLINE_CURVE_WITH_KNOTS('',5,(#612,#613,#614,#615,#616,#617),
  .UNSPECIFIED.,.F.,.F.,(6,6),(1.570796320939,1.616167480131),
  .PIECEWISE_BEZIER_KNOTS.);
#612 = CARTESIAN_POINT('',(1.459066448645,126.86042866959));
#613 = CARTESIAN_POINT('',(1.449992216807,125.93062892488));
#614 = CARTESIAN_POINT('',(1.440917984969,125.00082918011));
#615 = CARTESIAN_POINT('',(1.43184375313,124.07118893795));
#616 = CARTESIAN_POINT('',(1.422769521292,123.14186770103));
#617 = CARTESIAN_POINT('',(1.413695289454,122.21302480787));
#618 = ( GEOMETRIC_REPRESENTATION_CONTEXT(2) 
PARAMETRIC_REPRESENTATION_CONTEXT() REPRESENTATION_CONTEXT('2D SPACE',''
  ) );
#619 = PCURVE('',#620,#625);
#620 = PLANE('',#621);
#621 = AXIS2_PLACEMENT_3D('',#622,#623,#624);
#622 = CARTESIAN_POINT('',(-39.,424.,265.834));
#623 = DIRECTION('',(-0.993920936271,0.,-0.110096196314));
#624 = DIRECTION('',(-0.110096196314,0.,0.993920936271));
#625 = DEFINITIONAL_REPRESENTATION('',(#626),#630);
#626 = ELLIPSE('',#627,102.56471118615,4.5);
#627 = AXIS2_PLACEMENT_2D('',#628,#629);
#628 = CARTESIAN_POINT('',(108.99559114478,-4.));
#629 = DIRECTION('',(-3.35307227606E-02,0.999437687218));
#630 = ( GEOMETRIC_REPRESENTATION_CONTEXT(2) 
PARAMETRIC_REPRESENTATION_CONTEXT() REPRESENTATION_CONTEXT('2D SPACE',''
  ) );
#631 = ORIENTED_EDGE('',*,*,#632,.T.);
#632 = EDGE_CURVE('',#601,#633,#635,.T.);
#633 = VERTEX_POINT('',#634);
#634 = CARTESIAN_POINT('',(-46.68572326883,416.,374.167));
#635 = SURFACE_CURVE('',#636,(#641,#668),.PCURVE_S1.);
#636 = ELLIPSE('',#637,4.506871768599,4.5);
#637 = AXIS2_PLACEMENT_3D('',#638,#639,#640);
#638 = CARTESIAN_POINT('',(-51.18947318559,416.,374.28103127886));
#639 = DIRECTION('',(0.,-1.,0.));
#640 = DIRECTION('',(0.856799148539,0.,-0.515650287562));
#641 = PCURVE('',#152,#642);
#642 = DEFINITIONAL_REPRESENTATION('',(#643),#667);
#643 = B_SPLINE_CURVE_WITH_KNOTS('',8,(#644,#645,#646,#647,#648,#649,
    #650,#651,#652,#653,#654,#655,#656,#657,#658,#659,#660,#661,#662,
    #663,#664,#665,#666),.UNSPECIFIED.,.F.,.F.,(9,7,7,9),(0.541092536502
    ,2.111888863297,4.46808335349,6.824277843682),.UNSPECIFIED.);
#644 = CARTESIAN_POINT('',(6.28318530718,123.06756356924));
#645 = CARTESIAN_POINT('',(6.08683576633,123.04240304256));
#646 = CARTESIAN_POINT('',(5.890486225481,123.00784676351));
#647 = CARTESIAN_POINT('',(5.694136684632,122.96537340897));
#648 = CARTESIAN_POINT('',(5.497787143782,122.91723205009));
#649 = CARTESIAN_POINT('',(5.301437602933,122.86626763869));
#650 = CARTESIAN_POINT('',(5.105088062083,122.81556490291));
#651 = CARTESIAN_POINT('',(4.908738521234,122.76804863079));
#652 = CARTESIAN_POINT('',(4.417864669111,122.66337285548));
#653 = CARTESIAN_POINT('',(4.123340357839,122.6132709521));
#654 = CARTESIAN_POINT('',(3.828816046565,122.58417412118));
#655 = CARTESIAN_POINT('',(3.534291735289,122.58203351486));
#656 = CARTESIAN_POINT('',(3.239767424014,122.60814836392));
#657 = CARTESIAN_POINT('',(2.945243112743,122.65791514218));
#658 = CARTESIAN_POINT('',(2.650718801466,122.72304652926));
#659 = CARTESIAN_POINT('',(2.061670178918,122.86524040703));
#660 = CARTESIAN_POINT('',(1.76714586765,122.94230341304));
#661 = CARTESIAN_POINT('',(1.472621556373,123.01593116881));
#662 = CARTESIAN_POINT('',(1.178097245097,123.07563791968));
#663 = CARTESIAN_POINT('',(0.883572933809,123.11237824639));
#664 = CARTESIAN_POINT('',(0.589048622549,123.12190456785));
#665 = CARTESIAN_POINT('',(0.294524311274,123.10530435927));
#666 = CARTESIAN_POINT('',(1.24344978758E-14,123.06756356924));
#667 = ( GEOMETRIC_REPRESENTATION_CONTEXT(2) 
PARAMETRIC_REPRESENTATION_CONTEXT() REPRESENTATION_CONTEXT('2D SPACE',''
  ) );
#668 = PCURVE('',#669,#674);
#669 = PLANE('',#670);
#670 = AXIS2_PLACEMENT_3D('',#671,#672,#673);
#671 = CARTESIAN_POINT('',(-51.,416.,374.167));
#672 = DIRECTION('',(0.,-1.,0.));
#673 = DIRECTION('',(0.639020857855,0.,-0.7691894066));
#674 = DEFINITIONAL_REPRESENTATION('',(#675),#679);
#675 = ELLIPSE('',#676,4.506871768599,4.5);
#676 = AXIS2_PLACEMENT_2D('',#677,#678);
#677 = CARTESIAN_POINT('',(-0.208788969325,-7.287240155325E-02));
#678 = DIRECTION('',(0.944145265612,0.329529539529));
#679 = ( GEOMETRIC_REPRESENTATION_CONTEXT(2) 
PARAMETRIC_REPRESENTATION_CONTEXT() REPRESENTATION_CONTEXT('2D SPACE',''
  ) );
#680 = ORIENTED_EDGE('',*,*,#681,.T.);
#681 = EDGE_CURVE('',#633,#549,#682,.T.);
#682 = SURFACE_CURVE('',#683,(#688,#698),.PCURVE_S1.);
#683 = ELLIPSE('',#684,158.09247474748,4.5);
#684 = AXIS2_PLACEMENT_3D('',#685,#686,#687);
#685 = CARTESIAN_POINT('',(-51.,420.,374.167));
#686 = DIRECTION('',(0.,0.,1.));
#687 = DIRECTION('',(4.731524422176E-02,0.99888000664,-0.));
#688 = PCURVE('',#152,#689);
#689 = DEFINITIONAL_REPRESENTATION('',(#690),#697);
#690 = B_SPLINE_CURVE_WITH_KNOTS('',5,(#691,#692,#693,#694,#695,#696),
  .UNSPECIFIED.,.F.,.F.,(6,6),(4.683336612777,4.712388984178),
  .PIECEWISE_BEZIER_KNOTS.);
#691 = CARTESIAN_POINT('',(2.90523676075E-02,122.26997422527));
#692 = CARTESIAN_POINT('',(2.324189332726E-02,123.18780679765));
#693 = CARTESIAN_POINT('',(1.743141904701E-02,124.10583309643));
#694 = CARTESIAN_POINT('',(1.162094476678E-02,125.02398856431));
#695 = CARTESIAN_POINT('',(5.810470486536E-03,125.94220861672));
#696 = CARTESIAN_POINT('',(-3.793704905775E-09,126.8604286691));
#697 = ( GEOMETRIC_REPRESENTATION_CONTEXT(2) 
PARAMETRIC_REPRESENTATION_CONTEXT() REPRESENTATION_CONTEXT('2D SPACE',''
  ) );
#698 = PCURVE('',#699,#704);
#699 = PLANE('',#700);
#700 = AXIS2_PLACEMENT_3D('',#701,#702,#703);
#701 = CARTESIAN_POINT('',(-51.,424.,374.167));
#702 = DIRECTION('',(0.,0.,1.));
#703 = DIRECTION('',(1.,0.,-0.));
#704 = DEFINITIONAL_REPRESENTATION('',(#705),#709);
#705 = ELLIPSE('',#706,158.09247474748,4.5);
#706 = AXIS2_PLACEMENT_2D('',#707,#708);
#707 = CARTESIAN_POINT('',(0.,-4.));
#708 = DIRECTION('',(4.731524422176E-02,0.99888000664));
#709 = ( GEOMETRIC_REPRESENTATION_CONTEXT(2) 
PARAMETRIC_REPRESENTATION_CONTEXT() REPRESENTATION_CONTEXT('2D SPACE',''
  ) );
#710 = ORIENTED_EDGE('',*,*,#548,.F.);
#711 = ORIENTED_EDGE('',*,*,#712,.F.);
#712 = EDGE_CURVE('',#713,#500,#715,.T.);
#713 = VERTEX_POINT('',#714);
#714 = CARTESIAN_POINT('',(-53.16586734161,368.5,371.14126982838));
#715 = SURFACE_CURVE('',#716,(#721,#748),.PCURVE_S1.);
#716 = ELLIPSE('',#717,4.506871768599,4.5);
#717 = AXIS2_PLACEMENT_3D('',#718,#719,#720);
#718 = CARTESIAN_POINT('',(-53.43946726456,368.5,375.63515271538));
#719 = DIRECTION('',(0.,-1.,0.));
#720 = DIRECTION('',(0.856799148539,0.,-0.515650287562));
#721 = PCURVE('',#152,#722);
#722 = DEFINITIONAL_REPRESENTATION('',(#723),#747);
#723 = B_SPLINE_CURVE_WITH_KNOTS('',8,(#724,#725,#726,#727,#728,#729,
    #730,#731,#732,#733,#734,#735,#736,#737,#738,#739,#740,#741,#742,
    #743,#744,#745,#746),.UNSPECIFIED.,.F.,.F.,(9,7,7,9),(0.541092536502
    ,2.111888863297,4.46808335349,6.824277843682),.UNSPECIFIED.);
#724 = CARTESIAN_POINT('',(6.28318530718,75.49502823403));
#725 = CARTESIAN_POINT('',(6.08683576633,75.469867707345));
#726 = CARTESIAN_POINT('',(5.890486225481,75.435311428302));
#727 = CARTESIAN_POINT('',(5.694136684631,75.392838073751));
#728 = CARTESIAN_POINT('',(5.497787143782,75.344696714871));
#729 = CARTESIAN_POINT('',(5.301437602933,75.293732303483));
#730 = CARTESIAN_POINT('',(5.105088062083,75.2430295677));
#731 = CARTESIAN_POINT('',(4.908738521234,75.195513295584));
#732 = CARTESIAN_POINT('',(4.417864669111,75.090837520271));
#733 = CARTESIAN_POINT('',(4.123340357839,75.040735616935));
#734 = CARTESIAN_POINT('',(3.828816046563,75.011638785901));
#735 = CARTESIAN_POINT('',(3.534291735295,75.009498180028));
#736 = CARTESIAN_POINT('',(3.239767424012,75.035613028569));
#737 = CARTESIAN_POINT('',(2.945243112743,75.085379807051));
#738 = CARTESIAN_POINT('',(2.650718801466,75.150511194052));
#739 = CARTESIAN_POINT('',(2.061670178918,75.292705071822));
#740 = CARTESIAN_POINT('',(1.767145867646,75.36976807786));
#741 = CARTESIAN_POINT('',(1.472621556387,75.443395833559));
#742 = CARTESIAN_POINT('',(1.178097245119,75.503102584803));
#743 = CARTESIAN_POINT('',(0.883572933831,75.539842911175));
#744 = CARTESIAN_POINT('',(0.58904862255,75.54936923268));
#745 = CARTESIAN_POINT('',(0.294524311274,75.532769024056));
#746 = CARTESIAN_POINT('',(1.24344978758E-14,75.49502823403));
#747 = ( GEOMETRIC_REPRESENTATION_CONTEXT(2) 
PARAMETRIC_REPRESENTATION_CONTEXT() REPRESENTATION_CONTEXT('2D SPACE',''
  ) );
#748 = PCURVE('',#536,#749);
#749 = DEFINITIONAL_REPRESENTATION('',(#750),#754);
#750 = ELLIPSE('',#751,4.506871768599,4.5);
#751 = AXIS2_PLACEMENT_2D('',#752,#753);
#752 = CARTESIAN_POINT('',(0.207300694258,7.700417378394E-02));
#753 = DIRECTION('',(0.937415274736,0.348213444157));
#754 = ( GEOMETRIC_REPRESENTATION_CONTEXT(2) 
PARAMETRIC_REPRESENTATION_CONTEXT() REPRESENTATION_CONTEXT('2D SPACE',''
  ) );
#755 = ORIENTED_EDGE('',*,*,#756,.T.);
#756 = EDGE_CURVE('',#713,#757,#759,.T.);
#757 = VERTEX_POINT('',#758);
#758 = CARTESIAN_POINT('',(-53.17922494022,364.35112535335,
    371.27418764791));
#759 = SURFACE_CURVE('',#760,(#765,#775),.PCURVE_S1.);
#760 = ELLIPSE('',#761,101.7803774698,4.5);
#761 = AXIS2_PLACEMENT_3D('',#762,#763,#764);
#762 = CARTESIAN_POINT('',(-53.62894045015,364.5,375.74918399425));
#763 = DIRECTION('',(-0.994988289803,0.,-9.999151541061E-02));
#764 = DIRECTION('',(3.308044783104E-03,0.999452599302,
    -3.29174511239E-02));
#765 = PCURVE('',#152,#766);
#766 = DEFINITIONAL_REPRESENTATION('',(#767),#774);
#767 = B_SPLINE_CURVE_WITH_KNOTS('',5,(#768,#769,#770,#771,#772,#773),
  .UNSPECIFIED.,.F.,.F.,(6,6),(1.522129147433,1.570796332696),
  .PIECEWISE_BEZIER_KNOTS.);
#768 = CARTESIAN_POINT('',(1.517898789152,76.222243224647));
#769 = CARTESIAN_POINT('',(1.508165352099,75.233710895651));
#770 = CARTESIAN_POINT('',(1.498431915047,74.244592770718));
#771 = CARTESIAN_POINT('',(1.488698477994,73.255083960991));
#772 = CARTESIAN_POINT('',(1.478965040941,72.265379808893));
#773 = CARTESIAN_POINT('',(1.469231603889,71.275675656867));
#774 = ( GEOMETRIC_REPRESENTATION_CONTEXT(2) 
PARAMETRIC_REPRESENTATION_CONTEXT() REPRESENTATION_CONTEXT('2D SPACE',''
  ) );
#775 = PCURVE('',#776,#781);
#776 = PLANE('',#777);
#777 = AXIS2_PLACEMENT_3D('',#778,#779,#780);
#778 = CARTESIAN_POINT('',(-41.62894045015,368.5,256.34045787774));
#779 = DIRECTION('',(-0.994988289803,0.,-9.999151541061E-02));
#780 = DIRECTION('',(-9.999151541061E-02,0.,0.994988289803));
#781 = DEFINITIONAL_REPRESENTATION('',(#782),#786);
#782 = ELLIPSE('',#783,101.7803774698,4.5);
#783 = AXIS2_PLACEMENT_2D('',#784,#785);
#784 = CARTESIAN_POINT('',(120.01018237119,-4.));
#785 = DIRECTION('',(-3.308325480936E-02,0.999452599302));
#786 = ( GEOMETRIC_REPRESENTATION_CONTEXT(2) 
PARAMETRIC_REPRESENTATION_CONTEXT() REPRESENTATION_CONTEXT('2D SPACE',''
  ) );
#787 = ORIENTED_EDGE('',*,*,#788,.T.);
#788 = EDGE_CURVE('',#757,#789,#791,.T.);
#789 = VERTEX_POINT('',#790);
#790 = CARTESIAN_POINT('',(-53.19229437759,360.5,371.40423805359));
#791 = SURFACE_CURVE('',#792,(#797,#807),.PCURVE_S1.);
#792 = ELLIPSE('',#793,101.7803774698,4.5);
#793 = AXIS2_PLACEMENT_3D('',#794,#795,#796);
#794 = CARTESIAN_POINT('',(-53.62894045015,364.5,375.74918399425));
#795 = DIRECTION('',(-0.994988289803,0.,-9.999151541061E-02));
#796 = DIRECTION('',(3.308044783103E-03,0.999452599302,
    -3.29174511239E-02));
#797 = PCURVE('',#152,#798);
#798 = DEFINITIONAL_REPRESENTATION('',(#799),#806);
#799 = B_SPLINE_CURVE_WITH_KNOTS('',5,(#800,#801,#802,#803,#804,#805),
  .UNSPECIFIED.,.F.,.F.,(6,6),(1.570796320894,1.616536496399),
  .PIECEWISE_BEZIER_KNOTS.);
#800 = CARTESIAN_POINT('',(1.469231615691,71.275676856867));
#801 = CARTESIAN_POINT('',(1.46008358059,70.345496872817));
#802 = CARTESIAN_POINT('',(1.450935545489,69.415316888705));
#803 = CARTESIAN_POINT('',(1.441787510388,68.485299078594));
#804 = CARTESIAN_POINT('',(1.432639475287,67.55560561654));
#805 = CARTESIAN_POINT('',(1.423491440186,66.626398506981));
#806 = ( GEOMETRIC_REPRESENTATION_CONTEXT(2) 
PARAMETRIC_REPRESENTATION_CONTEXT() REPRESENTATION_CONTEXT('2D SPACE',''
  ) );
#807 = PCURVE('',#776,#808);
#808 = DEFINITIONAL_REPRESENTATION('',(#809),#813);
#809 = ELLIPSE('',#810,101.7803774698,4.5);
#810 = AXIS2_PLACEMENT_2D('',#811,#812);
#811 = CARTESIAN_POINT('',(120.01018237119,-4.));
#812 = DIRECTION('',(-3.308325480936E-02,0.999452599302));
#813 = ( GEOMETRIC_REPRESENTATION_CONTEXT(2) 
PARAMETRIC_REPRESENTATION_CONTEXT() REPRESENTATION_CONTEXT('2D SPACE',''
  ) );
#814 = ORIENTED_EDGE('',*,*,#815,.T.);
#815 = EDGE_CURVE('',#789,#816,#818,.T.);
#816 = VERTEX_POINT('',#817);
#817 = CARTESIAN_POINT('',(-49.314663719,360.5,375.74918399425));
#818 = SURFACE_CURVE('',#819,(#824,#851),.PCURVE_S1.);
#819 = ELLIPSE('',#820,4.506871768599,4.5);
#820 = AXIS2_PLACEMENT_3D('',#821,#822,#823);
#821 = CARTESIAN_POINT('',(-53.81841363575,360.5,375.86321527311));
#822 = DIRECTION('',(0.,-1.,0.));
#823 = DIRECTION('',(0.856799148539,0.,-0.515650287562));
#824 = PCURVE('',#152,#825);
#825 = DEFINITIONAL_REPRESENTATION('',(#826),#850);
#826 = B_SPLINE_CURVE_WITH_KNOTS('',8,(#827,#828,#829,#830,#831,#832,
    #833,#834,#835,#836,#837,#838,#839,#840,#841,#842,#843,#844,#845,
    #846,#847,#848,#849),.UNSPECIFIED.,.F.,.F.,(9,7,7,9),(0.541092536502
    ,2.111888863297,4.46808335349,6.824277843682),.UNSPECIFIED.);
#827 = CARTESIAN_POINT('',(6.28318530718,67.48281175652));
#828 = CARTESIAN_POINT('',(6.08683576633,67.457651229836));
#829 = CARTESIAN_POINT('',(5.890486225481,67.423094950794));
#830 = CARTESIAN_POINT('',(5.694136684631,67.380621596227));
#831 = CARTESIAN_POINT('',(5.497787143782,67.332480237343));
#832 = CARTESIAN_POINT('',(5.301437602933,67.281515825965));
#833 = CARTESIAN_POINT('',(5.105088062083,67.230813090191));
#834 = CARTESIAN_POINT('',(4.908738521234,67.183296818074));
#835 = CARTESIAN_POINT('',(4.417864669111,67.078621042761));
#836 = CARTESIAN_POINT('',(4.123340357836,67.028519139429));
#837 = CARTESIAN_POINT('',(3.82881604657,66.999422308058));
#838 = CARTESIAN_POINT('',(3.534291735284,66.997281702759));
#839 = CARTESIAN_POINT('',(3.239767424019,67.02339655062));
#840 = CARTESIAN_POINT('',(2.94524311274,67.073163329536));
#841 = CARTESIAN_POINT('',(2.650718801466,67.138294716542));
#842 = CARTESIAN_POINT('',(2.061670178918,67.280488594312));
#843 = CARTESIAN_POINT('',(1.767145867641,67.35755160026));
#844 = CARTESIAN_POINT('',(1.472621556385,67.431179356121));
#845 = CARTESIAN_POINT('',(1.178097245083,67.490886106971));
#846 = CARTESIAN_POINT('',(0.883572933835,67.527626433846));
#847 = CARTESIAN_POINT('',(0.589048622548,67.537152755045));
#848 = CARTESIAN_POINT('',(0.294524311274,67.520552546546));
#849 = CARTESIAN_POINT('',(1.24344978758E-14,67.48281175652));
#850 = ( GEOMETRIC_REPRESENTATION_CONTEXT(2) 
PARAMETRIC_REPRESENTATION_CONTEXT() REPRESENTATION_CONTEXT('2D SPACE',''
  ) );
#851 = PCURVE('',#852,#857);
#852 = PLANE('',#853);
#853 = AXIS2_PLACEMENT_3D('',#854,#855,#856);
#854 = CARTESIAN_POINT('',(-53.62894045015,360.5,375.74918399425));
#855 = DIRECTION('',(0.,-1.,0.));
#856 = DIRECTION('',(0.623620246609,0.,-0.781727438446));
#857 = DEFINITIONAL_REPRESENTATION('',(#858),#862);
#858 = ELLIPSE('',#859,4.506871768599,4.5);
#859 = AXIS2_PLACEMENT_2D('',#860,#861);
#860 = CARTESIAN_POINT('',(-0.207300694258,-7.700417378394E-02));
#861 = DIRECTION('',(0.937415274736,0.348213444157));
#862 = ( GEOMETRIC_REPRESENTATION_CONTEXT(2) 
PARAMETRIC_REPRESENTATION_CONTEXT() REPRESENTATION_CONTEXT('2D SPACE',''
  ) );
#863 = ORIENTED_EDGE('',*,*,#864,.T.);
#864 = EDGE_CURVE('',#816,#445,#865,.T.);
#865 = SURFACE_CURVE('',#866,(#871,#881),.PCURVE_S1.);
#866 = ELLIPSE('',#867,158.09247474748,4.5);
#867 = AXIS2_PLACEMENT_3D('',#868,#869,#870);
#868 = CARTESIAN_POINT('',(-53.62894045015,364.5,375.74918399425));
#869 = DIRECTION('',(0.,0.,1.));
#870 = DIRECTION('',(4.731524422176E-02,0.99888000664,-0.));
#871 = PCURVE('',#152,#872);
#872 = DEFINITIONAL_REPRESENTATION('',(#873),#880);
#873 = B_SPLINE_CURVE_WITH_KNOTS('',5,(#874,#875,#876,#877,#878,#879),
  .UNSPECIFIED.,.F.,.F.,(6,6),(4.683336612777,4.712388984178),
  .PIECEWISE_BEZIER_KNOTS.);
#874 = CARTESIAN_POINT('',(2.905236760755E-02,66.685222412544));
#875 = CARTESIAN_POINT('',(2.32418933273E-02,67.603054984928));
#876 = CARTESIAN_POINT('',(1.743141904701E-02,68.521081283711));
#877 = CARTESIAN_POINT('',(1.162094476684E-02,69.439236751586));
#878 = CARTESIAN_POINT('',(5.810470486545E-03,70.357456803997));
#879 = CARTESIAN_POINT('',(-3.793704905775E-09,71.275676856381));
#880 = ( GEOMETRIC_REPRESENTATION_CONTEXT(2) 
PARAMETRIC_REPRESENTATION_CONTEXT() REPRESENTATION_CONTEXT('2D SPACE',''
  ) );
#881 = PCURVE('',#487,#882);
#882 = DEFINITIONAL_REPRESENTATION('',(#883),#887);
#883 = ELLIPSE('',#884,158.09247474748,4.5);
#884 = AXIS2_PLACEMENT_2D('',#885,#886);
#885 = CARTESIAN_POINT('',(0.,-4.));
#886 = DIRECTION('',(4.731524422176E-02,0.99888000664));
#887 = ( GEOMETRIC_REPRESENTATION_CONTEXT(2) 
PARAMETRIC_REPRESENTATION_CONTEXT() REPRESENTATION_CONTEXT('2D SPACE',''
  ) );
#888 = ORIENTED_EDGE('',*,*,#444,.F.);
#889 = ORIENTED_EDGE('',*,*,#890,.F.);
#890 = EDGE_CURVE('',#265,#401,#891,.T.);
#891 = SURFACE_CURVE('',#892,(#897,#924),.PCURVE_S1.);
#892 = ELLIPSE('',#893,4.506871768599,4.5);
#893 = AXIS2_PLACEMENT_3D('',#894,#895,#896);
#894 = CARTESIAN_POINT('',(-56.8105268144,297.333,377.66396872113));
#895 = DIRECTION('',(0.,-1.,0.));
#896 = DIRECTION('',(0.856799148539,0.,-0.515650287562));
#897 = PCURVE('',#152,#898);
#898 = DEFINITIONAL_REPRESENTATION('',(#899),#923);
#899 = B_SPLINE_CURVE_WITH_KNOTS('',8,(#900,#901,#902,#903,#904,#905,
    #906,#907,#908,#909,#910,#911,#912,#913,#914,#915,#916,#917,#918,
    #919,#920,#921,#922),.UNSPECIFIED.,.F.,.F.,(9,7,7,9),(0.541092536502
    ,2.111888863297,4.46808335349,6.824277843682),.UNSPECIFIED.);
#900 = CARTESIAN_POINT('',(6.28318530718,4.219351977162));
#901 = CARTESIAN_POINT('',(6.08683576633,4.194191450478));
#902 = CARTESIAN_POINT('',(5.890486225481,4.159635171434));
#903 = CARTESIAN_POINT('',(5.694136684631,4.117161816884));
#904 = CARTESIAN_POINT('',(5.497787143782,4.069020458003));
#905 = CARTESIAN_POINT('',(5.301437602933,4.018056046615));
#906 = CARTESIAN_POINT('',(5.105088062083,3.967353310833));
#907 = CARTESIAN_POINT('',(4.908738521234,3.919837038717));
#908 = CARTESIAN_POINT('',(4.417864669111,3.815161263403));
#909 = CARTESIAN_POINT('',(4.123340357839,3.76505936006));
#910 = CARTESIAN_POINT('',(3.828816046554,3.735962529057));
#911 = CARTESIAN_POINT('',(3.534291735308,3.733821923131));
#912 = CARTESIAN_POINT('',(3.239767424012,3.759936771719));
#913 = CARTESIAN_POINT('',(2.945243112744,3.809703550176));
#914 = CARTESIAN_POINT('',(2.650718801466,3.874834937185));
#915 = CARTESIAN_POINT('',(2.061670178918,4.017028814955));
#916 = CARTESIAN_POINT('',(1.767145867646,4.094091820985));
#917 = CARTESIAN_POINT('',(1.47262155638,4.16771957673));
#918 = CARTESIAN_POINT('',(1.178097245105,4.227426327903));
#919 = CARTESIAN_POINT('',(0.883572933838,4.264166654348));
#920 = CARTESIAN_POINT('',(0.589048622552,4.273692975808));
#921 = CARTESIAN_POINT('',(0.294524311274,4.257092767189));
#922 = CARTESIAN_POINT('',(1.24344978758E-14,4.219351977162));
#923 = ( GEOMETRIC_REPRESENTATION_CONTEXT(2) 
PARAMETRIC_REPRESENTATION_CONTEXT() REPRESENTATION_CONTEXT('2D SPACE',''
  ) );
#924 = PCURVE('',#123,#925);
#925 = DEFINITIONAL_REPRESENTATION('',(#926),#930);
#926 = ELLIPSE('',#927,4.506871768599,4.5);
#927 = AXIS2_PLACEMENT_2D('',#928,#929);
#928 = CARTESIAN_POINT('',(0.205610614819,8.140943246059E-02));
#929 = DIRECTION('',(0.929772722998,0.368134056519));
#930 = ( GEOMETRIC_REPRESENTATION_CONTEXT(2) 
PARAMETRIC_REPRESENTATION_CONTEXT() REPRESENTATION_CONTEXT('2D SPACE',''
  ) );
#931 = ORIENTED_EDGE('',*,*,#264,.T.);
#932 = ORIENTED_EDGE('',*,*,#373,.T.);
#933 = ORIENTED_EDGE('',*,*,#135,.T.);
#934 = ADVANCED_FACE('',(#935),#123,.F.);
#935 = FACE_BOUND('',#936,.F.);
#936 = EDGE_LOOP('',(#937,#938,#939,#940,#941,#985,#1029,#1052,#1108,
    #1159,#1187,#1236,#1264,#1290,#1316,#1342,#1368,#1394,#1420));
#937 = ORIENTED_EDGE('',*,*,#107,.F.);
#938 = ORIENTED_EDGE('',*,*,#400,.F.);
#939 = ORIENTED_EDGE('',*,*,#890,.F.);
#940 = ORIENTED_EDGE('',*,*,#291,.F.);
#941 = ORIENTED_EDGE('',*,*,#942,.F.);
#942 = EDGE_CURVE('',#943,#292,#945,.T.);
#943 = VERTEX_POINT('',#944);
#944 = CARTESIAN_POINT('',(-44.7745872273,297.333,249.41657903178));
#945 = SURFACE_CURVE('',#946,(#951,#958),.PCURVE_S1.);
#946 = ELLIPSE('',#947,4.570333244668,4.5);
#947 = AXIS2_PLACEMENT_3D('',#948,#949,#950);
#948 = CARTESIAN_POINT('',(-44.8105268144,297.333,244.85121925205));
#949 = DIRECTION('',(0.,-1.,0.));
#950 = DIRECTION('',(0.266875269637,0.,0.963731077872));
#951 = PCURVE('',#123,#952);
#952 = DEFINITIONAL_REPRESENTATION('',(#953),#957);
#953 = ELLIPSE('',#954,4.570333244668,4.5);
#954 = AXIS2_PLACEMENT_2D('',#955,#956);
#955 = CARTESIAN_POINT('',(113.0540251424,-70.97111874315));
#956 = DIRECTION('',(-0.604086075829,0.796919075559));
#957 = ( GEOMETRIC_REPRESENTATION_CONTEXT(2) 
PARAMETRIC_REPRESENTATION_CONTEXT() REPRESENTATION_CONTEXT('2D SPACE',''
  ) );
#958 = PCURVE('',#331,#959);
#959 = DEFINITIONAL_REPRESENTATION('',(#960),#984);
#960 = B_SPLINE_CURVE_WITH_KNOTS('',8,(#961,#962,#963,#964,#965,#966,
    #967,#968,#969,#970,#971,#972,#973,#974,#975,#976,#977,#978,#979,
    #980,#981,#982,#983),.UNSPECIFIED.,.F.,.F.,(9,7,7,9),(0.26618690981,
    1.836983236605,4.193177726797,6.549372216989),.UNSPECIFIED.);
#961 = CARTESIAN_POINT('',(6.28318530718,4.833103653868));
#962 = CARTESIAN_POINT('',(6.08683576633,4.791849500882));
#963 = CARTESIAN_POINT('',(5.890486225481,4.716642347633));
#964 = CARTESIAN_POINT('',(5.694136684631,4.609908930886));
#965 = CARTESIAN_POINT('',(5.497787143782,4.476855553143));
#966 = CARTESIAN_POINT('',(5.301437602933,4.325209675546));
#967 = CARTESIAN_POINT('',(5.105088062083,4.164277915372));
#968 = CARTESIAN_POINT('',(4.908738521234,4.003716816827));
#969 = CARTESIAN_POINT('',(4.417864669111,3.625456684361));
#970 = CARTESIAN_POINT('',(4.123340357839,3.419329397017));
#971 = CARTESIAN_POINT('',(3.828816046559,3.264034289154));
#972 = CARTESIAN_POINT('',(3.534291735306,3.185697211189));
#973 = CARTESIAN_POINT('',(3.239767424018,3.198348849426));
#974 = CARTESIAN_POINT('',(2.94524311274,3.297011737213));
#975 = CARTESIAN_POINT('',(2.650718801466,3.461960737633));
#976 = CARTESIAN_POINT('',(2.061670178918,3.870438377281));
#977 = CARTESIAN_POINT('',(1.767145867645,4.113968496703));
#978 = CARTESIAN_POINT('',(1.472621556364,4.369778732982));
#979 = CARTESIAN_POINT('',(1.178097245097,4.603665166902));
#980 = CARTESIAN_POINT('',(0.88357293382,4.781396201883));
#981 = CARTESIAN_POINT('',(0.589048622552,4.880471480369));
#982 = CARTESIAN_POINT('',(0.294524311274,4.894984883347));
#983 = CARTESIAN_POINT('',(1.24344978758E-14,4.833103653868));
#984 = ( GEOMETRIC_REPRESENTATION_CONTEXT(2) 
PARAMETRIC_REPRESENTATION_CONTEXT() REPRESENTATION_CONTEXT('2D SPACE',''
  ) );
#985 = ORIENTED_EDGE('',*,*,#986,.F.);
#986 = EDGE_CURVE('',#987,#943,#989,.T.);
#987 = VERTEX_POINT('',#988);
#988 = CARTESIAN_POINT('',(-40.36189186823,297.333,244.167));
#989 = SURFACE_CURVE('',#990,(#995,#1002),.PCURVE_S1.);
#990 = ELLIPSE('',#991,4.570333244668,4.5);
#991 = AXIS2_PLACEMENT_3D('',#992,#993,#994);
#992 = CARTESIAN_POINT('',(-44.8105268144,297.333,244.85121925205));
#993 = DIRECTION('',(0.,-1.,0.));
#994 = DIRECTION('',(0.266875269637,0.,0.963731077872));
#995 = PCURVE('',#123,#996);
#996 = DEFINITIONAL_REPRESENTATION('',(#997),#1001);
#997 = ELLIPSE('',#998,4.570333244668,4.5);
#998 = AXIS2_PLACEMENT_2D('',#999,#1000);
#999 = CARTESIAN_POINT('',(113.0540251424,-70.97111874315));
#1000 = DIRECTION('',(-0.604086075829,0.796919075559));
#1001 = ( GEOMETRIC_REPRESENTATION_CONTEXT(2) 
PARAMETRIC_REPRESENTATION_CONTEXT() REPRESENTATION_CONTEXT('2D SPACE',''
  ) );
#1002 = PCURVE('',#331,#1003);
#1003 = DEFINITIONAL_REPRESENTATION('',(#1004),#1028);
#1004 = B_SPLINE_CURVE_WITH_KNOTS('',8,(#1005,#1006,#1007,#1008,#1009,
    #1010,#1011,#1012,#1013,#1014,#1015,#1016,#1017,#1018,#1019,#1020,
    #1021,#1022,#1023,#1024,#1025,#1026,#1027),.UNSPECIFIED.,.F.,.F.,(9,
    7,7,9),(0.26618690981,1.836983236605,4.193177726797,6.549372216989),
  .UNSPECIFIED.);
#1005 = CARTESIAN_POINT('',(6.28318530718,4.833103653868));
#1006 = CARTESIAN_POINT('',(6.08683576633,4.791849500882));
#1007 = CARTESIAN_POINT('',(5.890486225481,4.716642347633));
#1008 = CARTESIAN_POINT('',(5.694136684631,4.609908930886));
#1009 = CARTESIAN_POINT('',(5.497787143782,4.476855553143));
#1010 = CARTESIAN_POINT('',(5.301437602933,4.325209675546));
#1011 = CARTESIAN_POINT('',(5.105088062083,4.164277915372));
#1012 = CARTESIAN_POINT('',(4.908738521234,4.003716816827));
#1013 = CARTESIAN_POINT('',(4.417864669111,3.625456684361));
#1014 = CARTESIAN_POINT('',(4.123340357839,3.419329397017));
#1015 = CARTESIAN_POINT('',(3.828816046559,3.264034289154));
#1016 = CARTESIAN_POINT('',(3.534291735306,3.185697211189));
#1017 = CARTESIAN_POINT('',(3.239767424018,3.198348849426));
#1018 = CARTESIAN_POINT('',(2.94524311274,3.297011737213));
#1019 = CARTESIAN_POINT('',(2.650718801466,3.461960737633));
#1020 = CARTESIAN_POINT('',(2.061670178918,3.870438377281));
#1021 = CARTESIAN_POINT('',(1.767145867645,4.113968496703));
#1022 = CARTESIAN_POINT('',(1.472621556364,4.369778732982));
#1023 = CARTESIAN_POINT('',(1.178097245097,4.603665166902));
#1024 = CARTESIAN_POINT('',(0.88357293382,4.781396201883));
#1025 = CARTESIAN_POINT('',(0.589048622552,4.880471480369));
#1026 = CARTESIAN_POINT('',(0.294524311274,4.894984883347));
#1027 = CARTESIAN_POINT('',(1.24344978758E-14,4.833103653868));
#1028 = ( GEOMETRIC_REPRESENTATION_CONTEXT(2) 
PARAMETRIC_REPRESENTATION_CONTEXT() REPRESENTATION_CONTEXT('2D SPACE',''
  ) );
#1029 = ORIENTED_EDGE('',*,*,#1030,.F.);
#1030 = EDGE_CURVE('',#1031,#987,#1033,.T.);
#1031 = VERTEX_POINT('',#1032);
#1032 = CARTESIAN_POINT('',(40.36189186823,297.333,244.167));
#1033 = SURFACE_CURVE('',#1034,(#1038,#1045),.PCURVE_S1.);
#1034 = LINE('',#1035,#1036);
#1035 = CARTESIAN_POINT('',(45.,297.333,244.167));
#1036 = VECTOR('',#1037,1.);
#1037 = DIRECTION('',(-1.,0.,0.));
#1038 = PCURVE('',#123,#1039);
#1039 = DEFINITIONAL_REPRESENTATION('',(#1040),#1044);
#1040 = LINE('',#1041,#1042);
#1041 = CARTESIAN_POINT('',(168.09491164517,1.42108547152E-14));
#1042 = VECTOR('',#1043,1.);
#1043 = DIRECTION('',(-0.606800045294,-0.794854518155));
#1044 = ( GEOMETRIC_REPRESENTATION_CONTEXT(2) 
PARAMETRIC_REPRESENTATION_CONTEXT() REPRESENTATION_CONTEXT('2D SPACE',''
  ) );
#1045 = PCURVE('',#210,#1046);
#1046 = DEFINITIONAL_REPRESENTATION('',(#1047),#1051);
#1047 = LINE('',#1048,#1049);
#1048 = CARTESIAN_POINT('',(0.,0.));
#1049 = VECTOR('',#1050,1.);
#1050 = DIRECTION('',(1.,0.));
#1051 = ( GEOMETRIC_REPRESENTATION_CONTEXT(2) 
PARAMETRIC_REPRESENTATION_CONTEXT() REPRESENTATION_CONTEXT('2D SPACE',''
  ) );
#1052 = ORIENTED_EDGE('',*,*,#1053,.F.);
#1053 = EDGE_CURVE('',#1054,#1031,#1056,.T.);
#1054 = VERTEX_POINT('',#1055);
#1055 = CARTESIAN_POINT('',(44.774587227305,297.333,249.41657903178));
#1056 = SURFACE_CURVE('',#1057,(#1062,#1069),.PCURVE_S1.);
#1057 = ELLIPSE('',#1058,4.570333244668,4.5);
#1058 = AXIS2_PLACEMENT_3D('',#1059,#1060,#1061);
#1059 = CARTESIAN_POINT('',(44.810526814403,297.333,244.85121925205));
#1060 = DIRECTION('',(0.,-1.,0.));
#1061 = DIRECTION('',(-0.266875269637,0.,0.963731077872));
#1062 = PCURVE('',#123,#1063);
#1063 = DEFINITIONAL_REPRESENTATION('',(#1064),#1068);
#1064 = ELLIPSE('',#1065,4.570333244668,4.5);
#1065 = AXIS2_PLACEMENT_2D('',#1066,#1067);
#1066 = CARTESIAN_POINT('',(167.43608454367,0.264580655497));
#1067 = DIRECTION('',(-0.927965927236,0.372665047849));
#1068 = ( GEOMETRIC_REPRESENTATION_CONTEXT(2) 
PARAMETRIC_REPRESENTATION_CONTEXT() REPRESENTATION_CONTEXT('2D SPACE',''
  ) );
#1069 = PCURVE('',#1070,#1075);
#1070 = CYLINDRICAL_SURFACE('',#1071,4.5);
#1071 = AXIS2_PLACEMENT_3D('',#1072,#1073,#1074);
#1072 = CARTESIAN_POINT('',(45.,293.333,244.167));
#1073 = DIRECTION('',(-4.663934168152E-02,0.984610915462,0.168422436036)
  );
#1074 = DIRECTION('',(8.673617379884E-19,-0.168605914035,0.985683542397)
  );
#1075 = DEFINITIONAL_REPRESENTATION('',(#1076),#1107);
#1076 = B_SPLINE_CURVE_WITH_KNOTS('',8,(#1077,#1078,#1079,#1080,#1081,
    #1082,#1083,#1084,#1085,#1086,#1087,#1088,#1089,#1090,#1091,#1092,
    #1093,#1094,#1095,#1096,#1097,#1098,#1099,#1100,#1101,#1102,#1103,
    #1104,#1105,#1106),.UNSPECIFIED.,.F.,.F.,(9,7,7,7,9),(6.01699839737,
    7.587794724165,9.943989214357,11.122086459453,12.300183704549),
  .UNSPECIFIED.);
#1077 = CARTESIAN_POINT('',(6.28318530718,4.833103653868));
#1078 = CARTESIAN_POINT('',(6.08683576633,4.874357806854));
#1079 = CARTESIAN_POINT('',(5.890486225481,4.881658672405));
#1080 = CARTESIAN_POINT('',(5.694136684631,4.852587722857));
#1081 = CARTESIAN_POINT('',(5.497787143782,4.787498755278));
#1082 = CARTESIAN_POINT('',(5.301437602933,4.689877832501));
#1083 = CARTESIAN_POINT('',(5.105088062083,4.565974122754));
#1084 = CARTESIAN_POINT('',(4.908738521234,4.423928168556));
#1085 = CARTESIAN_POINT('',(4.417864669111,4.04566803609));
#1086 = CARTESIAN_POINT('',(4.12334035784,3.797881519624));
#1087 = CARTESIAN_POINT('',(3.828816046559,3.559275847116));
#1088 = CARTESIAN_POINT('',(3.534291735302,3.363652693803));
#1089 = CARTESIAN_POINT('',(3.239767424012,3.240551617919));
#1090 = CARTESIAN_POINT('',(2.945243112744,3.204361829375));
#1091 = CARTESIAN_POINT('',(2.650718801466,3.252339715279));
#1092 = CARTESIAN_POINT('',(2.208932334555,3.427428034038));
#1093 = CARTESIAN_POINT('',(2.061670178918,3.502977503856));
#1094 = CARTESIAN_POINT('',(1.914408023282,3.593784758597));
#1095 = CARTESIAN_POINT('',(1.767145867644,3.697126918332));
#1096 = CARTESIAN_POINT('',(1.619883712007,3.809617370573));
#1097 = CARTESIAN_POINT('',(1.47262155637,3.927437641696));
#1098 = CARTESIAN_POINT('',(1.325359400733,4.046615801842));
#1099 = CARTESIAN_POINT('',(1.030835089459,4.279976799748));
#1100 = CARTESIAN_POINT('',(0.883572933823,4.394159552104));
#1101 = CARTESIAN_POINT('',(0.736310778185,4.501989130707));
#1102 = CARTESIAN_POINT('',(0.589048622548,4.599724343739));
#1103 = CARTESIAN_POINT('',(0.441786466912,4.684009554628));
#1104 = CARTESIAN_POINT('',(0.294524311274,4.752124057657));
#1105 = CARTESIAN_POINT('',(0.147262155637,4.802163039129));
#1106 = CARTESIAN_POINT('',(6.217248937901E-15,4.833103653868));
#1107 = ( GEOMETRIC_REPRESENTATION_CONTEXT(2) 
PARAMETRIC_REPRESENTATION_CONTEXT() REPRESENTATION_CONTEXT('2D SPACE',''
  ) );
#1108 = ORIENTED_EDGE('',*,*,#1109,.F.);
#1109 = EDGE_CURVE('',#1110,#1054,#1112,.T.);
#1110 = VERTEX_POINT('',#1111);
#1111 = CARTESIAN_POINT('',(45.466619398009,297.333,249.36245703228));
#1112 = SURFACE_CURVE('',#1113,(#1118,#1125),.PCURVE_S1.);
#1113 = ELLIPSE('',#1114,4.570333244668,4.5);
#1114 = AXIS2_PLACEMENT_3D('',#1115,#1116,#1117);
#1115 = CARTESIAN_POINT('',(44.810526814403,297.333,244.85121925205));
#1116 = DIRECTION('',(0.,-1.,0.));
#1117 = DIRECTION('',(-0.266875269637,0.,0.963731077872));
#1118 = PCURVE('',#123,#1119);
#1119 = DEFINITIONAL_REPRESENTATION('',(#1120),#1124);
#1120 = ELLIPSE('',#1121,4.570333244668,4.5);
#1121 = AXIS2_PLACEMENT_2D('',#1122,#1123);
#1122 = CARTESIAN_POINT('',(167.43608454367,0.264580655497));
#1123 = DIRECTION('',(-0.927965927236,0.372665047849));
#1124 = ( GEOMETRIC_REPRESENTATION_CONTEXT(2) 
PARAMETRIC_REPRESENTATION_CONTEXT() REPRESENTATION_CONTEXT('2D SPACE',''
  ) );
#1125 = PCURVE('',#1070,#1126);
#1126 = DEFINITIONAL_REPRESENTATION('',(#1127),#1158);
#1127 = B_SPLINE_CURVE_WITH_KNOTS('',8,(#1128,#1129,#1130,#1131,#1132,
    #1133,#1134,#1135,#1136,#1137,#1138,#1139,#1140,#1141,#1142,#1143,
    #1144,#1145,#1146,#1147,#1148,#1149,#1150,#1151,#1152,#1153,#1154,
    #1155,#1156,#1157),.UNSPECIFIED.,.F.,.F.,(9,7,7,7,9),(6.01699839737,
    7.587794724165,9.943989214357,11.122086459453,12.300183704549),
  .UNSPECIFIED.);
#1128 = CARTESIAN_POINT('',(6.28318530718,4.833103653868));
#1129 = CARTESIAN_POINT('',(6.08683576633,4.874357806854));
#1130 = CARTESIAN_POINT('',(5.890486225481,4.881658672405));
#1131 = CARTESIAN_POINT('',(5.694136684631,4.852587722857));
#1132 = CARTESIAN_POINT('',(5.497787143782,4.787498755278));
#1133 = CARTESIAN_POINT('',(5.301437602933,4.689877832501));
#1134 = CARTESIAN_POINT('',(5.105088062083,4.565974122754));
#1135 = CARTESIAN_POINT('',(4.908738521234,4.423928168556));
#1136 = CARTESIAN_POINT('',(4.417864669111,4.04566803609));
#1137 = CARTESIAN_POINT('',(4.12334035784,3.797881519624));
#1138 = CARTESIAN_POINT('',(3.828816046559,3.559275847116));
#1139 = CARTESIAN_POINT('',(3.534291735302,3.363652693803));
#1140 = CARTESIAN_POINT('',(3.239767424012,3.240551617919));
#1141 = CARTESIAN_POINT('',(2.945243112744,3.204361829375));
#1142 = CARTESIAN_POINT('',(2.650718801466,3.252339715279));
#1143 = CARTESIAN_POINT('',(2.208932334555,3.427428034038));
#1144 = CARTESIAN_POINT('',(2.061670178918,3.502977503856));
#1145 = CARTESIAN_POINT('',(1.914408023282,3.593784758597));
#1146 = CARTESIAN_POINT('',(1.767145867644,3.697126918332));
#1147 = CARTESIAN_POINT('',(1.619883712007,3.809617370573));
#1148 = CARTESIAN_POINT('',(1.47262155637,3.927437641696));
#1149 = CARTESIAN_POINT('',(1.325359400733,4.046615801842));
#1150 = CARTESIAN_POINT('',(1.030835089459,4.279976799748));
#1151 = CARTESIAN_POINT('',(0.883572933823,4.394159552104));
#1152 = CARTESIAN_POINT('',(0.736310778185,4.501989130707));
#1153 = CARTESIAN_POINT('',(0.589048622548,4.599724343739));
#1154 = CARTESIAN_POINT('',(0.441786466912,4.684009554628));
#1155 = CARTESIAN_POINT('',(0.294524311274,4.752124057657));
#1156 = CARTESIAN_POINT('',(0.147262155637,4.802163039129));
#1157 = CARTESIAN_POINT('',(6.217248937901E-15,4.833103653868));
#1158 = ( GEOMETRIC_REPRESENTATION_CONTEXT(2) 
PARAMETRIC_REPRESENTATION_CONTEXT() REPRESENTATION_CONTEXT('2D SPACE',''
  ) );
#1159 = ORIENTED_EDGE('',*,*,#1160,.F.);
#1160 = EDGE_CURVE('',#1161,#1110,#1163,.T.);
#1161 = VERTEX_POINT('',#1162);
#1162 = CARTESIAN_POINT('',(56.585912022894,297.333,373.1674409409));
#1163 = SURFACE_CURVE('',#1164,(#1168,#1175),.PCURVE_S1.);
#1164 = LINE('',#1165,#1166);
#1165 = CARTESIAN_POINT('',(57.,297.333,377.778));
#1166 = VECTOR('',#1167,1.);
#1167 = DIRECTION('',(-8.945290905998E-02,0.,-0.995991052701));
#1168 = PCURVE('',#123,#1169);
#1169 = DEFINITIONAL_REPRESENTATION('',(#1170),#1174);
#1170 = LINE('',#1171,#1172);
#1171 = CARTESIAN_POINT('',(69.175205163526,90.613415069646));
#1172 = VECTOR('',#1173,1.);
#1173 = DIRECTION('',(0.737387959012,-0.67546946482));
#1174 = ( GEOMETRIC_REPRESENTATION_CONTEXT(2) 
PARAMETRIC_REPRESENTATION_CONTEXT() REPRESENTATION_CONTEXT('2D SPACE',''
  ) );
#1175 = PCURVE('',#1176,#1181);
#1176 = PLANE('',#1177);
#1177 = AXIS2_PLACEMENT_3D('',#1178,#1179,#1180);
#1178 = CARTESIAN_POINT('',(57.,297.333,377.778));
#1179 = DIRECTION('',(0.995991052701,0.,-8.945290905998E-02));
#1180 = DIRECTION('',(-8.945290905998E-02,0.,-0.995991052701));
#1181 = DEFINITIONAL_REPRESENTATION('',(#1182),#1186);
#1182 = LINE('',#1183,#1184);
#1183 = CARTESIAN_POINT('',(0.,0.));
#1184 = VECTOR('',#1185,1.);
#1185 = DIRECTION('',(1.,0.));
#1186 = ( GEOMETRIC_REPRESENTATION_CONTEXT(2) 
PARAMETRIC_REPRESENTATION_CONTEXT() REPRESENTATION_CONTEXT('2D SPACE',''
  ) );
#1187 = ORIENTED_EDGE('',*,*,#1188,.F.);
#1188 = EDGE_CURVE('',#1189,#1161,#1191,.T.);
#1189 = VERTEX_POINT('',#1190);
#1190 = CARTESIAN_POINT('',(52.307084615685,297.333,377.778));
#1191 = SURFACE_CURVE('',#1192,(#1197,#1204),.PCURVE_S1.);
#1192 = ELLIPSE('',#1193,4.506871768599,4.5);
#1193 = AXIS2_PLACEMENT_3D('',#1194,#1195,#1196);
#1194 = CARTESIAN_POINT('',(56.810526814403,297.333,377.66396872113));
#1195 = DIRECTION('',(0.,-1.,0.));
#1196 = DIRECTION('',(-0.856799148539,-0.,-0.515650287562));
#1197 = PCURVE('',#123,#1198);
#1198 = DEFINITIONAL_REPRESENTATION('',(#1199),#1203);
#1199 = ELLIPSE('',#1200,4.506871768599,4.5);
#1200 = AXIS2_PLACEMENT_2D('',#1201,#1202);
#1201 = CARTESIAN_POINT('',(69.150871103141,90.393617266825));
#1202 = DIRECTION('',(-0.110038801285,-0.993927292216));
#1203 = ( GEOMETRIC_REPRESENTATION_CONTEXT(2) 
PARAMETRIC_REPRESENTATION_CONTEXT() REPRESENTATION_CONTEXT('2D SPACE',''
  ) );
#1204 = PCURVE('',#1205,#1210);
#1205 = CYLINDRICAL_SURFACE('',#1206,4.5);
#1206 = AXIS2_PLACEMENT_3D('',#1207,#1208,#1209);
#1207 = CARTESIAN_POINT('',(57.,293.333,377.778));
#1208 = DIRECTION('',(-4.729607247351E-02,0.998475268667,
    -2.846435295031E-02));
#1209 = DIRECTION('',(0.99888000664,4.731524422176E-02,
    -2.168404344971E-19));
#1210 = DEFINITIONAL_REPRESENTATION('',(#1211),#1235);
#1211 = B_SPLINE_CURVE_WITH_KNOTS('',8,(#1212,#1213,#1214,#1215,#1216,
    #1217,#1218,#1219,#1220,#1221,#1222,#1223,#1224,#1225,#1226,#1227,
    #1228,#1229,#1230,#1231,#1232,#1233,#1234),.UNSPECIFIED.,.F.,.F.,(9,
    7,7,9),(2.600500117087,4.171296443882,6.527490934075,8.883685424267)
  ,.UNSPECIFIED.);
#1212 = CARTESIAN_POINT('',(6.28318530718,3.792864500347));
#1213 = CARTESIAN_POINT('',(6.08683576633,3.767703973663));
#1214 = CARTESIAN_POINT('',(5.890486225481,3.75193937448));
#1215 = CARTESIAN_POINT('',(5.694136684631,3.747047107954));
#1216 = CARTESIAN_POINT('',(5.497787143782,3.75373760112));
#1217 = CARTESIAN_POINT('',(5.301437602933,3.771752691794));
#1218 = CARTESIAN_POINT('',(5.105088062083,3.799872361793));
#1219 = CARTESIAN_POINT('',(4.908738521234,3.836096418466));
#1220 = CARTESIAN_POINT('',(4.417864669111,3.940772193779));
#1221 = CARTESIAN_POINT('',(4.123340357836,4.016281675987));
#1222 = CARTESIAN_POINT('',(3.828816046568,4.09618885055));
#1223 = CARTESIAN_POINT('',(3.534291735284,4.169861149927));
#1224 = CARTESIAN_POINT('',(3.239767424019,4.226540627296));
#1225 = CARTESIAN_POINT('',(2.94524311274,4.259019249953));
#1226 = CARTESIAN_POINT('',(2.650718801466,4.265227464791));
#1227 = CARTESIAN_POINT('',(2.061670178918,4.229780661242));
#1228 = CARTESIAN_POINT('',(1.767145867644,4.188124576901));
#1229 = CARTESIAN_POINT('',(1.47262155637,4.124890061602));
#1230 = CARTESIAN_POINT('',(1.178097245097,4.046807657784));
#1231 = CARTESIAN_POINT('',(0.883572933822,3.964519090582));
#1232 = CARTESIAN_POINT('',(0.589048622548,3.889485977633));
#1233 = CARTESIAN_POINT('',(0.294524311274,3.830605290374));
#1234 = CARTESIAN_POINT('',(1.33226762955E-14,3.792864500347));
#1235 = ( GEOMETRIC_REPRESENTATION_CONTEXT(2) 
PARAMETRIC_REPRESENTATION_CONTEXT() REPRESENTATION_CONTEXT('2D SPACE',''
  ) );
#1236 = ORIENTED_EDGE('',*,*,#1237,.F.);
#1237 = EDGE_CURVE('',#1238,#1189,#1240,.T.);
#1238 = VERTEX_POINT('',#1239);
#1239 = CARTESIAN_POINT('',(20.,297.333,377.778));
#1240 = SURFACE_CURVE('',#1241,(#1245,#1252),.PCURVE_S1.);
#1241 = LINE('',#1242,#1243);
#1242 = CARTESIAN_POINT('',(-57.,297.333,377.778));
#1243 = VECTOR('',#1244,1.);
#1244 = DIRECTION('',(1.,0.,0.));
#1245 = PCURVE('',#123,#1246);
#1246 = DEFINITIONAL_REPRESENTATION('',(#1247),#1251);
#1247 = LINE('',#1248,#1249);
#1248 = CARTESIAN_POINT('',(0.,0.));
#1249 = VECTOR('',#1250,1.);
#1250 = DIRECTION('',(0.606800045294,0.794854518155));
#1251 = ( GEOMETRIC_REPRESENTATION_CONTEXT(2) 
PARAMETRIC_REPRESENTATION_CONTEXT() REPRESENTATION_CONTEXT('2D SPACE',''
  ) );
#1252 = PCURVE('',#1253,#1258);
#1253 = PLANE('',#1254);
#1254 = AXIS2_PLACEMENT_3D('',#1255,#1256,#1257);
#1255 = CARTESIAN_POINT('',(-57.,297.333,377.778));
#1256 = DIRECTION('',(0.,0.,1.));
#1257 = DIRECTION('',(1.,0.,-0.));
#1258 = DEFINITIONAL_REPRESENTATION('',(#1259),#1263);
#1259 = LINE('',#1260,#1261);
#1260 = CARTESIAN_POINT('',(0.,0.));
#1261 = VECTOR('',#1262,1.);
#1262 = DIRECTION('',(1.,0.));
#1263 = ( GEOMETRIC_REPRESENTATION_CONTEXT(2) 
PARAMETRIC_REPRESENTATION_CONTEXT() REPRESENTATION_CONTEXT('2D SPACE',''
  ) );
#1264 = ORIENTED_EDGE('',*,*,#1265,.F.);
#1265 = EDGE_CURVE('',#1266,#1238,#1268,.T.);
#1266 = VERTEX_POINT('',#1267);
#1267 = CARTESIAN_POINT('',(20.,297.333,370.1707197288));
#1268 = SURFACE_CURVE('',#1269,(#1273,#1279),.PCURVE_S1.);
#1269 = LINE('',#1270,#1271);
#1270 = CARTESIAN_POINT('',(20.,297.333,345.904));
#1271 = VECTOR('',#1272,1.);
#1272 = DIRECTION('',(0.,0.,1.));
#1273 = PCURVE('',#123,#1274);
#1274 = DEFINITIONAL_REPRESENTATION('',(#1275),#1278);
#1275 = B_SPLINE_CURVE_WITH_KNOTS('',1,(#1276,#1277),.UNSPECIFIED.,.F.,
  .F.,(2,2),(-31.874,43.874),.PIECEWISE_BEZIER_KNOTS.);
#1276 = CARTESIAN_POINT('',(97.393989310977,22.521508610511));
#1277 = CARTESIAN_POINT('',(37.185349269788,68.485398441448));
#1278 = ( GEOMETRIC_REPRESENTATION_CONTEXT(2) 
PARAMETRIC_REPRESENTATION_CONTEXT() REPRESENTATION_CONTEXT('2D SPACE',''
  ) );
#1279 = PCURVE('',#1280,#1285);
#1280 = PLANE('',#1281);
#1281 = AXIS2_PLACEMENT_3D('',#1282,#1283,#1284);
#1282 = CARTESIAN_POINT('',(20.,263.33,314.03));
#1283 = DIRECTION('',(1.,0.,-0.));
#1284 = DIRECTION('',(0.,0.,1.));
#1285 = DEFINITIONAL_REPRESENTATION('',(#1286),#1289);
#1286 = B_SPLINE_CURVE_WITH_KNOTS('',1,(#1287,#1288),.UNSPECIFIED.,.F.,
  .F.,(2,2),(-31.874,43.874),.PIECEWISE_BEZIER_KNOTS.);
#1287 = CARTESIAN_POINT('',(0.,-34.003));
#1288 = CARTESIAN_POINT('',(75.748,-34.003));
#1289 = ( GEOMETRIC_REPRESENTATION_CONTEXT(2) 
PARAMETRIC_REPRESENTATION_CONTEXT() REPRESENTATION_CONTEXT('2D SPACE',''
  ) );
#1290 = ORIENTED_EDGE('',*,*,#1291,.F.);
#1291 = EDGE_CURVE('',#1292,#1266,#1294,.T.);
#1292 = VERTEX_POINT('',#1293);
#1293 = CARTESIAN_POINT('',(50.509292266981,297.333,370.1707197288));
#1294 = SURFACE_CURVE('',#1295,(#1299,#1305),.PCURVE_S1.);
#1295 = LINE('',#1296,#1297);
#1296 = CARTESIAN_POINT('',(-53.75464613349,297.333,370.1707197288));
#1297 = VECTOR('',#1298,1.);
#1298 = DIRECTION('',(-1.,0.,0.));
#1299 = PCURVE('',#123,#1300);
#1300 = DEFINITIONAL_REPRESENTATION('',(#1301),#1304);
#1301 = B_SPLINE_CURVE_WITH_KNOTS('',1,(#1302,#1303),.UNSPECIFIED.,.F.,
  .F.,(2,2),(-104.2639384004,-3.245353866509),.PIECEWISE_BEZIER_KNOTS.);
#1302 = CARTESIAN_POINT('',(71.28332451157,80.838148688908));
#1303 = CARTESIAN_POINT('',(9.985242840817,0.543070354485));
#1304 = ( GEOMETRIC_REPRESENTATION_CONTEXT(2) 
PARAMETRIC_REPRESENTATION_CONTEXT() REPRESENTATION_CONTEXT('2D SPACE',''
  ) );
#1305 = PCURVE('',#1306,#1311);
#1306 = PLANE('',#1307);
#1307 = AXIS2_PLACEMENT_3D('',#1308,#1309,#1310);
#1308 = CARTESIAN_POINT('',(-50.50929226698,298.333,370.1707197288));
#1309 = DIRECTION('',(0.,0.,1.));
#1310 = DIRECTION('',(1.,0.,-0.));
#1311 = DEFINITIONAL_REPRESENTATION('',(#1312),#1315);
#1312 = B_SPLINE_CURVE_WITH_KNOTS('',1,(#1313,#1314),.UNSPECIFIED.,.F.,
  .F.,(2,2),(-104.2639384004,-3.245353866509),.PIECEWISE_BEZIER_KNOTS.);
#1313 = CARTESIAN_POINT('',(101.01858453396,-1.));
#1314 = CARTESIAN_POINT('',(0.,-1.));
#1315 = ( GEOMETRIC_REPRESENTATION_CONTEXT(2) 
PARAMETRIC_REPRESENTATION_CONTEXT() REPRESENTATION_CONTEXT('2D SPACE',''
  ) );
#1316 = ORIENTED_EDGE('',*,*,#1317,.F.);
#1317 = EDGE_CURVE('',#1318,#1292,#1320,.T.);
#1318 = VERTEX_POINT('',#1319);
#1319 = CARTESIAN_POINT('',(39.413266749924,297.333,252.46087795862));
#1320 = SURFACE_CURVE('',#1321,(#1325,#1331),.PCURVE_S1.);
#1321 = LINE('',#1322,#1323);
#1322 = CARTESIAN_POINT('',(50.391227877266,297.333,368.9182586011));
#1323 = VECTOR('',#1324,1.);
#1324 = DIRECTION('',(9.384985582402E-02,0.,0.995586362182));
#1325 = PCURVE('',#123,#1326);
#1326 = DEFINITIONAL_REPRESENTATION('',(#1327),#1330);
#1327 = B_SPLINE_CURVE_WITH_KNOTS('',1,(#1328,#1329),.UNSPECIFIED.,.F.,
  .F.,(2,2),(-116.973660012,1.258013543852),.PIECEWISE_BEZIER_KNOTS.);
#1328 = CARTESIAN_POINT('',(158.11245528755,0.592085355406));
#1329 = CARTESIAN_POINT('',(71.28332451157,80.838148688908));
#1330 = ( GEOMETRIC_REPRESENTATION_CONTEXT(2) 
PARAMETRIC_REPRESENTATION_CONTEXT() REPRESENTATION_CONTEXT('2D SPACE',''
  ) );
#1331 = PCURVE('',#1332,#1337);
#1332 = PLANE('',#1333);
#1333 = AXIS2_PLACEMENT_3D('',#1334,#1335,#1336);
#1334 = CARTESIAN_POINT('',(50.509292266981,298.333,370.1707197288));
#1335 = DIRECTION('',(0.995586362182,0.,-9.384985582402E-02));
#1336 = DIRECTION('',(-9.384985582402E-02,0.,-0.995586362182));
#1337 = DEFINITIONAL_REPRESENTATION('',(#1338),#1341);
#1338 = B_SPLINE_CURVE_WITH_KNOTS('',1,(#1339,#1340),.UNSPECIFIED.,.F.,
  .F.,(2,2),(-116.973660012,1.258013543852),.PIECEWISE_BEZIER_KNOTS.);
#1339 = CARTESIAN_POINT('',(118.23167355593,-1.));
#1340 = CARTESIAN_POINT('',(0.,-1.));
#1341 = ( GEOMETRIC_REPRESENTATION_CONTEXT(2) 
PARAMETRIC_REPRESENTATION_CONTEXT() REPRESENTATION_CONTEXT('2D SPACE',''
  ) );
#1342 = ORIENTED_EDGE('',*,*,#1343,.F.);
#1343 = EDGE_CURVE('',#1344,#1318,#1346,.T.);
#1344 = VERTEX_POINT('',#1345);
#1345 = CARTESIAN_POINT('',(-39.41326674992,297.333,252.46087795862));
#1346 = SURFACE_CURVE('',#1347,(#1351,#1357),.PCURVE_S1.);
#1347 = LINE('',#1348,#1349);
#1348 = CARTESIAN_POINT('',(-8.793366625038,297.333,252.46087795862));
#1349 = VECTOR('',#1350,1.);
#1350 = DIRECTION('',(1.,0.,0.));
#1351 = PCURVE('',#123,#1352);
#1352 = DEFINITIONAL_REPRESENTATION('',(#1353),#1356);
#1353 = B_SPLINE_CURVE_WITH_KNOTS('',1,(#1354,#1355),.UNSPECIFIED.,.F.,
  .F.,(2,2),(-30.61990012488,48.206633374962),.PIECEWISE_BEZIER_KNOTS.);
#1354 = CARTESIAN_POINT('',(110.28051118946,-62.06354094742));
#1355 = CARTESIAN_POINT('',(158.11245528755,0.592085355406));
#1356 = ( GEOMETRIC_REPRESENTATION_CONTEXT(2) 
PARAMETRIC_REPRESENTATION_CONTEXT() REPRESENTATION_CONTEXT('2D SPACE',''
  ) );
#1357 = PCURVE('',#1358,#1363);
#1358 = PLANE('',#1359);
#1359 = AXIS2_PLACEMENT_3D('',#1360,#1361,#1362);
#1360 = CARTESIAN_POINT('',(39.413266749924,298.333,252.46087795862));
#1361 = DIRECTION('',(0.,0.,-1.));
#1362 = DIRECTION('',(-1.,0.,0.));
#1363 = DEFINITIONAL_REPRESENTATION('',(#1364),#1367);
#1364 = B_SPLINE_CURVE_WITH_KNOTS('',1,(#1365,#1366),.UNSPECIFIED.,.F.,
  .F.,(2,2),(-30.61990012488,48.206633374962),.PIECEWISE_BEZIER_KNOTS.);
#1365 = CARTESIAN_POINT('',(78.826533499848,-1.));
#1366 = CARTESIAN_POINT('',(0.,-1.));
#1367 = ( GEOMETRIC_REPRESENTATION_CONTEXT(2) 
PARAMETRIC_REPRESENTATION_CONTEXT() REPRESENTATION_CONTEXT('2D SPACE',''
  ) );
#1368 = ORIENTED_EDGE('',*,*,#1369,.F.);
#1369 = EDGE_CURVE('',#1370,#1344,#1372,.T.);
#1370 = VERTEX_POINT('',#1371);
#1371 = CARTESIAN_POINT('',(-50.50929226698,297.333,370.1707197288));
#1372 = SURFACE_CURVE('',#1373,(#1377,#1383),.PCURVE_S1.);
#1373 = LINE('',#1374,#1375);
#1374 = CARTESIAN_POINT('',(-45.34525945871,297.333,315.38916899942));
#1375 = VECTOR('',#1376,1.);
#1376 = DIRECTION('',(9.384985582402E-02,0.,-0.995586362182));
#1377 = PCURVE('',#123,#1378);
#1378 = DEFINITIONAL_REPRESENTATION('',(#1379),#1382);
#1379 = B_SPLINE_CURVE_WITH_KNOTS('',1,(#1380,#1381),.UNSPECIFIED.,.F.,
  .F.,(2,2),(-55.02440853984,63.207265016084),.PIECEWISE_BEZIER_KNOTS.);
#1380 = CARTESIAN_POINT('',(9.985242840817,0.543070354485));
#1381 = CARTESIAN_POINT('',(110.28051118946,-62.06354094742));
#1382 = ( GEOMETRIC_REPRESENTATION_CONTEXT(2) 
PARAMETRIC_REPRESENTATION_CONTEXT() REPRESENTATION_CONTEXT('2D SPACE',''
  ) );
#1383 = PCURVE('',#1384,#1389);
#1384 = PLANE('',#1385);
#1385 = AXIS2_PLACEMENT_3D('',#1386,#1387,#1388);
#1386 = CARTESIAN_POINT('',(-39.41326674992,298.333,252.46087795862));
#1387 = DIRECTION('',(-0.995586362182,0.,-9.384985582402E-02));
#1388 = DIRECTION('',(-9.384985582402E-02,0.,0.995586362182));
#1389 = DEFINITIONAL_REPRESENTATION('',(#1390),#1393);
#1390 = B_SPLINE_CURVE_WITH_KNOTS('',1,(#1391,#1392),.UNSPECIFIED.,.F.,
  .F.,(2,2),(-55.02440853984,63.207265016084),.PIECEWISE_BEZIER_KNOTS.);
#1391 = CARTESIAN_POINT('',(118.23167355593,-1.));
#1392 = CARTESIAN_POINT('',(0.,-1.));
#1393 = ( GEOMETRIC_REPRESENTATION_CONTEXT(2) 
PARAMETRIC_REPRESENTATION_CONTEXT() REPRESENTATION_CONTEXT('2D SPACE',''
  ) );
#1394 = ORIENTED_EDGE('',*,*,#1395,.F.);
#1395 = EDGE_CURVE('',#1396,#1370,#1398,.T.);
#1396 = VERTEX_POINT('',#1397);
#1397 = CARTESIAN_POINT('',(-20.,297.333,370.1707197288));
#1398 = SURFACE_CURVE('',#1399,(#1403,#1409),.PCURVE_S1.);
#1399 = LINE('',#1400,#1401);
#1400 = CARTESIAN_POINT('',(-53.75464613349,297.333,370.1707197288));
#1401 = VECTOR('',#1402,1.);
#1402 = DIRECTION('',(-1.,0.,0.));
#1403 = PCURVE('',#123,#1404);
#1404 = DEFINITIONAL_REPRESENTATION('',(#1405),#1408);
#1405 = B_SPLINE_CURVE_WITH_KNOTS('',1,(#1406,#1407),.UNSPECIFIED.,.F.,
  .F.,(2,2),(-104.2639384004,-3.245353866509),.PIECEWISE_BEZIER_KNOTS.);
#1406 = CARTESIAN_POINT('',(71.28332451157,80.838148688908));
#1407 = CARTESIAN_POINT('',(9.985242840817,0.543070354485));
#1408 = ( GEOMETRIC_REPRESENTATION_CONTEXT(2) 
PARAMETRIC_REPRESENTATION_CONTEXT() REPRESENTATION_CONTEXT('2D SPACE',''
  ) );
#1409 = PCURVE('',#1410,#1415);
#1410 = PLANE('',#1411);
#1411 = AXIS2_PLACEMENT_3D('',#1412,#1413,#1414);
#1412 = CARTESIAN_POINT('',(-50.50929226698,298.333,370.1707197288));
#1413 = DIRECTION('',(0.,0.,1.));
#1414 = DIRECTION('',(1.,0.,-0.));
#1415 = DEFINITIONAL_REPRESENTATION('',(#1416),#1419);
#1416 = B_SPLINE_CURVE_WITH_KNOTS('',1,(#1417,#1418),.UNSPECIFIED.,.F.,
  .F.,(2,2),(-104.2639384004,-3.245353866509),.PIECEWISE_BEZIER_KNOTS.);
#1417 = CARTESIAN_POINT('',(101.01858453396,-1.));
#1418 = CARTESIAN_POINT('',(0.,-1.));
#1419 = ( GEOMETRIC_REPRESENTATION_CONTEXT(2) 
PARAMETRIC_REPRESENTATION_CONTEXT() REPRESENTATION_CONTEXT('2D SPACE',''
  ) );
#1420 = ORIENTED_EDGE('',*,*,#1421,.T.);
#1421 = EDGE_CURVE('',#1396,#82,#1422,.T.);
#1422 = SURFACE_CURVE('',#1423,(#1427,#1433),.PCURVE_S1.);
#1423 = LINE('',#1424,#1425);
#1424 = CARTESIAN_POINT('',(-20.,297.333,345.904));
#1425 = VECTOR('',#1426,1.);
#1426 = DIRECTION('',(0.,0.,1.));
#1427 = PCURVE('',#123,#1428);
#1428 = DEFINITIONAL_REPRESENTATION('',(#1429),#1432);
#1429 = B_SPLINE_CURVE_WITH_KNOTS('',1,(#1430,#1431),.UNSPECIFIED.,.F.,
  .F.,(2,2),(-31.874,43.874),.PIECEWISE_BEZIER_KNOTS.);
#1430 = CARTESIAN_POINT('',(73.121987499213,-9.27267211568));
#1431 = CARTESIAN_POINT('',(12.913347458024,36.691217715256));
#1432 = ( GEOMETRIC_REPRESENTATION_CONTEXT(2) 
PARAMETRIC_REPRESENTATION_CONTEXT() REPRESENTATION_CONTEXT('2D SPACE',''
  ) );
#1433 = PCURVE('',#96,#1434);
#1434 = DEFINITIONAL_REPRESENTATION('',(#1435),#1438);
#1435 = B_SPLINE_CURVE_WITH_KNOTS('',1,(#1436,#1437),.UNSPECIFIED.,.F.,
  .F.,(2,2),(-31.874,43.874),.PIECEWISE_BEZIER_KNOTS.);
#1436 = CARTESIAN_POINT('',(0.,-34.003));
#1437 = CARTESIAN_POINT('',(75.748,-34.003));
#1438 = ( GEOMETRIC_REPRESENTATION_CONTEXT(2) 
PARAMETRIC_REPRESENTATION_CONTEXT() REPRESENTATION_CONTEXT('2D SPACE',''
  ) );
#1439 = ADVANCED_FACE('',(#1440,#1660,#1691,#1735),#96,.F.);
#1440 = FACE_BOUND('',#1441,.F.);
#1441 = EDGE_LOOP('',(#1442,#1472,#1500,#1528,#1554,#1580,#1606,#1634));
#1442 = ORIENTED_EDGE('',*,*,#1443,.F.);
#1443 = EDGE_CURVE('',#1444,#1446,#1448,.T.);
#1444 = VERTEX_POINT('',#1445);
#1445 = CARTESIAN_POINT('',(-20.,263.33,389.778));
#1446 = VERTEX_POINT('',#1447);
#1447 = CARTESIAN_POINT('',(-20.,331.33,389.778));
#1448 = SURFACE_CURVE('',#1449,(#1453,#1460),.PCURVE_S1.);
#1449 = LINE('',#1450,#1451);
#1450 = CARTESIAN_POINT('',(-20.,263.33,389.778));
#1451 = VECTOR('',#1452,1.);
#1452 = DIRECTION('',(-0.,1.,0.));
#1453 = PCURVE('',#96,#1454);
#1454 = DEFINITIONAL_REPRESENTATION('',(#1455),#1459);
#1455 = LINE('',#1456,#1457);
#1456 = CARTESIAN_POINT('',(75.748,0.));
#1457 = VECTOR('',#1458,1.);
#1458 = DIRECTION('',(0.,-1.));
#1459 = ( GEOMETRIC_REPRESENTATION_CONTEXT(2) 
PARAMETRIC_REPRESENTATION_CONTEXT() REPRESENTATION_CONTEXT('2D SPACE',''
  ) );
#1460 = PCURVE('',#1461,#1466);
#1461 = PLANE('',#1462);
#1462 = AXIS2_PLACEMENT_3D('',#1463,#1464,#1465);
#1463 = CARTESIAN_POINT('',(-20.,263.33,389.778));
#1464 = DIRECTION('',(0.,0.,1.));
#1465 = DIRECTION('',(1.,0.,-0.));
#1466 = DEFINITIONAL_REPRESENTATION('',(#1467),#1471);
#1467 = LINE('',#1468,#1469);
#1468 = CARTESIAN_POINT('',(0.,0.));
#1469 = VECTOR('',#1470,1.);
#1470 = DIRECTION('',(0.,1.));
#1471 = ( GEOMETRIC_REPRESENTATION_CONTEXT(2) 
PARAMETRIC_REPRESENTATION_CONTEXT() REPRESENTATION_CONTEXT('2D SPACE',''
  ) );
#1472 = ORIENTED_EDGE('',*,*,#1473,.F.);
#1473 = EDGE_CURVE('',#1474,#1444,#1476,.T.);
#1474 = VERTEX_POINT('',#1475);
#1475 = CARTESIAN_POINT('',(-20.,263.33,314.03));
#1476 = SURFACE_CURVE('',#1477,(#1481,#1488),.PCURVE_S1.);
#1477 = LINE('',#1478,#1479);
#1478 = CARTESIAN_POINT('',(-20.,263.33,314.03));
#1479 = VECTOR('',#1480,1.);
#1480 = DIRECTION('',(0.,0.,1.));
#1481 = PCURVE('',#96,#1482);
#1482 = DEFINITIONAL_REPRESENTATION('',(#1483),#1487);
#1483 = LINE('',#1484,#1485);
#1484 = CARTESIAN_POINT('',(0.,0.));
#1485 = VECTOR('',#1486,1.);
#1486 = DIRECTION('',(1.,0.));
#1487 = ( GEOMETRIC_REPRESENTATION_CONTEXT(2) 
PARAMETRIC_REPRESENTATION_CONTEXT() REPRESENTATION_CONTEXT('2D SPACE',''
  ) );
#1488 = PCURVE('',#1489,#1494);
#1489 = PLANE('',#1490);
#1490 = AXIS2_PLACEMENT_3D('',#1491,#1492,#1493);
#1491 = CARTESIAN_POINT('',(-20.,263.33,314.03));
#1492 = DIRECTION('',(-0.,1.,0.));
#1493 = DIRECTION('',(0.,0.,1.));
#1494 = DEFINITIONAL_REPRESENTATION('',(#1495),#1499);
#1495 = LINE('',#1496,#1497);
#1496 = CARTESIAN_POINT('',(0.,0.));
#1497 = VECTOR('',#1498,1.);
#1498 = DIRECTION('',(1.,0.));
#1499 = ( GEOMETRIC_REPRESENTATION_CONTEXT(2) 
PARAMETRIC_REPRESENTATION_CONTEXT() REPRESENTATION_CONTEXT('2D SPACE',''
  ) );
#1500 = ORIENTED_EDGE('',*,*,#1501,.T.);
#1501 = EDGE_CURVE('',#1474,#1502,#1504,.T.);
#1502 = VERTEX_POINT('',#1503);
#1503 = CARTESIAN_POINT('',(-20.,278.33,314.03));
#1504 = SURFACE_CURVE('',#1505,(#1509,#1516),.PCURVE_S1.);
#1505 = LINE('',#1506,#1507);
#1506 = CARTESIAN_POINT('',(-20.,263.33,314.03));
#1507 = VECTOR('',#1508,1.);
#1508 = DIRECTION('',(-0.,1.,0.));
#1509 = PCURVE('',#96,#1510);
#1510 = DEFINITIONAL_REPRESENTATION('',(#1511),#1515);
#1511 = LINE('',#1512,#1513);
#1512 = CARTESIAN_POINT('',(0.,0.));
#1513 = VECTOR('',#1514,1.);
#1514 = DIRECTION('',(0.,-1.));
#1515 = ( GEOMETRIC_REPRESENTATION_CONTEXT(2) 
PARAMETRIC_REPRESENTATION_CONTEXT() REPRESENTATION_CONTEXT('2D SPACE',''
  ) );
#1516 = PCURVE('',#1517,#1522);
#1517 = PLANE('',#1518);
#1518 = AXIS2_PLACEMENT_3D('',#1519,#1520,#1521);
#1519 = CARTESIAN_POINT('',(-20.,263.33,314.03));
#1520 = DIRECTION('',(0.,0.,1.));
#1521 = DIRECTION('',(1.,0.,-0.));
#1522 = DEFINITIONAL_REPRESENTATION('',(#1523),#1527);
#1523 = LINE('',#1524,#1525);
#1524 = CARTESIAN_POINT('',(0.,0.));
#1525 = VECTOR('',#1526,1.);
#1526 = DIRECTION('',(0.,1.));
#1527 = ( GEOMETRIC_REPRESENTATION_CONTEXT(2) 
PARAMETRIC_REPRESENTATION_CONTEXT() REPRESENTATION_CONTEXT('2D SPACE',''
  ) );
#1528 = ORIENTED_EDGE('',*,*,#1529,.T.);
#1529 = EDGE_CURVE('',#1502,#1530,#1532,.T.);
#1530 = VERTEX_POINT('',#1531);
#1531 = CARTESIAN_POINT('',(-20.,278.33,345.03));
#1532 = SURFACE_CURVE('',#1533,(#1537,#1543),.PCURVE_S1.);
#1533 = LINE('',#1534,#1535);
#1534 = CARTESIAN_POINT('',(-20.,278.33,313.53));
#1535 = VECTOR('',#1536,1.);
#1536 = DIRECTION('',(0.,0.,1.));
#1537 = PCURVE('',#96,#1538);
#1538 = DEFINITIONAL_REPRESENTATION('',(#1539),#1542);
#1539 = B_SPLINE_CURVE_WITH_KNOTS('',1,(#1540,#1541),.UNSPECIFIED.,.F.,
  .F.,(2,2),(0.5,31.5),.PIECEWISE_BEZIER_KNOTS.);
#1540 = CARTESIAN_POINT('',(0.,-15.));
#1541 = CARTESIAN_POINT('',(31.,-15.));
#1542 = ( GEOMETRIC_REPRESENTATION_CONTEXT(2) 
PARAMETRIC_REPRESENTATION_CONTEXT() REPRESENTATION_CONTEXT('2D SPACE',''
  ) );
#1543 = PCURVE('',#1544,#1549);
#1544 = PLANE('',#1545);
#1545 = AXIS2_PLACEMENT_3D('',#1546,#1547,#1548);
#1546 = CARTESIAN_POINT('',(-21.,278.33,313.03));
#1547 = DIRECTION('',(-0.,1.,0.));
#1548 = DIRECTION('',(0.,0.,1.));
#1549 = DEFINITIONAL_REPRESENTATION('',(#1550),#1553);
#1550 = B_SPLINE_CURVE_WITH_KNOTS('',1,(#1551,#1552),.UNSPECIFIED.,.F.,
  .F.,(2,2),(0.5,31.5),.PIECEWISE_BEZIER_KNOTS.);
#1551 = CARTESIAN_POINT('',(1.,1.));
#1552 = CARTESIAN_POINT('',(32.,1.));
#1553 = ( GEOMETRIC_REPRESENTATION_CONTEXT(2) 
PARAMETRIC_REPRESENTATION_CONTEXT() REPRESENTATION_CONTEXT('2D SPACE',''
  ) );
#1554 = ORIENTED_EDGE('',*,*,#1555,.F.);
#1555 = EDGE_CURVE('',#1556,#1530,#1558,.T.);
#1556 = VERTEX_POINT('',#1557);
#1557 = CARTESIAN_POINT('',(-20.,308.33,345.03));
#1558 = SURFACE_CURVE('',#1559,(#1563,#1569),.PCURVE_S1.);
#1559 = LINE('',#1560,#1561);
#1560 = CARTESIAN_POINT('',(-20.,270.83,345.03));
#1561 = VECTOR('',#1562,1.);
#1562 = DIRECTION('',(0.,-1.,0.));
#1563 = PCURVE('',#96,#1564);
#1564 = DEFINITIONAL_REPRESENTATION('',(#1565),#1568);
#1565 = B_SPLINE_CURVE_WITH_KNOTS('',1,(#1566,#1567),.UNSPECIFIED.,.F.,
  .F.,(2,2),(-37.5,-7.5),.PIECEWISE_BEZIER_KNOTS.);
#1566 = CARTESIAN_POINT('',(31.,-45.));
#1567 = CARTESIAN_POINT('',(31.,-15.));
#1568 = ( GEOMETRIC_REPRESENTATION_CONTEXT(2) 
PARAMETRIC_REPRESENTATION_CONTEXT() REPRESENTATION_CONTEXT('2D SPACE',''
  ) );
#1569 = PCURVE('',#1570,#1575);
#1570 = PLANE('',#1571);
#1571 = AXIS2_PLACEMENT_3D('',#1572,#1573,#1574);
#1572 = CARTESIAN_POINT('',(-21.,278.33,345.03));
#1573 = DIRECTION('',(0.,0.,1.));
#1574 = DIRECTION('',(1.,0.,-0.));
#1575 = DEFINITIONAL_REPRESENTATION('',(#1576),#1579);
#1576 = B_SPLINE_CURVE_WITH_KNOTS('',1,(#1577,#1578),.UNSPECIFIED.,.F.,
  .F.,(2,2),(-37.5,-7.5),.PIECEWISE_BEZIER_KNOTS.);
#1577 = CARTESIAN_POINT('',(1.,30.));
#1578 = CARTESIAN_POINT('',(1.,0.));
#1579 = ( GEOMETRIC_REPRESENTATION_CONTEXT(2) 
PARAMETRIC_REPRESENTATION_CONTEXT() REPRESENTATION_CONTEXT('2D SPACE',''
  ) );
#1580 = ORIENTED_EDGE('',*,*,#1581,.F.);
#1581 = EDGE_CURVE('',#1582,#1556,#1584,.T.);
#1582 = VERTEX_POINT('',#1583);
#1583 = CARTESIAN_POINT('',(-20.,308.33,314.03));
#1584 = SURFACE_CURVE('',#1585,(#1589,#1595),.PCURVE_S1.);
#1585 = LINE('',#1586,#1587);
#1586 = CARTESIAN_POINT('',(-20.,308.33,313.53));
#1587 = VECTOR('',#1588,1.);
#1588 = DIRECTION('',(0.,0.,1.));
#1589 = PCURVE('',#96,#1590);
#1590 = DEFINITIONAL_REPRESENTATION('',(#1591),#1594);
#1591 = B_SPLINE_CURVE_WITH_KNOTS('',1,(#1592,#1593),.UNSPECIFIED.,.F.,
  .F.,(2,2),(0.5,31.5),.PIECEWISE_BEZIER_KNOTS.);
#1592 = CARTESIAN_POINT('',(0.,-45.));
#1593 = CARTESIAN_POINT('',(31.,-45.));
#1594 = ( GEOMETRIC_REPRESENTATION_CONTEXT(2) 
PARAMETRIC_REPRESENTATION_CONTEXT() REPRESENTATION_CONTEXT('2D SPACE',''
  ) );
#1595 = PCURVE('',#1596,#1601);
#1596 = PLANE('',#1597);
#1597 = AXIS2_PLACEMENT_3D('',#1598,#1599,#1600);
#1598 = CARTESIAN_POINT('',(-21.,308.33,313.03));
#1599 = DIRECTION('',(-0.,1.,0.));
#1600 = DIRECTION('',(0.,0.,1.));
#1601 = DEFINITIONAL_REPRESENTATION('',(#1602),#1605);
#1602 = B_SPLINE_CURVE_WITH_KNOTS('',1,(#1603,#1604),.UNSPECIFIED.,.F.,
  .F.,(2,2),(0.5,31.5),.PIECEWISE_BEZIER_KNOTS.);
#1603 = CARTESIAN_POINT('',(1.,1.));
#1604 = CARTESIAN_POINT('',(32.,1.));
#1605 = ( GEOMETRIC_REPRESENTATION_CONTEXT(2) 
PARAMETRIC_REPRESENTATION_CONTEXT() REPRESENTATION_CONTEXT('2D SPACE',''
  ) );
#1606 = ORIENTED_EDGE('',*,*,#1607,.T.);
#1607 = EDGE_CURVE('',#1582,#1608,#1610,.T.);
#1608 = VERTEX_POINT('',#1609);
#1609 = CARTESIAN_POINT('',(-20.,331.33,314.03));
#1610 = SURFACE_CURVE('',#1611,(#1615,#1622),.PCURVE_S1.);
#1611 = LINE('',#1612,#1613);
#1612 = CARTESIAN_POINT('',(-20.,263.33,314.03));
#1613 = VECTOR('',#1614,1.);
#1614 = DIRECTION('',(-0.,1.,0.));
#1615 = PCURVE('',#96,#1616);
#1616 = DEFINITIONAL_REPRESENTATION('',(#1617),#1621);
#1617 = LINE('',#1618,#1619);
#1618 = CARTESIAN_POINT('',(0.,0.));
#1619 = VECTOR('',#1620,1.);
#1620 = DIRECTION('',(0.,-1.));
#1621 = ( GEOMETRIC_REPRESENTATION_CONTEXT(2) 
PARAMETRIC_REPRESENTATION_CONTEXT() REPRESENTATION_CONTEXT('2D SPACE',''
  ) );
#1622 = PCURVE('',#1623,#1628);
#1623 = PLANE('',#1624);
#1624 = AXIS2_PLACEMENT_3D('',#1625,#1626,#1627);
#1625 = CARTESIAN_POINT('',(-20.,263.33,314.03));
#1626 = DIRECTION('',(0.,0.,1.));
#1627 = DIRECTION('',(1.,0.,-0.));
#1628 = DEFINITIONAL_REPRESENTATION('',(#1629),#1633);
#1629 = LINE('',#1630,#1631);
#1630 = CARTESIAN_POINT('',(0.,0.));
#1631 = VECTOR('',#1632,1.);
#1632 = DIRECTION('',(0.,1.));
#1633 = ( GEOMETRIC_REPRESENTATION_CONTEXT(2) 
PARAMETRIC_REPRESENTATION_CONTEXT() REPRESENTATION_CONTEXT('2D SPACE',''
  ) );
#1634 = ORIENTED_EDGE('',*,*,#1635,.T.);
#1635 = EDGE_CURVE('',#1608,#1446,#1636,.T.);
#1636 = SURFACE_CURVE('',#1637,(#1641,#1648),.PCURVE_S1.);
#1637 = LINE('',#1638,#1639);
#1638 = CARTESIAN_POINT('',(-20.,331.33,314.03));
#1639 = VECTOR('',#1640,1.);
#1640 = DIRECTION('',(0.,0.,1.));
#1641 = PCURVE('',#96,#1642);
#1642 = DEFINITIONAL_REPRESENTATION('',(#1643),#1647);
#1643 = LINE('',#1644,#1645);
#1644 = CARTESIAN_POINT('',(0.,-68.));
#1645 = VECTOR('',#1646,1.);
#1646 = DIRECTION('',(1.,0.));
#1647 = ( GEOMETRIC_REPRESENTATION_CONTEXT(2) 
PARAMETRIC_REPRESENTATION_CONTEXT() REPRESENTATION_CONTEXT('2D SPACE',''
  ) );
#1648 = PCURVE('',#1649,#1654);
#1649 = PLANE('',#1650);
#1650 = AXIS2_PLACEMENT_3D('',#1651,#1652,#1653);
#1651 = CARTESIAN_POINT('',(-20.,331.33,314.03));
#1652 = DIRECTION('',(-0.,1.,0.));
#1653 = DIRECTION('',(0.,0.,1.));
#1654 = DEFINITIONAL_REPRESENTATION('',(#1655),#1659);
#1655 = LINE('',#1656,#1657);
#1656 = CARTESIAN_POINT('',(0.,0.));
#1657 = VECTOR('',#1658,1.);
#1658 = DIRECTION('',(1.,0.));
#1659 = ( GEOMETRIC_REPRESENTATION_CONTEXT(2) 
PARAMETRIC_REPRESENTATION_CONTEXT() REPRESENTATION_CONTEXT('2D SPACE',''
  ) );
#1660 = FACE_BOUND('',#1661,.F.);
#1661 = EDGE_LOOP('',(#1662));
#1662 = ORIENTED_EDGE('',*,*,#1663,.F.);
#1663 = EDGE_CURVE('',#1664,#1664,#1666,.T.);
#1664 = VERTEX_POINT('',#1665);
#1665 = CARTESIAN_POINT('',(-20.,315.83,335.03));
#1666 = SURFACE_CURVE('',#1667,(#1672,#1679),.PCURVE_S1.);
#1667 = CIRCLE('',#1668,6.);
#1668 = AXIS2_PLACEMENT_3D('',#1669,#1670,#1671);
#1669 = CARTESIAN_POINT('',(-20.,315.83,329.03));
#1670 = DIRECTION('',(1.,0.,0.));
#1671 = DIRECTION('',(-0.,0.,1.));
#1672 = PCURVE('',#96,#1673);
#1673 = DEFINITIONAL_REPRESENTATION('',(#1674),#1678);
#1674 = CIRCLE('',#1675,6.);
#1675 = AXIS2_PLACEMENT_2D('',#1676,#1677);
#1676 = CARTESIAN_POINT('',(15.,-52.5));
#1677 = DIRECTION('',(1.,0.));
#1678 = ( GEOMETRIC_REPRESENTATION_CONTEXT(2) 
PARAMETRIC_REPRESENTATION_CONTEXT() REPRESENTATION_CONTEXT('2D SPACE',''
  ) );
#1679 = PCURVE('',#1680,#1685);
#1680 = CYLINDRICAL_SURFACE('',#1681,6.);
#1681 = AXIS2_PLACEMENT_3D('',#1682,#1683,#1684);
#1682 = CARTESIAN_POINT('',(-21.,315.83,329.03));
#1683 = DIRECTION('',(1.,0.,0.));
#1684 = DIRECTION('',(-0.,0.,1.));
#1685 = DEFINITIONAL_REPRESENTATION('',(#1686),#1690);
#1686 = LINE('',#1687,#1688);
#1687 = CARTESIAN_POINT('',(0.,1.));
#1688 = VECTOR('',#1689,1.);
#1689 = DIRECTION('',(1.,0.));
#1690 = ( GEOMETRIC_REPRESENTATION_CONTEXT(2) 
PARAMETRIC_REPRESENTATION_CONTEXT() REPRESENTATION_CONTEXT('2D SPACE',''
  ) );
#1691 = FACE_BOUND('',#1692,.F.);
#1692 = EDGE_LOOP('',(#1693,#1714,#1715,#1716));
#1693 = ORIENTED_EDGE('',*,*,#1694,.T.);
#1694 = EDGE_CURVE('',#1695,#54,#1697,.T.);
#1695 = VERTEX_POINT('',#1696);
#1696 = CARTESIAN_POINT('',(-20.,289.333,370.1707197288));
#1697 = SURFACE_CURVE('',#1698,(#1702,#1708),.PCURVE_S1.);
#1698 = LINE('',#1699,#1700);
#1699 = CARTESIAN_POINT('',(-20.,289.333,345.904));
#1700 = VECTOR('',#1701,1.);
#1701 = DIRECTION('',(0.,0.,1.));
#1702 = PCURVE('',#96,#1703);
#1703 = DEFINITIONAL_REPRESENTATION('',(#1704),#1707);
#1704 = B_SPLINE_CURVE_WITH_KNOTS('',1,(#1705,#1706),.UNSPECIFIED.,.F.,
  .F.,(2,2),(-31.874,43.874),.PIECEWISE_BEZIER_KNOTS.);
#1705 = CARTESIAN_POINT('',(0.,-26.003));
#1706 = CARTESIAN_POINT('',(75.748,-26.003));
#1707 = ( GEOMETRIC_REPRESENTATION_CONTEXT(2) 
PARAMETRIC_REPRESENTATION_CONTEXT() REPRESENTATION_CONTEXT('2D SPACE',''
  ) );
#1708 = PCURVE('',#69,#1709);
#1709 = DEFINITIONAL_REPRESENTATION('',(#1710),#1713);
#1710 = B_SPLINE_CURVE_WITH_KNOTS('',1,(#1711,#1712),.UNSPECIFIED.,.F.,
  .F.,(2,2),(-31.874,43.874),.PIECEWISE_BEZIER_KNOTS.);
#1711 = CARTESIAN_POINT('',(73.121987499213,-9.27267211568));
#1712 = CARTESIAN_POINT('',(12.913347458024,36.691217715256));
#1713 = ( GEOMETRIC_REPRESENTATION_CONTEXT(2) 
PARAMETRIC_REPRESENTATION_CONTEXT() REPRESENTATION_CONTEXT('2D SPACE',''
  ) );
#1714 = ORIENTED_EDGE('',*,*,#81,.T.);
#1715 = ORIENTED_EDGE('',*,*,#1421,.F.);
#1716 = ORIENTED_EDGE('',*,*,#1717,.F.);
#1717 = EDGE_CURVE('',#1695,#1396,#1718,.T.);
#1718 = SURFACE_CURVE('',#1719,(#1723,#1729),.PCURVE_S1.);
#1719 = LINE('',#1720,#1721);
#1720 = CARTESIAN_POINT('',(-20.,280.8315,370.1707197288));
#1721 = VECTOR('',#1722,1.);
#1722 = DIRECTION('',(-0.,1.,0.));
#1723 = PCURVE('',#96,#1724);
#1724 = DEFINITIONAL_REPRESENTATION('',(#1725),#1728);
#1725 = B_SPLINE_CURVE_WITH_KNOTS('',1,(#1726,#1727),.UNSPECIFIED.,.F.,
  .F.,(2,2),(8.5015,16.5015),.PIECEWISE_BEZIER_KNOTS.);
#1726 = CARTESIAN_POINT('',(56.140719728804,-26.003));
#1727 = CARTESIAN_POINT('',(56.140719728804,-34.003));
#1728 = ( GEOMETRIC_REPRESENTATION_CONTEXT(2) 
PARAMETRIC_REPRESENTATION_CONTEXT() REPRESENTATION_CONTEXT('2D SPACE',''
  ) );
#1729 = PCURVE('',#1410,#1730);
#1730 = DEFINITIONAL_REPRESENTATION('',(#1731),#1734);
#1731 = B_SPLINE_CURVE_WITH_KNOTS('',1,(#1732,#1733),.UNSPECIFIED.,.F.,
  .F.,(2,2),(8.5015,16.5015),.PIECEWISE_BEZIER_KNOTS.);
#1732 = CARTESIAN_POINT('',(30.509292266981,-9.));
#1733 = CARTESIAN_POINT('',(30.509292266981,-1.));
#1734 = ( GEOMETRIC_REPRESENTATION_CONTEXT(2) 
PARAMETRIC_REPRESENTATION_CONTEXT() REPRESENTATION_CONTEXT('2D SPACE',''
  ) );
#1735 = FACE_BOUND('',#1736,.F.);
#1736 = EDGE_LOOP('',(#1737));
#1737 = ORIENTED_EDGE('',*,*,#1738,.F.);
#1738 = EDGE_CURVE('',#1739,#1739,#1741,.T.);
#1739 = VERTEX_POINT('',#1740);
#1740 = CARTESIAN_POINT('',(-20.,270.83,335.03));
#1741 = SURFACE_CURVE('',#1742,(#1747,#1754),.PCURVE_S1.);
#1742 = CIRCLE('',#1743,6.);
#1743 = AXIS2_PLACEMENT_3D('',#1744,#1745,#1746);
#1744 = CARTESIAN_POINT('',(-20.,270.83,329.03));
#1745 = DIRECTION('',(1.,0.,0.));
#1746 = DIRECTION('',(-0.,0.,1.));
#1747 = PCURVE('',#96,#1748);
#1748 = DEFINITIONAL_REPRESENTATION('',(#1749),#1753);
#1749 = CIRCLE('',#1750,6.);
#1750 = AXIS2_PLACEMENT_2D('',#1751,#1752);
#1751 = CARTESIAN_POINT('',(15.,-7.5));
#1752 = DIRECTION('',(1.,0.));
#1753 = ( GEOMETRIC_REPRESENTATION_CONTEXT(2) 
PARAMETRIC_REPRESENTATION_CONTEXT() REPRESENTATION_CONTEXT('2D SPACE',''
  ) );
#1754 = PCURVE('',#1755,#1760);
#1755 = CYLINDRICAL_SURFACE('',#1756,6.);
#1756 = AXIS2_PLACEMENT_3D('',#1757,#1758,#1759);
#1757 = CARTESIAN_POINT('',(-21.,270.83,329.03));
#1758 = DIRECTION('',(1.,0.,0.));
#1759 = DIRECTION('',(-0.,0.,1.));
#1760 = DEFINITIONAL_REPRESENTATION('',(#1761),#1765);
#1761 = LINE('',#1762,#1763);
#1762 = CARTESIAN_POINT('',(0.,1.));
#1763 = VECTOR('',#1764,1.);
#1764 = DIRECTION('',(1.,0.));
#1765 = ( GEOMETRIC_REPRESENTATION_CONTEXT(2) 
PARAMETRIC_REPRESENTATION_CONTEXT() REPRESENTATION_CONTEXT('2D SPACE',''
  ) );
#1766 = ADVANCED_FACE('',(#1767),#69,.T.);
#1767 = FACE_BOUND('',#1768,.T.);
#1768 = EDGE_LOOP('',(#1769,#1770,#1771,#1794,#1817,#1840,#1861,#1882,
    #1903,#1924,#1945,#1964));
#1769 = ORIENTED_EDGE('',*,*,#53,.F.);
#1770 = ORIENTED_EDGE('',*,*,#221,.F.);
#1771 = ORIENTED_EDGE('',*,*,#1772,.F.);
#1772 = EDGE_CURVE('',#1773,#195,#1775,.T.);
#1773 = VERTEX_POINT('',#1774);
#1774 = CARTESIAN_POINT('',(45.,289.333,244.167));
#1775 = SURFACE_CURVE('',#1776,(#1780,#1787),.PCURVE_S1.);
#1776 = LINE('',#1777,#1778);
#1777 = CARTESIAN_POINT('',(45.,289.333,244.167));
#1778 = VECTOR('',#1779,1.);
#1779 = DIRECTION('',(-1.,0.,0.));
#1780 = PCURVE('',#69,#1781);
#1781 = DEFINITIONAL_REPRESENTATION('',(#1782),#1786);
#1782 = LINE('',#1783,#1784);
#1783 = CARTESIAN_POINT('',(168.09491164517,1.42108547152E-14));
#1784 = VECTOR('',#1785,1.);
#1785 = DIRECTION('',(-0.606800045294,-0.794854518155));
#1786 = ( GEOMETRIC_REPRESENTATION_CONTEXT(2) 
PARAMETRIC_REPRESENTATION_CONTEXT() REPRESENTATION_CONTEXT('2D SPACE',''
  ) );
#1787 = PCURVE('',#210,#1788);
#1788 = DEFINITIONAL_REPRESENTATION('',(#1789),#1793);
#1789 = LINE('',#1790,#1791);
#1790 = CARTESIAN_POINT('',(0.,-8.));
#1791 = VECTOR('',#1792,1.);
#1792 = DIRECTION('',(1.,0.));
#1793 = ( GEOMETRIC_REPRESENTATION_CONTEXT(2) 
PARAMETRIC_REPRESENTATION_CONTEXT() REPRESENTATION_CONTEXT('2D SPACE',''
  ) );
#1794 = ORIENTED_EDGE('',*,*,#1795,.F.);
#1795 = EDGE_CURVE('',#1796,#1773,#1798,.T.);
#1796 = VERTEX_POINT('',#1797);
#1797 = CARTESIAN_POINT('',(57.,289.333,377.778));
#1798 = SURFACE_CURVE('',#1799,(#1803,#1810),.PCURVE_S1.);
#1799 = LINE('',#1800,#1801);
#1800 = CARTESIAN_POINT('',(57.,289.333,377.778));
#1801 = VECTOR('',#1802,1.);
#1802 = DIRECTION('',(-8.945290905998E-02,0.,-0.995991052701));
#1803 = PCURVE('',#69,#1804);
#1804 = DEFINITIONAL_REPRESENTATION('',(#1805),#1809);
#1805 = LINE('',#1806,#1807);
#1806 = CARTESIAN_POINT('',(69.175205163526,90.613415069646));
#1807 = VECTOR('',#1808,1.);
#1808 = DIRECTION('',(0.737387959012,-0.67546946482));
#1809 = ( GEOMETRIC_REPRESENTATION_CONTEXT(2) 
PARAMETRIC_REPRESENTATION_CONTEXT() REPRESENTATION_CONTEXT('2D SPACE',''
  ) );
#1810 = PCURVE('',#1176,#1811);
#1811 = DEFINITIONAL_REPRESENTATION('',(#1812),#1816);
#1812 = LINE('',#1813,#1814);
#1813 = CARTESIAN_POINT('',(-0.,-8.));
#1814 = VECTOR('',#1815,1.);
#1815 = DIRECTION('',(1.,0.));
#1816 = ( GEOMETRIC_REPRESENTATION_CONTEXT(2) 
PARAMETRIC_REPRESENTATION_CONTEXT() REPRESENTATION_CONTEXT('2D SPACE',''
  ) );
#1817 = ORIENTED_EDGE('',*,*,#1818,.F.);
#1818 = EDGE_CURVE('',#1819,#1796,#1821,.T.);
#1819 = VERTEX_POINT('',#1820);
#1820 = CARTESIAN_POINT('',(20.,289.333,377.778));
#1821 = SURFACE_CURVE('',#1822,(#1826,#1833),.PCURVE_S1.);
#1822 = LINE('',#1823,#1824);
#1823 = CARTESIAN_POINT('',(-57.,289.333,377.778));
#1824 = VECTOR('',#1825,1.);
#1825 = DIRECTION('',(1.,0.,0.));
#1826 = PCURVE('',#69,#1827);
#1827 = DEFINITIONAL_REPRESENTATION('',(#1828),#1832);
#1828 = LINE('',#1829,#1830);
#1829 = CARTESIAN_POINT('',(0.,0.));
#1830 = VECTOR('',#1831,1.);
#1831 = DIRECTION('',(0.606800045294,0.794854518155));
#1832 = ( GEOMETRIC_REPRESENTATION_CONTEXT(2) 
PARAMETRIC_REPRESENTATION_CONTEXT() REPRESENTATION_CONTEXT('2D SPACE',''
  ) );
#1833 = PCURVE('',#1253,#1834);
#1834 = DEFINITIONAL_REPRESENTATION('',(#1835),#1839);
#1835 = LINE('',#1836,#1837);
#1836 = CARTESIAN_POINT('',(0.,-8.));
#1837 = VECTOR('',#1838,1.);
#1838 = DIRECTION('',(1.,0.));
#1839 = ( GEOMETRIC_REPRESENTATION_CONTEXT(2) 
PARAMETRIC_REPRESENTATION_CONTEXT() REPRESENTATION_CONTEXT('2D SPACE',''
  ) );
#1840 = ORIENTED_EDGE('',*,*,#1841,.F.);
#1841 = EDGE_CURVE('',#1842,#1819,#1844,.T.);
#1842 = VERTEX_POINT('',#1843);
#1843 = CARTESIAN_POINT('',(20.,289.333,370.1707197288));
#1844 = SURFACE_CURVE('',#1845,(#1849,#1855),.PCURVE_S1.);
#1845 = LINE('',#1846,#1847);
#1846 = CARTESIAN_POINT('',(20.,289.333,345.904));
#1847 = VECTOR('',#1848,1.);
#1848 = DIRECTION('',(0.,0.,1.));
#1849 = PCURVE('',#69,#1850);
#1850 = DEFINITIONAL_REPRESENTATION('',(#1851),#1854);
#1851 = B_SPLINE_CURVE_WITH_KNOTS('',1,(#1852,#1853),.UNSPECIFIED.,.F.,
  .F.,(2,2),(-31.874,43.874),.PIECEWISE_BEZIER_KNOTS.);
#1852 = CARTESIAN_POINT('',(97.393989310977,22.521508610511));
#1853 = CARTESIAN_POINT('',(37.185349269788,68.485398441448));
#1854 = ( GEOMETRIC_REPRESENTATION_CONTEXT(2) 
PARAMETRIC_REPRESENTATION_CONTEXT() REPRESENTATION_CONTEXT('2D SPACE',''
  ) );
#1855 = PCURVE('',#1280,#1856);
#1856 = DEFINITIONAL_REPRESENTATION('',(#1857),#1860);
#1857 = B_SPLINE_CURVE_WITH_KNOTS('',1,(#1858,#1859),.UNSPECIFIED.,.F.,
  .F.,(2,2),(-31.874,43.874),.PIECEWISE_BEZIER_KNOTS.);
#1858 = CARTESIAN_POINT('',(0.,-26.003));
#1859 = CARTESIAN_POINT('',(75.748,-26.003));
#1860 = ( GEOMETRIC_REPRESENTATION_CONTEXT(2) 
PARAMETRIC_REPRESENTATION_CONTEXT() REPRESENTATION_CONTEXT('2D SPACE',''
  ) );
#1861 = ORIENTED_EDGE('',*,*,#1862,.F.);
#1862 = EDGE_CURVE('',#1863,#1842,#1865,.T.);
#1863 = VERTEX_POINT('',#1864);
#1864 = CARTESIAN_POINT('',(50.509292266981,289.333,370.1707197288));
#1865 = SURFACE_CURVE('',#1866,(#1870,#1876),.PCURVE_S1.);
#1866 = LINE('',#1867,#1868);
#1867 = CARTESIAN_POINT('',(-53.75464613349,289.333,370.1707197288));
#1868 = VECTOR('',#1869,1.);
#1869 = DIRECTION('',(-1.,0.,0.));
#1870 = PCURVE('',#69,#1871);
#1871 = DEFINITIONAL_REPRESENTATION('',(#1872),#1875);
#1872 = B_SPLINE_CURVE_WITH_KNOTS('',1,(#1873,#1874),.UNSPECIFIED.,.F.,
  .F.,(2,2),(-104.2639384004,-3.245353866509),.PIECEWISE_BEZIER_KNOTS.);
#1873 = CARTESIAN_POINT('',(71.28332451157,80.838148688908));
#1874 = CARTESIAN_POINT('',(9.985242840817,0.543070354485));
#1875 = ( GEOMETRIC_REPRESENTATION_CONTEXT(2) 
PARAMETRIC_REPRESENTATION_CONTEXT() REPRESENTATION_CONTEXT('2D SPACE',''
  ) );
#1876 = PCURVE('',#1306,#1877);
#1877 = DEFINITIONAL_REPRESENTATION('',(#1878),#1881);
#1878 = B_SPLINE_CURVE_WITH_KNOTS('',1,(#1879,#1880),.UNSPECIFIED.,.F.,
  .F.,(2,2),(-104.2639384004,-3.245353866509),.PIECEWISE_BEZIER_KNOTS.);
#1879 = CARTESIAN_POINT('',(101.01858453396,-9.));
#1880 = CARTESIAN_POINT('',(0.,-9.));
#1881 = ( GEOMETRIC_REPRESENTATION_CONTEXT(2) 
PARAMETRIC_REPRESENTATION_CONTEXT() REPRESENTATION_CONTEXT('2D SPACE',''
  ) );
#1882 = ORIENTED_EDGE('',*,*,#1883,.F.);
#1883 = EDGE_CURVE('',#1884,#1863,#1886,.T.);
#1884 = VERTEX_POINT('',#1885);
#1885 = CARTESIAN_POINT('',(39.413266749924,289.333,252.46087795862));
#1886 = SURFACE_CURVE('',#1887,(#1891,#1897),.PCURVE_S1.);
#1887 = LINE('',#1888,#1889);
#1888 = CARTESIAN_POINT('',(50.391227877266,289.333,368.9182586011));
#1889 = VECTOR('',#1890,1.);
#1890 = DIRECTION('',(9.384985582402E-02,0.,0.995586362182));
#1891 = PCURVE('',#69,#1892);
#1892 = DEFINITIONAL_REPRESENTATION('',(#1893),#1896);
#1893 = B_SPLINE_CURVE_WITH_KNOTS('',1,(#1894,#1895),.UNSPECIFIED.,.F.,
  .F.,(2,2),(-116.973660012,1.258013543852),.PIECEWISE_BEZIER_KNOTS.);
#1894 = CARTESIAN_POINT('',(158.11245528755,0.592085355406));
#1895 = CARTESIAN_POINT('',(71.28332451157,80.838148688908));
#1896 = ( GEOMETRIC_REPRESENTATION_CONTEXT(2) 
PARAMETRIC_REPRESENTATION_CONTEXT() REPRESENTATION_CONTEXT('2D SPACE',''
  ) );
#1897 = PCURVE('',#1332,#1898);
#1898 = DEFINITIONAL_REPRESENTATION('',(#1899),#1902);
#1899 = B_SPLINE_CURVE_WITH_KNOTS('',1,(#1900,#1901),.UNSPECIFIED.,.F.,
  .F.,(2,2),(-116.973660012,1.258013543852),.PIECEWISE_BEZIER_KNOTS.);
#1900 = CARTESIAN_POINT('',(118.23167355593,-9.));
#1901 = CARTESIAN_POINT('',(0.,-9.));
#1902 = ( GEOMETRIC_REPRESENTATION_CONTEXT(2) 
PARAMETRIC_REPRESENTATION_CONTEXT() REPRESENTATION_CONTEXT('2D SPACE',''
  ) );
#1903 = ORIENTED_EDGE('',*,*,#1904,.F.);
#1904 = EDGE_CURVE('',#1905,#1884,#1907,.T.);
#1905 = VERTEX_POINT('',#1906);
#1906 = CARTESIAN_POINT('',(-39.41326674992,289.333,252.46087795862));
#1907 = SURFACE_CURVE('',#1908,(#1912,#1918),.PCURVE_S1.);
#1908 = LINE('',#1909,#1910);
#1909 = CARTESIAN_POINT('',(-8.793366625038,289.333,252.46087795862));
#1910 = VECTOR('',#1911,1.);
#1911 = DIRECTION('',(1.,0.,0.));
#1912 = PCURVE('',#69,#1913);
#1913 = DEFINITIONAL_REPRESENTATION('',(#1914),#1917);
#1914 = B_SPLINE_CURVE_WITH_KNOTS('',1,(#1915,#1916),.UNSPECIFIED.,.F.,
  .F.,(2,2),(-30.61990012488,48.206633374962),.PIECEWISE_BEZIER_KNOTS.);
#1915 = CARTESIAN_POINT('',(110.28051118946,-62.06354094742));
#1916 = CARTESIAN_POINT('',(158.11245528755,0.592085355406));
#1917 = ( GEOMETRIC_REPRESENTATION_CONTEXT(2) 
PARAMETRIC_REPRESENTATION_CONTEXT() REPRESENTATION_CONTEXT('2D SPACE',''
  ) );
#1918 = PCURVE('',#1358,#1919);
#1919 = DEFINITIONAL_REPRESENTATION('',(#1920),#1923);
#1920 = B_SPLINE_CURVE_WITH_KNOTS('',1,(#1921,#1922),.UNSPECIFIED.,.F.,
  .F.,(2,2),(-30.61990012488,48.206633374962),.PIECEWISE_BEZIER_KNOTS.);
#1921 = CARTESIAN_POINT('',(78.826533499848,-9.));
#1922 = CARTESIAN_POINT('',(0.,-9.));
#1923 = ( GEOMETRIC_REPRESENTATION_CONTEXT(2) 
PARAMETRIC_REPRESENTATION_CONTEXT() REPRESENTATION_CONTEXT('2D SPACE',''
  ) );
#1924 = ORIENTED_EDGE('',*,*,#1925,.F.);
#1925 = EDGE_CURVE('',#1926,#1905,#1928,.T.);
#1926 = VERTEX_POINT('',#1927);
#1927 = CARTESIAN_POINT('',(-50.50929226698,289.333,370.1707197288));
#1928 = SURFACE_CURVE('',#1929,(#1933,#1939),.PCURVE_S1.);
#1929 = LINE('',#1930,#1931);
#1930 = CARTESIAN_POINT('',(-45.34525945871,289.333,315.38916899942));
#1931 = VECTOR('',#1932,1.);
#1932 = DIRECTION('',(9.384985582402E-02,0.,-0.995586362182));
#1933 = PCURVE('',#69,#1934);
#1934 = DEFINITIONAL_REPRESENTATION('',(#1935),#1938);
#1935 = B_SPLINE_CURVE_WITH_KNOTS('',1,(#1936,#1937),.UNSPECIFIED.,.F.,
  .F.,(2,2),(-55.02440853984,63.207265016084),.PIECEWISE_BEZIER_KNOTS.);
#1936 = CARTESIAN_POINT('',(9.985242840817,0.543070354485));
#1937 = CARTESIAN_POINT('',(110.28051118946,-62.06354094742));
#1938 = ( GEOMETRIC_REPRESENTATION_CONTEXT(2) 
PARAMETRIC_REPRESENTATION_CONTEXT() REPRESENTATION_CONTEXT('2D SPACE',''
  ) );
#1939 = PCURVE('',#1384,#1940);
#1940 = DEFINITIONAL_REPRESENTATION('',(#1941),#1944);
#1941 = B_SPLINE_CURVE_WITH_KNOTS('',1,(#1942,#1943),.UNSPECIFIED.,.F.,
  .F.,(2,2),(-55.02440853984,63.207265016084),.PIECEWISE_BEZIER_KNOTS.);
#1942 = CARTESIAN_POINT('',(118.23167355593,-9.));
#1943 = CARTESIAN_POINT('',(0.,-9.));
#1944 = ( GEOMETRIC_REPRESENTATION_CONTEXT(2) 
PARAMETRIC_REPRESENTATION_CONTEXT() REPRESENTATION_CONTEXT('2D SPACE',''
  ) );
#1945 = ORIENTED_EDGE('',*,*,#1946,.F.);
#1946 = EDGE_CURVE('',#1695,#1926,#1947,.T.);
#1947 = SURFACE_CURVE('',#1948,(#1952,#1958),.PCURVE_S1.);
#1948 = LINE('',#1949,#1950);
#1949 = CARTESIAN_POINT('',(-53.75464613349,289.333,370.1707197288));
#1950 = VECTOR('',#1951,1.);
#1951 = DIRECTION('',(-1.,0.,0.));
#1952 = PCURVE('',#69,#1953);
#1953 = DEFINITIONAL_REPRESENTATION('',(#1954),#1957);
#1954 = B_SPLINE_CURVE_WITH_KNOTS('',1,(#1955,#1956),.UNSPECIFIED.,.F.,
  .F.,(2,2),(-104.2639384004,-3.245353866509),.PIECEWISE_BEZIER_KNOTS.);
#1955 = CARTESIAN_POINT('',(71.28332451157,80.838148688908));
#1956 = CARTESIAN_POINT('',(9.985242840817,0.543070354485));
#1957 = ( GEOMETRIC_REPRESENTATION_CONTEXT(2) 
PARAMETRIC_REPRESENTATION_CONTEXT() REPRESENTATION_CONTEXT('2D SPACE',''
  ) );
#1958 = PCURVE('',#1410,#1959);
#1959 = DEFINITIONAL_REPRESENTATION('',(#1960),#1963);
#1960 = B_SPLINE_CURVE_WITH_KNOTS('',1,(#1961,#1962),.UNSPECIFIED.,.F.,
  .F.,(2,2),(-104.2639384004,-3.245353866509),.PIECEWISE_BEZIER_KNOTS.);
#1961 = CARTESIAN_POINT('',(101.01858453396,-9.));
#1962 = CARTESIAN_POINT('',(0.,-9.));
#1963 = ( GEOMETRIC_REPRESENTATION_CONTEXT(2) 
PARAMETRIC_REPRESENTATION_CONTEXT() REPRESENTATION_CONTEXT('2D SPACE',''
  ) );
#1964 = ORIENTED_EDGE('',*,*,#1694,.T.);
#1965 = ADVANCED_FACE('',(#1966),#210,.T.);
#1966 = FACE_BOUND('',#1967,.T.);
#1967 = EDGE_LOOP('',(#1968,#1988,#1989,#1990,#2011,#2036,#2037,#2064));
#1968 = ORIENTED_EDGE('',*,*,#1969,.F.);
#1969 = EDGE_CURVE('',#1773,#1970,#1972,.T.);
#1970 = VERTEX_POINT('',#1971);
#1971 = CARTESIAN_POINT('',(45.,293.333,244.167));
#1972 = SURFACE_CURVE('',#1973,(#1976,#1982),.PCURVE_S1.);
#1973 = B_SPLINE_CURVE_WITH_KNOTS('',1,(#1974,#1975),.UNSPECIFIED.,.F.,
  .F.,(2,2),(0.,1.),.PIECEWISE_BEZIER_KNOTS.);
#1974 = CARTESIAN_POINT('',(45.,289.333,244.167));
#1975 = CARTESIAN_POINT('',(45.,297.333,244.167));
#1976 = PCURVE('',#210,#1977);
#1977 = DEFINITIONAL_REPRESENTATION('',(#1978),#1981);
#1978 = B_SPLINE_CURVE_WITH_KNOTS('',1,(#1979,#1980),.UNSPECIFIED.,.F.,
  .F.,(2,2),(0.,1.),.PIECEWISE_BEZIER_KNOTS.);
#1979 = CARTESIAN_POINT('',(0.,-8.));
#1980 = CARTESIAN_POINT('',(0.,0.));
#1981 = ( GEOMETRIC_REPRESENTATION_CONTEXT(2) 
PARAMETRIC_REPRESENTATION_CONTEXT() REPRESENTATION_CONTEXT('2D SPACE',''
  ) );
#1982 = PCURVE('',#1176,#1983);
#1983 = DEFINITIONAL_REPRESENTATION('',(#1984),#1987);
#1984 = B_SPLINE_CURVE_WITH_KNOTS('',1,(#1985,#1986),.UNSPECIFIED.,.F.,
  .F.,(2,2),(0.,1.),.PIECEWISE_BEZIER_KNOTS.);
#1985 = CARTESIAN_POINT('',(134.14879545117,-8.));
#1986 = CARTESIAN_POINT('',(134.14879545117,0.));
#1987 = ( GEOMETRIC_REPRESENTATION_CONTEXT(2) 
PARAMETRIC_REPRESENTATION_CONTEXT() REPRESENTATION_CONTEXT('2D SPACE',''
  ) );
#1988 = ORIENTED_EDGE('',*,*,#1772,.T.);
#1989 = ORIENTED_EDGE('',*,*,#194,.T.);
#1990 = ORIENTED_EDGE('',*,*,#1991,.T.);
#1991 = EDGE_CURVE('',#197,#1992,#1994,.T.);
#1992 = VERTEX_POINT('',#1993);
#1993 = CARTESIAN_POINT('',(-40.50503997012,293.120081401,244.167));
#1994 = SURFACE_CURVE('',#1995,(#1999,#2005),.PCURVE_S1.);
#1995 = LINE('',#1996,#1997);
#1996 = CARTESIAN_POINT('',(-0.195267458034,291.21067614886,244.167));
#1997 = VECTOR('',#1998,1.);
#1998 = DIRECTION('',(0.99888000664,-4.731524422176E-02,0.));
#1999 = PCURVE('',#210,#2000);
#2000 = DEFINITIONAL_REPRESENTATION('',(#2001),#2004);
#2001 = B_SPLINE_CURVE_WITH_KNOTS('',1,(#2002,#2003),.UNSPECIFIED.,.F.,
  .F.,(2,2),(-44.85496981033,-40.35482660769),.PIECEWISE_BEZIER_KNOTS.);
#2002 = CARTESIAN_POINT('',(90.,-4.));
#2003 = CARTESIAN_POINT('',(85.504896927867,-4.212925374666));
#2004 = ( GEOMETRIC_REPRESENTATION_CONTEXT(2) 
PARAMETRIC_REPRESENTATION_CONTEXT() REPRESENTATION_CONTEXT('2D SPACE',''
  ) );
#2005 = PCURVE('',#359,#2006);
#2006 = DEFINITIONAL_REPRESENTATION('',(#2007),#2010);
#2007 = B_SPLINE_CURVE_WITH_KNOTS('',1,(#2008,#2009),.UNSPECIFIED.,.F.,
  .F.,(2,2),(-44.85496981033,-40.35482660769),.PIECEWISE_BEZIER_KNOTS.);
#2008 = CARTESIAN_POINT('',(-1.887379141863E-15,0.));
#2009 = CARTESIAN_POINT('',(3.590047741685E-02,4.5));
#2010 = ( GEOMETRIC_REPRESENTATION_CONTEXT(2) 
PARAMETRIC_REPRESENTATION_CONTEXT() REPRESENTATION_CONTEXT('2D SPACE',''
  ) );
#2011 = ORIENTED_EDGE('',*,*,#2012,.F.);
#2012 = EDGE_CURVE('',#987,#1992,#2013,.T.);
#2013 = SURFACE_CURVE('',#2014,(#2019,#2026),.PCURVE_S1.);
#2014 = ELLIPSE('',#2015,26.718530535024,4.5);
#2015 = AXIS2_PLACEMENT_3D('',#2016,#2017,#2018);
#2016 = CARTESIAN_POINT('',(-45.,293.333,244.167));
#2017 = DIRECTION('',(0.,0.,-1.));
#2018 = DIRECTION('',(4.731524422176E-02,0.99888000664,0.));
#2019 = PCURVE('',#210,#2020);
#2020 = DEFINITIONAL_REPRESENTATION('',(#2021),#2025);
#2021 = ELLIPSE('',#2022,26.718530535024,4.5);
#2022 = AXIS2_PLACEMENT_2D('',#2023,#2024);
#2023 = CARTESIAN_POINT('',(90.,-4.));
#2024 = DIRECTION('',(-4.731524422176E-02,0.99888000664));
#2025 = ( GEOMETRIC_REPRESENTATION_CONTEXT(2) 
PARAMETRIC_REPRESENTATION_CONTEXT() REPRESENTATION_CONTEXT('2D SPACE',''
  ) );
#2026 = PCURVE('',#331,#2027);
#2027 = DEFINITIONAL_REPRESENTATION('',(#2028),#2035);
#2028 = B_SPLINE_CURVE_WITH_KNOTS('',5,(#2029,#2030,#2031,#2032,#2033,
    #2034),.UNSPECIFIED.,.F.,.F.,(6,6),(1.381988402378,1.570796349577),
  .PIECEWISE_BEZIER_KNOTS.);
#2029 = CARTESIAN_POINT('',(1.75162653659,4.94311506598));
#2030 = CARTESIAN_POINT('',(1.71386494715,3.966267569186));
#2031 = CARTESIAN_POINT('',(1.67610335771,2.980609358921));
#2032 = CARTESIAN_POINT('',(1.638341768271,1.989042333174));
#2033 = CARTESIAN_POINT('',(1.600580178831,0.994520864535));
#2034 = CARTESIAN_POINT('',(1.562818589391,-6.000000212225E-07));
#2035 = ( GEOMETRIC_REPRESENTATION_CONTEXT(2) 
PARAMETRIC_REPRESENTATION_CONTEXT() REPRESENTATION_CONTEXT('2D SPACE',''
  ) );
#2036 = ORIENTED_EDGE('',*,*,#1030,.F.);
#2037 = ORIENTED_EDGE('',*,*,#2038,.F.);
#2038 = EDGE_CURVE('',#2039,#1031,#2041,.T.);
#2039 = VERTEX_POINT('',#2040);
#2040 = CARTESIAN_POINT('',(40.505039970122,293.120081401,244.167));
#2041 = SURFACE_CURVE('',#2042,(#2047,#2054),.PCURVE_S1.);
#2042 = ELLIPSE('',#2043,26.718530535024,4.5);
#2043 = AXIS2_PLACEMENT_3D('',#2044,#2045,#2046);
#2044 = CARTESIAN_POINT('',(45.,293.333,244.167));
#2045 = DIRECTION('',(0.,0.,-1.));
#2046 = DIRECTION('',(-4.731524422176E-02,0.99888000664,0.));
#2047 = PCURVE('',#210,#2048);
#2048 = DEFINITIONAL_REPRESENTATION('',(#2049),#2053);
#2049 = ELLIPSE('',#2050,26.718530535024,4.5);
#2050 = AXIS2_PLACEMENT_2D('',#2051,#2052);
#2051 = CARTESIAN_POINT('',(0.,-4.));
#2052 = DIRECTION('',(4.731524422176E-02,0.99888000664));
#2053 = ( GEOMETRIC_REPRESENTATION_CONTEXT(2) 
PARAMETRIC_REPRESENTATION_CONTEXT() REPRESENTATION_CONTEXT('2D SPACE',''
  ) );
#2054 = PCURVE('',#1070,#2055);
#2055 = DEFINITIONAL_REPRESENTATION('',(#2056),#2063);
#2056 = B_SPLINE_CURVE_WITH_KNOTS('',5,(#2057,#2058,#2059,#2060,#2061,
    #2062),.UNSPECIFIED.,.F.,.F.,(6,6),(4.712388957603,4.901196904801),
  .PIECEWISE_BEZIER_KNOTS.);
#2057 = CARTESIAN_POINT('',(4.720366717788,-6.000000212225E-07));
#2058 = CARTESIAN_POINT('',(4.682605128349,0.994520864535));
#2059 = CARTESIAN_POINT('',(4.644843538909,1.989042333174));
#2060 = CARTESIAN_POINT('',(4.607081949469,2.980609358922));
#2061 = CARTESIAN_POINT('',(4.56932036003,3.966267569186));
#2062 = CARTESIAN_POINT('',(4.53155877059,4.943115065981));
#2063 = ( GEOMETRIC_REPRESENTATION_CONTEXT(2) 
PARAMETRIC_REPRESENTATION_CONTEXT() REPRESENTATION_CONTEXT('2D SPACE',''
  ) );
#2064 = ORIENTED_EDGE('',*,*,#2065,.T.);
#2065 = EDGE_CURVE('',#2039,#1970,#2066,.T.);
#2066 = SURFACE_CURVE('',#2067,(#2071,#2077),.PCURVE_S1.);
#2067 = LINE('',#2068,#2069);
#2068 = CARTESIAN_POINT('',(45.094524502925,293.33747746467,244.167));
#2069 = VECTOR('',#2070,1.);
#2070 = DIRECTION('',(0.99888000664,4.731524422176E-02,0.));
#2071 = PCURVE('',#210,#2072);
#2072 = DEFINITIONAL_REPRESENTATION('',(#2073),#2076);
#2073 = B_SPLINE_CURVE_WITH_KNOTS('',1,(#2074,#2075),.UNSPECIFIED.,.F.,
  .F.,(2,2),(-4.594773691085,-9.463048844351E-02),
  .PIECEWISE_BEZIER_KNOTS.);
#2074 = CARTESIAN_POINT('',(4.495103072133,-4.212925374666));
#2075 = CARTESIAN_POINT('',(-1.387778780781E-17,-4.));
#2076 = ( GEOMETRIC_REPRESENTATION_CONTEXT(2) 
PARAMETRIC_REPRESENTATION_CONTEXT() REPRESENTATION_CONTEXT('2D SPACE',''
  ) );
#2077 = PCURVE('',#2078,#2083);
#2078 = PLANE('',#2079);
#2079 = AXIS2_PLACEMENT_3D('',#2080,#2081,#2082);
#2080 = CARTESIAN_POINT('',(45.,293.333,244.167));
#2081 = DIRECTION('',(-4.663934168152E-02,0.984610915462,0.168422436036)
  );
#2082 = DIRECTION('',(8.673617379884E-19,-0.168605914035,0.985683542397)
  );
#2083 = DEFINITIONAL_REPRESENTATION('',(#2084),#2087);
#2084 = B_SPLINE_CURVE_WITH_KNOTS('',1,(#2085,#2086),.UNSPECIFIED.,.F.,
  .F.,(2,2),(-4.594773691085,-9.463048844351E-02),
  .PIECEWISE_BEZIER_KNOTS.);
#2085 = CARTESIAN_POINT('',(3.590047741685E-02,-4.5));
#2086 = CARTESIAN_POINT('',(-1.589223544429E-15,4.440892098501E-16));
#2087 = ( GEOMETRIC_REPRESENTATION_CONTEXT(2) 
PARAMETRIC_REPRESENTATION_CONTEXT() REPRESENTATION_CONTEXT('2D SPACE',''
  ) );
#2088 = ADVANCED_FACE('',(#2089),#359,.F.);
#2089 = FACE_BOUND('',#2090,.F.);
#2090 = EDGE_LOOP('',(#2091,#2092,#2114));
#2091 = ORIENTED_EDGE('',*,*,#1991,.T.);
#2092 = ORIENTED_EDGE('',*,*,#2093,.T.);
#2093 = EDGE_CURVE('',#1992,#315,#2094,.T.);
#2094 = SURFACE_CURVE('',#2095,(#2100,#2107),.PCURVE_S1.);
#2095 = CIRCLE('',#2096,4.5);
#2096 = AXIS2_PLACEMENT_3D('',#2097,#2098,#2099);
#2097 = CARTESIAN_POINT('',(-45.,293.333,244.167));
#2098 = DIRECTION('',(4.663934168152E-02,0.984610915462,0.168422436036)
  );
#2099 = DIRECTION('',(-8.673617379884E-19,-0.168605914035,0.985683542397
    ));
#2100 = PCURVE('',#359,#2101);
#2101 = DEFINITIONAL_REPRESENTATION('',(#2102),#2106);
#2102 = CIRCLE('',#2103,4.5);
#2103 = AXIS2_PLACEMENT_2D('',#2104,#2105);
#2104 = CARTESIAN_POINT('',(0.,0.));
#2105 = DIRECTION('',(1.,0.));
#2106 = ( GEOMETRIC_REPRESENTATION_CONTEXT(2) 
PARAMETRIC_REPRESENTATION_CONTEXT() REPRESENTATION_CONTEXT('2D SPACE',''
  ) );
#2107 = PCURVE('',#331,#2108);
#2108 = DEFINITIONAL_REPRESENTATION('',(#2109),#2113);
#2109 = LINE('',#2110,#2111);
#2110 = CARTESIAN_POINT('',(0.,0.));
#2111 = VECTOR('',#2112,1.);
#2112 = DIRECTION('',(1.,0.));
#2113 = ( GEOMETRIC_REPRESENTATION_CONTEXT(2) 
PARAMETRIC_REPRESENTATION_CONTEXT() REPRESENTATION_CONTEXT('2D SPACE',''
  ) );
#2114 = ORIENTED_EDGE('',*,*,#346,.T.);
#2115 = ADVANCED_FACE('',(#2116),#331,.T.);
#2116 = FACE_BOUND('',#2117,.T.);
#2117 = EDGE_LOOP('',(#2118,#2152,#2179,#2223,#2246,#2290,#2317,#2346,
    #2378,#2420,#2421,#2465,#2497,#2524,#2568,#2589,#2590,#2591,#2592,
    #2593,#2594,#2595));
#2118 = ORIENTED_EDGE('',*,*,#2119,.T.);
#2119 = EDGE_CURVE('',#2120,#2122,#2124,.T.);
#2120 = VERTEX_POINT('',#2121);
#2121 = CARTESIAN_POINT('',(-42.01834725838,360.5,260.21533878704));
#2122 = VERTEX_POINT('',#2123);
#2123 = CARTESIAN_POINT('',(-42.07286653503,363.76541265399,
    260.75784523479));
#2124 = SURFACE_CURVE('',#2125,(#2130,#2140),.PCURVE_S1.);
#2125 = ELLIPSE('',#2126,71.15027961694,4.5);
#2126 = AXIS2_PLACEMENT_3D('',#2127,#2128,#2129);
#2127 = CARTESIAN_POINT('',(-41.62894045015,364.5,256.34045787774));
#2128 = DIRECTION('',(-0.994988289803,3.469446951954E-18,
    -9.999151541061E-02));
#2129 = DIRECTION('',(-1.632277820627E-02,0.986586118611,0.162423512691)
  );
#2130 = PCURVE('',#331,#2131);
#2131 = DEFINITIONAL_REPRESENTATION('',(#2132),#2139);
#2132 = B_SPLINE_CURVE_WITH_KNOTS('',5,(#2133,#2134,#2135,#2136,#2137,
    #2138),.UNSPECIFIED.,.F.,.F.,(6,6),(4.654423688002,4.712388988834),
  .PIECEWISE_BEZIER_KNOTS.);
#2133 = CARTESIAN_POINT('',(6.242231648992,68.165627221914));
#2134 = CARTESIAN_POINT('',(6.230638588826,68.987442722114));
#2135 = CARTESIAN_POINT('',(6.219045528659,69.809949316514));
#2136 = CARTESIAN_POINT('',(6.207452468493,70.632916898429));
#2137 = CARTESIAN_POINT('',(6.195859408326,71.456114974076));
#2138 = CARTESIAN_POINT('',(6.18426634816,72.27931304962));
#2139 = ( GEOMETRIC_REPRESENTATION_CONTEXT(2) 
PARAMETRIC_REPRESENTATION_CONTEXT() REPRESENTATION_CONTEXT('2D SPACE',''
  ) );
#2140 = PCURVE('',#2141,#2146);
#2141 = PLANE('',#2142);
#2142 = AXIS2_PLACEMENT_3D('',#2143,#2144,#2145);
#2143 = CARTESIAN_POINT('',(-41.62894045015,368.5,256.34045787774));
#2144 = DIRECTION('',(-0.994988289803,0.,-9.999151541061E-02));
#2145 = DIRECTION('',(-9.999151541061E-02,0.,0.994988289803));
#2146 = DEFINITIONAL_REPRESENTATION('',(#2147),#2151);
#2147 = ELLIPSE('',#2148,71.15027961694,4.5);
#2148 = AXIS2_PLACEMENT_2D('',#2149,#2150);
#2149 = CARTESIAN_POINT('',(0.,-4.));
#2150 = DIRECTION('',(0.163241632445,0.986586118611));
#2151 = ( GEOMETRIC_REPRESENTATION_CONTEXT(2) 
PARAMETRIC_REPRESENTATION_CONTEXT() REPRESENTATION_CONTEXT('2D SPACE',''
  ) );
#2152 = ORIENTED_EDGE('',*,*,#2153,.T.);
#2153 = EDGE_CURVE('',#2122,#2154,#2156,.T.);
#2154 = VERTEX_POINT('',#2155);
#2155 = CARTESIAN_POINT('',(-42.15016103364,368.5,261.52698170277));
#2156 = SURFACE_CURVE('',#2157,(#2162,#2172),.PCURVE_S1.);
#2157 = ELLIPSE('',#2158,71.15027961694,4.5);
#2158 = AXIS2_PLACEMENT_3D('',#2159,#2160,#2161);
#2159 = CARTESIAN_POINT('',(-41.62894045015,364.5,256.34045787774));
#2160 = DIRECTION('',(-0.994988289803,3.469446951954E-18,
    -9.999151541061E-02));
#2161 = DIRECTION('',(-1.632277820627E-02,0.986586118611,0.162423512691)
  );
#2162 = PCURVE('',#331,#2163);
#2163 = DEFINITIONAL_REPRESENTATION('',(#2164),#2171);
#2164 = B_SPLINE_CURVE_WITH_KNOTS('',5,(#2165,#2166,#2167,#2168,#2169,
    #2170),.UNSPECIFIED.,.F.,.F.,(6,6),(4.712388971935,4.791283152099),
  .PIECEWISE_BEZIER_KNOTS.);
#2165 = CARTESIAN_POINT('',(6.184266365059,72.27931184962));
#2166 = CARTESIAN_POINT('',(6.168487529027,73.399732797151));
#2167 = CARTESIAN_POINT('',(6.152708692994,74.520153744887));
#2168 = CARTESIAN_POINT('',(6.136929856961,75.639993540486));
#2169 = CARTESIAN_POINT('',(6.121151020928,76.758671032051));
#2170 = CARTESIAN_POINT('',(6.105372184895,77.875606875202));
#2171 = ( GEOMETRIC_REPRESENTATION_CONTEXT(2) 
PARAMETRIC_REPRESENTATION_CONTEXT() REPRESENTATION_CONTEXT('2D SPACE',''
  ) );
#2172 = PCURVE('',#2141,#2173);
#2173 = DEFINITIONAL_REPRESENTATION('',(#2174),#2178);
#2174 = ELLIPSE('',#2175,71.15027961694,4.5);
#2175 = AXIS2_PLACEMENT_2D('',#2176,#2177);
#2176 = CARTESIAN_POINT('',(0.,-4.));
#2177 = DIRECTION('',(0.163241632445,0.986586118611));
#2178 = ( GEOMETRIC_REPRESENTATION_CONTEXT(2) 
PARAMETRIC_REPRESENTATION_CONTEXT() REPRESENTATION_CONTEXT('2D SPACE',''
  ) );
#2179 = ORIENTED_EDGE('',*,*,#2180,.F.);
#2180 = EDGE_CURVE('',#2181,#2154,#2183,.T.);
#2181 = VERTEX_POINT('',#2182);
#2182 = CARTESIAN_POINT('',(-41.40352767746,368.5,261.59003690952));
#2183 = SURFACE_CURVE('',#2184,(#2189,#2216),.PCURVE_S1.);
#2184 = ELLIPSE('',#2185,4.570333244668,4.5);
#2185 = AXIS2_PLACEMENT_3D('',#2186,#2187,#2188);
#2186 = CARTESIAN_POINT('',(-41.43946726456,368.5,257.02467712979));
#2187 = DIRECTION('',(0.,-1.,0.));
#2188 = DIRECTION('',(0.266875269637,0.,0.963731077872));
#2189 = PCURVE('',#331,#2190);
#2190 = DEFINITIONAL_REPRESENTATION('',(#2191),#2215);
#2191 = B_SPLINE_CURVE_WITH_KNOTS('',8,(#2192,#2193,#2194,#2195,#2196,
    #2197,#2198,#2199,#2200,#2201,#2202,#2203,#2204,#2205,#2206,#2207,
    #2208,#2209,#2210,#2211,#2212,#2213,#2214),.UNSPECIFIED.,.F.,.F.,(9,
    7,7,9),(0.26618690981,1.836983236605,4.193177726797,6.549372216989),
  .UNSPECIFIED.);
#2192 = CARTESIAN_POINT('',(6.28318530718,77.112416103488));
#2193 = CARTESIAN_POINT('',(6.08683576633,77.071161950502));
#2194 = CARTESIAN_POINT('',(5.890486225481,76.995954797253));
#2195 = CARTESIAN_POINT('',(5.694136684631,76.889221380506));
#2196 = CARTESIAN_POINT('',(5.497787143784,76.756168002762));
#2197 = CARTESIAN_POINT('',(5.301437602935,76.604522125164));
#2198 = CARTESIAN_POINT('',(5.105088062083,76.443590364992));
#2199 = CARTESIAN_POINT('',(4.908738521234,76.283029266447));
#2200 = CARTESIAN_POINT('',(4.417864669111,75.904769133981));
#2201 = CARTESIAN_POINT('',(4.123340357834,75.698641846638));
#2202 = CARTESIAN_POINT('',(3.828816046567,75.543346738779));
#2203 = CARTESIAN_POINT('',(3.534291735277,75.465009660802));
#2204 = CARTESIAN_POINT('',(3.239767424011,75.477661299049));
#2205 = CARTESIAN_POINT('',(2.945243112737,75.576324186831));
#2206 = CARTESIAN_POINT('',(2.650718801466,75.741273187253));
#2207 = CARTESIAN_POINT('',(2.061670178918,76.149750826901));
#2208 = CARTESIAN_POINT('',(1.767145867644,76.393280946325));
#2209 = CARTESIAN_POINT('',(1.472621556369,76.649091182594));
#2210 = CARTESIAN_POINT('',(1.178097245091,76.882977616558));
#2211 = CARTESIAN_POINT('',(0.88357293382,77.060708651508));
#2212 = CARTESIAN_POINT('',(0.589048622548,77.15978392999));
#2213 = CARTESIAN_POINT('',(0.294524311274,77.174297332967));
#2214 = CARTESIAN_POINT('',(1.105288700071E-14,77.112416103488));
#2215 = ( GEOMETRIC_REPRESENTATION_CONTEXT(2) 
PARAMETRIC_REPRESENTATION_CONTEXT() REPRESENTATION_CONTEXT('2D SPACE',''
  ) );
#2216 = PCURVE('',#536,#2217);
#2217 = DEFINITIONAL_REPRESENTATION('',(#2218),#2222);
#2218 = ELLIPSE('',#2219,4.570333244668,4.5);
#2219 = AXIS2_PLACEMENT_2D('',#2220,#2221);
#2220 = CARTESIAN_POINT('',(100.41180690597,-64.51016059992));
#2221 = DIRECTION('',(-0.586946205391,0.809625933365));
#2222 = ( GEOMETRIC_REPRESENTATION_CONTEXT(2) 
PARAMETRIC_REPRESENTATION_CONTEXT() REPRESENTATION_CONTEXT('2D SPACE',''
  ) );
#2223 = ORIENTED_EDGE('',*,*,#2224,.T.);
#2224 = EDGE_CURVE('',#2181,#2225,#2227,.T.);
#2225 = VERTEX_POINT('',#2226);
#2226 = CARTESIAN_POINT('',(-39.15353359849,416.,269.71514052767));
#2227 = SEAM_CURVE('',#2228,(#2232,#2239),.PCURVE_S1.);
#2228 = LINE('',#2229,#2230);
#2229 = CARTESIAN_POINT('',(-41.62894045015,363.74127338684,
    260.77603381852));
#2230 = VECTOR('',#2231,1.);
#2231 = DIRECTION('',(4.663934168152E-02,0.984610915462,0.168422436036)
  );
#2232 = PCURVE('',#331,#2233);
#2233 = DEFINITIONAL_REPRESENTATION('',(#2234),#2238);
#2234 = LINE('',#2235,#2236);
#2235 = CARTESIAN_POINT('',(6.28318530718,72.27931244962));
#2236 = VECTOR('',#2237,1.);
#2237 = DIRECTION('',(0.,1.));
#2238 = ( GEOMETRIC_REPRESENTATION_CONTEXT(2) 
PARAMETRIC_REPRESENTATION_CONTEXT() REPRESENTATION_CONTEXT('2D SPACE',''
  ) );
#2239 = PCURVE('',#331,#2240);
#2240 = DEFINITIONAL_REPRESENTATION('',(#2241),#2245);
#2241 = LINE('',#2242,#2243);
#2242 = CARTESIAN_POINT('',(0.,72.27931244962));
#2243 = VECTOR('',#2244,1.);
#2244 = DIRECTION('',(0.,1.));
#2245 = ( GEOMETRIC_REPRESENTATION_CONTEXT(2) 
PARAMETRIC_REPRESENTATION_CONTEXT() REPRESENTATION_CONTEXT('2D SPACE',''
  ) );
#2246 = ORIENTED_EDGE('',*,*,#2247,.T.);
#2247 = EDGE_CURVE('',#2225,#2248,#2250,.T.);
#2248 = VERTEX_POINT('',#2249);
#2249 = CARTESIAN_POINT('',(-39.42896664384,416.,269.70660361897));
#2250 = SURFACE_CURVE('',#2251,(#2256,#2283),.PCURVE_S1.);
#2251 = ELLIPSE('',#2252,4.570333244668,4.5);
#2252 = AXIS2_PLACEMENT_3D('',#2253,#2254,#2255);
#2253 = CARTESIAN_POINT('',(-39.18947318559,416.,265.14978074794));
#2254 = DIRECTION('',(0.,-1.,0.));
#2255 = DIRECTION('',(0.266875269637,0.,0.963731077872));
#2256 = PCURVE('',#331,#2257);
#2257 = DEFINITIONAL_REPRESENTATION('',(#2258),#2282);
#2258 = B_SPLINE_CURVE_WITH_KNOTS('',8,(#2259,#2260,#2261,#2262,#2263,
    #2264,#2265,#2266,#2267,#2268,#2269,#2270,#2271,#2272,#2273,#2274,
    #2275,#2276,#2277,#2278,#2279,#2280,#2281),.UNSPECIFIED.,.F.,.F.,(9,
    7,7,9),(0.26618690981,1.836983236605,4.193177726797,6.549372216989),
  .UNSPECIFIED.);
#2259 = CARTESIAN_POINT('',(6.28318530718,125.35482257498));
#2260 = CARTESIAN_POINT('',(6.08683576633,125.31356842199));
#2261 = CARTESIAN_POINT('',(5.890486225481,125.23836126874));
#2262 = CARTESIAN_POINT('',(5.694136684632,125.13162785201));
#2263 = CARTESIAN_POINT('',(5.497787143784,124.99857447426));
#2264 = CARTESIAN_POINT('',(5.301437602934,124.84692859665));
#2265 = CARTESIAN_POINT('',(5.105088062083,124.68599683649));
#2266 = CARTESIAN_POINT('',(4.908738521234,124.52543573794));
#2267 = CARTESIAN_POINT('',(4.417864669111,124.14717560547));
#2268 = CARTESIAN_POINT('',(4.123340357835,123.94104831808));
#2269 = CARTESIAN_POINT('',(3.828816046562,123.78575321039));
#2270 = CARTESIAN_POINT('',(3.534291735275,123.70741613194));
#2271 = CARTESIAN_POINT('',(3.239767424018,123.72006777068));
#2272 = CARTESIAN_POINT('',(2.945243112736,123.81873065825));
#2273 = CARTESIAN_POINT('',(2.650718801466,123.98367965874));
#2274 = CARTESIAN_POINT('',(2.061670178918,124.39215729839));
#2275 = CARTESIAN_POINT('',(1.767145867644,124.63568741782));
#2276 = CARTESIAN_POINT('',(1.47262155637,124.89149765393));
#2277 = CARTESIAN_POINT('',(1.178097245091,125.12538408813));
#2278 = CARTESIAN_POINT('',(0.883572933825,125.30311512291));
#2279 = CARTESIAN_POINT('',(0.589048622547,125.40219040145));
#2280 = CARTESIAN_POINT('',(0.294524311274,125.41670380446));
#2281 = CARTESIAN_POINT('',(1.105288700071E-14,125.35482257498));
#2282 = ( GEOMETRIC_REPRESENTATION_CONTEXT(2) 
PARAMETRIC_REPRESENTATION_CONTEXT() REPRESENTATION_CONTEXT('2D SPACE',''
  ) );
#2283 = PCURVE('',#669,#2284);
#2284 = DEFINITIONAL_REPRESENTATION('',(#2285),#2289);
#2285 = ELLIPSE('',#2286,4.570333244668,4.5);
#2286 = AXIS2_PLACEMENT_2D('',#2287,#2288);
#2287 = CARTESIAN_POINT('',(91.402063162359,-60.57974485542));
#2288 = DIRECTION('',(-0.570752872167,0.821121890412));
#2289 = ( GEOMETRIC_REPRESENTATION_CONTEXT(2) 
PARAMETRIC_REPRESENTATION_CONTEXT() REPRESENTATION_CONTEXT('2D SPACE',''
  ) );
#2290 = ORIENTED_EDGE('',*,*,#2291,.T.);
#2291 = EDGE_CURVE('',#2248,#2292,#2294,.T.);
#2292 = VERTEX_POINT('',#2293);
#2293 = CARTESIAN_POINT('',(-39.48883916087,419.26827044936,
    270.2471177346));
#2294 = SURFACE_CURVE('',#2295,(#2300,#2310),.PCURVE_S1.);
#2295 = ELLIPSE('',#2296,69.339057922965,4.5);
#2296 = AXIS2_PLACEMENT_3D('',#2297,#2298,#2299);
#2297 = CARTESIAN_POINT('',(-39.,420.,265.834));
#2298 = DIRECTION('',(-0.993920936271,0.,-0.110096196314));
#2299 = DIRECTION('',(-1.79023645012E-02,0.986690987306,0.161618071126)
  );
#2300 = PCURVE('',#331,#2301);
#2301 = DEFINITIONAL_REPRESENTATION('',(#2302),#2309);
#2302 = B_SPLINE_CURVE_WITH_KNOTS('',5,(#2303,#2304,#2305,#2306,#2307,
    #2308),.UNSPECIFIED.,.F.,.F.,(6,6),(4.652871376159,4.712388989056),
  .PIECEWISE_BEZIER_KNOTS.);
#2303 = CARTESIAN_POINT('',(6.233738144182,124.53099213358));
#2304 = CARTESIAN_POINT('',(6.221834621603,125.35317279343));
#2305 = CARTESIAN_POINT('',(6.209931099024,126.17608242627));
#2306 = CARTESIAN_POINT('',(6.198027576444,126.99947832809));
#2307 = CARTESIAN_POINT('',(6.186124053865,127.82311736436));
#2308 = CARTESIAN_POINT('',(6.174220531285,128.64675640052));
#2309 = ( GEOMETRIC_REPRESENTATION_CONTEXT(2) 
PARAMETRIC_REPRESENTATION_CONTEXT() REPRESENTATION_CONTEXT('2D SPACE',''
  ) );
#2310 = PCURVE('',#620,#2311);
#2311 = DEFINITIONAL_REPRESENTATION('',(#2312),#2316);
#2312 = ELLIPSE('',#2313,69.339057922965,4.5);
#2313 = AXIS2_PLACEMENT_2D('',#2314,#2315);
#2314 = CARTESIAN_POINT('',(0.,-4.));
#2315 = DIRECTION('',(0.162606566808,0.986690987306));
#2316 = ( GEOMETRIC_REPRESENTATION_CONTEXT(2) 
PARAMETRIC_REPRESENTATION_CONTEXT() REPRESENTATION_CONTEXT('2D SPACE',''
  ) );
#2317 = ORIENTED_EDGE('',*,*,#2318,.F.);
#2318 = EDGE_CURVE('',#2319,#2292,#2321,.T.);
#2319 = VERTEX_POINT('',#2320);
#2320 = CARTESIAN_POINT('',(-34.50503997012,419.787081401,265.834));
#2321 = SURFACE_CURVE('',#2322,(#2327,#2334),.PCURVE_S1.);
#2322 = CIRCLE('',#2323,4.5);
#2323 = AXIS2_PLACEMENT_3D('',#2324,#2325,#2326);
#2324 = CARTESIAN_POINT('',(-39.,420.,265.834));
#2325 = DIRECTION('',(4.663934168152E-02,0.984610915462,0.168422436036)
  );
#2326 = DIRECTION('',(0.,-0.168605914035,0.985683542397));
#2327 = PCURVE('',#331,#2328);
#2328 = DEFINITIONAL_REPRESENTATION('',(#2329),#2333);
#2329 = LINE('',#2330,#2331);
#2330 = CARTESIAN_POINT('',(0.,128.64675580052));
#2331 = VECTOR('',#2332,1.);
#2332 = DIRECTION('',(1.,0.));
#2333 = ( GEOMETRIC_REPRESENTATION_CONTEXT(2) 
PARAMETRIC_REPRESENTATION_CONTEXT() REPRESENTATION_CONTEXT('2D SPACE',''
  ) );
#2334 = PCURVE('',#2335,#2340);
#2335 = PLANE('',#2336);
#2336 = AXIS2_PLACEMENT_3D('',#2337,#2338,#2339);
#2337 = CARTESIAN_POINT('',(-39.,420.,265.834));
#2338 = DIRECTION('',(4.663934168152E-02,0.984610915462,0.168422436036)
  );
#2339 = DIRECTION('',(0.,-0.168605914035,0.985683542397));
#2340 = DEFINITIONAL_REPRESENTATION('',(#2341),#2345);
#2341 = CIRCLE('',#2342,4.5);
#2342 = AXIS2_PLACEMENT_2D('',#2343,#2344);
#2343 = CARTESIAN_POINT('',(0.,0.));
#2344 = DIRECTION('',(1.,0.));
#2345 = ( GEOMETRIC_REPRESENTATION_CONTEXT(2) 
PARAMETRIC_REPRESENTATION_CONTEXT() REPRESENTATION_CONTEXT('2D SPACE',''
  ) );
#2346 = ORIENTED_EDGE('',*,*,#2347,.T.);
#2347 = EDGE_CURVE('',#2319,#2348,#2350,.T.);
#2348 = VERTEX_POINT('',#2349);
#2349 = CARTESIAN_POINT('',(-34.73006556932,416.,265.834));
#2350 = SURFACE_CURVE('',#2351,(#2356,#2366),.PCURVE_S1.);
#2351 = ELLIPSE('',#2352,26.718530535024,4.5);
#2352 = AXIS2_PLACEMENT_3D('',#2353,#2354,#2355);
#2353 = CARTESIAN_POINT('',(-39.,420.,265.834));
#2354 = DIRECTION('',(0.,0.,-1.));
#2355 = DIRECTION('',(4.731524422176E-02,0.99888000664,0.));
#2356 = PCURVE('',#331,#2357);
#2357 = DEFINITIONAL_REPRESENTATION('',(#2358),#2365);
#2358 = B_SPLINE_CURVE_WITH_KNOTS('',5,(#2359,#2360,#2361,#2362,#2363,
    #2364),.UNSPECIFIED.,.F.,.F.,(6,6),(1.570796304013,1.743648821968),
  .PIECEWISE_BEZIER_KNOTS.);
#2359 = CARTESIAN_POINT('',(1.562818634955,128.64675640052));
#2360 = CARTESIAN_POINT('',(1.528248131364,127.7362780978));
#2361 = CARTESIAN_POINT('',(1.493677627773,126.82579979255));
#2362 = CARTESIAN_POINT('',(1.459107124182,125.91758843354));
#2363 = CARTESIAN_POINT('',(1.424536620591,125.01391092942));
#2364 = CARTESIAN_POINT('',(1.389966117,124.11700042321));
#2365 = ( GEOMETRIC_REPRESENTATION_CONTEXT(2) 
PARAMETRIC_REPRESENTATION_CONTEXT() REPRESENTATION_CONTEXT('2D SPACE',''
  ) );
#2366 = PCURVE('',#2367,#2372);
#2367 = PLANE('',#2368);
#2368 = AXIS2_PLACEMENT_3D('',#2369,#2370,#2371);
#2369 = CARTESIAN_POINT('',(39.,424.,265.834));
#2370 = DIRECTION('',(0.,0.,-1.));
#2371 = DIRECTION('',(-1.,0.,0.));
#2372 = DEFINITIONAL_REPRESENTATION('',(#2373),#2377);
#2373 = ELLIPSE('',#2374,26.718530535024,4.5);
#2374 = AXIS2_PLACEMENT_2D('',#2375,#2376);
#2375 = CARTESIAN_POINT('',(78.,-4.));
#2376 = DIRECTION('',(-4.731524422176E-02,0.99888000664));
#2377 = ( GEOMETRIC_REPRESENTATION_CONTEXT(2) 
PARAMETRIC_REPRESENTATION_CONTEXT() REPRESENTATION_CONTEXT('2D SPACE',''
  ) );
#2378 = ORIENTED_EDGE('',*,*,#2379,.T.);
#2379 = EDGE_CURVE('',#2348,#2225,#2380,.T.);
#2380 = SURFACE_CURVE('',#2381,(#2386,#2413),.PCURVE_S1.);
#2381 = ELLIPSE('',#2382,4.570333244668,4.5);
#2382 = AXIS2_PLACEMENT_3D('',#2383,#2384,#2385);
#2383 = CARTESIAN_POINT('',(-39.18947318559,416.,265.14978074794));
#2384 = DIRECTION('',(0.,-1.,0.));
#2385 = DIRECTION('',(0.266875269637,0.,0.963731077872));
#2386 = PCURVE('',#331,#2387);
#2387 = DEFINITIONAL_REPRESENTATION('',(#2388),#2412);
#2388 = B_SPLINE_CURVE_WITH_KNOTS('',8,(#2389,#2390,#2391,#2392,#2393,
    #2394,#2395,#2396,#2397,#2398,#2399,#2400,#2401,#2402,#2403,#2404,
    #2405,#2406,#2407,#2408,#2409,#2410,#2411),.UNSPECIFIED.,.F.,.F.,(9,
    7,7,9),(0.26618690981,1.836983236605,4.193177726797,6.549372216989),
  .UNSPECIFIED.);
#2389 = CARTESIAN_POINT('',(6.28318530718,125.35482257498));
#2390 = CARTESIAN_POINT('',(6.08683576633,125.31356842199));
#2391 = CARTESIAN_POINT('',(5.890486225481,125.23836126874));
#2392 = CARTESIAN_POINT('',(5.694136684632,125.13162785201));
#2393 = CARTESIAN_POINT('',(5.497787143784,124.99857447426));
#2394 = CARTESIAN_POINT('',(5.301437602934,124.84692859665));
#2395 = CARTESIAN_POINT('',(5.105088062083,124.68599683649));
#2396 = CARTESIAN_POINT('',(4.908738521234,124.52543573794));
#2397 = CARTESIAN_POINT('',(4.417864669111,124.14717560547));
#2398 = CARTESIAN_POINT('',(4.123340357835,123.94104831808));
#2399 = CARTESIAN_POINT('',(3.828816046562,123.78575321039));
#2400 = CARTESIAN_POINT('',(3.534291735275,123.70741613194));
#2401 = CARTESIAN_POINT('',(3.239767424018,123.72006777068));
#2402 = CARTESIAN_POINT('',(2.945243112736,123.81873065825));
#2403 = CARTESIAN_POINT('',(2.650718801466,123.98367965874));
#2404 = CARTESIAN_POINT('',(2.061670178918,124.39215729839));
#2405 = CARTESIAN_POINT('',(1.767145867644,124.63568741782));
#2406 = CARTESIAN_POINT('',(1.47262155637,124.89149765393));
#2407 = CARTESIAN_POINT('',(1.178097245091,125.12538408813));
#2408 = CARTESIAN_POINT('',(0.883572933825,125.30311512291));
#2409 = CARTESIAN_POINT('',(0.589048622547,125.40219040145));
#2410 = CARTESIAN_POINT('',(0.294524311274,125.41670380446));
#2411 = CARTESIAN_POINT('',(1.105288700071E-14,125.35482257498));
#2412 = ( GEOMETRIC_REPRESENTATION_CONTEXT(2) 
PARAMETRIC_REPRESENTATION_CONTEXT() REPRESENTATION_CONTEXT('2D SPACE',''
  ) );
#2413 = PCURVE('',#669,#2414);
#2414 = DEFINITIONAL_REPRESENTATION('',(#2415),#2419);
#2415 = ELLIPSE('',#2416,4.570333244668,4.5);
#2416 = AXIS2_PLACEMENT_2D('',#2417,#2418);
#2417 = CARTESIAN_POINT('',(91.402063162359,-60.57974485542));
#2418 = DIRECTION('',(-0.570752872167,0.821121890412));
#2419 = ( GEOMETRIC_REPRESENTATION_CONTEXT(2) 
PARAMETRIC_REPRESENTATION_CONTEXT() REPRESENTATION_CONTEXT('2D SPACE',''
  ) );
#2420 = ORIENTED_EDGE('',*,*,#2224,.F.);
#2421 = ORIENTED_EDGE('',*,*,#2422,.F.);
#2422 = EDGE_CURVE('',#2423,#2181,#2425,.T.);
#2423 = VERTEX_POINT('',#2424);
#2424 = CARTESIAN_POINT('',(-36.99083231838,368.5,256.34045787774));
#2425 = SURFACE_CURVE('',#2426,(#2431,#2458),.PCURVE_S1.);
#2426 = ELLIPSE('',#2427,4.570333244668,4.5);
#2427 = AXIS2_PLACEMENT_3D('',#2428,#2429,#2430);
#2428 = CARTESIAN_POINT('',(-41.43946726456,368.5,257.02467712979));
#2429 = DIRECTION('',(0.,-1.,0.));
#2430 = DIRECTION('',(0.266875269637,0.,0.963731077872));
#2431 = PCURVE('',#331,#2432);
#2432 = DEFINITIONAL_REPRESENTATION('',(#2433),#2457);
#2433 = B_SPLINE_CURVE_WITH_KNOTS('',8,(#2434,#2435,#2436,#2437,#2438,
    #2439,#2440,#2441,#2442,#2443,#2444,#2445,#2446,#2447,#2448,#2449,
    #2450,#2451,#2452,#2453,#2454,#2455,#2456),.UNSPECIFIED.,.F.,.F.,(9,
    7,7,9),(0.26618690981,1.836983236605,4.193177726797,6.549372216989),
  .UNSPECIFIED.);
#2434 = CARTESIAN_POINT('',(6.28318530718,77.112416103488));
#2435 = CARTESIAN_POINT('',(6.08683576633,77.071161950502));
#2436 = CARTESIAN_POINT('',(5.890486225481,76.995954797253));
#2437 = CARTESIAN_POINT('',(5.694136684631,76.889221380506));
#2438 = CARTESIAN_POINT('',(5.497787143784,76.756168002762));
#2439 = CARTESIAN_POINT('',(5.301437602935,76.604522125164));
#2440 = CARTESIAN_POINT('',(5.105088062083,76.443590364992));
#2441 = CARTESIAN_POINT('',(4.908738521234,76.283029266447));
#2442 = CARTESIAN_POINT('',(4.417864669111,75.904769133981));
#2443 = CARTESIAN_POINT('',(4.123340357834,75.698641846638));
#2444 = CARTESIAN_POINT('',(3.828816046567,75.543346738779));
#2445 = CARTESIAN_POINT('',(3.534291735277,75.465009660802));
#2446 = CARTESIAN_POINT('',(3.239767424011,75.477661299049));
#2447 = CARTESIAN_POINT('',(2.945243112737,75.576324186831));
#2448 = CARTESIAN_POINT('',(2.650718801466,75.741273187253));
#2449 = CARTESIAN_POINT('',(2.061670178918,76.149750826901));
#2450 = CARTESIAN_POINT('',(1.767145867644,76.393280946325));
#2451 = CARTESIAN_POINT('',(1.472621556369,76.649091182594));
#2452 = CARTESIAN_POINT('',(1.178097245091,76.882977616558));
#2453 = CARTESIAN_POINT('',(0.88357293382,77.060708651508));
#2454 = CARTESIAN_POINT('',(0.589048622548,77.15978392999));
#2455 = CARTESIAN_POINT('',(0.294524311274,77.174297332967));
#2456 = CARTESIAN_POINT('',(1.105288700071E-14,77.112416103488));
#2457 = ( GEOMETRIC_REPRESENTATION_CONTEXT(2) 
PARAMETRIC_REPRESENTATION_CONTEXT() REPRESENTATION_CONTEXT('2D SPACE',''
  ) );
#2458 = PCURVE('',#536,#2459);
#2459 = DEFINITIONAL_REPRESENTATION('',(#2460),#2464);
#2460 = ELLIPSE('',#2461,4.570333244668,4.5);
#2461 = AXIS2_PLACEMENT_2D('',#2462,#2463);
#2462 = CARTESIAN_POINT('',(100.41180690597,-64.51016059992));
#2463 = DIRECTION('',(-0.586946205391,0.809625933365));
#2464 = ( GEOMETRIC_REPRESENTATION_CONTEXT(2) 
PARAMETRIC_REPRESENTATION_CONTEXT() REPRESENTATION_CONTEXT('2D SPACE',''
  ) );
#2465 = ORIENTED_EDGE('',*,*,#2466,.T.);
#2466 = EDGE_CURVE('',#2423,#2467,#2469,.T.);
#2467 = VERTEX_POINT('',#2468);
#2468 = CARTESIAN_POINT('',(-37.13398042027,364.287081401,
    256.34045787774));
#2469 = SURFACE_CURVE('',#2470,(#2475,#2485),.PCURVE_S1.);
#2470 = ELLIPSE('',#2471,26.718530535024,4.5);
#2471 = AXIS2_PLACEMENT_3D('',#2472,#2473,#2474);
#2472 = CARTESIAN_POINT('',(-41.62894045015,364.5,256.34045787774));
#2473 = DIRECTION('',(0.,0.,-1.));
#2474 = DIRECTION('',(4.731524422176E-02,0.99888000664,0.));
#2475 = PCURVE('',#331,#2476);
#2476 = DEFINITIONAL_REPRESENTATION('',(#2477),#2484);
#2477 = B_SPLINE_CURVE_WITH_KNOTS('',5,(#2478,#2479,#2480,#2481,#2482,
    #2483),.UNSPECIFIED.,.F.,.F.,(6,6),(1.381988402378,1.570796349577),
  .PIECEWISE_BEZIER_KNOTS.);
#2478 = CARTESIAN_POINT('',(1.75162653659,77.222427515601));
#2479 = CARTESIAN_POINT('',(1.71386494715,76.245580018806));
#2480 = CARTESIAN_POINT('',(1.67610335771,75.259921808542));
#2481 = CARTESIAN_POINT('',(1.638341768271,74.268354782794));
#2482 = CARTESIAN_POINT('',(1.600580178831,73.273833314155));
#2483 = CARTESIAN_POINT('',(1.562818589391,72.27931184962));
#2484 = ( GEOMETRIC_REPRESENTATION_CONTEXT(2) 
PARAMETRIC_REPRESENTATION_CONTEXT() REPRESENTATION_CONTEXT('2D SPACE',''
  ) );
#2485 = PCURVE('',#2486,#2491);
#2486 = PLANE('',#2487);
#2487 = AXIS2_PLACEMENT_3D('',#2488,#2489,#2490);
#2488 = CARTESIAN_POINT('',(41.628940450157,368.5,256.34045787774));
#2489 = DIRECTION('',(0.,0.,-1.));
#2490 = DIRECTION('',(-1.,0.,0.));
#2491 = DEFINITIONAL_REPRESENTATION('',(#2492),#2496);
#2492 = ELLIPSE('',#2493,26.718530535024,4.5);
#2493 = AXIS2_PLACEMENT_2D('',#2494,#2495);
#2494 = CARTESIAN_POINT('',(83.257880900313,-4.));
#2495 = DIRECTION('',(-4.731524422176E-02,0.99888000664));
#2496 = ( GEOMETRIC_REPRESENTATION_CONTEXT(2) 
PARAMETRIC_REPRESENTATION_CONTEXT() REPRESENTATION_CONTEXT('2D SPACE',''
  ) );
#2497 = ORIENTED_EDGE('',*,*,#2498,.T.);
#2498 = EDGE_CURVE('',#2467,#2499,#2501,.T.);
#2499 = VERTEX_POINT('',#2500);
#2500 = CARTESIAN_POINT('',(-37.35900601947,360.5,256.34045787774));
#2501 = SURFACE_CURVE('',#2502,(#2507,#2517),.PCURVE_S1.);
#2502 = ELLIPSE('',#2503,26.718530535024,4.5);
#2503 = AXIS2_PLACEMENT_3D('',#2504,#2505,#2506);
#2504 = CARTESIAN_POINT('',(-41.62894045015,364.5,256.34045787774));
#2505 = DIRECTION('',(0.,0.,-1.));
#2506 = DIRECTION('',(4.731524422176E-02,0.99888000664,0.));
#2507 = PCURVE('',#331,#2508);
#2508 = DEFINITIONAL_REPRESENTATION('',(#2509),#2516);
#2509 = B_SPLINE_CURVE_WITH_KNOTS('',5,(#2510,#2511,#2512,#2513,#2514,
    #2515),.UNSPECIFIED.,.F.,.F.,(6,6),(1.570796304013,1.743648821968),
  .PIECEWISE_BEZIER_KNOTS.);
#2510 = CARTESIAN_POINT('',(1.562818634955,72.27931304962));
#2511 = CARTESIAN_POINT('',(1.528248131364,71.368834746901));
#2512 = CARTESIAN_POINT('',(1.493677627773,70.458356441649));
#2513 = CARTESIAN_POINT('',(1.459107124182,69.550145082635));
#2514 = CARTESIAN_POINT('',(1.424536620591,68.646467578515));
#2515 = CARTESIAN_POINT('',(1.389966117,67.74955707231));
#2516 = ( GEOMETRIC_REPRESENTATION_CONTEXT(2) 
PARAMETRIC_REPRESENTATION_CONTEXT() REPRESENTATION_CONTEXT('2D SPACE',''
  ) );
#2517 = PCURVE('',#2486,#2518);
#2518 = DEFINITIONAL_REPRESENTATION('',(#2519),#2523);
#2519 = ELLIPSE('',#2520,26.718530535024,4.5);
#2520 = AXIS2_PLACEMENT_2D('',#2521,#2522);
#2521 = CARTESIAN_POINT('',(83.257880900313,-4.));
#2522 = DIRECTION('',(-4.731524422176E-02,0.99888000664));
#2523 = ( GEOMETRIC_REPRESENTATION_CONTEXT(2) 
PARAMETRIC_REPRESENTATION_CONTEXT() REPRESENTATION_CONTEXT('2D SPACE',''
  ) );
#2524 = ORIENTED_EDGE('',*,*,#2525,.T.);
#2525 = EDGE_CURVE('',#2499,#2526,#2528,.T.);
#2526 = VERTEX_POINT('',#2527);
#2527 = CARTESIAN_POINT('',(-41.78247404865,360.5,260.22159840541));
#2528 = SURFACE_CURVE('',#2529,(#2534,#2561),.PCURVE_S1.);
#2529 = ELLIPSE('',#2530,4.570333244668,4.5);
#2530 = AXIS2_PLACEMENT_3D('',#2531,#2532,#2533);
#2531 = CARTESIAN_POINT('',(-41.81841363575,360.5,255.65623862568));
#2532 = DIRECTION('',(0.,-1.,0.));
#2533 = DIRECTION('',(0.266875269637,0.,0.963731077872));
#2534 = PCURVE('',#331,#2535);
#2535 = DEFINITIONAL_REPRESENTATION('',(#2536),#2560);
#2536 = B_SPLINE_CURVE_WITH_KNOTS('',8,(#2537,#2538,#2539,#2540,#2541,
    #2542,#2543,#2544,#2545,#2546,#2547,#2548,#2549,#2550,#2551,#2552,
    #2553,#2554,#2555,#2556,#2557,#2558,#2559),.UNSPECIFIED.,.F.,.F.,(9,
    7,7,9),(0.26618690981,1.836983236605,4.193177726797,6.549372216989),
  .UNSPECIFIED.);
#2537 = CARTESIAN_POINT('',(6.28318530718,68.987379224078));
#2538 = CARTESIAN_POINT('',(6.08683576633,68.946125071092));
#2539 = CARTESIAN_POINT('',(5.890486225481,68.870917917847));
#2540 = CARTESIAN_POINT('',(5.694136684631,68.7641845011));
#2541 = CARTESIAN_POINT('',(5.497787143782,68.631131123373));
#2542 = CARTESIAN_POINT('',(5.301437602933,68.479485245777));
#2543 = CARTESIAN_POINT('',(5.105088062083,68.318553485577));
#2544 = CARTESIAN_POINT('',(4.908738521234,68.157992387037));
#2545 = CARTESIAN_POINT('',(4.417864669111,67.779732254571));
#2546 = CARTESIAN_POINT('',(4.123340357839,67.5736049673));
#2547 = CARTESIAN_POINT('',(3.82881604657,67.418309858971));
#2548 = CARTESIAN_POINT('',(3.534291735295,67.339972781599));
#2549 = CARTESIAN_POINT('',(3.23976742401,67.352624419262));
#2550 = CARTESIAN_POINT('',(2.945243112744,67.4512873075));
#2551 = CARTESIAN_POINT('',(2.650718801466,67.616236307843));
#2552 = CARTESIAN_POINT('',(2.061670178918,68.024713947491));
#2553 = CARTESIAN_POINT('',(1.767145867644,68.268244066836));
#2554 = CARTESIAN_POINT('',(1.472621556396,68.524054303445));
#2555 = CARTESIAN_POINT('',(1.178097245083,68.757940736425));
#2556 = CARTESIAN_POINT('',(0.883572933842,68.935671772226));
#2557 = CARTESIAN_POINT('',(0.589048622546,69.034747050508));
#2558 = CARTESIAN_POINT('',(0.294524311274,69.049260453557));
#2559 = CARTESIAN_POINT('',(1.42108547152E-14,68.987379224078));
#2560 = ( GEOMETRIC_REPRESENTATION_CONTEXT(2) 
PARAMETRIC_REPRESENTATION_CONTEXT() REPRESENTATION_CONTEXT('2D SPACE',''
  ) );
#2561 = PCURVE('',#852,#2562);
#2562 = DEFINITIONAL_REPRESENTATION('',(#2563),#2567);
#2563 = ELLIPSE('',#2564,4.570333244668,4.5);
#2564 = AXIS2_PLACEMENT_2D('',#2565,#2566);
#2565 = CARTESIAN_POINT('',(101.245234203,-65.65977933339));
#2566 = DIRECTION('',(-0.586946205391,0.809625933365));
#2567 = ( GEOMETRIC_REPRESENTATION_CONTEXT(2) 
PARAMETRIC_REPRESENTATION_CONTEXT() REPRESENTATION_CONTEXT('2D SPACE',''
  ) );
#2568 = ORIENTED_EDGE('',*,*,#2569,.F.);
#2569 = EDGE_CURVE('',#943,#2526,#2570,.T.);
#2570 = SEAM_CURVE('',#2571,(#2575,#2582),.PCURVE_S1.);
#2571 = LINE('',#2572,#2573);
#2572 = CARTESIAN_POINT('',(-45.,292.57427338684,248.60257594078));
#2573 = VECTOR('',#2574,1.);
#2574 = DIRECTION('',(4.663934168152E-02,0.984610915462,0.168422436036)
  );
#2575 = PCURVE('',#331,#2576);
#2576 = DEFINITIONAL_REPRESENTATION('',(#2577),#2581);
#2577 = LINE('',#2578,#2579);
#2578 = CARTESIAN_POINT('',(0.,-0.));
#2579 = VECTOR('',#2580,1.);
#2580 = DIRECTION('',(0.,1.));
#2581 = ( GEOMETRIC_REPRESENTATION_CONTEXT(2) 
PARAMETRIC_REPRESENTATION_CONTEXT() REPRESENTATION_CONTEXT('2D SPACE',''
  ) );
#2582 = PCURVE('',#331,#2583);
#2583 = DEFINITIONAL_REPRESENTATION('',(#2584),#2588);
#2584 = LINE('',#2585,#2586);
#2585 = CARTESIAN_POINT('',(6.28318530718,-0.));
#2586 = VECTOR('',#2587,1.);
#2587 = DIRECTION('',(0.,1.));
#2588 = ( GEOMETRIC_REPRESENTATION_CONTEXT(2) 
PARAMETRIC_REPRESENTATION_CONTEXT() REPRESENTATION_CONTEXT('2D SPACE',''
  ) );
#2589 = ORIENTED_EDGE('',*,*,#986,.F.);
#2590 = ORIENTED_EDGE('',*,*,#2012,.T.);
#2591 = ORIENTED_EDGE('',*,*,#2093,.T.);
#2592 = ORIENTED_EDGE('',*,*,#314,.T.);
#2593 = ORIENTED_EDGE('',*,*,#942,.F.);
#2594 = ORIENTED_EDGE('',*,*,#2569,.T.);
#2595 = ORIENTED_EDGE('',*,*,#2596,.T.);
#2596 = EDGE_CURVE('',#2526,#2120,#2597,.T.);
#2597 = SURFACE_CURVE('',#2598,(#2603,#2630),.PCURVE_S1.);
#2598 = ELLIPSE('',#2599,4.570333244668,4.5);
#2599 = AXIS2_PLACEMENT_3D('',#2600,#2601,#2602);
#2600 = CARTESIAN_POINT('',(-41.81841363575,360.5,255.65623862568));
#2601 = DIRECTION('',(0.,-1.,0.));
#2602 = DIRECTION('',(0.266875269637,0.,0.963731077872));
#2603 = PCURVE('',#331,#2604);
#2604 = DEFINITIONAL_REPRESENTATION('',(#2605),#2629);
#2605 = B_SPLINE_CURVE_WITH_KNOTS('',8,(#2606,#2607,#2608,#2609,#2610,
    #2611,#2612,#2613,#2614,#2615,#2616,#2617,#2618,#2619,#2620,#2621,
    #2622,#2623,#2624,#2625,#2626,#2627,#2628),.UNSPECIFIED.,.F.,.F.,(9,
    7,7,9),(0.26618690981,1.836983236605,4.193177726797,6.549372216989),
  .UNSPECIFIED.);
#2606 = CARTESIAN_POINT('',(6.28318530718,68.987379224078));
#2607 = CARTESIAN_POINT('',(6.08683576633,68.946125071092));
#2608 = CARTESIAN_POINT('',(5.890486225481,68.870917917847));
#2609 = CARTESIAN_POINT('',(5.694136684631,68.7641845011));
#2610 = CARTESIAN_POINT('',(5.497787143782,68.631131123373));
#2611 = CARTESIAN_POINT('',(5.301437602933,68.479485245777));
#2612 = CARTESIAN_POINT('',(5.105088062083,68.318553485577));
#2613 = CARTESIAN_POINT('',(4.908738521234,68.157992387037));
#2614 = CARTESIAN_POINT('',(4.417864669111,67.779732254571));
#2615 = CARTESIAN_POINT('',(4.123340357839,67.5736049673));
#2616 = CARTESIAN_POINT('',(3.82881604657,67.418309858971));
#2617 = CARTESIAN_POINT('',(3.534291735295,67.339972781599));
#2618 = CARTESIAN_POINT('',(3.23976742401,67.352624419262));
#2619 = CARTESIAN_POINT('',(2.945243112744,67.4512873075));
#2620 = CARTESIAN_POINT('',(2.650718801466,67.616236307843));
#2621 = CARTESIAN_POINT('',(2.061670178918,68.024713947491));
#2622 = CARTESIAN_POINT('',(1.767145867644,68.268244066836));
#2623 = CARTESIAN_POINT('',(1.472621556396,68.524054303445));
#2624 = CARTESIAN_POINT('',(1.178097245083,68.757940736425));
#2625 = CARTESIAN_POINT('',(0.883572933842,68.935671772226));
#2626 = CARTESIAN_POINT('',(0.589048622546,69.034747050508));
#2627 = CARTESIAN_POINT('',(0.294524311274,69.049260453557));
#2628 = CARTESIAN_POINT('',(1.42108547152E-14,68.987379224078));
#2629 = ( GEOMETRIC_REPRESENTATION_CONTEXT(2) 
PARAMETRIC_REPRESENTATION_CONTEXT() REPRESENTATION_CONTEXT('2D SPACE',''
  ) );
#2630 = PCURVE('',#852,#2631);
#2631 = DEFINITIONAL_REPRESENTATION('',(#2632),#2636);
#2632 = ELLIPSE('',#2633,4.570333244668,4.5);
#2633 = AXIS2_PLACEMENT_2D('',#2634,#2635);
#2634 = CARTESIAN_POINT('',(101.245234203,-65.65977933339));
#2635 = DIRECTION('',(-0.586946205391,0.809625933365));
#2636 = ( GEOMETRIC_REPRESENTATION_CONTEXT(2) 
PARAMETRIC_REPRESENTATION_CONTEXT() REPRESENTATION_CONTEXT('2D SPACE',''
  ) );
#2637 = ADVANCED_FACE('',(#2638),#487,.T.);
#2638 = FACE_BOUND('',#2639,.T.);
#2639 = EDGE_LOOP('',(#2640,#2641,#2664,#2691,#2718,#2739));
#2640 = ORIENTED_EDGE('',*,*,#864,.F.);
#2641 = ORIENTED_EDGE('',*,*,#2642,.T.);
#2642 = EDGE_CURVE('',#816,#2643,#2645,.T.);
#2643 = VERTEX_POINT('',#2644);
#2644 = CARTESIAN_POINT('',(49.314663719002,360.5,375.74918399425));
#2645 = SURFACE_CURVE('',#2646,(#2650,#2657),.PCURVE_S1.);
#2646 = LINE('',#2647,#2648);
#2647 = CARTESIAN_POINT('',(-53.62894045015,360.5,375.74918399425));
#2648 = VECTOR('',#2649,1.);
#2649 = DIRECTION('',(1.,0.,0.));
#2650 = PCURVE('',#487,#2651);
#2651 = DEFINITIONAL_REPRESENTATION('',(#2652),#2656);
#2652 = LINE('',#2653,#2654);
#2653 = CARTESIAN_POINT('',(0.,-8.));
#2654 = VECTOR('',#2655,1.);
#2655 = DIRECTION('',(1.,0.));
#2656 = ( GEOMETRIC_REPRESENTATION_CONTEXT(2) 
PARAMETRIC_REPRESENTATION_CONTEXT() REPRESENTATION_CONTEXT('2D SPACE',''
  ) );
#2657 = PCURVE('',#852,#2658);
#2658 = DEFINITIONAL_REPRESENTATION('',(#2659),#2663);
#2659 = LINE('',#2660,#2661);
#2660 = CARTESIAN_POINT('',(0.,0.));
#2661 = VECTOR('',#2662,1.);
#2662 = DIRECTION('',(0.623620246609,0.781727438446));
#2663 = ( GEOMETRIC_REPRESENTATION_CONTEXT(2) 
PARAMETRIC_REPRESENTATION_CONTEXT() REPRESENTATION_CONTEXT('2D SPACE',''
  ) );
#2664 = ORIENTED_EDGE('',*,*,#2665,.F.);
#2665 = EDGE_CURVE('',#2666,#2643,#2668,.T.);
#2666 = VERTEX_POINT('',#2667);
#2667 = CARTESIAN_POINT('',(49.133980420279,364.287081401,
    375.74918399425));
#2668 = SURFACE_CURVE('',#2669,(#2674,#2681),.PCURVE_S1.);
#2669 = ELLIPSE('',#2670,158.09247474748,4.5);
#2670 = AXIS2_PLACEMENT_3D('',#2671,#2672,#2673);
#2671 = CARTESIAN_POINT('',(53.628940450157,364.5,375.74918399425));
#2672 = DIRECTION('',(0.,0.,1.));
#2673 = DIRECTION('',(-4.731524422176E-02,0.99888000664,0.));
#2674 = PCURVE('',#487,#2675);
#2675 = DEFINITIONAL_REPRESENTATION('',(#2676),#2680);
#2676 = ELLIPSE('',#2677,158.09247474748,4.5);
#2677 = AXIS2_PLACEMENT_2D('',#2678,#2679);
#2678 = CARTESIAN_POINT('',(107.25788090031,-4.));
#2679 = DIRECTION('',(-4.731524422176E-02,0.99888000664));
#2680 = ( GEOMETRIC_REPRESENTATION_CONTEXT(2) 
PARAMETRIC_REPRESENTATION_CONTEXT() REPRESENTATION_CONTEXT('2D SPACE',''
  ) );
#2681 = PCURVE('',#1205,#2682);
#2682 = DEFINITIONAL_REPRESENTATION('',(#2683),#2690);
#2683 = B_SPLINE_CURVE_WITH_KNOTS('',5,(#2684,#2685,#2686,#2687,#2688,
    #2689),.UNSPECIFIED.,.F.,.F.,(6,6),(1.570796322998,1.599848694402),
  .PIECEWISE_BEZIER_KNOTS.);
#2684 = CARTESIAN_POINT('',(3.141592657387,71.275676856867));
#2685 = CARTESIAN_POINT('',(3.135782183106,70.357456804386));
#2686 = CARTESIAN_POINT('',(3.129971708825,69.43923675188));
#2687 = CARTESIAN_POINT('',(3.124161234544,68.521081283908));
#2688 = CARTESIAN_POINT('',(3.118350760263,67.603054985029));
#2689 = CARTESIAN_POINT('',(3.112540285982,66.685222412549));
#2690 = ( GEOMETRIC_REPRESENTATION_CONTEXT(2) 
PARAMETRIC_REPRESENTATION_CONTEXT() REPRESENTATION_CONTEXT('2D SPACE',''
  ) );
#2691 = ORIENTED_EDGE('',*,*,#2692,.F.);
#2692 = EDGE_CURVE('',#2693,#2666,#2695,.T.);
#2693 = VERTEX_POINT('',#2694);
#2694 = CARTESIAN_POINT('',(48.936025065852,368.5,375.74918399425));
#2695 = SURFACE_CURVE('',#2696,(#2701,#2708),.PCURVE_S1.);
#2696 = ELLIPSE('',#2697,158.09247474748,4.5);
#2697 = AXIS2_PLACEMENT_3D('',#2698,#2699,#2700);
#2698 = CARTESIAN_POINT('',(53.628940450157,364.5,375.74918399425));
#2699 = DIRECTION('',(0.,0.,1.));
#2700 = DIRECTION('',(-4.731524422176E-02,0.99888000664,0.));
#2701 = PCURVE('',#487,#2702);
#2702 = DEFINITIONAL_REPRESENTATION('',(#2703),#2707);
#2703 = ELLIPSE('',#2704,158.09247474748,4.5);
#2704 = AXIS2_PLACEMENT_2D('',#2705,#2706);
#2705 = CARTESIAN_POINT('',(107.25788090031,-4.));
#2706 = DIRECTION('',(-4.731524422176E-02,0.99888000664));
#2707 = ( GEOMETRIC_REPRESENTATION_CONTEXT(2) 
PARAMETRIC_REPRESENTATION_CONTEXT() REPRESENTATION_CONTEXT('2D SPACE',''
  ) );
#2708 = PCURVE('',#1205,#2709);
#2709 = DEFINITIONAL_REPRESENTATION('',(#2710),#2717);
#2710 = B_SPLINE_CURVE_WITH_KNOTS('',5,(#2711,#2712,#2713,#2714,#2715,
    #2716),.UNSPECIFIED.,.F.,.F.,(6,6),(1.539047345007,1.570796330592),
  .PIECEWISE_BEZIER_KNOTS.);
#2711 = CARTESIAN_POINT('',(3.173341635378,76.292074737173));
#2712 = CARTESIAN_POINT('',(3.166991838261,75.289132045085));
#2713 = CARTESIAN_POINT('',(3.160642041144,74.285936526994));
#2714 = CARTESIAN_POINT('',(3.154292244027,73.282572429924));
#2715 = CARTESIAN_POINT('',(3.14794244691,72.279124043381));
#2716 = CARTESIAN_POINT('',(3.141592649793,71.275675656867));
#2717 = ( GEOMETRIC_REPRESENTATION_CONTEXT(2) 
PARAMETRIC_REPRESENTATION_CONTEXT() REPRESENTATION_CONTEXT('2D SPACE',''
  ) );
#2718 = ORIENTED_EDGE('',*,*,#2719,.F.);
#2719 = EDGE_CURVE('',#468,#2693,#2720,.T.);
#2720 = SURFACE_CURVE('',#2721,(#2725,#2732),.PCURVE_S1.);
#2721 = LINE('',#2722,#2723);
#2722 = CARTESIAN_POINT('',(-53.62894045015,368.5,375.74918399425));
#2723 = VECTOR('',#2724,1.);
#2724 = DIRECTION('',(1.,0.,0.));
#2725 = PCURVE('',#487,#2726);
#2726 = DEFINITIONAL_REPRESENTATION('',(#2727),#2731);
#2727 = LINE('',#2728,#2729);
#2728 = CARTESIAN_POINT('',(0.,0.));
#2729 = VECTOR('',#2730,1.);
#2730 = DIRECTION('',(1.,0.));
#2731 = ( GEOMETRIC_REPRESENTATION_CONTEXT(2) 
PARAMETRIC_REPRESENTATION_CONTEXT() REPRESENTATION_CONTEXT('2D SPACE',''
  ) );
#2732 = PCURVE('',#536,#2733);
#2733 = DEFINITIONAL_REPRESENTATION('',(#2734),#2738);
#2734 = LINE('',#2735,#2736);
#2735 = CARTESIAN_POINT('',(0.,0.));
#2736 = VECTOR('',#2737,1.);
#2737 = DIRECTION('',(0.623620246609,0.781727438446));
#2738 = ( GEOMETRIC_REPRESENTATION_CONTEXT(2) 
PARAMETRIC_REPRESENTATION_CONTEXT() REPRESENTATION_CONTEXT('2D SPACE',''
  ) );
#2739 = ORIENTED_EDGE('',*,*,#467,.F.);
#2740 = ADVANCED_FACE('',(#2741,#3349),#536,.F.);
#2741 = FACE_BOUND('',#2742,.F.);
#2742 = EDGE_LOOP('',(#2743,#2744,#2745,#2746,#2769,#2795,#2821,#2847,
    #2873,#2894,#2915,#2936,#2957,#2958,#2959,#2982,#3033,#3084,#3112,
    #3138,#3164,#3190,#3216,#3237,#3258,#3279,#3307));
#2743 = ORIENTED_EDGE('',*,*,#2719,.F.);
#2744 = ORIENTED_EDGE('',*,*,#499,.F.);
#2745 = ORIENTED_EDGE('',*,*,#712,.F.);
#2746 = ORIENTED_EDGE('',*,*,#2747,.F.);
#2747 = EDGE_CURVE('',#2748,#713,#2750,.T.);
#2748 = VERTEX_POINT('',#2749);
#2749 = CARTESIAN_POINT('',(-47.34806729268,368.5,313.24992877478));
#2750 = SURFACE_CURVE('',#2751,(#2755,#2762),.PCURVE_S1.);
#2751 = LINE('',#2752,#2753);
#2752 = CARTESIAN_POINT('',(-41.62894045015,368.5,256.34045787774));
#2753 = VECTOR('',#2754,1.);
#2754 = DIRECTION('',(-9.999151541061E-02,0.,0.994988289803));
#2755 = PCURVE('',#536,#2756);
#2756 = DEFINITIONAL_REPRESENTATION('',(#2757),#2761);
#2757 = LINE('',#2758,#2759);
#2758 = CARTESIAN_POINT('',(100.82852055448,-65.08496996666));
#2759 = VECTOR('',#2760,1.);
#2760 = DIRECTION('',(-0.840166380571,0.542328731452));
#2761 = ( GEOMETRIC_REPRESENTATION_CONTEXT(2) 
PARAMETRIC_REPRESENTATION_CONTEXT() REPRESENTATION_CONTEXT('2D SPACE',''
  ) );
#2762 = PCURVE('',#776,#2763);
#2763 = DEFINITIONAL_REPRESENTATION('',(#2764),#2768);
#2764 = LINE('',#2765,#2766);
#2765 = CARTESIAN_POINT('',(0.,0.));
#2766 = VECTOR('',#2767,1.);
#2767 = DIRECTION('',(1.,0.));
#2768 = ( GEOMETRIC_REPRESENTATION_CONTEXT(2) 
PARAMETRIC_REPRESENTATION_CONTEXT() REPRESENTATION_CONTEXT('2D SPACE',''
  ) );
#2769 = ORIENTED_EDGE('',*,*,#2770,.F.);
#2770 = EDGE_CURVE('',#2771,#2748,#2773,.T.);
#2771 = VERTEX_POINT('',#2772);
#2772 = CARTESIAN_POINT('',(-41.58438425085,368.5,313.24992877478));
#2773 = SURFACE_CURVE('',#2774,(#2778,#2784),.PCURVE_S1.);
#2774 = LINE('',#2775,#2776);
#2775 = CARTESIAN_POINT('',(-41.58438425085,368.5,313.24992877478));
#2776 = VECTOR('',#2777,1.);
#2777 = DIRECTION('',(-1.,0.,0.));
#2778 = PCURVE('',#536,#2779);
#2779 = DEFINITIONAL_REPRESENTATION('',(#2780),#2783);
#2780 = B_SPLINE_CURVE_WITH_KNOTS('',1,(#2781,#2782),.UNSPECIFIED.,.F.,
  .F.,(2,2),(-5.999999999062E-07,28.415616349143),
  .PIECEWISE_BEZIER_KNOTS.);
#2781 = CARTESIAN_POINT('',(56.368612168982,-29.56024041889));
#2782 = CARTESIAN_POINT('',(38.648058119618,-51.77350786841));
#2783 = ( GEOMETRIC_REPRESENTATION_CONTEXT(2) 
PARAMETRIC_REPRESENTATION_CONTEXT() REPRESENTATION_CONTEXT('2D SPACE',''
  ) );
#2784 = PCURVE('',#2785,#2790);
#2785 = CYLINDRICAL_SURFACE('',#2786,18.);
#2786 = AXIS2_PLACEMENT_3D('',#2787,#2788,#2789);
#2787 = CARTESIAN_POINT('',(-41.58438425085,364.5,295.7));
#2788 = DIRECTION('',(-1.,0.,0.));
#2789 = DIRECTION('',(0.,0.,-1.));
#2790 = DEFINITIONAL_REPRESENTATION('',(#2791),#2794);
#2791 = B_SPLINE_CURVE_WITH_KNOTS('',1,(#2792,#2793),.UNSPECIFIED.,.F.,
  .F.,(2,2),(-5.999999999062E-07,28.415616349143),
  .PIECEWISE_BEZIER_KNOTS.);
#2792 = CARTESIAN_POINT('',(3.365685745891,-5.999999999062E-07));
#2793 = CARTESIAN_POINT('',(3.365685745891,28.415616349143));
#2794 = ( GEOMETRIC_REPRESENTATION_CONTEXT(2) 
PARAMETRIC_REPRESENTATION_CONTEXT() REPRESENTATION_CONTEXT('2D SPACE',''
  ) );
#2795 = ORIENTED_EDGE('',*,*,#2796,.T.);
#2796 = EDGE_CURVE('',#2771,#2797,#2799,.T.);
#2797 = VERTEX_POINT('',#2798);
#2798 = CARTESIAN_POINT('',(-41.58438425085,368.5,302.62820323027));
#2799 = SURFACE_CURVE('',#2800,(#2804,#2810),.PCURVE_S1.);
#2800 = LINE('',#2801,#2802);
#2801 = CARTESIAN_POINT('',(-41.58438425085,368.5,335.72459199712));
#2802 = VECTOR('',#2803,1.);
#2803 = DIRECTION('',(-0.,-0.,-1.));
#2804 = PCURVE('',#536,#2805);
#2805 = DEFINITIONAL_REPRESENTATION('',(#2806),#2809);
#2806 = B_SPLINE_CURVE_WITH_KNOTS('',1,(#2807,#2808),.UNSPECIFIED.,.F.,
  .F.,(2,2),(22.024591997126,58.024591997126),.PIECEWISE_BEZIER_KNOTS.);
#2807 = CARTESIAN_POINT('',(56.016778768804,-29.27956735946));
#2808 = CARTESIAN_POINT('',(84.158966552867,-51.72989623738));
#2809 = ( GEOMETRIC_REPRESENTATION_CONTEXT(2) 
PARAMETRIC_REPRESENTATION_CONTEXT() REPRESENTATION_CONTEXT('2D SPACE',''
  ) );
#2810 = PCURVE('',#2811,#2816);
#2811 = PLANE('',#2812);
#2812 = AXIS2_PLACEMENT_3D('',#2813,#2814,#2815);
#2813 = CARTESIAN_POINT('',(-41.58438425085,364.5,295.7));
#2814 = DIRECTION('',(-1.,0.,0.));
#2815 = DIRECTION('',(0.,0.,-1.));
#2816 = DEFINITIONAL_REPRESENTATION('',(#2817),#2820);
#2817 = B_SPLINE_CURVE_WITH_KNOTS('',1,(#2818,#2819),.UNSPECIFIED.,.F.,
  .F.,(2,2),(22.024591997126,58.024591997126),.PIECEWISE_BEZIER_KNOTS.);
#2818 = CARTESIAN_POINT('',(-18.,-4.));
#2819 = CARTESIAN_POINT('',(18.,-4.));
#2820 = ( GEOMETRIC_REPRESENTATION_CONTEXT(2) 
PARAMETRIC_REPRESENTATION_CONTEXT() REPRESENTATION_CONTEXT('2D SPACE',''
  ) );
#2821 = ORIENTED_EDGE('',*,*,#2822,.F.);
#2822 = EDGE_CURVE('',#2823,#2797,#2825,.T.);
#2823 = VERTEX_POINT('',#2824);
#2824 = CARTESIAN_POINT('',(-40.58438425085,368.5,302.62820323027));
#2825 = SURFACE_CURVE('',#2826,(#2830,#2836),.PCURVE_S1.);
#2826 = LINE('',#2827,#2828);
#2827 = CARTESIAN_POINT('',(-40.58438425085,368.5,302.62820323027));
#2828 = VECTOR('',#2829,1.);
#2829 = DIRECTION('',(-1.,0.,0.));
#2830 = PCURVE('',#536,#2831);
#2831 = DEFINITIONAL_REPRESENTATION('',(#2832),#2835);
#2832 = B_SPLINE_CURVE_WITH_KNOTS('',1,(#2833,#2834),.UNSPECIFIED.,.F.,
  .F.,(2,2),(-5.999999999062E-07,30.415616349143),
  .PIECEWISE_BEZIER_KNOTS.);
#2833 = CARTESIAN_POINT('',(65.295526717378,-35.40243608392));
#2834 = CARTESIAN_POINT('',(46.327732174796,-59.17915841033));
#2835 = ( GEOMETRIC_REPRESENTATION_CONTEXT(2) 
PARAMETRIC_REPRESENTATION_CONTEXT() REPRESENTATION_CONTEXT('2D SPACE',''
  ) );
#2836 = PCURVE('',#2837,#2842);
#2837 = CYLINDRICAL_SURFACE('',#2838,8.);
#2838 = AXIS2_PLACEMENT_3D('',#2839,#2840,#2841);
#2839 = CARTESIAN_POINT('',(-40.58438425085,364.5,295.7));
#2840 = DIRECTION('',(-1.,0.,0.));
#2841 = DIRECTION('',(0.,0.,-1.));
#2842 = DEFINITIONAL_REPRESENTATION('',(#2843),#2846);
#2843 = B_SPLINE_CURVE_WITH_KNOTS('',1,(#2844,#2845),.UNSPECIFIED.,.F.,
  .F.,(2,2),(-5.999999999062E-07,30.415616349143),
  .PIECEWISE_BEZIER_KNOTS.);
#2844 = CARTESIAN_POINT('',(3.665191429188,-5.999999999062E-07));
#2845 = CARTESIAN_POINT('',(3.665191429188,30.415616349143));
#2846 = ( GEOMETRIC_REPRESENTATION_CONTEXT(2) 
PARAMETRIC_REPRESENTATION_CONTEXT() REPRESENTATION_CONTEXT('2D SPACE',''
  ) );
#2847 = ORIENTED_EDGE('',*,*,#2848,.T.);
#2848 = EDGE_CURVE('',#2823,#2849,#2851,.T.);
#2849 = VERTEX_POINT('',#2850);
#2850 = CARTESIAN_POINT('',(-40.58438425085,368.5,288.77179676972));
#2851 = SURFACE_CURVE('',#2852,(#2856,#2862),.PCURVE_S1.);
#2852 = LINE('',#2853,#2854);
#2853 = CARTESIAN_POINT('',(-40.58438425085,368.5,335.72459199712));
#2854 = VECTOR('',#2855,1.);
#2855 = DIRECTION('',(-0.,-0.,-1.));
#2856 = PCURVE('',#536,#2857);
#2857 = DEFINITIONAL_REPRESENTATION('',(#2858),#2861);
#2858 = B_SPLINE_CURVE_WITH_KNOTS('',1,(#2859,#2860),.UNSPECIFIED.,.F.,
  .F.,(2,2),(32.024591997126,48.024591997126),.PIECEWISE_BEZIER_KNOTS.);
#2859 = CARTESIAN_POINT('',(64.457673399874,-34.7340423871));
#2860 = CARTESIAN_POINT('',(76.965312415013,-44.71196633284));
#2861 = ( GEOMETRIC_REPRESENTATION_CONTEXT(2) 
PARAMETRIC_REPRESENTATION_CONTEXT() REPRESENTATION_CONTEXT('2D SPACE',''
  ) );
#2862 = PCURVE('',#2863,#2868);
#2863 = PLANE('',#2864);
#2864 = AXIS2_PLACEMENT_3D('',#2865,#2866,#2867);
#2865 = CARTESIAN_POINT('',(-40.58438425085,364.5,295.7));
#2866 = DIRECTION('',(-1.,0.,0.));
#2867 = DIRECTION('',(0.,0.,-1.));
#2868 = DEFINITIONAL_REPRESENTATION('',(#2869),#2872);
#2869 = B_SPLINE_CURVE_WITH_KNOTS('',1,(#2870,#2871),.UNSPECIFIED.,.F.,
  .F.,(2,2),(32.024591997126,48.024591997126),.PIECEWISE_BEZIER_KNOTS.);
#2870 = CARTESIAN_POINT('',(-8.,-4.));
#2871 = CARTESIAN_POINT('',(8.,-4.));
#2872 = ( GEOMETRIC_REPRESENTATION_CONTEXT(2) 
PARAMETRIC_REPRESENTATION_CONTEXT() REPRESENTATION_CONTEXT('2D SPACE',''
  ) );
#2873 = ORIENTED_EDGE('',*,*,#2874,.T.);
#2874 = EDGE_CURVE('',#2849,#2875,#2877,.T.);
#2875 = VERTEX_POINT('',#2876);
#2876 = CARTESIAN_POINT('',(-41.58438425085,368.5,288.77179676972));
#2877 = SURFACE_CURVE('',#2878,(#2882,#2888),.PCURVE_S1.);
#2878 = LINE('',#2879,#2880);
#2879 = CARTESIAN_POINT('',(-40.58438425085,368.5,288.77179676972));
#2880 = VECTOR('',#2881,1.);
#2881 = DIRECTION('',(-1.,0.,0.));
#2882 = PCURVE('',#536,#2883);
#2883 = DEFINITIONAL_REPRESENTATION('',(#2884),#2887);
#2884 = B_SPLINE_CURVE_WITH_KNOTS('',1,(#2885,#2886),.UNSPECIFIED.,.F.,
  .F.,(2,2),(-5.999999999062E-07,30.415616349143),
  .PIECEWISE_BEZIER_KNOTS.);
#2885 = CARTESIAN_POINT('',(76.127459845854,-44.04357169796));
#2886 = CARTESIAN_POINT('',(57.159665303272,-67.82029402437));
#2887 = ( GEOMETRIC_REPRESENTATION_CONTEXT(2) 
PARAMETRIC_REPRESENTATION_CONTEXT() REPRESENTATION_CONTEXT('2D SPACE',''
  ) );
#2888 = PCURVE('',#2837,#2889);
#2889 = DEFINITIONAL_REPRESENTATION('',(#2890),#2893);
#2890 = B_SPLINE_CURVE_WITH_KNOTS('',1,(#2891,#2892),.UNSPECIFIED.,.F.,
  .F.,(2,2),(-5.999999999062E-07,30.415616349143),
  .PIECEWISE_BEZIER_KNOTS.);
#2891 = CARTESIAN_POINT('',(5.759586531581,-5.999999999062E-07));
#2892 = CARTESIAN_POINT('',(5.759586531581,30.415616349143));
#2893 = ( GEOMETRIC_REPRESENTATION_CONTEXT(2) 
PARAMETRIC_REPRESENTATION_CONTEXT() REPRESENTATION_CONTEXT('2D SPACE',''
  ) );
#2894 = ORIENTED_EDGE('',*,*,#2895,.T.);
#2895 = EDGE_CURVE('',#2875,#2896,#2898,.T.);
#2896 = VERTEX_POINT('',#2897);
#2897 = CARTESIAN_POINT('',(-41.58438425085,368.5,278.15007122521));
#2898 = SURFACE_CURVE('',#2899,(#2903,#2909),.PCURVE_S1.);
#2899 = LINE('',#2900,#2901);
#2900 = CARTESIAN_POINT('',(-41.58438425085,368.5,335.72459199712));
#2901 = VECTOR('',#2902,1.);
#2902 = DIRECTION('',(-0.,-0.,-1.));
#2903 = PCURVE('',#536,#2904);
#2904 = DEFINITIONAL_REPRESENTATION('',(#2905),#2908);
#2905 = B_SPLINE_CURVE_WITH_KNOTS('',1,(#2906,#2907),.UNSPECIFIED.,.F.,
  .F.,(2,2),(22.024591997126,58.024591997126),.PIECEWISE_BEZIER_KNOTS.);
#2906 = CARTESIAN_POINT('',(56.016778768804,-29.27956735946));
#2907 = CARTESIAN_POINT('',(84.158966552867,-51.72989623738));
#2908 = ( GEOMETRIC_REPRESENTATION_CONTEXT(2) 
PARAMETRIC_REPRESENTATION_CONTEXT() REPRESENTATION_CONTEXT('2D SPACE',''
  ) );
#2909 = PCURVE('',#2811,#2910);
#2910 = DEFINITIONAL_REPRESENTATION('',(#2911),#2914);
#2911 = B_SPLINE_CURVE_WITH_KNOTS('',1,(#2912,#2913),.UNSPECIFIED.,.F.,
  .F.,(2,2),(22.024591997126,58.024591997126),.PIECEWISE_BEZIER_KNOTS.);
#2912 = CARTESIAN_POINT('',(-18.,-4.));
#2913 = CARTESIAN_POINT('',(18.,-4.));
#2914 = ( GEOMETRIC_REPRESENTATION_CONTEXT(2) 
PARAMETRIC_REPRESENTATION_CONTEXT() REPRESENTATION_CONTEXT('2D SPACE',''
  ) );
#2915 = ORIENTED_EDGE('',*,*,#2916,.T.);
#2916 = EDGE_CURVE('',#2896,#2917,#2919,.T.);
#2917 = VERTEX_POINT('',#2918);
#2918 = CARTESIAN_POINT('',(-43.82070120903,368.5,278.15007122521));
#2919 = SURFACE_CURVE('',#2920,(#2924,#2930),.PCURVE_S1.);
#2920 = LINE('',#2921,#2922);
#2921 = CARTESIAN_POINT('',(-41.58438425085,368.5,278.15007122521));
#2922 = VECTOR('',#2923,1.);
#2923 = DIRECTION('',(-1.,0.,0.));
#2924 = PCURVE('',#536,#2925);
#2925 = DEFINITIONAL_REPRESENTATION('',(#2926),#2929);
#2926 = B_SPLINE_CURVE_WITH_KNOTS('',1,(#2927,#2928),.UNSPECIFIED.,.F.,
  .F.,(2,2),(-5.999999999062E-07,28.415616349143),
  .PIECEWISE_BEZIER_KNOTS.);
#2927 = CARTESIAN_POINT('',(83.807133901032,-51.44922223988));
#2928 = CARTESIAN_POINT('',(66.086579851668,-73.6624896894));
#2929 = ( GEOMETRIC_REPRESENTATION_CONTEXT(2) 
PARAMETRIC_REPRESENTATION_CONTEXT() REPRESENTATION_CONTEXT('2D SPACE',''
  ) );
#2930 = PCURVE('',#2785,#2931);
#2931 = DEFINITIONAL_REPRESENTATION('',(#2932),#2935);
#2932 = B_SPLINE_CURVE_WITH_KNOTS('',1,(#2933,#2934),.UNSPECIFIED.,.F.,
  .F.,(2,2),(-5.999999999062E-07,28.415616349143),
  .PIECEWISE_BEZIER_KNOTS.);
#2933 = CARTESIAN_POINT('',(6.059092214878,-5.999999999062E-07));
#2934 = CARTESIAN_POINT('',(6.059092214878,28.415616349143));
#2935 = ( GEOMETRIC_REPRESENTATION_CONTEXT(2) 
PARAMETRIC_REPRESENTATION_CONTEXT() REPRESENTATION_CONTEXT('2D SPACE',''
  ) );
#2936 = ORIENTED_EDGE('',*,*,#2937,.F.);
#2937 = EDGE_CURVE('',#2154,#2917,#2938,.T.);
#2938 = SURFACE_CURVE('',#2939,(#2943,#2950),.PCURVE_S1.);
#2939 = LINE('',#2940,#2941);
#2940 = CARTESIAN_POINT('',(-41.62894045015,368.5,256.34045787774));
#2941 = VECTOR('',#2942,1.);
#2942 = DIRECTION('',(-9.999151541061E-02,0.,0.994988289803));
#2943 = PCURVE('',#536,#2944);
#2944 = DEFINITIONAL_REPRESENTATION('',(#2945),#2949);
#2945 = LINE('',#2946,#2947);
#2946 = CARTESIAN_POINT('',(100.82852055448,-65.08496996666));
#2947 = VECTOR('',#2948,1.);
#2948 = DIRECTION('',(-0.840166380571,0.542328731452));
#2949 = ( GEOMETRIC_REPRESENTATION_CONTEXT(2) 
PARAMETRIC_REPRESENTATION_CONTEXT() REPRESENTATION_CONTEXT('2D SPACE',''
  ) );
#2950 = PCURVE('',#2141,#2951);
#2951 = DEFINITIONAL_REPRESENTATION('',(#2952),#2956);
#2952 = LINE('',#2953,#2954);
#2953 = CARTESIAN_POINT('',(0.,0.));
#2954 = VECTOR('',#2955,1.);
#2955 = DIRECTION('',(1.,0.));
#2956 = ( GEOMETRIC_REPRESENTATION_CONTEXT(2) 
PARAMETRIC_REPRESENTATION_CONTEXT() REPRESENTATION_CONTEXT('2D SPACE',''
  ) );
#2957 = ORIENTED_EDGE('',*,*,#2180,.F.);
#2958 = ORIENTED_EDGE('',*,*,#2422,.F.);
#2959 = ORIENTED_EDGE('',*,*,#2960,.F.);
#2960 = EDGE_CURVE('',#2961,#2423,#2963,.T.);
#2961 = VERTEX_POINT('',#2962);
#2962 = CARTESIAN_POINT('',(36.990832318387,368.5,256.34045787774));
#2963 = SURFACE_CURVE('',#2964,(#2968,#2975),.PCURVE_S1.);
#2964 = LINE('',#2965,#2966);
#2965 = CARTESIAN_POINT('',(41.628940450157,368.5,256.34045787774));
#2966 = VECTOR('',#2967,1.);
#2967 = DIRECTION('',(-1.,0.,0.));
#2968 = PCURVE('',#536,#2969);
#2969 = DEFINITIONAL_REPRESENTATION('',(#2970),#2974);
#2970 = LINE('',#2971,#2972);
#2971 = CARTESIAN_POINT('',(152.74982077366,0.));
#2972 = VECTOR('',#2973,1.);
#2973 = DIRECTION('',(-0.623620246609,-0.781727438446));
#2974 = ( GEOMETRIC_REPRESENTATION_CONTEXT(2) 
PARAMETRIC_REPRESENTATION_CONTEXT() REPRESENTATION_CONTEXT('2D SPACE',''
  ) );
#2975 = PCURVE('',#2486,#2976);
#2976 = DEFINITIONAL_REPRESENTATION('',(#2977),#2981);
#2977 = LINE('',#2978,#2979);
#2978 = CARTESIAN_POINT('',(0.,0.));
#2979 = VECTOR('',#2980,1.);
#2980 = DIRECTION('',(1.,0.));
#2981 = ( GEOMETRIC_REPRESENTATION_CONTEXT(2) 
PARAMETRIC_REPRESENTATION_CONTEXT() REPRESENTATION_CONTEXT('2D SPACE',''
  ) );
#2982 = ORIENTED_EDGE('',*,*,#2983,.F.);
#2983 = EDGE_CURVE('',#2984,#2961,#2986,.T.);
#2984 = VERTEX_POINT('',#2985);
#2985 = CARTESIAN_POINT('',(41.403527677462,368.5,261.59003690952));
#2986 = SURFACE_CURVE('',#2987,(#2992,#2999),.PCURVE_S1.);
#2987 = ELLIPSE('',#2988,4.570333244668,4.5);
#2988 = AXIS2_PLACEMENT_3D('',#2989,#2990,#2991);
#2989 = CARTESIAN_POINT('',(41.43946726456,368.5,257.02467712979));
#2990 = DIRECTION('',(0.,-1.,0.));
#2991 = DIRECTION('',(-0.266875269637,0.,0.963731077872));
#2992 = PCURVE('',#536,#2993);
#2993 = DEFINITIONAL_REPRESENTATION('',(#2994),#2998);
#2994 = ELLIPSE('',#2995,4.570333244668,4.5);
#2995 = AXIS2_PLACEMENT_2D('',#2996,#2997);
#2996 = CARTESIAN_POINT('',(152.09678849569,0.27857659067));
#2997 = DIRECTION('',(-0.919803848321,0.392378491529));
#2998 = ( GEOMETRIC_REPRESENTATION_CONTEXT(2) 
PARAMETRIC_REPRESENTATION_CONTEXT() REPRESENTATION_CONTEXT('2D SPACE',''
  ) );
#2999 = PCURVE('',#1070,#3000);
#3000 = DEFINITIONAL_REPRESENTATION('',(#3001),#3032);
#3001 = B_SPLINE_CURVE_WITH_KNOTS('',8,(#3002,#3003,#3004,#3005,#3006,
    #3007,#3008,#3009,#3010,#3011,#3012,#3013,#3014,#3015,#3016,#3017,
    #3018,#3019,#3020,#3021,#3022,#3023,#3024,#3025,#3026,#3027,#3028,
    #3029,#3030,#3031),.UNSPECIFIED.,.F.,.F.,(9,7,7,7,9),(6.01699839737,
    7.587794724165,9.943989214357,11.122086459453,12.300183704549),
  .UNSPECIFIED.);
#3002 = CARTESIAN_POINT('',(6.28318530718,77.112416103488));
#3003 = CARTESIAN_POINT('',(6.08683576633,77.153670256474));
#3004 = CARTESIAN_POINT('',(5.890486225481,77.160971122026));
#3005 = CARTESIAN_POINT('',(5.694136684631,77.131900172476));
#3006 = CARTESIAN_POINT('',(5.497787143782,77.066811204897));
#3007 = CARTESIAN_POINT('',(5.301437602933,76.969190282122));
#3008 = CARTESIAN_POINT('',(5.105088062084,76.845286572374));
#3009 = CARTESIAN_POINT('',(4.908738521234,76.703240618175));
#3010 = CARTESIAN_POINT('',(4.417864669111,76.32498048571));
#3011 = CARTESIAN_POINT('',(4.123340357837,76.077193969245));
#3012 = CARTESIAN_POINT('',(3.828816046574,75.838588296732));
#3013 = CARTESIAN_POINT('',(3.534291735302,75.642965143413));
#3014 = CARTESIAN_POINT('',(3.239767424021,75.519864067537));
#3015 = CARTESIAN_POINT('',(2.945243112742,75.483674278997));
#3016 = CARTESIAN_POINT('',(2.650718801466,75.531652164899));
#3017 = CARTESIAN_POINT('',(2.208932334555,75.706740483658));
#3018 = CARTESIAN_POINT('',(2.061670178919,75.782289953475));
#3019 = CARTESIAN_POINT('',(1.914408023281,75.873097208218));
#3020 = CARTESIAN_POINT('',(1.767145867644,75.976439367952));
#3021 = CARTESIAN_POINT('',(1.619883712008,76.088929820193));
#3022 = CARTESIAN_POINT('',(1.47262155637,76.206750091316));
#3023 = CARTESIAN_POINT('',(1.325359400733,76.325928251462));
#3024 = CARTESIAN_POINT('',(1.030835089459,76.559289249368));
#3025 = CARTESIAN_POINT('',(0.883572933822,76.673472001725));
#3026 = CARTESIAN_POINT('',(0.736310778185,76.781301580327));
#3027 = CARTESIAN_POINT('',(0.589048622548,76.879036793361));
#3028 = CARTESIAN_POINT('',(0.441786466911,76.963322004248));
#3029 = CARTESIAN_POINT('',(0.294524311274,77.031436507276));
#3030 = CARTESIAN_POINT('',(0.147262155637,77.081475488749));
#3031 = CARTESIAN_POINT('',(7.993605777301E-15,77.112416103488));
#3032 = ( GEOMETRIC_REPRESENTATION_CONTEXT(2) 
PARAMETRIC_REPRESENTATION_CONTEXT() REPRESENTATION_CONTEXT('2D SPACE',''
  ) );
#3033 = ORIENTED_EDGE('',*,*,#3034,.F.);
#3034 = EDGE_CURVE('',#3035,#2984,#3037,.T.);
#3035 = VERTEX_POINT('',#3036);
#3036 = CARTESIAN_POINT('',(42.150161033648,368.5,261.52698170277));
#3037 = SURFACE_CURVE('',#3038,(#3043,#3050),.PCURVE_S1.);
#3038 = ELLIPSE('',#3039,4.570333244668,4.5);
#3039 = AXIS2_PLACEMENT_3D('',#3040,#3041,#3042);
#3040 = CARTESIAN_POINT('',(41.43946726456,368.5,257.02467712979));
#3041 = DIRECTION('',(0.,-1.,0.));
#3042 = DIRECTION('',(-0.266875269637,0.,0.963731077872));
#3043 = PCURVE('',#536,#3044);
#3044 = DEFINITIONAL_REPRESENTATION('',(#3045),#3049);
#3045 = ELLIPSE('',#3046,4.570333244668,4.5);
#3046 = AXIS2_PLACEMENT_2D('',#3047,#3048);
#3047 = CARTESIAN_POINT('',(152.09678849569,0.27857659067));
#3048 = DIRECTION('',(-0.919803848321,0.392378491529));
#3049 = ( GEOMETRIC_REPRESENTATION_CONTEXT(2) 
PARAMETRIC_REPRESENTATION_CONTEXT() REPRESENTATION_CONTEXT('2D SPACE',''
  ) );
#3050 = PCURVE('',#1070,#3051);
#3051 = DEFINITIONAL_REPRESENTATION('',(#3052),#3083);
#3052 = B_SPLINE_CURVE_WITH_KNOTS('',8,(#3053,#3054,#3055,#3056,#3057,
    #3058,#3059,#3060,#3061,#3062,#3063,#3064,#3065,#3066,#3067,#3068,
    #3069,#3070,#3071,#3072,#3073,#3074,#3075,#3076,#3077,#3078,#3079,
    #3080,#3081,#3082),.UNSPECIFIED.,.F.,.F.,(9,7,7,7,9),(6.01699839737,
    7.587794724165,9.943989214357,11.122086459453,12.300183704549),
  .UNSPECIFIED.);
#3053 = CARTESIAN_POINT('',(6.28318530718,77.112416103488));
#3054 = CARTESIAN_POINT('',(6.08683576633,77.153670256474));
#3055 = CARTESIAN_POINT('',(5.890486225481,77.160971122026));
#3056 = CARTESIAN_POINT('',(5.694136684631,77.131900172476));
#3057 = CARTESIAN_POINT('',(5.497787143782,77.066811204897));
#3058 = CARTESIAN_POINT('',(5.301437602933,76.969190282122));
#3059 = CARTESIAN_POINT('',(5.105088062084,76.845286572374));
#3060 = CARTESIAN_POINT('',(4.908738521234,76.703240618175));
#3061 = CARTESIAN_POINT('',(4.417864669111,76.32498048571));
#3062 = CARTESIAN_POINT('',(4.123340357837,76.077193969245));
#3063 = CARTESIAN_POINT('',(3.828816046574,75.838588296732));
#3064 = CARTESIAN_POINT('',(3.534291735302,75.642965143413));
#3065 = CARTESIAN_POINT('',(3.239767424021,75.519864067537));
#3066 = CARTESIAN_POINT('',(2.945243112742,75.483674278997));
#3067 = CARTESIAN_POINT('',(2.650718801466,75.531652164899));
#3068 = CARTESIAN_POINT('',(2.208932334555,75.706740483658));
#3069 = CARTESIAN_POINT('',(2.061670178919,75.782289953475));
#3070 = CARTESIAN_POINT('',(1.914408023281,75.873097208218));
#3071 = CARTESIAN_POINT('',(1.767145867644,75.976439367952));
#3072 = CARTESIAN_POINT('',(1.619883712008,76.088929820193));
#3073 = CARTESIAN_POINT('',(1.47262155637,76.206750091316));
#3074 = CARTESIAN_POINT('',(1.325359400733,76.325928251462));
#3075 = CARTESIAN_POINT('',(1.030835089459,76.559289249368));
#3076 = CARTESIAN_POINT('',(0.883572933822,76.673472001725));
#3077 = CARTESIAN_POINT('',(0.736310778185,76.781301580327));
#3078 = CARTESIAN_POINT('',(0.589048622548,76.879036793361));
#3079 = CARTESIAN_POINT('',(0.441786466911,76.963322004248));
#3080 = CARTESIAN_POINT('',(0.294524311274,77.031436507276));
#3081 = CARTESIAN_POINT('',(0.147262155637,77.081475488749));
#3082 = CARTESIAN_POINT('',(7.993605777301E-15,77.112416103488));
#3083 = ( GEOMETRIC_REPRESENTATION_CONTEXT(2) 
PARAMETRIC_REPRESENTATION_CONTEXT() REPRESENTATION_CONTEXT('2D SPACE',''
  ) );
#3084 = ORIENTED_EDGE('',*,*,#3085,.F.);
#3085 = EDGE_CURVE('',#3086,#3035,#3088,.T.);
#3086 = VERTEX_POINT('',#3087);
#3087 = CARTESIAN_POINT('',(43.820701209034,368.5,278.15007122521));
#3088 = SURFACE_CURVE('',#3089,(#3093,#3100),.PCURVE_S1.);
#3089 = LINE('',#3090,#3091);
#3090 = CARTESIAN_POINT('',(53.628940450157,368.5,375.74918399425));
#3091 = VECTOR('',#3092,1.);
#3092 = DIRECTION('',(-9.999151541061E-02,0.,-0.994988289803));
#3093 = PCURVE('',#536,#3094);
#3094 = DEFINITIONAL_REPRESENTATION('',(#3095),#3099);
#3095 = LINE('',#3096,#3097);
#3096 = CARTESIAN_POINT('',(66.888186137785,83.846428489369));
#3097 = VECTOR('',#3098,1.);
#3098 = DIRECTION('',(0.715452913573,-0.698660953868));
#3099 = ( GEOMETRIC_REPRESENTATION_CONTEXT(2) 
PARAMETRIC_REPRESENTATION_CONTEXT() REPRESENTATION_CONTEXT('2D SPACE',''
  ) );
#3100 = PCURVE('',#3101,#3106);
#3101 = PLANE('',#3102);
#3102 = AXIS2_PLACEMENT_3D('',#3103,#3104,#3105);
#3103 = CARTESIAN_POINT('',(53.628940450157,368.5,375.74918399425));
#3104 = DIRECTION('',(0.994988289803,0.,-9.999151541061E-02));
#3105 = DIRECTION('',(-9.999151541061E-02,0.,-0.994988289803));
#3106 = DEFINITIONAL_REPRESENTATION('',(#3107),#3111);
#3107 = LINE('',#3108,#3109);
#3108 = CARTESIAN_POINT('',(0.,0.));
#3109 = VECTOR('',#3110,1.);
#3110 = DIRECTION('',(1.,0.));
#3111 = ( GEOMETRIC_REPRESENTATION_CONTEXT(2) 
PARAMETRIC_REPRESENTATION_CONTEXT() REPRESENTATION_CONTEXT('2D SPACE',''
  ) );
#3112 = ORIENTED_EDGE('',*,*,#3113,.F.);
#3113 = EDGE_CURVE('',#3114,#3086,#3116,.T.);
#3114 = VERTEX_POINT('',#3115);
#3115 = CARTESIAN_POINT('',(41.584384250857,368.5,278.15007122521));
#3116 = SURFACE_CURVE('',#3117,(#3121,#3127),.PCURVE_S1.);
#3117 = LINE('',#3118,#3119);
#3118 = CARTESIAN_POINT('',(41.584384250857,368.5,278.15007122521));
#3119 = VECTOR('',#3120,1.);
#3120 = DIRECTION('',(1.,0.,0.));
#3121 = PCURVE('',#536,#3122);
#3122 = DEFINITIONAL_REPRESENTATION('',(#3123),#3126);
#3123 = B_SPLINE_CURVE_WITH_KNOTS('',1,(#3124,#3125),.UNSPECIFIED.,.F.,
  .F.,(2,2),(-5.999999999062E-07,28.415616349143),
  .PIECEWISE_BEZIER_KNOTS.);
#3124 = CARTESIAN_POINT('',(135.67286107587,13.566085181611));
#3125 = CARTESIAN_POINT('',(153.39341512523,35.779352631133));
#3126 = ( GEOMETRIC_REPRESENTATION_CONTEXT(2) 
PARAMETRIC_REPRESENTATION_CONTEXT() REPRESENTATION_CONTEXT('2D SPACE',''
  ) );
#3127 = PCURVE('',#3128,#3133);
#3128 = CYLINDRICAL_SURFACE('',#3129,18.);
#3129 = AXIS2_PLACEMENT_3D('',#3130,#3131,#3132);
#3130 = CARTESIAN_POINT('',(41.584384250857,364.5,295.7));
#3131 = DIRECTION('',(1.,0.,0.));
#3132 = DIRECTION('',(-0.,0.,1.));
#3133 = DEFINITIONAL_REPRESENTATION('',(#3134),#3137);
#3134 = B_SPLINE_CURVE_WITH_KNOTS('',1,(#3135,#3136),.UNSPECIFIED.,.F.,
  .F.,(2,2),(-5.999999999062E-07,28.415616349143),
  .PIECEWISE_BEZIER_KNOTS.);
#3135 = CARTESIAN_POINT('',(3.365685745891,-5.999999999062E-07));
#3136 = CARTESIAN_POINT('',(3.365685745891,28.415616349143));
#3137 = ( GEOMETRIC_REPRESENTATION_CONTEXT(2) 
PARAMETRIC_REPRESENTATION_CONTEXT() REPRESENTATION_CONTEXT('2D SPACE',''
  ) );
#3138 = ORIENTED_EDGE('',*,*,#3139,.T.);
#3139 = EDGE_CURVE('',#3114,#3140,#3142,.T.);
#3140 = VERTEX_POINT('',#3141);
#3141 = CARTESIAN_POINT('',(41.584384250857,368.5,288.77179676972));
#3142 = SURFACE_CURVE('',#3143,(#3147,#3153),.PCURVE_S1.);
#3143 = LINE('',#3144,#3145);
#3144 = CARTESIAN_POINT('',(41.584384250857,368.5,335.72459199712));
#3145 = VECTOR('',#3146,1.);
#3146 = DIRECTION('',(-0.,0.,1.));
#3147 = PCURVE('',#536,#3148);
#3148 = DEFINITIONAL_REPRESENTATION('',(#3149),#3152);
#3149 = B_SPLINE_CURVE_WITH_KNOTS('',1,(#3150,#3151),.UNSPECIFIED.,.F.,
  .F.,(2,2),(-58.02459199712,-22.02459199712),.PIECEWISE_BEZIER_KNOTS.);
#3150 = CARTESIAN_POINT('',(136.02469447605,13.285412122187));
#3151 = CARTESIAN_POINT('',(107.88250669198,35.735741000102));
#3152 = ( GEOMETRIC_REPRESENTATION_CONTEXT(2) 
PARAMETRIC_REPRESENTATION_CONTEXT() REPRESENTATION_CONTEXT('2D SPACE',''
  ) );
#3153 = PCURVE('',#3154,#3159);
#3154 = PLANE('',#3155);
#3155 = AXIS2_PLACEMENT_3D('',#3156,#3157,#3158);
#3156 = CARTESIAN_POINT('',(41.584384250857,364.5,295.7));
#3157 = DIRECTION('',(1.,0.,0.));
#3158 = DIRECTION('',(-0.,0.,1.));
#3159 = DEFINITIONAL_REPRESENTATION('',(#3160),#3163);
#3160 = B_SPLINE_CURVE_WITH_KNOTS('',1,(#3161,#3162),.UNSPECIFIED.,.F.,
  .F.,(2,2),(-58.02459199712,-22.02459199712),.PIECEWISE_BEZIER_KNOTS.);
#3161 = CARTESIAN_POINT('',(-18.,-4.));
#3162 = CARTESIAN_POINT('',(18.,-4.));
#3163 = ( GEOMETRIC_REPRESENTATION_CONTEXT(2) 
PARAMETRIC_REPRESENTATION_CONTEXT() REPRESENTATION_CONTEXT('2D SPACE',''
  ) );
#3164 = ORIENTED_EDGE('',*,*,#3165,.F.);
#3165 = EDGE_CURVE('',#3166,#3140,#3168,.T.);
#3166 = VERTEX_POINT('',#3167);
#3167 = CARTESIAN_POINT('',(40.584384250857,368.5,288.77179676972));
#3168 = SURFACE_CURVE('',#3169,(#3173,#3179),.PCURVE_S1.);
#3169 = LINE('',#3170,#3171);
#3170 = CARTESIAN_POINT('',(40.584384250857,368.5,288.77179676972));
#3171 = VECTOR('',#3172,1.);
#3172 = DIRECTION('',(1.,0.,0.));
#3173 = PCURVE('',#536,#3174);
#3174 = DEFINITIONAL_REPRESENTATION('',(#3175),#3178);
#3175 = B_SPLINE_CURVE_WITH_KNOTS('',1,(#3176,#3177),.UNSPECIFIED.,.F.,
  .F.,(2,2),(-5.999999999062E-07,30.415616349143),
  .PIECEWISE_BEZIER_KNOTS.);
#3176 = CARTESIAN_POINT('',(126.74594652747,19.408280846642));
#3177 = CARTESIAN_POINT('',(145.71374107005,43.185003173056));
#3178 = ( GEOMETRIC_REPRESENTATION_CONTEXT(2) 
PARAMETRIC_REPRESENTATION_CONTEXT() REPRESENTATION_CONTEXT('2D SPACE',''
  ) );
#3179 = PCURVE('',#3180,#3185);
#3180 = CYLINDRICAL_SURFACE('',#3181,8.);
#3181 = AXIS2_PLACEMENT_3D('',#3182,#3183,#3184);
#3182 = CARTESIAN_POINT('',(40.584384250857,364.5,295.7));
#3183 = DIRECTION('',(1.,0.,0.));
#3184 = DIRECTION('',(-0.,0.,1.));
#3185 = DEFINITIONAL_REPRESENTATION('',(#3186),#3189);
#3186 = B_SPLINE_CURVE_WITH_KNOTS('',1,(#3187,#3188),.UNSPECIFIED.,.F.,
  .F.,(2,2),(-5.999999999062E-07,30.415616349143),
  .PIECEWISE_BEZIER_KNOTS.);
#3187 = CARTESIAN_POINT('',(3.665191429188,-5.999999999062E-07));
#3188 = CARTESIAN_POINT('',(3.665191429188,30.415616349143));
#3189 = ( GEOMETRIC_REPRESENTATION_CONTEXT(2) 
PARAMETRIC_REPRESENTATION_CONTEXT() REPRESENTATION_CONTEXT('2D SPACE',''
  ) );
#3190 = ORIENTED_EDGE('',*,*,#3191,.T.);
#3191 = EDGE_CURVE('',#3166,#3192,#3194,.T.);
#3192 = VERTEX_POINT('',#3193);
#3193 = CARTESIAN_POINT('',(40.584384250857,368.5,302.62820323027));
#3194 = SURFACE_CURVE('',#3195,(#3199,#3205),.PCURVE_S1.);
#3195 = LINE('',#3196,#3197);
#3196 = CARTESIAN_POINT('',(40.584384250857,368.5,335.72459199712));
#3197 = VECTOR('',#3198,1.);
#3198 = DIRECTION('',(-0.,0.,1.));
#3199 = PCURVE('',#536,#3200);
#3200 = DEFINITIONAL_REPRESENTATION('',(#3201),#3204);
#3201 = B_SPLINE_CURVE_WITH_KNOTS('',1,(#3202,#3203),.UNSPECIFIED.,.F.,
  .F.,(2,2),(-48.02459199712,-32.02459199712),.PIECEWISE_BEZIER_KNOTS.);
#3202 = CARTESIAN_POINT('',(127.58379984498,18.739887149828));
#3203 = CARTESIAN_POINT('',(115.07616082984,28.717811095568));
#3204 = ( GEOMETRIC_REPRESENTATION_CONTEXT(2) 
PARAMETRIC_REPRESENTATION_CONTEXT() REPRESENTATION_CONTEXT('2D SPACE',''
  ) );
#3205 = PCURVE('',#3206,#3211);
#3206 = PLANE('',#3207);
#3207 = AXIS2_PLACEMENT_3D('',#3208,#3209,#3210);
#3208 = CARTESIAN_POINT('',(40.584384250857,364.5,295.7));
#3209 = DIRECTION('',(1.,0.,0.));
#3210 = DIRECTION('',(-0.,0.,1.));
#3211 = DEFINITIONAL_REPRESENTATION('',(#3212),#3215);
#3212 = B_SPLINE_CURVE_WITH_KNOTS('',1,(#3213,#3214),.UNSPECIFIED.,.F.,
  .F.,(2,2),(-48.02459199712,-32.02459199712),.PIECEWISE_BEZIER_KNOTS.);
#3213 = CARTESIAN_POINT('',(-8.,-4.));
#3214 = CARTESIAN_POINT('',(8.,-4.));
#3215 = ( GEOMETRIC_REPRESENTATION_CONTEXT(2) 
PARAMETRIC_REPRESENTATION_CONTEXT() REPRESENTATION_CONTEXT('2D SPACE',''
  ) );
#3216 = ORIENTED_EDGE('',*,*,#3217,.T.);
#3217 = EDGE_CURVE('',#3192,#3218,#3220,.T.);
#3218 = VERTEX_POINT('',#3219);
#3219 = CARTESIAN_POINT('',(41.584384250857,368.5,302.62820323027));
#3220 = SURFACE_CURVE('',#3221,(#3225,#3231),.PCURVE_S1.);
#3221 = LINE('',#3222,#3223);
#3222 = CARTESIAN_POINT('',(40.584384250857,368.5,302.62820323027));
#3223 = VECTOR('',#3224,1.);
#3224 = DIRECTION('',(1.,0.,0.));
#3225 = PCURVE('',#536,#3226);
#3226 = DEFINITIONAL_REPRESENTATION('',(#3227),#3230);
#3227 = B_SPLINE_CURVE_WITH_KNOTS('',1,(#3228,#3229),.UNSPECIFIED.,.F.,
  .F.,(2,2),(-5.999999999062E-07,30.415616349143),
  .PIECEWISE_BEZIER_KNOTS.);
#3228 = CARTESIAN_POINT('',(115.914013399,28.049416460682));
#3229 = CARTESIAN_POINT('',(134.88180794158,51.826138787096));
#3230 = ( GEOMETRIC_REPRESENTATION_CONTEXT(2) 
PARAMETRIC_REPRESENTATION_CONTEXT() REPRESENTATION_CONTEXT('2D SPACE',''
  ) );
#3231 = PCURVE('',#3180,#3232);
#3232 = DEFINITIONAL_REPRESENTATION('',(#3233),#3236);
#3233 = B_SPLINE_CURVE_WITH_KNOTS('',1,(#3234,#3235),.UNSPECIFIED.,.F.,
  .F.,(2,2),(-5.999999999062E-07,30.415616349143),
  .PIECEWISE_BEZIER_KNOTS.);
#3234 = CARTESIAN_POINT('',(5.759586531581,-5.999999999062E-07));
#3235 = CARTESIAN_POINT('',(5.759586531581,30.415616349143));
#3236 = ( GEOMETRIC_REPRESENTATION_CONTEXT(2) 
PARAMETRIC_REPRESENTATION_CONTEXT() REPRESENTATION_CONTEXT('2D SPACE',''
  ) );
#3237 = ORIENTED_EDGE('',*,*,#3238,.T.);
#3238 = EDGE_CURVE('',#3218,#3239,#3241,.T.);
#3239 = VERTEX_POINT('',#3240);
#3240 = CARTESIAN_POINT('',(41.584384250857,368.5,313.24992877478));
#3241 = SURFACE_CURVE('',#3242,(#3246,#3252),.PCURVE_S1.);
#3242 = LINE('',#3243,#3244);
#3243 = CARTESIAN_POINT('',(41.584384250857,368.5,335.72459199712));
#3244 = VECTOR('',#3245,1.);
#3245 = DIRECTION('',(-0.,0.,1.));
#3246 = PCURVE('',#536,#3247);
#3247 = DEFINITIONAL_REPRESENTATION('',(#3248),#3251);
#3248 = B_SPLINE_CURVE_WITH_KNOTS('',1,(#3249,#3250),.UNSPECIFIED.,.F.,
  .F.,(2,2),(-58.02459199712,-22.02459199712),.PIECEWISE_BEZIER_KNOTS.);
#3249 = CARTESIAN_POINT('',(136.02469447605,13.285412122187));
#3250 = CARTESIAN_POINT('',(107.88250669198,35.735741000102));
#3251 = ( GEOMETRIC_REPRESENTATION_CONTEXT(2) 
PARAMETRIC_REPRESENTATION_CONTEXT() REPRESENTATION_CONTEXT('2D SPACE',''
  ) );
#3252 = PCURVE('',#3154,#3253);
#3253 = DEFINITIONAL_REPRESENTATION('',(#3254),#3257);
#3254 = B_SPLINE_CURVE_WITH_KNOTS('',1,(#3255,#3256),.UNSPECIFIED.,.F.,
  .F.,(2,2),(-58.02459199712,-22.02459199712),.PIECEWISE_BEZIER_KNOTS.);
#3255 = CARTESIAN_POINT('',(-18.,-4.));
#3256 = CARTESIAN_POINT('',(18.,-4.));
#3257 = ( GEOMETRIC_REPRESENTATION_CONTEXT(2) 
PARAMETRIC_REPRESENTATION_CONTEXT() REPRESENTATION_CONTEXT('2D SPACE',''
  ) );
#3258 = ORIENTED_EDGE('',*,*,#3259,.T.);
#3259 = EDGE_CURVE('',#3239,#3260,#3262,.T.);
#3260 = VERTEX_POINT('',#3261);
#3261 = CARTESIAN_POINT('',(47.348067292681,368.5,313.24992877478));
#3262 = SURFACE_CURVE('',#3263,(#3267,#3273),.PCURVE_S1.);
#3263 = LINE('',#3264,#3265);
#3264 = CARTESIAN_POINT('',(41.584384250857,368.5,313.24992877478));
#3265 = VECTOR('',#3266,1.);
#3266 = DIRECTION('',(1.,0.,0.));
#3267 = PCURVE('',#536,#3268);
#3268 = DEFINITIONAL_REPRESENTATION('',(#3269),#3272);
#3269 = B_SPLINE_CURVE_WITH_KNOTS('',1,(#3270,#3271),.UNSPECIFIED.,.F.,
  .F.,(2,2),(-5.999999999062E-07,28.415616349143),
  .PIECEWISE_BEZIER_KNOTS.);
#3270 = CARTESIAN_POINT('',(108.23433934382,35.455067002605));
#3271 = CARTESIAN_POINT('',(125.95489339318,57.668334452126));
#3272 = ( GEOMETRIC_REPRESENTATION_CONTEXT(2) 
PARAMETRIC_REPRESENTATION_CONTEXT() REPRESENTATION_CONTEXT('2D SPACE',''
  ) );
#3273 = PCURVE('',#3128,#3274);
#3274 = DEFINITIONAL_REPRESENTATION('',(#3275),#3278);
#3275 = B_SPLINE_CURVE_WITH_KNOTS('',1,(#3276,#3277),.UNSPECIFIED.,.F.,
  .F.,(2,2),(-5.999999999062E-07,28.415616349143),
  .PIECEWISE_BEZIER_KNOTS.);
#3276 = CARTESIAN_POINT('',(6.059092214878,-5.999999999062E-07));
#3277 = CARTESIAN_POINT('',(6.059092214878,28.415616349143));
#3278 = ( GEOMETRIC_REPRESENTATION_CONTEXT(2) 
PARAMETRIC_REPRESENTATION_CONTEXT() REPRESENTATION_CONTEXT('2D SPACE',''
  ) );
#3279 = ORIENTED_EDGE('',*,*,#3280,.F.);
#3280 = EDGE_CURVE('',#3281,#3260,#3283,.T.);
#3281 = VERTEX_POINT('',#3282);
#3282 = CARTESIAN_POINT('',(53.165867341611,368.5,371.14126982839));
#3283 = SURFACE_CURVE('',#3284,(#3288,#3295),.PCURVE_S1.);
#3284 = LINE('',#3285,#3286);
#3285 = CARTESIAN_POINT('',(53.628940450157,368.5,375.74918399425));
#3286 = VECTOR('',#3287,1.);
#3287 = DIRECTION('',(-9.999151541061E-02,0.,-0.994988289803));
#3288 = PCURVE('',#536,#3289);
#3289 = DEFINITIONAL_REPRESENTATION('',(#3290),#3294);
#3290 = LINE('',#3291,#3292);
#3291 = CARTESIAN_POINT('',(66.888186137785,83.846428489369));
#3292 = VECTOR('',#3293,1.);
#3293 = DIRECTION('',(0.715452913573,-0.698660953868));
#3294 = ( GEOMETRIC_REPRESENTATION_CONTEXT(2) 
PARAMETRIC_REPRESENTATION_CONTEXT() REPRESENTATION_CONTEXT('2D SPACE',''
  ) );
#3295 = PCURVE('',#3296,#3301);
#3296 = PLANE('',#3297);
#3297 = AXIS2_PLACEMENT_3D('',#3298,#3299,#3300);
#3298 = CARTESIAN_POINT('',(53.628940450157,368.5,375.74918399425));
#3299 = DIRECTION('',(0.994988289803,0.,-9.999151541061E-02));
#3300 = DIRECTION('',(-9.999151541061E-02,0.,-0.994988289803));
#3301 = DEFINITIONAL_REPRESENTATION('',(#3302),#3306);
#3302 = LINE('',#3303,#3304);
#3303 = CARTESIAN_POINT('',(0.,0.));
#3304 = VECTOR('',#3305,1.);
#3305 = DIRECTION('',(1.,0.));
#3306 = ( GEOMETRIC_REPRESENTATION_CONTEXT(2) 
PARAMETRIC_REPRESENTATION_CONTEXT() REPRESENTATION_CONTEXT('2D SPACE',''
  ) );
#3307 = ORIENTED_EDGE('',*,*,#3308,.F.);
#3308 = EDGE_CURVE('',#2693,#3281,#3309,.T.);
#3309 = SURFACE_CURVE('',#3310,(#3315,#3322),.PCURVE_S1.);
#3310 = ELLIPSE('',#3311,4.506871768599,4.5);
#3311 = AXIS2_PLACEMENT_3D('',#3312,#3313,#3314);
#3312 = CARTESIAN_POINT('',(53.43946726456,368.5,375.63515271538));
#3313 = DIRECTION('',(0.,-1.,0.));
#3314 = DIRECTION('',(-0.856799148539,-0.,-0.515650287562));
#3315 = PCURVE('',#536,#3316);
#3316 = DEFINITIONAL_REPRESENTATION('',(#3317),#3321);
#3317 = ELLIPSE('',#3318,4.506871768599,4.5);
#3318 = AXIS2_PLACEMENT_2D('',#3319,#3320);
#3319 = CARTESIAN_POINT('',(66.859168202587,83.627199887091));
#3320 = DIRECTION('',(-0.131219317876,-0.991353363144));
#3321 = ( GEOMETRIC_REPRESENTATION_CONTEXT(2) 
PARAMETRIC_REPRESENTATION_CONTEXT() REPRESENTATION_CONTEXT('2D SPACE',''
  ) );
#3322 = PCURVE('',#1205,#3323);
#3323 = DEFINITIONAL_REPRESENTATION('',(#3324),#3348);
#3324 = B_SPLINE_CURVE_WITH_KNOTS('',8,(#3325,#3326,#3327,#3328,#3329,
    #3330,#3331,#3332,#3333,#3334,#3335,#3336,#3337,#3338,#3339,#3340,
    #3341,#3342,#3343,#3344,#3345,#3346,#3347),.UNSPECIFIED.,.F.,.F.,(9,
    7,7,9),(2.600500117087,4.171296443882,6.527490934075,8.883685424267)
  ,.UNSPECIFIED.);
#3325 = CARTESIAN_POINT('',(6.28318530718,75.068540757215));
#3326 = CARTESIAN_POINT('',(6.08683576633,75.043380230531));
#3327 = CARTESIAN_POINT('',(5.890486225481,75.027615631348));
#3328 = CARTESIAN_POINT('',(5.694136684631,75.022723364818));
#3329 = CARTESIAN_POINT('',(5.497787143782,75.029413857987));
#3330 = CARTESIAN_POINT('',(5.301437602933,75.047428948664));
#3331 = CARTESIAN_POINT('',(5.105088062083,75.075548618659));
#3332 = CARTESIAN_POINT('',(4.908738521234,75.111772675333));
#3333 = CARTESIAN_POINT('',(4.417864669111,75.216448450647));
#3334 = CARTESIAN_POINT('',(4.123340357841,75.291957932853));
#3335 = CARTESIAN_POINT('',(3.828816046548,75.371865107408));
#3336 = CARTESIAN_POINT('',(3.534291735317,75.445537406787));
#3337 = CARTESIAN_POINT('',(3.239767424001,75.502216884169));
#3338 = CARTESIAN_POINT('',(2.945243112744,75.534695506818));
#3339 = CARTESIAN_POINT('',(2.650718801466,75.540903721659));
#3340 = CARTESIAN_POINT('',(2.061670178918,75.505456918109));
#3341 = CARTESIAN_POINT('',(1.767145867644,75.463800833769));
#3342 = CARTESIAN_POINT('',(1.47262155637,75.400566318466));
#3343 = CARTESIAN_POINT('',(1.178097245095,75.32248391465));
#3344 = CARTESIAN_POINT('',(0.883572933821,75.240195347451));
#3345 = CARTESIAN_POINT('',(0.589048622548,75.1651622345));
#3346 = CARTESIAN_POINT('',(0.294524311274,75.106281547241));
#3347 = CARTESIAN_POINT('',(1.33226762955E-14,75.068540757215));
#3348 = ( GEOMETRIC_REPRESENTATION_CONTEXT(2) 
PARAMETRIC_REPRESENTATION_CONTEXT() REPRESENTATION_CONTEXT('2D SPACE',''
  ) );
#3349 = FACE_BOUND('',#3350,.F.);
#3350 = EDGE_LOOP('',(#3351,#3379,#3405,#3431));
#3351 = ORIENTED_EDGE('',*,*,#3352,.F.);
#3352 = EDGE_CURVE('',#3353,#3355,#3357,.T.);
#3353 = VERTEX_POINT('',#3354);
#3354 = CARTESIAN_POINT('',(46.946523801382,368.5,368.30974129118));
#3355 = VERTEX_POINT('',#3356);
#3356 = CARTESIAN_POINT('',(-46.94652380138,368.5,368.30974129118));
#3357 = SURFACE_CURVE('',#3358,(#3362,#3368),.PCURVE_S1.);
#3358 = LINE('',#3359,#3360);
#3359 = CARTESIAN_POINT('',(-50.28773212576,368.5,368.30974129118));
#3360 = VECTOR('',#3361,1.);
#3361 = DIRECTION('',(-1.,0.,0.));
#3362 = PCURVE('',#536,#3363);
#3363 = DEFINITIONAL_REPRESENTATION('',(#3364),#3367);
#3364 = B_SPLINE_CURVE_WITH_KNOTS('',1,(#3365,#3366),.UNSPECIFIED.,.F.,
  .F.,(2,2),(-97.23425592715,-3.341208324387),.PIECEWISE_BEZIER_KNOTS.);
#3365 = CARTESIAN_POINT('',(68.536512307067,73.983212946775));
#3366 = CARTESIAN_POINT('',(9.982906806185,0.58444135636));
#3367 = ( GEOMETRIC_REPRESENTATION_CONTEXT(2) 
PARAMETRIC_REPRESENTATION_CONTEXT() REPRESENTATION_CONTEXT('2D SPACE',''
  ) );
#3368 = PCURVE('',#3369,#3374);
#3369 = PLANE('',#3370);
#3370 = AXIS2_PLACEMENT_3D('',#3371,#3372,#3373);
#3371 = CARTESIAN_POINT('',(-46.94652380138,369.5,368.30974129118));
#3372 = DIRECTION('',(0.,0.,1.));
#3373 = DIRECTION('',(1.,0.,-0.));
#3374 = DEFINITIONAL_REPRESENTATION('',(#3375),#3378);
#3375 = B_SPLINE_CURVE_WITH_KNOTS('',1,(#3376,#3377),.UNSPECIFIED.,.F.,
  .F.,(2,2),(-97.23425592715,-3.341208324387),.PIECEWISE_BEZIER_KNOTS.);
#3376 = CARTESIAN_POINT('',(93.893047602764,-1.));
#3377 = CARTESIAN_POINT('',(0.,-1.));
#3378 = ( GEOMETRIC_REPRESENTATION_CONTEXT(2) 
PARAMETRIC_REPRESENTATION_CONTEXT() REPRESENTATION_CONTEXT('2D SPACE',''
  ) );
#3379 = ORIENTED_EDGE('',*,*,#3380,.F.);
#3380 = EDGE_CURVE('',#3381,#3353,#3383,.T.);
#3381 = VERTEX_POINT('',#3382);
#3382 = CARTESIAN_POINT('',(35.909459607731,368.5,264.54335607856));
#3383 = SURFACE_CURVE('',#3384,(#3388,#3394),.PCURVE_S1.);
#3384 = LINE('',#3385,#3386);
#3385 = CARTESIAN_POINT('',(46.775182679338,368.5,366.6988555918));
#3386 = VECTOR('',#3387,1.);
#3387 = DIRECTION('',(0.105767927903,0.,0.994390841383));
#3388 = PCURVE('',#536,#3389);
#3389 = DEFINITIONAL_REPRESENTATION('',(#3390),#3393);
#3390 = B_SPLINE_CURVE_WITH_KNOTS('',1,(#3391,#3392),.UNSPECIFIED.,.F.,
  .F.,(2,2),(-102.7317381273,1.619972381424),.PIECEWISE_BEZIER_KNOTS.);
#3391 = CARTESIAN_POINT('',(142.77060612186,0.644418290715));
#3392 = CARTESIAN_POINT('',(68.536512307067,73.983212946775));
#3393 = ( GEOMETRIC_REPRESENTATION_CONTEXT(2) 
PARAMETRIC_REPRESENTATION_CONTEXT() REPRESENTATION_CONTEXT('2D SPACE',''
  ) );
#3394 = PCURVE('',#3395,#3400);
#3395 = PLANE('',#3396);
#3396 = AXIS2_PLACEMENT_3D('',#3397,#3398,#3399);
#3397 = CARTESIAN_POINT('',(46.946523801382,369.5,368.30974129118));
#3398 = DIRECTION('',(0.994390841383,0.,-0.105767927903));
#3399 = DIRECTION('',(-0.105767927903,0.,-0.994390841383));
#3400 = DEFINITIONAL_REPRESENTATION('',(#3401),#3404);
#3401 = B_SPLINE_CURVE_WITH_KNOTS('',1,(#3402,#3403),.UNSPECIFIED.,.F.,
  .F.,(2,2),(-102.7317381273,1.619972381424),.PIECEWISE_BEZIER_KNOTS.);
#3402 = CARTESIAN_POINT('',(104.35171050878,-1.));
#3403 = CARTESIAN_POINT('',(0.,-1.));
#3404 = ( GEOMETRIC_REPRESENTATION_CONTEXT(2) 
PARAMETRIC_REPRESENTATION_CONTEXT() REPRESENTATION_CONTEXT('2D SPACE',''
  ) );
#3405 = ORIENTED_EDGE('',*,*,#3406,.F.);
#3406 = EDGE_CURVE('',#3407,#3381,#3409,.T.);
#3407 = VERTEX_POINT('',#3408);
#3408 = CARTESIAN_POINT('',(-35.90945960773,368.5,264.54335607856));
#3409 = SURFACE_CURVE('',#3410,(#3414,#3420),.PCURVE_S1.);
#3410 = LINE('',#3411,#3412);
#3411 = CARTESIAN_POINT('',(-8.859740421213,368.5,264.54335607856));
#3412 = VECTOR('',#3413,1.);
#3413 = DIRECTION('',(1.,0.,0.));
#3414 = PCURVE('',#536,#3415);
#3415 = DEFINITIONAL_REPRESENTATION('',(#3416),#3419);
#3416 = B_SPLINE_CURVE_WITH_KNOTS('',1,(#3417,#3418),.UNSPECIFIED.,.F.,
  .F.,(2,2),(-27.04971918651,44.769200028944),.PIECEWISE_BEZIER_KNOTS.);
#3417 = CARTESIAN_POINT('',(97.982874009548,-55.49840145956));
#3418 = CARTESIAN_POINT('',(142.77060612186,0.644418290715));
#3419 = ( GEOMETRIC_REPRESENTATION_CONTEXT(2) 
PARAMETRIC_REPRESENTATION_CONTEXT() REPRESENTATION_CONTEXT('2D SPACE',''
  ) );
#3420 = PCURVE('',#3421,#3426);
#3421 = PLANE('',#3422);
#3422 = AXIS2_PLACEMENT_3D('',#3423,#3424,#3425);
#3423 = CARTESIAN_POINT('',(35.909459607731,369.5,264.54335607856));
#3424 = DIRECTION('',(0.,0.,-1.));
#3425 = DIRECTION('',(-1.,0.,0.));
#3426 = DEFINITIONAL_REPRESENTATION('',(#3427),#3430);
#3427 = B_SPLINE_CURVE_WITH_KNOTS('',1,(#3428,#3429),.UNSPECIFIED.,.F.,
  .F.,(2,2),(-27.04971918651,44.769200028944),.PIECEWISE_BEZIER_KNOTS.);
#3428 = CARTESIAN_POINT('',(71.818919215462,-1.));
#3429 = CARTESIAN_POINT('',(0.,-1.));
#3430 = ( GEOMETRIC_REPRESENTATION_CONTEXT(2) 
PARAMETRIC_REPRESENTATION_CONTEXT() REPRESENTATION_CONTEXT('2D SPACE',''
  ) );
#3431 = ORIENTED_EDGE('',*,*,#3432,.F.);
#3432 = EDGE_CURVE('',#3355,#3407,#3433,.T.);
#3433 = SURFACE_CURVE('',#3434,(#3438,#3444),.PCURVE_S1.);
#3434 = LINE('',#3435,#3436);
#3435 = CARTESIAN_POINT('',(-41.85658974022,368.5,320.45606850016));
#3436 = VECTOR('',#3437,1.);
#3437 = DIRECTION('',(0.105767927903,0.,-0.994390841383));
#3438 = PCURVE('',#536,#3439);
#3439 = DEFINITIONAL_REPRESENTATION('',(#3440),#3443);
#3440 = B_SPLINE_CURVE_WITH_KNOTS('',1,(#3441,#3442),.UNSPECIFIED.,.F.,
  .F.,(2,2),(-48.12360572876,56.228104780015),.PIECEWISE_BEZIER_KNOTS.);
#3441 = CARTESIAN_POINT('',(9.982906806185,0.58444135636));
#3442 = CARTESIAN_POINT('',(97.982874009548,-55.49840145956));
#3443 = ( GEOMETRIC_REPRESENTATION_CONTEXT(2) 
PARAMETRIC_REPRESENTATION_CONTEXT() REPRESENTATION_CONTEXT('2D SPACE',''
  ) );
#3444 = PCURVE('',#3445,#3450);
#3445 = PLANE('',#3446);
#3446 = AXIS2_PLACEMENT_3D('',#3447,#3448,#3449);
#3447 = CARTESIAN_POINT('',(-35.90945960773,369.5,264.54335607856));
#3448 = DIRECTION('',(-0.994390841383,0.,-0.105767927903));
#3449 = DIRECTION('',(-0.105767927903,0.,0.994390841383));
#3450 = DEFINITIONAL_REPRESENTATION('',(#3451),#3454);
#3451 = B_SPLINE_CURVE_WITH_KNOTS('',1,(#3452,#3453),.UNSPECIFIED.,.F.,
  .F.,(2,2),(-48.12360572876,56.228104780015),.PIECEWISE_BEZIER_KNOTS.);
#3452 = CARTESIAN_POINT('',(104.35171050878,-1.));
#3453 = CARTESIAN_POINT('',(0.,-1.));
#3454 = ( GEOMETRIC_REPRESENTATION_CONTEXT(2) 
PARAMETRIC_REPRESENTATION_CONTEXT() REPRESENTATION_CONTEXT('2D SPACE',''
  ) );
#3455 = ADVANCED_FACE('',(#3456),#588,.T.);
#3456 = FACE_BOUND('',#3457,.T.);
#3457 = EDGE_LOOP('',(#3458,#3459,#3480));
#3458 = ORIENTED_EDGE('',*,*,#571,.T.);
#3459 = ORIENTED_EDGE('',*,*,#3460,.T.);
#3460 = EDGE_CURVE('',#549,#3461,#3463,.T.);
#3461 = VERTEX_POINT('',#3462);
#3462 = CARTESIAN_POINT('',(-51.,420.,374.167));
#3463 = SURFACE_CURVE('',#3464,(#3468,#3474),.PCURVE_S1.);
#3464 = LINE('',#3465,#3466);
#3465 = CARTESIAN_POINT('',(-51.09452450292,420.00447746467,374.167));
#3466 = VECTOR('',#3467,1.);
#3467 = DIRECTION('',(-0.99888000664,4.731524422176E-02,0.));
#3468 = PCURVE('',#588,#3469);
#3469 = DEFINITIONAL_REPRESENTATION('',(#3470),#3473);
#3470 = B_SPLINE_CURVE_WITH_KNOTS('',1,(#3471,#3472),.UNSPECIFIED.,.F.,
  .F.,(2,2),(-4.594630488444,-9.463048844351E-02),
  .PIECEWISE_BEZIER_KNOTS.);
#3471 = CARTESIAN_POINT('',(4.5,-2.669100551497E-16));
#3472 = CARTESIAN_POINT('',(-4.579669976579E-16,-2.678858371049E-16));
#3473 = ( GEOMETRIC_REPRESENTATION_CONTEXT(2) 
PARAMETRIC_REPRESENTATION_CONTEXT() REPRESENTATION_CONTEXT('2D SPACE',''
  ) );
#3474 = PCURVE('',#699,#3475);
#3475 = DEFINITIONAL_REPRESENTATION('',(#3476),#3479);
#3476 = B_SPLINE_CURVE_WITH_KNOTS('',1,(#3477,#3478),.UNSPECIFIED.,.F.,
  .F.,(2,2),(-4.594630488444,-9.463048844351E-02),
  .PIECEWISE_BEZIER_KNOTS.);
#3477 = CARTESIAN_POINT('',(4.494960029878,-4.212918598998));
#3478 = CARTESIAN_POINT('',(-1.387778780781E-17,-4.));
#3479 = ( GEOMETRIC_REPRESENTATION_CONTEXT(2) 
PARAMETRIC_REPRESENTATION_CONTEXT() REPRESENTATION_CONTEXT('2D SPACE',''
  ) );
#3480 = ORIENTED_EDGE('',*,*,#3481,.T.);
#3481 = EDGE_CURVE('',#3461,#572,#3482,.T.);
#3482 = SURFACE_CURVE('',#3483,(#3487,#3493),.PCURVE_S1.);
#3483 = LINE('',#3484,#3485);
#3484 = CARTESIAN_POINT('',(-45.01412491461,418.17592568686,
    320.12801619787));
#3485 = VECTOR('',#3486,1.);
#3486 = DIRECTION('',(0.110034287815,-3.35307227606E-02,-0.993362041824)
  );
#3487 = PCURVE('',#588,#3488);
#3488 = DEFINITIONAL_REPRESENTATION('',(#3489),#3492);
#3489 = B_SPLINE_CURVE_WITH_KNOTS('',1,(#3490,#3491),.UNSPECIFIED.,.F.,
  .F.,(2,2),(-54.40008931981,-49.87185444916),.PIECEWISE_BEZIER_KNOTS.);
#3490 = CARTESIAN_POINT('',(-8.881784197001E-15,-1.42108547152E-14));
#3491 = CARTESIAN_POINT('',(0.50488715947,4.5));
#3492 = ( GEOMETRIC_REPRESENTATION_CONTEXT(2) 
PARAMETRIC_REPRESENTATION_CONTEXT() REPRESENTATION_CONTEXT('2D SPACE',''
  ) );
#3493 = PCURVE('',#620,#3494);
#3494 = DEFINITIONAL_REPRESENTATION('',(#3495),#3498);
#3495 = B_SPLINE_CURVE_WITH_KNOTS('',1,(#3496,#3497),.UNSPECIFIED.,.F.,
  .F.,(2,2),(-54.40008931981,-49.87185444916),.PIECEWISE_BEZIER_KNOTS.);
#3496 = CARTESIAN_POINT('',(108.99559114478,-4.));
#3497 = CARTESIAN_POINT('',(104.46990255847,-4.151834988043));
#3498 = ( GEOMETRIC_REPRESENTATION_CONTEXT(2) 
PARAMETRIC_REPRESENTATION_CONTEXT() REPRESENTATION_CONTEXT('2D SPACE',''
  ) );
#3499 = ADVANCED_FACE('',(#3500),#620,.T.);
#3500 = FACE_BOUND('',#3501,.T.);
#3501 = EDGE_LOOP('',(#3502,#3524,#3543,#3544,#3565,#3566,#3567,#3587));
#3502 = ORIENTED_EDGE('',*,*,#3503,.F.);
#3503 = EDGE_CURVE('',#3504,#3506,#3508,.T.);
#3504 = VERTEX_POINT('',#3505);
#3505 = CARTESIAN_POINT('',(-39.,420.,265.834));
#3506 = VERTEX_POINT('',#3507);
#3507 = CARTESIAN_POINT('',(-39.,424.,265.834));
#3508 = SURFACE_CURVE('',#3509,(#3512,#3518),.PCURVE_S1.);
#3509 = B_SPLINE_CURVE_WITH_KNOTS('',1,(#3510,#3511),.UNSPECIFIED.,.F.,
  .F.,(2,2),(0.,1.),.PIECEWISE_BEZIER_KNOTS.);
#3510 = CARTESIAN_POINT('',(-39.,416.,265.834));
#3511 = CARTESIAN_POINT('',(-39.,424.,265.834));
#3512 = PCURVE('',#620,#3513);
#3513 = DEFINITIONAL_REPRESENTATION('',(#3514),#3517);
#3514 = B_SPLINE_CURVE_WITH_KNOTS('',1,(#3515,#3516),.UNSPECIFIED.,.F.,
  .F.,(2,2),(0.,1.),.PIECEWISE_BEZIER_KNOTS.);
#3515 = CARTESIAN_POINT('',(0.,-8.));
#3516 = CARTESIAN_POINT('',(0.,0.));
#3517 = ( GEOMETRIC_REPRESENTATION_CONTEXT(2) 
PARAMETRIC_REPRESENTATION_CONTEXT() REPRESENTATION_CONTEXT('2D SPACE',''
  ) );
#3518 = PCURVE('',#2367,#3519);
#3519 = DEFINITIONAL_REPRESENTATION('',(#3520),#3523);
#3520 = B_SPLINE_CURVE_WITH_KNOTS('',1,(#3521,#3522),.UNSPECIFIED.,.F.,
  .F.,(2,2),(0.,1.),.PIECEWISE_BEZIER_KNOTS.);
#3521 = CARTESIAN_POINT('',(78.,-8.));
#3522 = CARTESIAN_POINT('',(78.,0.));
#3523 = ( GEOMETRIC_REPRESENTATION_CONTEXT(2) 
PARAMETRIC_REPRESENTATION_CONTEXT() REPRESENTATION_CONTEXT('2D SPACE',''
  ) );
#3524 = ORIENTED_EDGE('',*,*,#3525,.F.);
#3525 = EDGE_CURVE('',#2292,#3504,#3526,.T.);
#3526 = SURFACE_CURVE('',#3527,(#3531,#3537),.PCURVE_S1.);
#3527 = LINE('',#3528,#3529);
#3528 = CARTESIAN_POINT('',(-38.96467179659,420.05288179113,
    265.51506581166));
#3529 = VECTOR('',#3530,1.);
#3530 = DIRECTION('',(0.108630924639,0.162606566808,-0.980692829913));
#3531 = PCURVE('',#620,#3532);
#3532 = DEFINITIONAL_REPRESENTATION('',(#3533),#3536);
#3533 = B_SPLINE_CURVE_WITH_KNOTS('',1,(#3534,#3535),.UNSPECIFIED.,.F.,
  .F.,(2,2),(-4.85206091073,-0.325213133616),.PIECEWISE_BEZIER_KNOTS.);
#3534 = CARTESIAN_POINT('',(4.466599902585,-4.7360951755));
#3535 = CARTESIAN_POINT('',(1.110223024625E-16,-4.));
#3536 = ( GEOMETRIC_REPRESENTATION_CONTEXT(2) 
PARAMETRIC_REPRESENTATION_CONTEXT() REPRESENTATION_CONTEXT('2D SPACE',''
  ) );
#3537 = PCURVE('',#2335,#3538);
#3538 = DEFINITIONAL_REPRESENTATION('',(#3539),#3542);
#3539 = B_SPLINE_CURVE_WITH_KNOTS('',1,(#3540,#3541),.UNSPECIFIED.,.F.,
  .F.,(2,2),(-4.85206091073,-0.325213133616),.PIECEWISE_BEZIER_KNOTS.);
#3540 = CARTESIAN_POINT('',(4.5,-0.492291374252));
#3541 = CARTESIAN_POINT('',(5.162537064507E-15,-5.155598170603E-15));
#3542 = ( GEOMETRIC_REPRESENTATION_CONTEXT(2) 
PARAMETRIC_REPRESENTATION_CONTEXT() REPRESENTATION_CONTEXT('2D SPACE',''
  ) );
#3543 = ORIENTED_EDGE('',*,*,#2291,.F.);
#3544 = ORIENTED_EDGE('',*,*,#3545,.T.);
#3545 = EDGE_CURVE('',#2248,#601,#3546,.T.);
#3546 = SURFACE_CURVE('',#3547,(#3551,#3558),.PCURVE_S1.);
#3547 = LINE('',#3548,#3549);
#3548 = CARTESIAN_POINT('',(-39.,416.,265.834));
#3549 = VECTOR('',#3550,1.);
#3550 = DIRECTION('',(-0.110096196314,0.,0.993920936271));
#3551 = PCURVE('',#620,#3552);
#3552 = DEFINITIONAL_REPRESENTATION('',(#3553),#3557);
#3553 = LINE('',#3554,#3555);
#3554 = CARTESIAN_POINT('',(0.,-8.));
#3555 = VECTOR('',#3556,1.);
#3556 = DIRECTION('',(1.,0.));
#3557 = ( GEOMETRIC_REPRESENTATION_CONTEXT(2) 
PARAMETRIC_REPRESENTATION_CONTEXT() REPRESENTATION_CONTEXT('2D SPACE',''
  ) );
#3558 = PCURVE('',#669,#3559);
#3559 = DEFINITIONAL_REPRESENTATION('',(#3560),#3564);
#3560 = LINE('',#3561,#3562);
#3561 = CARTESIAN_POINT('',(90.996846279488,-59.99677371482));
#3562 = VECTOR('',#3563,1.);
#3563 = DIRECTION('',(-0.834867220993,0.550451381424));
#3564 = ( GEOMETRIC_REPRESENTATION_CONTEXT(2) 
PARAMETRIC_REPRESENTATION_CONTEXT() REPRESENTATION_CONTEXT('2D SPACE',''
  ) );
#3565 = ORIENTED_EDGE('',*,*,#600,.F.);
#3566 = ORIENTED_EDGE('',*,*,#3481,.F.);
#3567 = ORIENTED_EDGE('',*,*,#3568,.T.);
#3568 = EDGE_CURVE('',#3461,#3569,#3571,.T.);
#3569 = VERTEX_POINT('',#3570);
#3570 = CARTESIAN_POINT('',(-51.,424.,374.167));
#3571 = SURFACE_CURVE('',#3572,(#3575,#3581),.PCURVE_S1.);
#3572 = B_SPLINE_CURVE_WITH_KNOTS('',1,(#3573,#3574),.UNSPECIFIED.,.F.,
  .F.,(2,2),(0.,1.),.PIECEWISE_BEZIER_KNOTS.);
#3573 = CARTESIAN_POINT('',(-51.,416.,374.167));
#3574 = CARTESIAN_POINT('',(-51.,424.,374.167));
#3575 = PCURVE('',#620,#3576);
#3576 = DEFINITIONAL_REPRESENTATION('',(#3577),#3580);
#3577 = B_SPLINE_CURVE_WITH_KNOTS('',1,(#3578,#3579),.UNSPECIFIED.,.F.,
  .F.,(2,2),(0.,1.),.PIECEWISE_BEZIER_KNOTS.);
#3578 = CARTESIAN_POINT('',(108.99559114478,-8.));
#3579 = CARTESIAN_POINT('',(108.99559114478,0.));
#3580 = ( GEOMETRIC_REPRESENTATION_CONTEXT(2) 
PARAMETRIC_REPRESENTATION_CONTEXT() REPRESENTATION_CONTEXT('2D SPACE',''
  ) );
#3581 = PCURVE('',#699,#3582);
#3582 = DEFINITIONAL_REPRESENTATION('',(#3583),#3586);
#3583 = B_SPLINE_CURVE_WITH_KNOTS('',1,(#3584,#3585),.UNSPECIFIED.,.F.,
  .F.,(2,2),(0.,1.),.PIECEWISE_BEZIER_KNOTS.);
#3584 = CARTESIAN_POINT('',(0.,-8.));
#3585 = CARTESIAN_POINT('',(0.,0.));
#3586 = ( GEOMETRIC_REPRESENTATION_CONTEXT(2) 
PARAMETRIC_REPRESENTATION_CONTEXT() REPRESENTATION_CONTEXT('2D SPACE',''
  ) );
#3587 = ORIENTED_EDGE('',*,*,#3588,.F.);
#3588 = EDGE_CURVE('',#3506,#3569,#3589,.T.);
#3589 = SURFACE_CURVE('',#3590,(#3594,#3601),.PCURVE_S1.);
#3590 = LINE('',#3591,#3592);
#3591 = CARTESIAN_POINT('',(-39.,424.,265.834));
#3592 = VECTOR('',#3593,1.);
#3593 = DIRECTION('',(-0.110096196314,0.,0.993920936271));
#3594 = PCURVE('',#620,#3595);
#3595 = DEFINITIONAL_REPRESENTATION('',(#3596),#3600);
#3596 = LINE('',#3597,#3598);
#3597 = CARTESIAN_POINT('',(0.,0.));
#3598 = VECTOR('',#3599,1.);
#3599 = DIRECTION('',(1.,0.));
#3600 = ( GEOMETRIC_REPRESENTATION_CONTEXT(2) 
PARAMETRIC_REPRESENTATION_CONTEXT() REPRESENTATION_CONTEXT('2D SPACE',''
  ) );
#3601 = PCURVE('',#3602,#3607);
#3602 = PLANE('',#3603);
#3603 = AXIS2_PLACEMENT_3D('',#3604,#3605,#3606);
#3604 = CARTESIAN_POINT('',(-51.,424.,374.167));
#3605 = DIRECTION('',(0.,-1.,0.));
#3606 = DIRECTION('',(0.639020857855,0.,-0.7691894066));
#3607 = DEFINITIONAL_REPRESENTATION('',(#3608),#3612);
#3608 = LINE('',#3609,#3610);
#3609 = CARTESIAN_POINT('',(90.996846279488,-59.99677371482));
#3610 = VECTOR('',#3611,1.);
#3611 = DIRECTION('',(-0.834867220993,0.550451381424));
#3612 = ( GEOMETRIC_REPRESENTATION_CONTEXT(2) 
PARAMETRIC_REPRESENTATION_CONTEXT() REPRESENTATION_CONTEXT('2D SPACE',''
  ) );
#3613 = ADVANCED_FACE('',(#3614,#3838),#669,.T.);
#3614 = FACE_BOUND('',#3615,.T.);
#3615 = EDGE_LOOP('',(#3616,#3639,#3640,#3641,#3642,#3643,#3666,#3717,
    #3768,#3796));
#3616 = ORIENTED_EDGE('',*,*,#3617,.F.);
#3617 = EDGE_CURVE('',#633,#3618,#3620,.T.);
#3618 = VERTEX_POINT('',#3619);
#3619 = CARTESIAN_POINT('',(46.685723268839,416.,374.167));
#3620 = SURFACE_CURVE('',#3621,(#3625,#3632),.PCURVE_S1.);
#3621 = LINE('',#3622,#3623);
#3622 = CARTESIAN_POINT('',(-51.,416.,374.167));
#3623 = VECTOR('',#3624,1.);
#3624 = DIRECTION('',(1.,0.,0.));
#3625 = PCURVE('',#669,#3626);
#3626 = DEFINITIONAL_REPRESENTATION('',(#3627),#3631);
#3627 = LINE('',#3628,#3629);
#3628 = CARTESIAN_POINT('',(0.,0.));
#3629 = VECTOR('',#3630,1.);
#3630 = DIRECTION('',(0.639020857855,0.7691894066));
#3631 = ( GEOMETRIC_REPRESENTATION_CONTEXT(2) 
PARAMETRIC_REPRESENTATION_CONTEXT() REPRESENTATION_CONTEXT('2D SPACE',''
  ) );
#3632 = PCURVE('',#699,#3633);
#3633 = DEFINITIONAL_REPRESENTATION('',(#3634),#3638);
#3634 = LINE('',#3635,#3636);
#3635 = CARTESIAN_POINT('',(0.,-8.));
#3636 = VECTOR('',#3637,1.);
#3637 = DIRECTION('',(1.,0.));
#3638 = ( GEOMETRIC_REPRESENTATION_CONTEXT(2) 
PARAMETRIC_REPRESENTATION_CONTEXT() REPRESENTATION_CONTEXT('2D SPACE',''
  ) );
#3639 = ORIENTED_EDGE('',*,*,#632,.F.);
#3640 = ORIENTED_EDGE('',*,*,#3545,.F.);
#3641 = ORIENTED_EDGE('',*,*,#2247,.F.);
#3642 = ORIENTED_EDGE('',*,*,#2379,.F.);
#3643 = ORIENTED_EDGE('',*,*,#3644,.F.);
#3644 = EDGE_CURVE('',#3645,#2348,#3647,.T.);
#3645 = VERTEX_POINT('',#3646);
#3646 = CARTESIAN_POINT('',(34.730065569321,416.,265.834));
#3647 = SURFACE_CURVE('',#3648,(#3652,#3659),.PCURVE_S1.);
#3648 = LINE('',#3649,#3650);
#3649 = CARTESIAN_POINT('',(39.,416.,265.834));
#3650 = VECTOR('',#3651,1.);
#3651 = DIRECTION('',(-1.,0.,0.));
#3652 = PCURVE('',#669,#3653);
#3653 = DEFINITIONAL_REPRESENTATION('',(#3654),#3658);
#3654 = LINE('',#3655,#3656);
#3655 = CARTESIAN_POINT('',(140.84047319219,0.));
#3656 = VECTOR('',#3657,1.);
#3657 = DIRECTION('',(-0.639020857855,-0.7691894066));
#3658 = ( GEOMETRIC_REPRESENTATION_CONTEXT(2) 
PARAMETRIC_REPRESENTATION_CONTEXT() REPRESENTATION_CONTEXT('2D SPACE',''
  ) );
#3659 = PCURVE('',#2367,#3660);
#3660 = DEFINITIONAL_REPRESENTATION('',(#3661),#3665);
#3661 = LINE('',#3662,#3663);
#3662 = CARTESIAN_POINT('',(0.,-8.));
#3663 = VECTOR('',#3664,1.);
#3664 = DIRECTION('',(1.,0.));
#3665 = ( GEOMETRIC_REPRESENTATION_CONTEXT(2) 
PARAMETRIC_REPRESENTATION_CONTEXT() REPRESENTATION_CONTEXT('2D SPACE',''
  ) );
#3666 = ORIENTED_EDGE('',*,*,#3667,.F.);
#3667 = EDGE_CURVE('',#3668,#3645,#3670,.T.);
#3668 = VERTEX_POINT('',#3669);
#3669 = CARTESIAN_POINT('',(39.153533598499,416.,269.71514052767));
#3670 = SURFACE_CURVE('',#3671,(#3676,#3683),.PCURVE_S1.);
#3671 = ELLIPSE('',#3672,4.570333244668,4.5);
#3672 = AXIS2_PLACEMENT_3D('',#3673,#3674,#3675);
#3673 = CARTESIAN_POINT('',(39.189473185597,416.,265.14978074794));
#3674 = DIRECTION('',(0.,-1.,0.));
#3675 = DIRECTION('',(-0.266875269637,0.,0.963731077872));
#3676 = PCURVE('',#669,#3677);
#3677 = DEFINITIONAL_REPRESENTATION('',(#3678),#3682);
#3678 = ELLIPSE('',#3679,4.570333244668,4.5);
#3679 = AXIS2_PLACEMENT_2D('',#3680,#3681);
#3680 = CARTESIAN_POINT('',(141.48784471026,-0.291489606213));
#3681 = DIRECTION('',(-0.911830599654,0.410566629835));
#3682 = ( GEOMETRIC_REPRESENTATION_CONTEXT(2) 
PARAMETRIC_REPRESENTATION_CONTEXT() REPRESENTATION_CONTEXT('2D SPACE',''
  ) );
#3683 = PCURVE('',#1070,#3684);
#3684 = DEFINITIONAL_REPRESENTATION('',(#3685),#3716);
#3685 = B_SPLINE_CURVE_WITH_KNOTS('',8,(#3686,#3687,#3688,#3689,#3690,
    #3691,#3692,#3693,#3694,#3695,#3696,#3697,#3698,#3699,#3700,#3701,
    #3702,#3703,#3704,#3705,#3706,#3707,#3708,#3709,#3710,#3711,#3712,
    #3713,#3714,#3715),.UNSPECIFIED.,.F.,.F.,(9,7,7,7,9),(6.01699839737,
    7.587794724165,9.943989214357,11.122086459453,12.300183704549),
  .UNSPECIFIED.);
#3686 = CARTESIAN_POINT('',(6.28318530718,125.35482257498));
#3687 = CARTESIAN_POINT('',(6.08683576633,125.39607672797));
#3688 = CARTESIAN_POINT('',(5.890486225481,125.40337759351));
#3689 = CARTESIAN_POINT('',(5.694136684631,125.37430664398));
#3690 = CARTESIAN_POINT('',(5.497787143782,125.3092176764));
#3691 = CARTESIAN_POINT('',(5.301437602933,125.21159675362));
#3692 = CARTESIAN_POINT('',(5.105088062084,125.08769304387));
#3693 = CARTESIAN_POINT('',(4.908738521234,124.94564708967));
#3694 = CARTESIAN_POINT('',(4.417864669111,124.5673869572));
#3695 = CARTESIAN_POINT('',(4.123340357842,124.31960044071));
#3696 = CARTESIAN_POINT('',(3.828816046559,124.08099476815));
#3697 = CARTESIAN_POINT('',(3.534291735309,123.88537161473));
#3698 = CARTESIAN_POINT('',(3.23976742401,123.76227053903));
#3699 = CARTESIAN_POINT('',(2.945243112746,123.72608075043));
#3700 = CARTESIAN_POINT('',(2.650718801466,123.77405863639));
#3701 = CARTESIAN_POINT('',(2.208932334555,123.94914695515));
#3702 = CARTESIAN_POINT('',(2.061670178919,124.02469642496));
#3703 = CARTESIAN_POINT('',(1.91440802328,124.11550367973));
#3704 = CARTESIAN_POINT('',(1.767145867644,124.21884583946));
#3705 = CARTESIAN_POINT('',(1.619883712008,124.33133629168));
#3706 = CARTESIAN_POINT('',(1.47262155637,124.44915656282));
#3707 = CARTESIAN_POINT('',(1.325359400733,124.56833472295));
#3708 = CARTESIAN_POINT('',(1.030835089459,124.80169572086));
#3709 = CARTESIAN_POINT('',(0.883572933822,124.91587847321));
#3710 = CARTESIAN_POINT('',(0.736310778186,125.02370805183));
#3711 = CARTESIAN_POINT('',(0.589048622548,125.12144326486));
#3712 = CARTESIAN_POINT('',(0.441786466911,125.20572847574));
#3713 = CARTESIAN_POINT('',(0.294524311275,125.27384297877));
#3714 = CARTESIAN_POINT('',(0.147262155637,125.32388196024));
#3715 = CARTESIAN_POINT('',(6.217248937901E-15,125.35482257498));
#3716 = ( GEOMETRIC_REPRESENTATION_CONTEXT(2) 
PARAMETRIC_REPRESENTATION_CONTEXT() REPRESENTATION_CONTEXT('2D SPACE',''
  ) );
#3717 = ORIENTED_EDGE('',*,*,#3718,.F.);
#3718 = EDGE_CURVE('',#3719,#3668,#3721,.T.);
#3719 = VERTEX_POINT('',#3720);
#3720 = CARTESIAN_POINT('',(39.428966643845,416.,269.70660361897));
#3721 = SURFACE_CURVE('',#3722,(#3727,#3734),.PCURVE_S1.);
#3722 = ELLIPSE('',#3723,4.570333244668,4.5);
#3723 = AXIS2_PLACEMENT_3D('',#3724,#3725,#3726);
#3724 = CARTESIAN_POINT('',(39.189473185597,416.,265.14978074794));
#3725 = DIRECTION('',(0.,-1.,0.));
#3726 = DIRECTION('',(-0.266875269637,0.,0.963731077872));
#3727 = PCURVE('',#669,#3728);
#3728 = DEFINITIONAL_REPRESENTATION('',(#3729),#3733);
#3729 = ELLIPSE('',#3730,4.570333244668,4.5);
#3730 = AXIS2_PLACEMENT_2D('',#3731,#3732);
#3731 = CARTESIAN_POINT('',(141.48784471026,-0.291489606213));
#3732 = DIRECTION('',(-0.911830599654,0.410566629835));
#3733 = ( GEOMETRIC_REPRESENTATION_CONTEXT(2) 
PARAMETRIC_REPRESENTATION_CONTEXT() REPRESENTATION_CONTEXT('2D SPACE',''
  ) );
#3734 = PCURVE('',#1070,#3735);
#3735 = DEFINITIONAL_REPRESENTATION('',(#3736),#3767);
#3736 = B_SPLINE_CURVE_WITH_KNOTS('',8,(#3737,#3738,#3739,#3740,#3741,
    #3742,#3743,#3744,#3745,#3746,#3747,#3748,#3749,#3750,#3751,#3752,
    #3753,#3754,#3755,#3756,#3757,#3758,#3759,#3760,#3761,#3762,#3763,
    #3764,#3765,#3766),.UNSPECIFIED.,.F.,.F.,(9,7,7,7,9),(6.01699839737,
    7.587794724165,9.943989214357,11.122086459453,12.300183704549),
  .UNSPECIFIED.);
#3737 = CARTESIAN_POINT('',(6.28318530718,125.35482257498));
#3738 = CARTESIAN_POINT('',(6.08683576633,125.39607672797));
#3739 = CARTESIAN_POINT('',(5.890486225481,125.40337759351));
#3740 = CARTESIAN_POINT('',(5.694136684631,125.37430664398));
#3741 = CARTESIAN_POINT('',(5.497787143782,125.3092176764));
#3742 = CARTESIAN_POINT('',(5.301437602933,125.21159675362));
#3743 = CARTESIAN_POINT('',(5.105088062084,125.08769304387));
#3744 = CARTESIAN_POINT('',(4.908738521234,124.94564708967));
#3745 = CARTESIAN_POINT('',(4.417864669111,124.5673869572));
#3746 = CARTESIAN_POINT('',(4.123340357842,124.31960044071));
#3747 = CARTESIAN_POINT('',(3.828816046559,124.08099476815));
#3748 = CARTESIAN_POINT('',(3.534291735309,123.88537161473));
#3749 = CARTESIAN_POINT('',(3.23976742401,123.76227053903));
#3750 = CARTESIAN_POINT('',(2.945243112746,123.72608075043));
#3751 = CARTESIAN_POINT('',(2.650718801466,123.77405863639));
#3752 = CARTESIAN_POINT('',(2.208932334555,123.94914695515));
#3753 = CARTESIAN_POINT('',(2.061670178919,124.02469642496));
#3754 = CARTESIAN_POINT('',(1.91440802328,124.11550367973));
#3755 = CARTESIAN_POINT('',(1.767145867644,124.21884583946));
#3756 = CARTESIAN_POINT('',(1.619883712008,124.33133629168));
#3757 = CARTESIAN_POINT('',(1.47262155637,124.44915656282));
#3758 = CARTESIAN_POINT('',(1.325359400733,124.56833472295));
#3759 = CARTESIAN_POINT('',(1.030835089459,124.80169572086));
#3760 = CARTESIAN_POINT('',(0.883572933822,124.91587847321));
#3761 = CARTESIAN_POINT('',(0.736310778186,125.02370805183));
#3762 = CARTESIAN_POINT('',(0.589048622548,125.12144326486));
#3763 = CARTESIAN_POINT('',(0.441786466911,125.20572847574));
#3764 = CARTESIAN_POINT('',(0.294524311275,125.27384297877));
#3765 = CARTESIAN_POINT('',(0.147262155637,125.32388196024));
#3766 = CARTESIAN_POINT('',(6.217248937901E-15,125.35482257498));
#3767 = ( GEOMETRIC_REPRESENTATION_CONTEXT(2) 
PARAMETRIC_REPRESENTATION_CONTEXT() REPRESENTATION_CONTEXT('2D SPACE',''
  ) );
#3768 = ORIENTED_EDGE('',*,*,#3769,.F.);
#3769 = EDGE_CURVE('',#3770,#3719,#3772,.T.);
#3770 = VERTEX_POINT('',#3771);
#3771 = CARTESIAN_POINT('',(50.519412714696,416.,369.8283781351));
#3772 = SURFACE_CURVE('',#3773,(#3777,#3784),.PCURVE_S1.);
#3773 = LINE('',#3774,#3775);
#3774 = CARTESIAN_POINT('',(51.,416.,374.167));
#3775 = VECTOR('',#3776,1.);
#3776 = DIRECTION('',(-0.110096196314,0.,-0.993920936271));
#3777 = PCURVE('',#669,#3778);
#3778 = DEFINITIONAL_REPRESENTATION('',(#3779),#3783);
#3779 = LINE('',#3780,#3781);
#3780 = CARTESIAN_POINT('',(65.180127501226,78.457319473226));
#3781 = VECTOR('',#3782,1.);
#3782 = DIRECTION('',(0.694159689363,-0.719821037247));
#3783 = ( GEOMETRIC_REPRESENTATION_CONTEXT(2) 
PARAMETRIC_REPRESENTATION_CONTEXT() REPRESENTATION_CONTEXT('2D SPACE',''
  ) );
#3784 = PCURVE('',#3785,#3790);
#3785 = PLANE('',#3786);
#3786 = AXIS2_PLACEMENT_3D('',#3787,#3788,#3789);
#3787 = CARTESIAN_POINT('',(51.,424.,374.167));
#3788 = DIRECTION('',(0.993920936271,0.,-0.110096196314));
#3789 = DIRECTION('',(-0.110096196314,0.,-0.993920936271));
#3790 = DEFINITIONAL_REPRESENTATION('',(#3791),#3795);
#3791 = LINE('',#3792,#3793);
#3792 = CARTESIAN_POINT('',(-0.,-8.));
#3793 = VECTOR('',#3794,1.);
#3794 = DIRECTION('',(1.,0.));
#3795 = ( GEOMETRIC_REPRESENTATION_CONTEXT(2) 
PARAMETRIC_REPRESENTATION_CONTEXT() REPRESENTATION_CONTEXT('2D SPACE',''
  ) );
#3796 = ORIENTED_EDGE('',*,*,#3797,.F.);
#3797 = EDGE_CURVE('',#3618,#3770,#3798,.T.);
#3798 = SURFACE_CURVE('',#3799,(#3804,#3811),.PCURVE_S1.);
#3799 = ELLIPSE('',#3800,4.506871768599,4.5);
#3800 = AXIS2_PLACEMENT_3D('',#3801,#3802,#3803);
#3801 = CARTESIAN_POINT('',(51.189473185597,416.,374.28103127886));
#3802 = DIRECTION('',(0.,-1.,0.));
#3803 = DIRECTION('',(-0.856799148539,-0.,-0.515650287562));
#3804 = PCURVE('',#669,#3805);
#3805 = DEFINITIONAL_REPRESENTATION('',(#3806),#3810);
#3806 = ELLIPSE('',#3807,4.506871768599,4.5);
#3807 = AXIS2_PLACEMENT_2D('',#3808,#3809);
#3808 = CARTESIAN_POINT('',(65.213493167103,78.675928606065));
#3809 = DIRECTION('',(-0.150879788206,-0.988552117752));
#3810 = ( GEOMETRIC_REPRESENTATION_CONTEXT(2) 
PARAMETRIC_REPRESENTATION_CONTEXT() REPRESENTATION_CONTEXT('2D SPACE',''
  ) );
#3811 = PCURVE('',#1205,#3812);
#3812 = DEFINITIONAL_REPRESENTATION('',(#3813),#3837);
#3813 = B_SPLINE_CURVE_WITH_KNOTS('',8,(#3814,#3815,#3816,#3817,#3818,
    #3819,#3820,#3821,#3822,#3823,#3824,#3825,#3826,#3827,#3828,#3829,
    #3830,#3831,#3832,#3833,#3834,#3835,#3836),.UNSPECIFIED.,.F.,.F.,(9,
    7,7,9),(2.600500117087,4.171296443882,6.527490934075,8.883685424267)
  ,.UNSPECIFIED.);
#3814 = CARTESIAN_POINT('',(6.28318530718,122.64107609242));
#3815 = CARTESIAN_POINT('',(6.08683576633,122.61591556574));
#3816 = CARTESIAN_POINT('',(5.890486225481,122.60015096656));
#3817 = CARTESIAN_POINT('',(5.694136684631,122.59525870003));
#3818 = CARTESIAN_POINT('',(5.497787143782,122.6019491932));
#3819 = CARTESIAN_POINT('',(5.301437602933,122.61996428387));
#3820 = CARTESIAN_POINT('',(5.105088062083,122.64808395387));
#3821 = CARTESIAN_POINT('',(4.908738521234,122.68430801054));
#3822 = CARTESIAN_POINT('',(4.417864669111,122.78898378586));
#3823 = CARTESIAN_POINT('',(4.123340357833,122.86449326803));
#3824 = CARTESIAN_POINT('',(3.828816046577,122.94440044245));
#3825 = CARTESIAN_POINT('',(3.534291735278,123.01807274192));
#3826 = CARTESIAN_POINT('',(3.239767424027,123.07475221926));
#3827 = CARTESIAN_POINT('',(2.945243112738,123.107230842));
#3828 = CARTESIAN_POINT('',(2.650718801466,123.11343905687));
#3829 = CARTESIAN_POINT('',(2.061670178918,123.07799225332));
#3830 = CARTESIAN_POINT('',(1.767145867644,123.03633616899));
#3831 = CARTESIAN_POINT('',(1.472621556371,122.97310165368));
#3832 = CARTESIAN_POINT('',(1.178097245097,122.89501924987));
#3833 = CARTESIAN_POINT('',(0.883572933822,122.81273068267));
#3834 = CARTESIAN_POINT('',(0.589048622548,122.73769756971));
#3835 = CARTESIAN_POINT('',(0.294524311274,122.67881688245));
#3836 = CARTESIAN_POINT('',(1.33226762955E-14,122.64107609242));
#3837 = ( GEOMETRIC_REPRESENTATION_CONTEXT(2) 
PARAMETRIC_REPRESENTATION_CONTEXT() REPRESENTATION_CONTEXT('2D SPACE',''
  ) );
#3838 = FACE_BOUND('',#3839,.T.);
#3839 = EDGE_LOOP('',(#3840,#3868,#3894,#3920));
#3840 = ORIENTED_EDGE('',*,*,#3841,.F.);
#3841 = EDGE_CURVE('',#3842,#3844,#3846,.T.);
#3842 = VERTEX_POINT('',#3843);
#3843 = CARTESIAN_POINT('',(44.144944392827,416.,366.88632608733));
#3844 = VERTEX_POINT('',#3845);
#3845 = CARTESIAN_POINT('',(-44.14494439282,416.,366.88632608733));
#3846 = SURFACE_CURVE('',#3847,(#3851,#3857),.PCURVE_S1.);
#3847 = LINE('',#3848,#3849);
#3848 = CARTESIAN_POINT('',(-47.57247219641,416.,366.88632608733));
#3849 = VECTOR('',#3850,1.);
#3850 = DIRECTION('',(-1.,0.,0.));
#3851 = PCURVE('',#669,#3852);
#3852 = DEFINITIONAL_REPRESENTATION('',(#3853),#3856);
#3853 = B_SPLINE_CURVE_WITH_KNOTS('',1,(#3854,#3855),.UNSPECIFIED.,.F.,
  .F.,(2,2),(-91.71741658924,-3.427527803586),.PIECEWISE_BEZIER_KNOTS.);
#3854 = CARTESIAN_POINT('',(66.399821233019,68.531980829098));
#3855 = CARTESIAN_POINT('',(9.980740761274,0.620333665258));
#3856 = ( GEOMETRIC_REPRESENTATION_CONTEXT(2) 
PARAMETRIC_REPRESENTATION_CONTEXT() REPRESENTATION_CONTEXT('2D SPACE',''
  ) );
#3857 = PCURVE('',#3858,#3863);
#3858 = PLANE('',#3859);
#3859 = AXIS2_PLACEMENT_3D('',#3860,#3861,#3862);
#3860 = CARTESIAN_POINT('',(-44.14494439282,425.,366.88632608733));
#3861 = DIRECTION('',(0.,0.,1.));
#3862 = DIRECTION('',(1.,0.,-0.));
#3863 = DEFINITIONAL_REPRESENTATION('',(#3864),#3867);
#3864 = B_SPLINE_CURVE_WITH_KNOTS('',1,(#3865,#3866),.UNSPECIFIED.,.F.,
  .F.,(2,2),(-91.71741658924,-3.427527803586),.PIECEWISE_BEZIER_KNOTS.);
#3865 = CARTESIAN_POINT('',(88.289888785654,-9.));
#3866 = CARTESIAN_POINT('',(0.,-9.));
#3867 = ( GEOMETRIC_REPRESENTATION_CONTEXT(2) 
PARAMETRIC_REPRESENTATION_CONTEXT() REPRESENTATION_CONTEXT('2D SPACE',''
  ) );
#3868 = ORIENTED_EDGE('',*,*,#3869,.F.);
#3869 = EDGE_CURVE('',#3870,#3842,#3872,.T.);
#3870 = VERTEX_POINT('',#3871);
#3871 = CARTESIAN_POINT('',(33.156940901037,416.,273.94933488933));
#3872 = SURFACE_CURVE('',#3873,(#3877,#3883),.PCURVE_S1.);
#3873 = LINE('',#3874,#3875);
#3874 = CARTESIAN_POINT('',(43.913586453726,416.,364.92949100206));
#3875 = VECTOR('',#3876,1.);
#3876 = DIRECTION('',(0.117412898331,0.,0.993083184484));
#3877 = PCURVE('',#669,#3878);
#3878 = DEFINITIONAL_REPRESENTATION('',(#3879),#3882);
#3879 = B_SPLINE_CURVE_WITH_KNOTS('',1,(#3880,#3881),.UNSPECIFIED.,.F.,
  .F.,(2,2),(-91.61383208796,1.970464424177),.PIECEWISE_BEZIER_KNOTS.);
#3880 = CARTESIAN_POINT('',(130.86440692638,0.691449101702));
#3881 = CARTESIAN_POINT('',(66.399821233019,68.531980829098));
#3882 = ( GEOMETRIC_REPRESENTATION_CONTEXT(2) 
PARAMETRIC_REPRESENTATION_CONTEXT() REPRESENTATION_CONTEXT('2D SPACE',''
  ) );
#3883 = PCURVE('',#3884,#3889);
#3884 = PLANE('',#3885);
#3885 = AXIS2_PLACEMENT_3D('',#3886,#3887,#3888);
#3886 = CARTESIAN_POINT('',(44.144944392827,425.,366.88632608733));
#3887 = DIRECTION('',(0.993083184484,0.,-0.117412898331));
#3888 = DIRECTION('',(-0.117412898331,0.,-0.993083184484));
#3889 = DEFINITIONAL_REPRESENTATION('',(#3890),#3893);
#3890 = B_SPLINE_CURVE_WITH_KNOTS('',1,(#3891,#3892),.UNSPECIFIED.,.F.,
  .F.,(2,2),(-91.61383208796,1.970464424177),.PIECEWISE_BEZIER_KNOTS.);
#3891 = CARTESIAN_POINT('',(93.584296512145,-9.));
#3892 = CARTESIAN_POINT('',(0.,-9.));
#3893 = ( GEOMETRIC_REPRESENTATION_CONTEXT(2) 
PARAMETRIC_REPRESENTATION_CONTEXT() REPRESENTATION_CONTEXT('2D SPACE',''
  ) );
#3894 = ORIENTED_EDGE('',*,*,#3895,.F.);
#3895 = EDGE_CURVE('',#3896,#3870,#3898,.T.);
#3896 = VERTEX_POINT('',#3897);
#3897 = CARTESIAN_POINT('',(-33.15694090103,416.,273.94933488933));
#3898 = SURFACE_CURVE('',#3899,(#3903,#3909),.PCURVE_S1.);
#3899 = LINE('',#3900,#3901);
#3900 = CARTESIAN_POINT('',(-8.921529549482,416.,273.94933488933));
#3901 = VECTOR('',#3902,1.);
#3902 = DIRECTION('',(1.,0.,0.));
#3903 = PCURVE('',#669,#3904);
#3904 = DEFINITIONAL_REPRESENTATION('',(#3905),#3908);
#3905 = B_SPLINE_CURVE_WITH_KNOTS('',1,(#3906,#3907),.UNSPECIFIED.,.F.,
  .F.,(2,2),(-24.23541135155,42.078470450518),.PIECEWISE_BEZIER_KNOTS.);
#3906 = CARTESIAN_POINT('',(88.488453289517,-50.31648629099));
#3907 = CARTESIAN_POINT('',(130.86440692638,0.691449101702));
#3908 = ( GEOMETRIC_REPRESENTATION_CONTEXT(2) 
PARAMETRIC_REPRESENTATION_CONTEXT() REPRESENTATION_CONTEXT('2D SPACE',''
  ) );
#3909 = PCURVE('',#3910,#3915);
#3910 = PLANE('',#3911);
#3911 = AXIS2_PLACEMENT_3D('',#3912,#3913,#3914);
#3912 = CARTESIAN_POINT('',(33.156940901037,425.,273.94933488933));
#3913 = DIRECTION('',(0.,0.,-1.));
#3914 = DIRECTION('',(-1.,0.,0.));
#3915 = DEFINITIONAL_REPRESENTATION('',(#3916),#3919);
#3916 = B_SPLINE_CURVE_WITH_KNOTS('',1,(#3917,#3918),.UNSPECIFIED.,.F.,
  .F.,(2,2),(-24.23541135155,42.078470450518),.PIECEWISE_BEZIER_KNOTS.);
#3917 = CARTESIAN_POINT('',(66.313881802074,-9.));
#3918 = CARTESIAN_POINT('',(0.,-9.));
#3919 = ( GEOMETRIC_REPRESENTATION_CONTEXT(2) 
PARAMETRIC_REPRESENTATION_CONTEXT() REPRESENTATION_CONTEXT('2D SPACE',''
  ) );
#3920 = ORIENTED_EDGE('',*,*,#3921,.F.);
#3921 = EDGE_CURVE('',#3844,#3896,#3922,.T.);
#3922 = SURFACE_CURVE('',#3923,(#3927,#3933),.PCURVE_S1.);
#3923 = LINE('',#3924,#3925);
#3924 = CARTESIAN_POINT('',(-39.12265993125,416.,324.40763492675));
#3925 = VECTOR('',#3926,1.);
#3926 = DIRECTION('',(0.117412898331,0.,-0.993083184484));
#3927 = PCURVE('',#669,#3928);
#3928 = DEFINITIONAL_REPRESENTATION('',(#3929),#3932);
#3929 = B_SPLINE_CURVE_WITH_KNOTS('',1,(#3930,#3931),.UNSPECIFIED.,.F.,
  .F.,(2,2),(-42.77455486535,50.809741646793),.PIECEWISE_BEZIER_KNOTS.);
#3930 = CARTESIAN_POINT('',(9.980740761274,0.620333665258));
#3931 = CARTESIAN_POINT('',(88.488453289517,-50.31648629099));
#3932 = ( GEOMETRIC_REPRESENTATION_CONTEXT(2) 
PARAMETRIC_REPRESENTATION_CONTEXT() REPRESENTATION_CONTEXT('2D SPACE',''
  ) );
#3933 = PCURVE('',#3934,#3939);
#3934 = PLANE('',#3935);
#3935 = AXIS2_PLACEMENT_3D('',#3936,#3937,#3938);
#3936 = CARTESIAN_POINT('',(-33.15694090103,425.,273.94933488933));
#3937 = DIRECTION('',(-0.993083184484,0.,-0.117412898331));
#3938 = DIRECTION('',(-0.117412898331,0.,0.993083184484));
#3939 = DEFINITIONAL_REPRESENTATION('',(#3940),#3943);
#3940 = B_SPLINE_CURVE_WITH_KNOTS('',1,(#3941,#3942),.UNSPECIFIED.,.F.,
  .F.,(2,2),(-42.77455486535,50.809741646793),.PIECEWISE_BEZIER_KNOTS.);
#3941 = CARTESIAN_POINT('',(93.584296512145,-9.));
#3942 = CARTESIAN_POINT('',(0.,-9.));
#3943 = ( GEOMETRIC_REPRESENTATION_CONTEXT(2) 
PARAMETRIC_REPRESENTATION_CONTEXT() REPRESENTATION_CONTEXT('2D SPACE',''
  ) );
#3944 = ADVANCED_FACE('',(#3945),#699,.T.);
#3945 = FACE_BOUND('',#3946,.T.);
#3946 = EDGE_LOOP('',(#3947,#3948,#3949,#3976,#4002,#4022,#4043,#4044));
#3947 = ORIENTED_EDGE('',*,*,#681,.F.);
#3948 = ORIENTED_EDGE('',*,*,#3617,.T.);
#3949 = ORIENTED_EDGE('',*,*,#3950,.F.);
#3950 = EDGE_CURVE('',#3951,#3618,#3953,.T.);
#3951 = VERTEX_POINT('',#3952);
#3952 = CARTESIAN_POINT('',(46.505039970122,419.787081401,374.167));
#3953 = SURFACE_CURVE('',#3954,(#3959,#3966),.PCURVE_S1.);
#3954 = ELLIPSE('',#3955,158.09247474748,4.5);
#3955 = AXIS2_PLACEMENT_3D('',#3956,#3957,#3958);
#3956 = CARTESIAN_POINT('',(51.,420.,374.167));
#3957 = DIRECTION('',(0.,0.,1.));
#3958 = DIRECTION('',(-4.731524422176E-02,0.99888000664,0.));
#3959 = PCURVE('',#699,#3960);
#3960 = DEFINITIONAL_REPRESENTATION('',(#3961),#3965);
#3961 = ELLIPSE('',#3962,158.09247474748,4.5);
#3962 = AXIS2_PLACEMENT_2D('',#3963,#3964);
#3963 = CARTESIAN_POINT('',(102.,-4.));
#3964 = DIRECTION('',(-4.731524422176E-02,0.99888000664));
#3965 = ( GEOMETRIC_REPRESENTATION_CONTEXT(2) 
PARAMETRIC_REPRESENTATION_CONTEXT() REPRESENTATION_CONTEXT('2D SPACE',''
  ) );
#3966 = PCURVE('',#1205,#3967);
#3967 = DEFINITIONAL_REPRESENTATION('',(#3968),#3975);
#3968 = B_SPLINE_CURVE_WITH_KNOTS('',5,(#3969,#3970,#3971,#3972,#3973,
    #3974),.UNSPECIFIED.,.F.,.F.,(6,6),(1.570796322998,1.599848694402),
  .PIECEWISE_BEZIER_KNOTS.);
#3969 = CARTESIAN_POINT('',(3.141592657387,126.86042866959));
#3970 = CARTESIAN_POINT('',(3.135782183106,125.94220861711));
#3971 = CARTESIAN_POINT('',(3.129971708825,125.0239885646));
#3972 = CARTESIAN_POINT('',(3.124161234544,124.10583309663));
#3973 = CARTESIAN_POINT('',(3.118350760263,123.18780679775));
#3974 = CARTESIAN_POINT('',(3.112540285982,122.26997422527));
#3975 = ( GEOMETRIC_REPRESENTATION_CONTEXT(2) 
PARAMETRIC_REPRESENTATION_CONTEXT() REPRESENTATION_CONTEXT('2D SPACE',''
  ) );
#3976 = ORIENTED_EDGE('',*,*,#3977,.F.);
#3977 = EDGE_CURVE('',#3978,#3951,#3980,.T.);
#3978 = VERTEX_POINT('',#3979);
#3979 = CARTESIAN_POINT('',(51.,420.,374.167));
#3980 = SURFACE_CURVE('',#3981,(#3985,#3991),.PCURVE_S1.);
#3981 = LINE('',#3982,#3983);
#3982 = CARTESIAN_POINT('',(0.208699852049,417.59410264009,374.167));
#3983 = VECTOR('',#3984,1.);
#3984 = DIRECTION('',(-0.99888000664,-4.731524422176E-02,0.));
#3985 = PCURVE('',#699,#3986);
#3986 = DEFINITIONAL_REPRESENTATION('',(#3987),#3990);
#3987 = B_SPLINE_CURVE_WITH_KNOTS('',1,(#3988,#3989),.UNSPECIFIED.,.F.,
  .F.,(2,2),(-50.84824985017,-46.34824985017),.PIECEWISE_BEZIER_KNOTS.);
#3988 = CARTESIAN_POINT('',(102.,-4.));
#3989 = CARTESIAN_POINT('',(97.505039970122,-4.212918598998));
#3990 = ( GEOMETRIC_REPRESENTATION_CONTEXT(2) 
PARAMETRIC_REPRESENTATION_CONTEXT() REPRESENTATION_CONTEXT('2D SPACE',''
  ) );
#3991 = PCURVE('',#3992,#3997);
#3992 = PLANE('',#3993);
#3993 = AXIS2_PLACEMENT_3D('',#3994,#3995,#3996);
#3994 = CARTESIAN_POINT('',(51.,420.,374.167));
#3995 = DIRECTION('',(-4.729607247351E-02,0.998475268667,
    -2.846435295031E-02));
#3996 = DIRECTION('',(0.99888000664,4.731524422176E-02,
    -2.168404344971E-19));
#3997 = DEFINITIONAL_REPRESENTATION('',(#3998),#4001);
#3998 = B_SPLINE_CURVE_WITH_KNOTS('',1,(#3999,#4000),.UNSPECIFIED.,.F.,
  .F.,(2,2),(-50.84824985017,-46.34824985017),.PIECEWISE_BEZIER_KNOTS.);
#3999 = CARTESIAN_POINT('',(0.,-4.828707420566E-16));
#4000 = CARTESIAN_POINT('',(-4.5,-4.818949601014E-16));
#4001 = ( GEOMETRIC_REPRESENTATION_CONTEXT(2) 
PARAMETRIC_REPRESENTATION_CONTEXT() REPRESENTATION_CONTEXT('2D SPACE',''
  ) );
#4002 = ORIENTED_EDGE('',*,*,#4003,.T.);
#4003 = EDGE_CURVE('',#3978,#4004,#4006,.T.);
#4004 = VERTEX_POINT('',#4005);
#4005 = CARTESIAN_POINT('',(51.,424.,374.167));
#4006 = SURFACE_CURVE('',#4007,(#4010,#4016),.PCURVE_S1.);
#4007 = B_SPLINE_CURVE_WITH_KNOTS('',1,(#4008,#4009),.UNSPECIFIED.,.F.,
  .F.,(2,2),(0.,1.),.PIECEWISE_BEZIER_KNOTS.);
#4008 = CARTESIAN_POINT('',(51.,416.,374.167));
#4009 = CARTESIAN_POINT('',(51.,424.,374.167));
#4010 = PCURVE('',#699,#4011);
#4011 = DEFINITIONAL_REPRESENTATION('',(#4012),#4015);
#4012 = B_SPLINE_CURVE_WITH_KNOTS('',1,(#4013,#4014),.UNSPECIFIED.,.F.,
  .F.,(2,2),(0.,1.),.PIECEWISE_BEZIER_KNOTS.);
#4013 = CARTESIAN_POINT('',(102.,-8.));
#4014 = CARTESIAN_POINT('',(102.,0.));
#4015 = ( GEOMETRIC_REPRESENTATION_CONTEXT(2) 
PARAMETRIC_REPRESENTATION_CONTEXT() REPRESENTATION_CONTEXT('2D SPACE',''
  ) );
#4016 = PCURVE('',#3785,#4017);
#4017 = DEFINITIONAL_REPRESENTATION('',(#4018),#4021);
#4018 = B_SPLINE_CURVE_WITH_KNOTS('',1,(#4019,#4020),.UNSPECIFIED.,.F.,
  .F.,(2,2),(0.,1.),.PIECEWISE_BEZIER_KNOTS.);
#4019 = CARTESIAN_POINT('',(0.,-8.));
#4020 = CARTESIAN_POINT('',(0.,0.));
#4021 = ( GEOMETRIC_REPRESENTATION_CONTEXT(2) 
PARAMETRIC_REPRESENTATION_CONTEXT() REPRESENTATION_CONTEXT('2D SPACE',''
  ) );
#4022 = ORIENTED_EDGE('',*,*,#4023,.F.);
#4023 = EDGE_CURVE('',#3569,#4004,#4024,.T.);
#4024 = SURFACE_CURVE('',#4025,(#4029,#4036),.PCURVE_S1.);
#4025 = LINE('',#4026,#4027);
#4026 = CARTESIAN_POINT('',(-51.,424.,374.167));
#4027 = VECTOR('',#4028,1.);
#4028 = DIRECTION('',(1.,0.,0.));
#4029 = PCURVE('',#699,#4030);
#4030 = DEFINITIONAL_REPRESENTATION('',(#4031),#4035);
#4031 = LINE('',#4032,#4033);
#4032 = CARTESIAN_POINT('',(0.,0.));
#4033 = VECTOR('',#4034,1.);
#4034 = DIRECTION('',(1.,0.));
#4035 = ( GEOMETRIC_REPRESENTATION_CONTEXT(2) 
PARAMETRIC_REPRESENTATION_CONTEXT() REPRESENTATION_CONTEXT('2D SPACE',''
  ) );
#4036 = PCURVE('',#3602,#4037);
#4037 = DEFINITIONAL_REPRESENTATION('',(#4038),#4042);
#4038 = LINE('',#4039,#4040);
#4039 = CARTESIAN_POINT('',(0.,0.));
#4040 = VECTOR('',#4041,1.);
#4041 = DIRECTION('',(0.639020857855,0.7691894066));
#4042 = ( GEOMETRIC_REPRESENTATION_CONTEXT(2) 
PARAMETRIC_REPRESENTATION_CONTEXT() REPRESENTATION_CONTEXT('2D SPACE',''
  ) );
#4043 = ORIENTED_EDGE('',*,*,#3568,.F.);
#4044 = ORIENTED_EDGE('',*,*,#3460,.F.);
#4045 = ADVANCED_FACE('',(#4046),#776,.T.);
#4046 = FACE_BOUND('',#4047,.T.);
#4047 = EDGE_LOOP('',(#4048,#4049,#4077,#4098,#4099));
#4048 = ORIENTED_EDGE('',*,*,#2747,.F.);
#4049 = ORIENTED_EDGE('',*,*,#4050,.F.);
#4050 = EDGE_CURVE('',#4051,#2748,#4053,.T.);
#4051 = VERTEX_POINT('',#4052);
#4052 = CARTESIAN_POINT('',(-47.34806729268,360.5,313.24992877478));
#4053 = SURFACE_CURVE('',#4054,(#4059,#4066),.PCURVE_S1.);
#4054 = ELLIPSE('',#4055,18.090665171101,18.);
#4055 = AXIS2_PLACEMENT_3D('',#4056,#4057,#4058);
#4056 = CARTESIAN_POINT('',(-45.58438425085,364.5,295.7));
#4057 = DIRECTION('',(-0.994988289803,0.,-9.999151541061E-02));
#4058 = DIRECTION('',(-9.999151541061E-02,0.,0.994988289803));
#4059 = PCURVE('',#776,#4060);
#4060 = DEFINITIONAL_REPRESENTATION('',(#4061),#4065);
#4061 = ELLIPSE('',#4062,18.090665171101,18.);
#4062 = AXIS2_PLACEMENT_2D('',#4063,#4064);
#4063 = CARTESIAN_POINT('',(39.557794323423,-4.));
#4064 = DIRECTION('',(1.,0.));
#4065 = ( GEOMETRIC_REPRESENTATION_CONTEXT(2) 
PARAMETRIC_REPRESENTATION_CONTEXT() REPRESENTATION_CONTEXT('2D SPACE',''
  ) );
#4066 = PCURVE('',#2785,#4067);
#4067 = DEFINITIONAL_REPRESENTATION('',(#4068),#4076);
#4068 = B_SPLINE_CURVE_WITH_KNOTS('',6,(#4069,#4070,#4071,#4072,#4073,
    #4074,#4075),.UNSPECIFIED.,.F.,.F.,(7,7),(6.013252511346,
    6.553118103013),.PIECEWISE_BEZIER_KNOTS.);
#4069 = CARTESIAN_POINT('',(2.871659857756,5.743410149456));
#4070 = CARTESIAN_POINT('',(2.961637456368,5.786813256151));
#4071 = CARTESIAN_POINT('',(3.051615054979,5.813278850303));
#4072 = CARTESIAN_POINT('',(3.14159265359,5.822174436581));
#4073 = CARTESIAN_POINT('',(3.231570252201,5.813278850303));
#4074 = CARTESIAN_POINT('',(3.321547850812,5.786813256151));
#4075 = CARTESIAN_POINT('',(3.411525449423,5.743410149456));
#4076 = ( GEOMETRIC_REPRESENTATION_CONTEXT(2) 
PARAMETRIC_REPRESENTATION_CONTEXT() REPRESENTATION_CONTEXT('2D SPACE',''
  ) );
#4077 = ORIENTED_EDGE('',*,*,#4078,.T.);
#4078 = EDGE_CURVE('',#4051,#789,#4079,.T.);
#4079 = SURFACE_CURVE('',#4080,(#4084,#4091),.PCURVE_S1.);
#4080 = LINE('',#4081,#4082);
#4081 = CARTESIAN_POINT('',(-41.62894045015,360.5,256.34045787774));
#4082 = VECTOR('',#4083,1.);
#4083 = DIRECTION('',(-9.999151541061E-02,0.,0.994988289803));
#4084 = PCURVE('',#776,#4085);
#4085 = DEFINITIONAL_REPRESENTATION('',(#4086),#4090);
#4086 = LINE('',#4087,#4088);
#4087 = CARTESIAN_POINT('',(0.,-8.));
#4088 = VECTOR('',#4089,1.);
#4089 = DIRECTION('',(1.,0.));
#4090 = ( GEOMETRIC_REPRESENTATION_CONTEXT(2) 
PARAMETRIC_REPRESENTATION_CONTEXT() REPRESENTATION_CONTEXT('2D SPACE',''
  ) );
#4091 = PCURVE('',#852,#4092);
#4092 = DEFINITIONAL_REPRESENTATION('',(#4093),#4097);
#4093 = LINE('',#4094,#4095);
#4094 = CARTESIAN_POINT('',(100.82852055448,-65.08496996666));
#4095 = VECTOR('',#4096,1.);
#4096 = DIRECTION('',(-0.840166380571,0.542328731452));
#4097 = ( GEOMETRIC_REPRESENTATION_CONTEXT(2) 
PARAMETRIC_REPRESENTATION_CONTEXT() REPRESENTATION_CONTEXT('2D SPACE',''
  ) );
#4098 = ORIENTED_EDGE('',*,*,#788,.F.);
#4099 = ORIENTED_EDGE('',*,*,#756,.F.);
#4100 = ADVANCED_FACE('',(#4101,#4646),#852,.T.);
#4101 = FACE_BOUND('',#4102,.T.);
#4102 = EDGE_LOOP('',(#4103,#4104,#4105,#4106,#4127,#4153,#4174,#4195,
    #4216,#4237,#4258,#4279,#4280,#4281,#4304,#4355,#4406,#4429,#4450,
    #4476,#4497,#4518,#4539,#4560,#4581,#4604));
#4103 = ORIENTED_EDGE('',*,*,#2642,.F.);
#4104 = ORIENTED_EDGE('',*,*,#815,.F.);
#4105 = ORIENTED_EDGE('',*,*,#4078,.F.);
#4106 = ORIENTED_EDGE('',*,*,#4107,.F.);
#4107 = EDGE_CURVE('',#4108,#4051,#4110,.T.);
#4108 = VERTEX_POINT('',#4109);
#4109 = CARTESIAN_POINT('',(-41.58438425085,360.5,313.24992877478));
#4110 = SURFACE_CURVE('',#4111,(#4115,#4121),.PCURVE_S1.);
#4111 = LINE('',#4112,#4113);
#4112 = CARTESIAN_POINT('',(-41.58438425085,360.5,313.24992877478));
#4113 = VECTOR('',#4114,1.);
#4114 = DIRECTION('',(-1.,0.,0.));
#4115 = PCURVE('',#852,#4116);
#4116 = DEFINITIONAL_REPRESENTATION('',(#4117),#4120);
#4117 = B_SPLINE_CURVE_WITH_KNOTS('',1,(#4118,#4119),.UNSPECIFIED.,.F.,
  .F.,(2,2),(-5.999999999062E-07,28.415616349143),
  .PIECEWISE_BEZIER_KNOTS.);
#4118 = CARTESIAN_POINT('',(56.368612168982,-29.56024041889));
#4119 = CARTESIAN_POINT('',(38.648058119618,-51.77350786841));
#4120 = ( GEOMETRIC_REPRESENTATION_CONTEXT(2) 
PARAMETRIC_REPRESENTATION_CONTEXT() REPRESENTATION_CONTEXT('2D SPACE',''
  ) );
#4121 = PCURVE('',#2785,#4122);
#4122 = DEFINITIONAL_REPRESENTATION('',(#4123),#4126);
#4123 = B_SPLINE_CURVE_WITH_KNOTS('',1,(#4124,#4125),.UNSPECIFIED.,.F.,
  .F.,(2,2),(-5.999999999062E-07,28.415616349143),
  .PIECEWISE_BEZIER_KNOTS.);
#4124 = CARTESIAN_POINT('',(2.917499561288,-5.999999999062E-07));
#4125 = CARTESIAN_POINT('',(2.917499561288,28.415616349143));
#4126 = ( GEOMETRIC_REPRESENTATION_CONTEXT(2) 
PARAMETRIC_REPRESENTATION_CONTEXT() REPRESENTATION_CONTEXT('2D SPACE',''
  ) );
#4127 = ORIENTED_EDGE('',*,*,#4128,.T.);
#4128 = EDGE_CURVE('',#4108,#4129,#4131,.T.);
#4129 = VERTEX_POINT('',#4130);
#4130 = CARTESIAN_POINT('',(-41.58438425085,360.5,302.62820323027));
#4131 = SURFACE_CURVE('',#4132,(#4136,#4142),.PCURVE_S1.);
#4132 = LINE('',#4133,#4134);
#4133 = CARTESIAN_POINT('',(-41.58438425085,360.5,335.72459199712));
#4134 = VECTOR('',#4135,1.);
#4135 = DIRECTION('',(-0.,-0.,-1.));
#4136 = PCURVE('',#852,#4137);
#4137 = DEFINITIONAL_REPRESENTATION('',(#4138),#4141);
#4138 = B_SPLINE_CURVE_WITH_KNOTS('',1,(#4139,#4140),.UNSPECIFIED.,.F.,
  .F.,(2,2),(22.024591997126,58.024591997126),.PIECEWISE_BEZIER_KNOTS.);
#4139 = CARTESIAN_POINT('',(56.016778768804,-29.27956735946));
#4140 = CARTESIAN_POINT('',(84.158966552867,-51.72989623738));
#4141 = ( GEOMETRIC_REPRESENTATION_CONTEXT(2) 
PARAMETRIC_REPRESENTATION_CONTEXT() REPRESENTATION_CONTEXT('2D SPACE',''
  ) );
#4142 = PCURVE('',#4143,#4148);
#4143 = PLANE('',#4144);
#4144 = AXIS2_PLACEMENT_3D('',#4145,#4146,#4147);
#4145 = CARTESIAN_POINT('',(-41.58438425085,364.5,295.7));
#4146 = DIRECTION('',(-1.,0.,0.));
#4147 = DIRECTION('',(0.,0.,-1.));
#4148 = DEFINITIONAL_REPRESENTATION('',(#4149),#4152);
#4149 = B_SPLINE_CURVE_WITH_KNOTS('',1,(#4150,#4151),.UNSPECIFIED.,.F.,
  .F.,(2,2),(22.024591997126,58.024591997126),.PIECEWISE_BEZIER_KNOTS.);
#4150 = CARTESIAN_POINT('',(-18.,4.));
#4151 = CARTESIAN_POINT('',(18.,4.));
#4152 = ( GEOMETRIC_REPRESENTATION_CONTEXT(2) 
PARAMETRIC_REPRESENTATION_CONTEXT() REPRESENTATION_CONTEXT('2D SPACE',''
  ) );
#4153 = ORIENTED_EDGE('',*,*,#4154,.F.);
#4154 = EDGE_CURVE('',#4155,#4129,#4157,.T.);
#4155 = VERTEX_POINT('',#4156);
#4156 = CARTESIAN_POINT('',(-40.58438425085,360.5,302.62820323027));
#4157 = SURFACE_CURVE('',#4158,(#4162,#4168),.PCURVE_S1.);
#4158 = LINE('',#4159,#4160);
#4159 = CARTESIAN_POINT('',(-40.58438425085,360.5,302.62820323027));
#4160 = VECTOR('',#4161,1.);
#4161 = DIRECTION('',(-1.,0.,0.));
#4162 = PCURVE('',#852,#4163);
#4163 = DEFINITIONAL_REPRESENTATION('',(#4164),#4167);
#4164 = B_SPLINE_CURVE_WITH_KNOTS('',1,(#4165,#4166),.UNSPECIFIED.,.F.,
  .F.,(2,2),(-5.999999999062E-07,30.415616349143),
  .PIECEWISE_BEZIER_KNOTS.);
#4165 = CARTESIAN_POINT('',(65.295526717378,-35.40243608392));
#4166 = CARTESIAN_POINT('',(46.327732174796,-59.17915841033));
#4167 = ( GEOMETRIC_REPRESENTATION_CONTEXT(2) 
PARAMETRIC_REPRESENTATION_CONTEXT() REPRESENTATION_CONTEXT('2D SPACE',''
  ) );
#4168 = PCURVE('',#2837,#4169);
#4169 = DEFINITIONAL_REPRESENTATION('',(#4170),#4173);
#4170 = B_SPLINE_CURVE_WITH_KNOTS('',1,(#4171,#4172),.UNSPECIFIED.,.F.,
  .F.,(2,2),(-5.999999999062E-07,30.415616349143),
  .PIECEWISE_BEZIER_KNOTS.);
#4171 = CARTESIAN_POINT('',(2.617993877991,-5.999999999062E-07));
#4172 = CARTESIAN_POINT('',(2.617993877991,30.415616349143));
#4173 = ( GEOMETRIC_REPRESENTATION_CONTEXT(2) 
PARAMETRIC_REPRESENTATION_CONTEXT() REPRESENTATION_CONTEXT('2D SPACE',''
  ) );
#4174 = ORIENTED_EDGE('',*,*,#4175,.T.);
#4175 = EDGE_CURVE('',#4155,#4176,#4178,.T.);
#4176 = VERTEX_POINT('',#4177);
#4177 = CARTESIAN_POINT('',(-40.58438425085,360.5,288.77179676972));
#4178 = SURFACE_CURVE('',#4179,(#4183,#4189),.PCURVE_S1.);
#4179 = LINE('',#4180,#4181);
#4180 = CARTESIAN_POINT('',(-40.58438425085,360.5,335.72459199712));
#4181 = VECTOR('',#4182,1.);
#4182 = DIRECTION('',(-0.,-0.,-1.));
#4183 = PCURVE('',#852,#4184);
#4184 = DEFINITIONAL_REPRESENTATION('',(#4185),#4188);
#4185 = B_SPLINE_CURVE_WITH_KNOTS('',1,(#4186,#4187),.UNSPECIFIED.,.F.,
  .F.,(2,2),(32.024591997126,48.024591997126),.PIECEWISE_BEZIER_KNOTS.);
#4186 = CARTESIAN_POINT('',(64.457673399874,-34.7340423871));
#4187 = CARTESIAN_POINT('',(76.965312415013,-44.71196633284));
#4188 = ( GEOMETRIC_REPRESENTATION_CONTEXT(2) 
PARAMETRIC_REPRESENTATION_CONTEXT() REPRESENTATION_CONTEXT('2D SPACE',''
  ) );
#4189 = PCURVE('',#2863,#4190);
#4190 = DEFINITIONAL_REPRESENTATION('',(#4191),#4194);
#4191 = B_SPLINE_CURVE_WITH_KNOTS('',1,(#4192,#4193),.UNSPECIFIED.,.F.,
  .F.,(2,2),(32.024591997126,48.024591997126),.PIECEWISE_BEZIER_KNOTS.);
#4192 = CARTESIAN_POINT('',(-8.,4.));
#4193 = CARTESIAN_POINT('',(8.,4.));
#4194 = ( GEOMETRIC_REPRESENTATION_CONTEXT(2) 
PARAMETRIC_REPRESENTATION_CONTEXT() REPRESENTATION_CONTEXT('2D SPACE',''
  ) );
#4195 = ORIENTED_EDGE('',*,*,#4196,.T.);
#4196 = EDGE_CURVE('',#4176,#4197,#4199,.T.);
#4197 = VERTEX_POINT('',#4198);
#4198 = CARTESIAN_POINT('',(-41.58438425085,360.5,288.77179676972));
#4199 = SURFACE_CURVE('',#4200,(#4204,#4210),.PCURVE_S1.);
#4200 = LINE('',#4201,#4202);
#4201 = CARTESIAN_POINT('',(-40.58438425085,360.5,288.77179676972));
#4202 = VECTOR('',#4203,1.);
#4203 = DIRECTION('',(-1.,0.,0.));
#4204 = PCURVE('',#852,#4205);
#4205 = DEFINITIONAL_REPRESENTATION('',(#4206),#4209);
#4206 = B_SPLINE_CURVE_WITH_KNOTS('',1,(#4207,#4208),.UNSPECIFIED.,.F.,
  .F.,(2,2),(-5.999999999062E-07,30.415616349143),
  .PIECEWISE_BEZIER_KNOTS.);
#4207 = CARTESIAN_POINT('',(76.127459845854,-44.04357169796));
#4208 = CARTESIAN_POINT('',(57.159665303272,-67.82029402437));
#4209 = ( GEOMETRIC_REPRESENTATION_CONTEXT(2) 
PARAMETRIC_REPRESENTATION_CONTEXT() REPRESENTATION_CONTEXT('2D SPACE',''
  ) );
#4210 = PCURVE('',#2837,#4211);
#4211 = DEFINITIONAL_REPRESENTATION('',(#4212),#4215);
#4212 = B_SPLINE_CURVE_WITH_KNOTS('',1,(#4213,#4214),.UNSPECIFIED.,.F.,
  .F.,(2,2),(-5.999999999062E-07,30.415616349143),
  .PIECEWISE_BEZIER_KNOTS.);
#4213 = CARTESIAN_POINT('',(0.523598775598,-5.999999999062E-07));
#4214 = CARTESIAN_POINT('',(0.523598775598,30.415616349143));
#4215 = ( GEOMETRIC_REPRESENTATION_CONTEXT(2) 
PARAMETRIC_REPRESENTATION_CONTEXT() REPRESENTATION_CONTEXT('2D SPACE',''
  ) );
#4216 = ORIENTED_EDGE('',*,*,#4217,.T.);
#4217 = EDGE_CURVE('',#4197,#4218,#4220,.T.);
#4218 = VERTEX_POINT('',#4219);
#4219 = CARTESIAN_POINT('',(-41.58438425085,360.5,278.15007122521));
#4220 = SURFACE_CURVE('',#4221,(#4225,#4231),.PCURVE_S1.);
#4221 = LINE('',#4222,#4223);
#4222 = CARTESIAN_POINT('',(-41.58438425085,360.5,335.72459199712));
#4223 = VECTOR('',#4224,1.);
#4224 = DIRECTION('',(-0.,-0.,-1.));
#4225 = PCURVE('',#852,#4226);
#4226 = DEFINITIONAL_REPRESENTATION('',(#4227),#4230);
#4227 = B_SPLINE_CURVE_WITH_KNOTS('',1,(#4228,#4229),.UNSPECIFIED.,.F.,
  .F.,(2,2),(22.024591997126,58.024591997126),.PIECEWISE_BEZIER_KNOTS.);
#4228 = CARTESIAN_POINT('',(56.016778768804,-29.27956735946));
#4229 = CARTESIAN_POINT('',(84.158966552867,-51.72989623738));
#4230 = ( GEOMETRIC_REPRESENTATION_CONTEXT(2) 
PARAMETRIC_REPRESENTATION_CONTEXT() REPRESENTATION_CONTEXT('2D SPACE',''
  ) );
#4231 = PCURVE('',#4143,#4232);
#4232 = DEFINITIONAL_REPRESENTATION('',(#4233),#4236);
#4233 = B_SPLINE_CURVE_WITH_KNOTS('',1,(#4234,#4235),.UNSPECIFIED.,.F.,
  .F.,(2,2),(22.024591997126,58.024591997126),.PIECEWISE_BEZIER_KNOTS.);
#4234 = CARTESIAN_POINT('',(-18.,4.));
#4235 = CARTESIAN_POINT('',(18.,4.));
#4236 = ( GEOMETRIC_REPRESENTATION_CONTEXT(2) 
PARAMETRIC_REPRESENTATION_CONTEXT() REPRESENTATION_CONTEXT('2D SPACE',''
  ) );
#4237 = ORIENTED_EDGE('',*,*,#4238,.T.);
#4238 = EDGE_CURVE('',#4218,#4239,#4241,.T.);
#4239 = VERTEX_POINT('',#4240);
#4240 = CARTESIAN_POINT('',(-43.82070120903,360.5,278.15007122521));
#4241 = SURFACE_CURVE('',#4242,(#4246,#4252),.PCURVE_S1.);
#4242 = LINE('',#4243,#4244);
#4243 = CARTESIAN_POINT('',(-41.58438425085,360.5,278.15007122521));
#4244 = VECTOR('',#4245,1.);
#4245 = DIRECTION('',(-1.,0.,0.));
#4246 = PCURVE('',#852,#4247);
#4247 = DEFINITIONAL_REPRESENTATION('',(#4248),#4251);
#4248 = B_SPLINE_CURVE_WITH_KNOTS('',1,(#4249,#4250),.UNSPECIFIED.,.F.,
  .F.,(2,2),(-5.999999999062E-07,28.415616349143),
  .PIECEWISE_BEZIER_KNOTS.);
#4249 = CARTESIAN_POINT('',(83.807133901032,-51.44922223988));
#4250 = CARTESIAN_POINT('',(66.086579851668,-73.6624896894));
#4251 = ( GEOMETRIC_REPRESENTATION_CONTEXT(2) 
PARAMETRIC_REPRESENTATION_CONTEXT() REPRESENTATION_CONTEXT('2D SPACE',''
  ) );
#4252 = PCURVE('',#2785,#4253);
#4253 = DEFINITIONAL_REPRESENTATION('',(#4254),#4257);
#4254 = B_SPLINE_CURVE_WITH_KNOTS('',1,(#4255,#4256),.UNSPECIFIED.,.F.,
  .F.,(2,2),(-5.999999999062E-07,28.415616349143),
  .PIECEWISE_BEZIER_KNOTS.);
#4255 = CARTESIAN_POINT('',(0.224093092301,-5.999999999062E-07));
#4256 = CARTESIAN_POINT('',(0.224093092301,28.415616349143));
#4257 = ( GEOMETRIC_REPRESENTATION_CONTEXT(2) 
PARAMETRIC_REPRESENTATION_CONTEXT() REPRESENTATION_CONTEXT('2D SPACE',''
  ) );
#4258 = ORIENTED_EDGE('',*,*,#4259,.F.);
#4259 = EDGE_CURVE('',#2120,#4239,#4260,.T.);
#4260 = SURFACE_CURVE('',#4261,(#4265,#4272),.PCURVE_S1.);
#4261 = LINE('',#4262,#4263);
#4262 = CARTESIAN_POINT('',(-41.62894045015,360.5,256.34045787774));
#4263 = VECTOR('',#4264,1.);
#4264 = DIRECTION('',(-9.999151541061E-02,0.,0.994988289803));
#4265 = PCURVE('',#852,#4266);
#4266 = DEFINITIONAL_REPRESENTATION('',(#4267),#4271);
#4267 = LINE('',#4268,#4269);
#4268 = CARTESIAN_POINT('',(100.82852055448,-65.08496996666));
#4269 = VECTOR('',#4270,1.);
#4270 = DIRECTION('',(-0.840166380571,0.542328731452));
#4271 = ( GEOMETRIC_REPRESENTATION_CONTEXT(2) 
PARAMETRIC_REPRESENTATION_CONTEXT() REPRESENTATION_CONTEXT('2D SPACE',''
  ) );
#4272 = PCURVE('',#2141,#4273);
#4273 = DEFINITIONAL_REPRESENTATION('',(#4274),#4278);
#4274 = LINE('',#4275,#4276);
#4275 = CARTESIAN_POINT('',(0.,-8.));
#4276 = VECTOR('',#4277,1.);
#4277 = DIRECTION('',(1.,0.));
#4278 = ( GEOMETRIC_REPRESENTATION_CONTEXT(2) 
PARAMETRIC_REPRESENTATION_CONTEXT() REPRESENTATION_CONTEXT('2D SPACE',''
  ) );
#4279 = ORIENTED_EDGE('',*,*,#2596,.F.);
#4280 = ORIENTED_EDGE('',*,*,#2525,.F.);
#4281 = ORIENTED_EDGE('',*,*,#4282,.F.);
#4282 = EDGE_CURVE('',#4283,#2499,#4285,.T.);
#4283 = VERTEX_POINT('',#4284);
#4284 = CARTESIAN_POINT('',(37.359006019478,360.5,256.34045787774));
#4285 = SURFACE_CURVE('',#4286,(#4290,#4297),.PCURVE_S1.);
#4286 = LINE('',#4287,#4288);
#4287 = CARTESIAN_POINT('',(41.628940450157,360.5,256.34045787774));
#4288 = VECTOR('',#4289,1.);
#4289 = DIRECTION('',(-1.,0.,0.));
#4290 = PCURVE('',#852,#4291);
#4291 = DEFINITIONAL_REPRESENTATION('',(#4292),#4296);
#4292 = LINE('',#4293,#4294);
#4293 = CARTESIAN_POINT('',(152.74982077366,0.));
#4294 = VECTOR('',#4295,1.);
#4295 = DIRECTION('',(-0.623620246609,-0.781727438446));
#4296 = ( GEOMETRIC_REPRESENTATION_CONTEXT(2) 
PARAMETRIC_REPRESENTATION_CONTEXT() REPRESENTATION_CONTEXT('2D SPACE',''
  ) );
#4297 = PCURVE('',#2486,#4298);
#4298 = DEFINITIONAL_REPRESENTATION('',(#4299),#4303);
#4299 = LINE('',#4300,#4301);
#4300 = CARTESIAN_POINT('',(0.,-8.));
#4301 = VECTOR('',#4302,1.);
#4302 = DIRECTION('',(1.,0.));
#4303 = ( GEOMETRIC_REPRESENTATION_CONTEXT(2) 
PARAMETRIC_REPRESENTATION_CONTEXT() REPRESENTATION_CONTEXT('2D SPACE',''
  ) );
#4304 = ORIENTED_EDGE('',*,*,#4305,.F.);
#4305 = EDGE_CURVE('',#4306,#4283,#4308,.T.);
#4306 = VERTEX_POINT('',#4307);
#4307 = CARTESIAN_POINT('',(41.782474048655,360.5,260.22159840541));
#4308 = SURFACE_CURVE('',#4309,(#4314,#4321),.PCURVE_S1.);
#4309 = ELLIPSE('',#4310,4.570333244668,4.5);
#4310 = AXIS2_PLACEMENT_3D('',#4311,#4312,#4313);
#4311 = CARTESIAN_POINT('',(41.818413635754,360.5,255.65623862568));
#4312 = DIRECTION('',(0.,-1.,0.));
#4313 = DIRECTION('',(-0.266875269637,0.,0.963731077872));
#4314 = PCURVE('',#852,#4315);
#4315 = DEFINITIONAL_REPRESENTATION('',(#4316),#4320);
#4316 = ELLIPSE('',#4317,4.570333244668,4.5);
#4317 = AXIS2_PLACEMENT_2D('',#4318,#4319);
#4318 = CARTESIAN_POINT('',(153.40285305163,-0.27857659067));
#4319 = DIRECTION('',(-0.919803848321,0.392378491529));
#4320 = ( GEOMETRIC_REPRESENTATION_CONTEXT(2) 
PARAMETRIC_REPRESENTATION_CONTEXT() REPRESENTATION_CONTEXT('2D SPACE',''
  ) );
#4321 = PCURVE('',#1070,#4322);
#4322 = DEFINITIONAL_REPRESENTATION('',(#4323),#4354);
#4323 = B_SPLINE_CURVE_WITH_KNOTS('',8,(#4324,#4325,#4326,#4327,#4328,
    #4329,#4330,#4331,#4332,#4333,#4334,#4335,#4336,#4337,#4338,#4339,
    #4340,#4341,#4342,#4343,#4344,#4345,#4346,#4347,#4348,#4349,#4350,
    #4351,#4352,#4353),.UNSPECIFIED.,.F.,.F.,(9,7,7,7,9),(6.01699839737,
    7.587794724165,9.943989214357,11.122086459453,12.300183704549),
  .UNSPECIFIED.);
#4324 = CARTESIAN_POINT('',(6.28318530718,68.987379224078));
#4325 = CARTESIAN_POINT('',(6.08683576633,69.028633377064));
#4326 = CARTESIAN_POINT('',(5.89048622548,69.035934242621));
#4327 = CARTESIAN_POINT('',(5.694136684633,69.006863293071));
#4328 = CARTESIAN_POINT('',(5.497787143783,68.941774325496));
#4329 = CARTESIAN_POINT('',(5.301437602933,68.844153402718));
#4330 = CARTESIAN_POINT('',(5.105088062084,68.720249692959));
#4331 = CARTESIAN_POINT('',(4.908738521234,68.578203738766));
#4332 = CARTESIAN_POINT('',(4.417864669111,68.1999436063));
#4333 = CARTESIAN_POINT('',(4.123340357831,67.952157089756));
#4334 = CARTESIAN_POINT('',(3.828816046571,67.713551417342));
#4335 = CARTESIAN_POINT('',(3.534291735268,67.517928263755));
#4336 = CARTESIAN_POINT('',(3.239767424022,67.394827188225));
#4337 = CARTESIAN_POINT('',(2.945243112737,67.35863739952));
#4338 = CARTESIAN_POINT('',(2.650718801466,67.406615285489));
#4339 = CARTESIAN_POINT('',(2.208932334555,67.581703604248));
#4340 = CARTESIAN_POINT('',(2.061670178918,67.65725307406));
#4341 = CARTESIAN_POINT('',(1.914408023282,67.7480603288));
#4342 = CARTESIAN_POINT('',(1.767145867644,67.851402488537));
#4343 = CARTESIAN_POINT('',(1.619883712007,67.963892940784));
#4344 = CARTESIAN_POINT('',(1.47262155637,68.081713211911));
#4345 = CARTESIAN_POINT('',(1.325359400733,68.200891372052));
#4346 = CARTESIAN_POINT('',(1.030835089459,68.434252369958));
#4347 = CARTESIAN_POINT('',(0.883572933822,68.548435122312));
#4348 = CARTESIAN_POINT('',(0.736310778185,68.656264700931));
#4349 = CARTESIAN_POINT('',(0.589048622548,68.75399991397));
#4350 = CARTESIAN_POINT('',(0.441786466911,68.838285124849));
#4351 = CARTESIAN_POINT('',(0.294524311274,68.906399627869));
#4352 = CARTESIAN_POINT('',(0.147262155637,68.956438609339));
#4353 = CARTESIAN_POINT('',(3.157967714489E-15,68.987379224078));
#4354 = ( GEOMETRIC_REPRESENTATION_CONTEXT(2) 
PARAMETRIC_REPRESENTATION_CONTEXT() REPRESENTATION_CONTEXT('2D SPACE',''
  ) );
#4355 = ORIENTED_EDGE('',*,*,#4356,.F.);
#4356 = EDGE_CURVE('',#4357,#4306,#4359,.T.);
#4357 = VERTEX_POINT('',#4358);
#4358 = CARTESIAN_POINT('',(42.018347258385,360.5,260.21533878704));
#4359 = SURFACE_CURVE('',#4360,(#4365,#4372),.PCURVE_S1.);
#4360 = ELLIPSE('',#4361,4.570333244668,4.5);
#4361 = AXIS2_PLACEMENT_3D('',#4362,#4363,#4364);
#4362 = CARTESIAN_POINT('',(41.818413635754,360.5,255.65623862568));
#4363 = DIRECTION('',(0.,-1.,0.));
#4364 = DIRECTION('',(-0.266875269637,0.,0.963731077872));
#4365 = PCURVE('',#852,#4366);
#4366 = DEFINITIONAL_REPRESENTATION('',(#4367),#4371);
#4367 = ELLIPSE('',#4368,4.570333244668,4.5);
#4368 = AXIS2_PLACEMENT_2D('',#4369,#4370);
#4369 = CARTESIAN_POINT('',(153.40285305163,-0.27857659067));
#4370 = DIRECTION('',(-0.919803848321,0.392378491529));
#4371 = ( GEOMETRIC_REPRESENTATION_CONTEXT(2) 
PARAMETRIC_REPRESENTATION_CONTEXT() REPRESENTATION_CONTEXT('2D SPACE',''
  ) );
#4372 = PCURVE('',#1070,#4373);
#4373 = DEFINITIONAL_REPRESENTATION('',(#4374),#4405);
#4374 = B_SPLINE_CURVE_WITH_KNOTS('',8,(#4375,#4376,#4377,#4378,#4379,
    #4380,#4381,#4382,#4383,#4384,#4385,#4386,#4387,#4388,#4389,#4390,
    #4391,#4392,#4393,#4394,#4395,#4396,#4397,#4398,#4399,#4400,#4401,
    #4402,#4403,#4404),.UNSPECIFIED.,.F.,.F.,(9,7,7,7,9),(6.01699839737,
    7.587794724165,9.943989214357,11.122086459453,12.300183704549),
  .UNSPECIFIED.);
#4375 = CARTESIAN_POINT('',(6.28318530718,68.987379224078));
#4376 = CARTESIAN_POINT('',(6.08683576633,69.028633377064));
#4377 = CARTESIAN_POINT('',(5.89048622548,69.035934242621));
#4378 = CARTESIAN_POINT('',(5.694136684633,69.006863293071));
#4379 = CARTESIAN_POINT('',(5.497787143783,68.941774325496));
#4380 = CARTESIAN_POINT('',(5.301437602933,68.844153402718));
#4381 = CARTESIAN_POINT('',(5.105088062084,68.720249692959));
#4382 = CARTESIAN_POINT('',(4.908738521234,68.578203738766));
#4383 = CARTESIAN_POINT('',(4.417864669111,68.1999436063));
#4384 = CARTESIAN_POINT('',(4.123340357831,67.952157089756));
#4385 = CARTESIAN_POINT('',(3.828816046571,67.713551417342));
#4386 = CARTESIAN_POINT('',(3.534291735268,67.517928263755));
#4387 = CARTESIAN_POINT('',(3.239767424022,67.394827188225));
#4388 = CARTESIAN_POINT('',(2.945243112737,67.35863739952));
#4389 = CARTESIAN_POINT('',(2.650718801466,67.406615285489));
#4390 = CARTESIAN_POINT('',(2.208932334555,67.581703604248));
#4391 = CARTESIAN_POINT('',(2.061670178918,67.65725307406));
#4392 = CARTESIAN_POINT('',(1.914408023282,67.7480603288));
#4393 = CARTESIAN_POINT('',(1.767145867644,67.851402488537));
#4394 = CARTESIAN_POINT('',(1.619883712007,67.963892940784));
#4395 = CARTESIAN_POINT('',(1.47262155637,68.081713211911));
#4396 = CARTESIAN_POINT('',(1.325359400733,68.200891372052));
#4397 = CARTESIAN_POINT('',(1.030835089459,68.434252369958));
#4398 = CARTESIAN_POINT('',(0.883572933822,68.548435122312));
#4399 = CARTESIAN_POINT('',(0.736310778185,68.656264700931));
#4400 = CARTESIAN_POINT('',(0.589048622548,68.75399991397));
#4401 = CARTESIAN_POINT('',(0.441786466911,68.838285124849));
#4402 = CARTESIAN_POINT('',(0.294524311274,68.906399627869));
#4403 = CARTESIAN_POINT('',(0.147262155637,68.956438609339));
#4404 = CARTESIAN_POINT('',(3.157967714489E-15,68.987379224078));
#4405 = ( GEOMETRIC_REPRESENTATION_CONTEXT(2) 
PARAMETRIC_REPRESENTATION_CONTEXT() REPRESENTATION_CONTEXT('2D SPACE',''
  ) );
#4406 = ORIENTED_EDGE('',*,*,#4407,.F.);
#4407 = EDGE_CURVE('',#4408,#4357,#4410,.T.);
#4408 = VERTEX_POINT('',#4409);
#4409 = CARTESIAN_POINT('',(43.820701209034,360.5,278.15007122521));
#4410 = SURFACE_CURVE('',#4411,(#4415,#4422),.PCURVE_S1.);
#4411 = LINE('',#4412,#4413);
#4412 = CARTESIAN_POINT('',(53.628940450157,360.5,375.74918399425));
#4413 = VECTOR('',#4414,1.);
#4414 = DIRECTION('',(-9.999151541061E-02,0.,-0.994988289803));
#4415 = PCURVE('',#852,#4416);
#4416 = DEFINITIONAL_REPRESENTATION('',(#4417),#4421);
#4417 = LINE('',#4418,#4419);
#4418 = CARTESIAN_POINT('',(66.888186137785,83.846428489369));
#4419 = VECTOR('',#4420,1.);
#4420 = DIRECTION('',(0.715452913573,-0.698660953868));
#4421 = ( GEOMETRIC_REPRESENTATION_CONTEXT(2) 
PARAMETRIC_REPRESENTATION_CONTEXT() REPRESENTATION_CONTEXT('2D SPACE',''
  ) );
#4422 = PCURVE('',#3101,#4423);
#4423 = DEFINITIONAL_REPRESENTATION('',(#4424),#4428);
#4424 = LINE('',#4425,#4426);
#4425 = CARTESIAN_POINT('',(-0.,-8.));
#4426 = VECTOR('',#4427,1.);
#4427 = DIRECTION('',(1.,0.));
#4428 = ( GEOMETRIC_REPRESENTATION_CONTEXT(2) 
PARAMETRIC_REPRESENTATION_CONTEXT() REPRESENTATION_CONTEXT('2D SPACE',''
  ) );
#4429 = ORIENTED_EDGE('',*,*,#4430,.F.);
#4430 = EDGE_CURVE('',#4431,#4408,#4433,.T.);
#4431 = VERTEX_POINT('',#4432);
#4432 = CARTESIAN_POINT('',(41.584384250857,360.5,278.15007122521));
#4433 = SURFACE_CURVE('',#4434,(#4438,#4444),.PCURVE_S1.);
#4434 = LINE('',#4435,#4436);
#4435 = CARTESIAN_POINT('',(41.584384250857,360.5,278.15007122521));
#4436 = VECTOR('',#4437,1.);
#4437 = DIRECTION('',(1.,0.,0.));
#4438 = PCURVE('',#852,#4439);
#4439 = DEFINITIONAL_REPRESENTATION('',(#4440),#4443);
#4440 = B_SPLINE_CURVE_WITH_KNOTS('',1,(#4441,#4442),.UNSPECIFIED.,.F.,
  .F.,(2,2),(-5.999999999062E-07,28.415616349143),
  .PIECEWISE_BEZIER_KNOTS.);
#4441 = CARTESIAN_POINT('',(135.67286107587,13.566085181611));
#4442 = CARTESIAN_POINT('',(153.39341512523,35.779352631133));
#4443 = ( GEOMETRIC_REPRESENTATION_CONTEXT(2) 
PARAMETRIC_REPRESENTATION_CONTEXT() REPRESENTATION_CONTEXT('2D SPACE',''
  ) );
#4444 = PCURVE('',#3128,#4445);
#4445 = DEFINITIONAL_REPRESENTATION('',(#4446),#4449);
#4446 = B_SPLINE_CURVE_WITH_KNOTS('',1,(#4447,#4448),.UNSPECIFIED.,.F.,
  .F.,(2,2),(-5.999999999062E-07,28.415616349143),
  .PIECEWISE_BEZIER_KNOTS.);
#4447 = CARTESIAN_POINT('',(2.917499561288,-5.999999999062E-07));
#4448 = CARTESIAN_POINT('',(2.917499561288,28.415616349143));
#4449 = ( GEOMETRIC_REPRESENTATION_CONTEXT(2) 
PARAMETRIC_REPRESENTATION_CONTEXT() REPRESENTATION_CONTEXT('2D SPACE',''
  ) );
#4450 = ORIENTED_EDGE('',*,*,#4451,.T.);
#4451 = EDGE_CURVE('',#4431,#4452,#4454,.T.);
#4452 = VERTEX_POINT('',#4453);
#4453 = CARTESIAN_POINT('',(41.584384250857,360.5,288.77179676972));
#4454 = SURFACE_CURVE('',#4455,(#4459,#4465),.PCURVE_S1.);
#4455 = LINE('',#4456,#4457);
#4456 = CARTESIAN_POINT('',(41.584384250857,360.5,335.72459199712));
#4457 = VECTOR('',#4458,1.);
#4458 = DIRECTION('',(-0.,0.,1.));
#4459 = PCURVE('',#852,#4460);
#4460 = DEFINITIONAL_REPRESENTATION('',(#4461),#4464);
#4461 = B_SPLINE_CURVE_WITH_KNOTS('',1,(#4462,#4463),.UNSPECIFIED.,.F.,
  .F.,(2,2),(-58.02459199712,-22.02459199712),.PIECEWISE_BEZIER_KNOTS.);
#4462 = CARTESIAN_POINT('',(136.02469447605,13.285412122187));
#4463 = CARTESIAN_POINT('',(107.88250669198,35.735741000102));
#4464 = ( GEOMETRIC_REPRESENTATION_CONTEXT(2) 
PARAMETRIC_REPRESENTATION_CONTEXT() REPRESENTATION_CONTEXT('2D SPACE',''
  ) );
#4465 = PCURVE('',#4466,#4471);
#4466 = PLANE('',#4467);
#4467 = AXIS2_PLACEMENT_3D('',#4468,#4469,#4470);
#4468 = CARTESIAN_POINT('',(41.584384250857,364.5,295.7));
#4469 = DIRECTION('',(1.,0.,0.));
#4470 = DIRECTION('',(-0.,0.,1.));
#4471 = DEFINITIONAL_REPRESENTATION('',(#4472),#4475);
#4472 = B_SPLINE_CURVE_WITH_KNOTS('',1,(#4473,#4474),.UNSPECIFIED.,.F.,
  .F.,(2,2),(-58.02459199712,-22.02459199712),.PIECEWISE_BEZIER_KNOTS.);
#4473 = CARTESIAN_POINT('',(-18.,4.));
#4474 = CARTESIAN_POINT('',(18.,4.));
#4475 = ( GEOMETRIC_REPRESENTATION_CONTEXT(2) 
PARAMETRIC_REPRESENTATION_CONTEXT() REPRESENTATION_CONTEXT('2D SPACE',''
  ) );
#4476 = ORIENTED_EDGE('',*,*,#4477,.F.);
#4477 = EDGE_CURVE('',#4478,#4452,#4480,.T.);
#4478 = VERTEX_POINT('',#4479);
#4479 = CARTESIAN_POINT('',(40.584384250857,360.5,288.77179676972));
#4480 = SURFACE_CURVE('',#4481,(#4485,#4491),.PCURVE_S1.);
#4481 = LINE('',#4482,#4483);
#4482 = CARTESIAN_POINT('',(40.584384250857,360.5,288.77179676972));
#4483 = VECTOR('',#4484,1.);
#4484 = DIRECTION('',(1.,0.,0.));
#4485 = PCURVE('',#852,#4486);
#4486 = DEFINITIONAL_REPRESENTATION('',(#4487),#4490);
#4487 = B_SPLINE_CURVE_WITH_KNOTS('',1,(#4488,#4489),.UNSPECIFIED.,.F.,
  .F.,(2,2),(-5.999999999062E-07,30.415616349143),
  .PIECEWISE_BEZIER_KNOTS.);
#4488 = CARTESIAN_POINT('',(126.74594652747,19.408280846642));
#4489 = CARTESIAN_POINT('',(145.71374107005,43.185003173056));
#4490 = ( GEOMETRIC_REPRESENTATION_CONTEXT(2) 
PARAMETRIC_REPRESENTATION_CONTEXT() REPRESENTATION_CONTEXT('2D SPACE',''
  ) );
#4491 = PCURVE('',#3180,#4492);
#4492 = DEFINITIONAL_REPRESENTATION('',(#4493),#4496);
#4493 = B_SPLINE_CURVE_WITH_KNOTS('',1,(#4494,#4495),.UNSPECIFIED.,.F.,
  .F.,(2,2),(-5.999999999062E-07,30.415616349143),
  .PIECEWISE_BEZIER_KNOTS.);
#4494 = CARTESIAN_POINT('',(2.617993877991,-5.999999999062E-07));
#4495 = CARTESIAN_POINT('',(2.617993877991,30.415616349143));
#4496 = ( GEOMETRIC_REPRESENTATION_CONTEXT(2) 
PARAMETRIC_REPRESENTATION_CONTEXT() REPRESENTATION_CONTEXT('2D SPACE',''
  ) );
#4497 = ORIENTED_EDGE('',*,*,#4498,.T.);
#4498 = EDGE_CURVE('',#4478,#4499,#4501,.T.);
#4499 = VERTEX_POINT('',#4500);
#4500 = CARTESIAN_POINT('',(40.584384250857,360.5,302.62820323027));
#4501 = SURFACE_CURVE('',#4502,(#4506,#4512),.PCURVE_S1.);
#4502 = LINE('',#4503,#4504);
#4503 = CARTESIAN_POINT('',(40.584384250857,360.5,335.72459199712));
#4504 = VECTOR('',#4505,1.);
#4505 = DIRECTION('',(-0.,0.,1.));
#4506 = PCURVE('',#852,#4507);
#4507 = DEFINITIONAL_REPRESENTATION('',(#4508),#4511);
#4508 = B_SPLINE_CURVE_WITH_KNOTS('',1,(#4509,#4510),.UNSPECIFIED.,.F.,
  .F.,(2,2),(-48.02459199712,-32.02459199712),.PIECEWISE_BEZIER_KNOTS.);
#4509 = CARTESIAN_POINT('',(127.58379984498,18.739887149828));
#4510 = CARTESIAN_POINT('',(115.07616082984,28.717811095568));
#4511 = ( GEOMETRIC_REPRESENTATION_CONTEXT(2) 
PARAMETRIC_REPRESENTATION_CONTEXT() REPRESENTATION_CONTEXT('2D SPACE',''
  ) );
#4512 = PCURVE('',#3206,#4513);
#4513 = DEFINITIONAL_REPRESENTATION('',(#4514),#4517);
#4514 = B_SPLINE_CURVE_WITH_KNOTS('',1,(#4515,#4516),.UNSPECIFIED.,.F.,
  .F.,(2,2),(-48.02459199712,-32.02459199712),.PIECEWISE_BEZIER_KNOTS.);
#4515 = CARTESIAN_POINT('',(-8.,4.));
#4516 = CARTESIAN_POINT('',(8.,4.));
#4517 = ( GEOMETRIC_REPRESENTATION_CONTEXT(2) 
PARAMETRIC_REPRESENTATION_CONTEXT() REPRESENTATION_CONTEXT('2D SPACE',''
  ) );
#4518 = ORIENTED_EDGE('',*,*,#4519,.T.);
#4519 = EDGE_CURVE('',#4499,#4520,#4522,.T.);
#4520 = VERTEX_POINT('',#4521);
#4521 = CARTESIAN_POINT('',(41.584384250857,360.5,302.62820323027));
#4522 = SURFACE_CURVE('',#4523,(#4527,#4533),.PCURVE_S1.);
#4523 = LINE('',#4524,#4525);
#4524 = CARTESIAN_POINT('',(40.584384250857,360.5,302.62820323027));
#4525 = VECTOR('',#4526,1.);
#4526 = DIRECTION('',(1.,0.,0.));
#4527 = PCURVE('',#852,#4528);
#4528 = DEFINITIONAL_REPRESENTATION('',(#4529),#4532);
#4529 = B_SPLINE_CURVE_WITH_KNOTS('',1,(#4530,#4531),.UNSPECIFIED.,.F.,
  .F.,(2,2),(-5.999999999062E-07,30.415616349143),
  .PIECEWISE_BEZIER_KNOTS.);
#4530 = CARTESIAN_POINT('',(115.914013399,28.049416460682));
#4531 = CARTESIAN_POINT('',(134.88180794158,51.826138787096));
#4532 = ( GEOMETRIC_REPRESENTATION_CONTEXT(2) 
PARAMETRIC_REPRESENTATION_CONTEXT() REPRESENTATION_CONTEXT('2D SPACE',''
  ) );
#4533 = PCURVE('',#3180,#4534);
#4534 = DEFINITIONAL_REPRESENTATION('',(#4535),#4538);
#4535 = B_SPLINE_CURVE_WITH_KNOTS('',1,(#4536,#4537),.UNSPECIFIED.,.F.,
  .F.,(2,2),(-5.999999999062E-07,30.415616349143),
  .PIECEWISE_BEZIER_KNOTS.);
#4536 = CARTESIAN_POINT('',(0.523598775598,-5.999999999062E-07));
#4537 = CARTESIAN_POINT('',(0.523598775598,30.415616349143));
#4538 = ( GEOMETRIC_REPRESENTATION_CONTEXT(2) 
PARAMETRIC_REPRESENTATION_CONTEXT() REPRESENTATION_CONTEXT('2D SPACE',''
  ) );
#4539 = ORIENTED_EDGE('',*,*,#4540,.T.);
#4540 = EDGE_CURVE('',#4520,#4541,#4543,.T.);
#4541 = VERTEX_POINT('',#4542);
#4542 = CARTESIAN_POINT('',(41.584384250857,360.5,313.24992877478));
#4543 = SURFACE_CURVE('',#4544,(#4548,#4554),.PCURVE_S1.);
#4544 = LINE('',#4545,#4546);
#4545 = CARTESIAN_POINT('',(41.584384250857,360.5,335.72459199712));
#4546 = VECTOR('',#4547,1.);
#4547 = DIRECTION('',(-0.,0.,1.));
#4548 = PCURVE('',#852,#4549);
#4549 = DEFINITIONAL_REPRESENTATION('',(#4550),#4553);
#4550 = B_SPLINE_CURVE_WITH_KNOTS('',1,(#4551,#4552),.UNSPECIFIED.,.F.,
  .F.,(2,2),(-58.02459199712,-22.02459199712),.PIECEWISE_BEZIER_KNOTS.);
#4551 = CARTESIAN_POINT('',(136.02469447605,13.285412122187));
#4552 = CARTESIAN_POINT('',(107.88250669198,35.735741000102));
#4553 = ( GEOMETRIC_REPRESENTATION_CONTEXT(2) 
PARAMETRIC_REPRESENTATION_CONTEXT() REPRESENTATION_CONTEXT('2D SPACE',''
  ) );
#4554 = PCURVE('',#4466,#4555);
#4555 = DEFINITIONAL_REPRESENTATION('',(#4556),#4559);
#4556 = B_SPLINE_CURVE_WITH_KNOTS('',1,(#4557,#4558),.UNSPECIFIED.,.F.,
  .F.,(2,2),(-58.02459199712,-22.02459199712),.PIECEWISE_BEZIER_KNOTS.);
#4557 = CARTESIAN_POINT('',(-18.,4.));
#4558 = CARTESIAN_POINT('',(18.,4.));
#4559 = ( GEOMETRIC_REPRESENTATION_CONTEXT(2) 
PARAMETRIC_REPRESENTATION_CONTEXT() REPRESENTATION_CONTEXT('2D SPACE',''
  ) );
#4560 = ORIENTED_EDGE('',*,*,#4561,.T.);
#4561 = EDGE_CURVE('',#4541,#4562,#4564,.T.);
#4562 = VERTEX_POINT('',#4563);
#4563 = CARTESIAN_POINT('',(47.348067292681,360.5,313.24992877478));
#4564 = SURFACE_CURVE('',#4565,(#4569,#4575),.PCURVE_S1.);
#4565 = LINE('',#4566,#4567);
#4566 = CARTESIAN_POINT('',(41.584384250857,360.5,313.24992877478));
#4567 = VECTOR('',#4568,1.);
#4568 = DIRECTION('',(1.,0.,0.));
#4569 = PCURVE('',#852,#4570);
#4570 = DEFINITIONAL_REPRESENTATION('',(#4571),#4574);
#4571 = B_SPLINE_CURVE_WITH_KNOTS('',1,(#4572,#4573),.UNSPECIFIED.,.F.,
  .F.,(2,2),(-5.999999999062E-07,28.415616349143),
  .PIECEWISE_BEZIER_KNOTS.);
#4572 = CARTESIAN_POINT('',(108.23433934382,35.455067002605));
#4573 = CARTESIAN_POINT('',(125.95489339318,57.668334452126));
#4574 = ( GEOMETRIC_REPRESENTATION_CONTEXT(2) 
PARAMETRIC_REPRESENTATION_CONTEXT() REPRESENTATION_CONTEXT('2D SPACE',''
  ) );
#4575 = PCURVE('',#3128,#4576);
#4576 = DEFINITIONAL_REPRESENTATION('',(#4577),#4580);
#4577 = B_SPLINE_CURVE_WITH_KNOTS('',1,(#4578,#4579),.UNSPECIFIED.,.F.,
  .F.,(2,2),(-5.999999999062E-07,28.415616349143),
  .PIECEWISE_BEZIER_KNOTS.);
#4578 = CARTESIAN_POINT('',(0.224093092301,-5.999999999062E-07));
#4579 = CARTESIAN_POINT('',(0.224093092301,28.415616349143));
#4580 = ( GEOMETRIC_REPRESENTATION_CONTEXT(2) 
PARAMETRIC_REPRESENTATION_CONTEXT() REPRESENTATION_CONTEXT('2D SPACE',''
  ) );
#4581 = ORIENTED_EDGE('',*,*,#4582,.F.);
#4582 = EDGE_CURVE('',#4583,#4562,#4585,.T.);
#4583 = VERTEX_POINT('',#4584);
#4584 = CARTESIAN_POINT('',(53.192294377599,360.5,371.40423805359));
#4585 = SURFACE_CURVE('',#4586,(#4590,#4597),.PCURVE_S1.);
#4586 = LINE('',#4587,#4588);
#4587 = CARTESIAN_POINT('',(53.628940450157,360.5,375.74918399425));
#4588 = VECTOR('',#4589,1.);
#4589 = DIRECTION('',(-9.999151541061E-02,0.,-0.994988289803));
#4590 = PCURVE('',#852,#4591);
#4591 = DEFINITIONAL_REPRESENTATION('',(#4592),#4596);
#4592 = LINE('',#4593,#4594);
#4593 = CARTESIAN_POINT('',(66.888186137785,83.846428489369));
#4594 = VECTOR('',#4595,1.);
#4595 = DIRECTION('',(0.715452913573,-0.698660953868));
#4596 = ( GEOMETRIC_REPRESENTATION_CONTEXT(2) 
PARAMETRIC_REPRESENTATION_CONTEXT() REPRESENTATION_CONTEXT('2D SPACE',''
  ) );
#4597 = PCURVE('',#3296,#4598);
#4598 = DEFINITIONAL_REPRESENTATION('',(#4599),#4603);
#4599 = LINE('',#4600,#4601);
#4600 = CARTESIAN_POINT('',(-0.,-8.));
#4601 = VECTOR('',#4602,1.);
#4602 = DIRECTION('',(1.,0.));
#4603 = ( GEOMETRIC_REPRESENTATION_CONTEXT(2) 
PARAMETRIC_REPRESENTATION_CONTEXT() REPRESENTATION_CONTEXT('2D SPACE',''
  ) );
#4604 = ORIENTED_EDGE('',*,*,#4605,.F.);
#4605 = EDGE_CURVE('',#2643,#4583,#4606,.T.);
#4606 = SURFACE_CURVE('',#4607,(#4612,#4619),.PCURVE_S1.);
#4607 = ELLIPSE('',#4608,4.506871768599,4.5);
#4608 = AXIS2_PLACEMENT_3D('',#4609,#4610,#4611);
#4609 = CARTESIAN_POINT('',(53.818413635754,360.5,375.86321527311));
#4610 = DIRECTION('',(0.,-1.,0.));
#4611 = DIRECTION('',(-0.856799148539,-0.,-0.515650287562));
#4612 = PCURVE('',#852,#4613);
#4613 = DEFINITIONAL_REPRESENTATION('',(#4614),#4618);
#4614 = ELLIPSE('',#4615,4.506871768599,4.5);
#4615 = AXIS2_PLACEMENT_2D('',#4616,#4617);
#4616 = CARTESIAN_POINT('',(66.917204072983,84.065657091647));
#4617 = DIRECTION('',(-0.131219317876,-0.991353363144));
#4618 = ( GEOMETRIC_REPRESENTATION_CONTEXT(2) 
PARAMETRIC_REPRESENTATION_CONTEXT() REPRESENTATION_CONTEXT('2D SPACE',''
  ) );
#4619 = PCURVE('',#1205,#4620);
#4620 = DEFINITIONAL_REPRESENTATION('',(#4621),#4645);
#4621 = B_SPLINE_CURVE_WITH_KNOTS('',8,(#4622,#4623,#4624,#4625,#4626,
    #4627,#4628,#4629,#4630,#4631,#4632,#4633,#4634,#4635,#4636,#4637,
    #4638,#4639,#4640,#4641,#4642,#4643,#4644),.UNSPECIFIED.,.F.,.F.,(9,
    7,7,9),(2.600500117087,4.171296443882,6.527490934075,8.883685424267)
  ,.UNSPECIFIED.);
#4622 = CARTESIAN_POINT('',(6.28318530718,67.056324279705));
#4623 = CARTESIAN_POINT('',(6.08683576633,67.031163753021));
#4624 = CARTESIAN_POINT('',(5.890486225481,67.015399153845));
#4625 = CARTESIAN_POINT('',(5.694136684631,67.010506887299));
#4626 = CARTESIAN_POINT('',(5.497787143782,67.017197380483));
#4627 = CARTESIAN_POINT('',(5.301437602933,67.035212471169));
#4628 = CARTESIAN_POINT('',(5.105088062083,67.063332141138));
#4629 = CARTESIAN_POINT('',(4.908738521234,67.099556197824));
#4630 = CARTESIAN_POINT('',(4.417864669111,67.204231973137));
#4631 = CARTESIAN_POINT('',(4.123340357836,67.279741455437));
#4632 = CARTESIAN_POINT('',(3.828816046568,67.35964862947));
#4633 = CARTESIAN_POINT('',(3.534291735278,67.433320929587));
#4634 = CARTESIAN_POINT('',(3.239767424023,67.490000406193));
#4635 = CARTESIAN_POINT('',(2.945243112739,67.522479029387));
#4636 = CARTESIAN_POINT('',(2.650718801466,67.528687244149));
#4637 = CARTESIAN_POINT('',(2.061670178918,67.493240440599));
#4638 = CARTESIAN_POINT('',(1.767145867644,67.45158435627));
#4639 = CARTESIAN_POINT('',(1.47262155637,67.38834984094));
#4640 = CARTESIAN_POINT('',(1.178097245096,67.310267437151));
#4641 = CARTESIAN_POINT('',(0.883572933822,67.227978869973));
#4642 = CARTESIAN_POINT('',(0.589048622548,67.152945756985));
#4643 = CARTESIAN_POINT('',(0.294524311274,67.094065069732));
#4644 = CARTESIAN_POINT('',(1.33226762955E-14,67.056324279705));
#4645 = ( GEOMETRIC_REPRESENTATION_CONTEXT(2) 
PARAMETRIC_REPRESENTATION_CONTEXT() REPRESENTATION_CONTEXT('2D SPACE',''
  ) );
#4646 = FACE_BOUND('',#4647,.T.);
#4647 = EDGE_LOOP('',(#4648,#4671,#4692,#4713));
#4648 = ORIENTED_EDGE('',*,*,#4649,.F.);
#4649 = EDGE_CURVE('',#4650,#4652,#4654,.T.);
#4650 = VERTEX_POINT('',#4651);
#4651 = CARTESIAN_POINT('',(46.946523801382,360.5,368.30974129118));
#4652 = VERTEX_POINT('',#4653);
#4653 = CARTESIAN_POINT('',(-46.94652380138,360.5,368.30974129118));
#4654 = SURFACE_CURVE('',#4655,(#4659,#4665),.PCURVE_S1.);
#4655 = LINE('',#4656,#4657);
#4656 = CARTESIAN_POINT('',(-50.28773212576,360.5,368.30974129118));
#4657 = VECTOR('',#4658,1.);
#4658 = DIRECTION('',(-1.,0.,0.));
#4659 = PCURVE('',#852,#4660);
#4660 = DEFINITIONAL_REPRESENTATION('',(#4661),#4664);
#4661 = B_SPLINE_CURVE_WITH_KNOTS('',1,(#4662,#4663),.UNSPECIFIED.,.F.,
  .F.,(2,2),(-97.23425592715,-3.341208324387),.PIECEWISE_BEZIER_KNOTS.);
#4662 = CARTESIAN_POINT('',(68.536512307067,73.983212946775));
#4663 = CARTESIAN_POINT('',(9.982906806185,0.58444135636));
#4664 = ( GEOMETRIC_REPRESENTATION_CONTEXT(2) 
PARAMETRIC_REPRESENTATION_CONTEXT() REPRESENTATION_CONTEXT('2D SPACE',''
  ) );
#4665 = PCURVE('',#3369,#4666);
#4666 = DEFINITIONAL_REPRESENTATION('',(#4667),#4670);
#4667 = B_SPLINE_CURVE_WITH_KNOTS('',1,(#4668,#4669),.UNSPECIFIED.,.F.,
  .F.,(2,2),(-97.23425592715,-3.341208324387),.PIECEWISE_BEZIER_KNOTS.);
#4668 = CARTESIAN_POINT('',(93.893047602764,-9.));
#4669 = CARTESIAN_POINT('',(0.,-9.));
#4670 = ( GEOMETRIC_REPRESENTATION_CONTEXT(2) 
PARAMETRIC_REPRESENTATION_CONTEXT() REPRESENTATION_CONTEXT('2D SPACE',''
  ) );
#4671 = ORIENTED_EDGE('',*,*,#4672,.F.);
#4672 = EDGE_CURVE('',#4673,#4650,#4675,.T.);
#4673 = VERTEX_POINT('',#4674);
#4674 = CARTESIAN_POINT('',(35.909459607731,360.5,264.54335607856));
#4675 = SURFACE_CURVE('',#4676,(#4680,#4686),.PCURVE_S1.);
#4676 = LINE('',#4677,#4678);
#4677 = CARTESIAN_POINT('',(46.775182679338,360.5,366.6988555918));
#4678 = VECTOR('',#4679,1.);
#4679 = DIRECTION('',(0.105767927903,0.,0.994390841383));
#4680 = PCURVE('',#852,#4681);
#4681 = DEFINITIONAL_REPRESENTATION('',(#4682),#4685);
#4682 = B_SPLINE_CURVE_WITH_KNOTS('',1,(#4683,#4684),.UNSPECIFIED.,.F.,
  .F.,(2,2),(-102.7317381273,1.619972381424),.PIECEWISE_BEZIER_KNOTS.);
#4683 = CARTESIAN_POINT('',(142.77060612186,0.644418290715));
#4684 = CARTESIAN_POINT('',(68.536512307067,73.983212946775));
#4685 = ( GEOMETRIC_REPRESENTATION_CONTEXT(2) 
PARAMETRIC_REPRESENTATION_CONTEXT() REPRESENTATION_CONTEXT('2D SPACE',''
  ) );
#4686 = PCURVE('',#3395,#4687);
#4687 = DEFINITIONAL_REPRESENTATION('',(#4688),#4691);
#4688 = B_SPLINE_CURVE_WITH_KNOTS('',1,(#4689,#4690),.UNSPECIFIED.,.F.,
  .F.,(2,2),(-102.7317381273,1.619972381424),.PIECEWISE_BEZIER_KNOTS.);
#4689 = CARTESIAN_POINT('',(104.35171050878,-9.));
#4690 = CARTESIAN_POINT('',(0.,-9.));
#4691 = ( GEOMETRIC_REPRESENTATION_CONTEXT(2) 
PARAMETRIC_REPRESENTATION_CONTEXT() REPRESENTATION_CONTEXT('2D SPACE',''
  ) );
#4692 = ORIENTED_EDGE('',*,*,#4693,.F.);
#4693 = EDGE_CURVE('',#4694,#4673,#4696,.T.);
#4694 = VERTEX_POINT('',#4695);
#4695 = CARTESIAN_POINT('',(-35.90945960773,360.5,264.54335607856));
#4696 = SURFACE_CURVE('',#4697,(#4701,#4707),.PCURVE_S1.);
#4697 = LINE('',#4698,#4699);
#4698 = CARTESIAN_POINT('',(-8.859740421213,360.5,264.54335607856));
#4699 = VECTOR('',#4700,1.);
#4700 = DIRECTION('',(1.,0.,0.));
#4701 = PCURVE('',#852,#4702);
#4702 = DEFINITIONAL_REPRESENTATION('',(#4703),#4706);
#4703 = B_SPLINE_CURVE_WITH_KNOTS('',1,(#4704,#4705),.UNSPECIFIED.,.F.,
  .F.,(2,2),(-27.04971918651,44.769200028944),.PIECEWISE_BEZIER_KNOTS.);
#4704 = CARTESIAN_POINT('',(97.982874009548,-55.49840145956));
#4705 = CARTESIAN_POINT('',(142.77060612186,0.644418290715));
#4706 = ( GEOMETRIC_REPRESENTATION_CONTEXT(2) 
PARAMETRIC_REPRESENTATION_CONTEXT() REPRESENTATION_CONTEXT('2D SPACE',''
  ) );
#4707 = PCURVE('',#3421,#4708);
#4708 = DEFINITIONAL_REPRESENTATION('',(#4709),#4712);
#4709 = B_SPLINE_CURVE_WITH_KNOTS('',1,(#4710,#4711),.UNSPECIFIED.,.F.,
  .F.,(2,2),(-27.04971918651,44.769200028944),.PIECEWISE_BEZIER_KNOTS.);
#4710 = CARTESIAN_POINT('',(71.818919215462,-9.));
#4711 = CARTESIAN_POINT('',(0.,-9.));
#4712 = ( GEOMETRIC_REPRESENTATION_CONTEXT(2) 
PARAMETRIC_REPRESENTATION_CONTEXT() REPRESENTATION_CONTEXT('2D SPACE',''
  ) );
#4713 = ORIENTED_EDGE('',*,*,#4714,.F.);
#4714 = EDGE_CURVE('',#4652,#4694,#4715,.T.);
#4715 = SURFACE_CURVE('',#4716,(#4720,#4726),.PCURVE_S1.);
#4716 = LINE('',#4717,#4718);
#4717 = CARTESIAN_POINT('',(-41.85658974022,360.5,320.45606850016));
#4718 = VECTOR('',#4719,1.);
#4719 = DIRECTION('',(0.105767927903,0.,-0.994390841383));
#4720 = PCURVE('',#852,#4721);
#4721 = DEFINITIONAL_REPRESENTATION('',(#4722),#4725);
#4722 = B_SPLINE_CURVE_WITH_KNOTS('',1,(#4723,#4724),.UNSPECIFIED.,.F.,
  .F.,(2,2),(-48.12360572876,56.228104780015),.PIECEWISE_BEZIER_KNOTS.);
#4723 = CARTESIAN_POINT('',(9.982906806185,0.58444135636));
#4724 = CARTESIAN_POINT('',(97.982874009548,-55.49840145956));
#4725 = ( GEOMETRIC_REPRESENTATION_CONTEXT(2) 
PARAMETRIC_REPRESENTATION_CONTEXT() REPRESENTATION_CONTEXT('2D SPACE',''
  ) );
#4726 = PCURVE('',#3445,#4727);
#4727 = DEFINITIONAL_REPRESENTATION('',(#4728),#4731);
#4728 = B_SPLINE_CURVE_WITH_KNOTS('',1,(#4729,#4730),.UNSPECIFIED.,.F.,
  .F.,(2,2),(-48.12360572876,56.228104780015),.PIECEWISE_BEZIER_KNOTS.);
#4729 = CARTESIAN_POINT('',(104.35171050878,-9.));
#4730 = CARTESIAN_POINT('',(0.,-9.));
#4731 = ( GEOMETRIC_REPRESENTATION_CONTEXT(2) 
PARAMETRIC_REPRESENTATION_CONTEXT() REPRESENTATION_CONTEXT('2D SPACE',''
  ) );
#4732 = ADVANCED_FACE('',(#4733),#1410,.F.);
#4733 = FACE_BOUND('',#4734,.F.);
#4734 = EDGE_LOOP('',(#4735,#4753,#4754,#4755));
#4735 = ORIENTED_EDGE('',*,*,#4736,.F.);
#4736 = EDGE_CURVE('',#1926,#1370,#4737,.T.);
#4737 = SURFACE_CURVE('',#4738,(#4741,#4747),.PCURVE_S1.);
#4738 = B_SPLINE_CURVE_WITH_KNOTS('',1,(#4739,#4740),.UNSPECIFIED.,.F.,
  .F.,(2,2),(0.,1.),.PIECEWISE_BEZIER_KNOTS.);
#4739 = CARTESIAN_POINT('',(-50.50929226698,288.333,370.1707197288));
#4740 = CARTESIAN_POINT('',(-50.50929226698,298.333,370.1707197288));
#4741 = PCURVE('',#1410,#4742);
#4742 = DEFINITIONAL_REPRESENTATION('',(#4743),#4746);
#4743 = B_SPLINE_CURVE_WITH_KNOTS('',1,(#4744,#4745),.UNSPECIFIED.,.F.,
  .F.,(2,2),(0.,1.),.PIECEWISE_BEZIER_KNOTS.);
#4744 = CARTESIAN_POINT('',(0.,-10.));
#4745 = CARTESIAN_POINT('',(0.,0.));
#4746 = ( GEOMETRIC_REPRESENTATION_CONTEXT(2) 
PARAMETRIC_REPRESENTATION_CONTEXT() REPRESENTATION_CONTEXT('2D SPACE',''
  ) );
#4747 = PCURVE('',#1384,#4748);
#4748 = DEFINITIONAL_REPRESENTATION('',(#4749),#4752);
#4749 = B_SPLINE_CURVE_WITH_KNOTS('',1,(#4750,#4751),.UNSPECIFIED.,.F.,
  .F.,(2,2),(0.,1.),.PIECEWISE_BEZIER_KNOTS.);
#4750 = CARTESIAN_POINT('',(118.23167355593,-10.));
#4751 = CARTESIAN_POINT('',(118.23167355593,0.));
#4752 = ( GEOMETRIC_REPRESENTATION_CONTEXT(2) 
PARAMETRIC_REPRESENTATION_CONTEXT() REPRESENTATION_CONTEXT('2D SPACE',''
  ) );
#4753 = ORIENTED_EDGE('',*,*,#1946,.F.);
#4754 = ORIENTED_EDGE('',*,*,#1717,.T.);
#4755 = ORIENTED_EDGE('',*,*,#1395,.T.);
#4756 = ADVANCED_FACE('',(#4757),#1384,.F.);
#4757 = FACE_BOUND('',#4758,.F.);
#4758 = EDGE_LOOP('',(#4759,#4777,#4778,#4779));
#4759 = ORIENTED_EDGE('',*,*,#4760,.F.);
#4760 = EDGE_CURVE('',#1905,#1344,#4761,.T.);
#4761 = SURFACE_CURVE('',#4762,(#4765,#4771),.PCURVE_S1.);
#4762 = B_SPLINE_CURVE_WITH_KNOTS('',1,(#4763,#4764),.UNSPECIFIED.,.F.,
  .F.,(2,2),(0.,1.),.PIECEWISE_BEZIER_KNOTS.);
#4763 = CARTESIAN_POINT('',(-39.41326674992,288.333,252.46087795862));
#4764 = CARTESIAN_POINT('',(-39.41326674992,298.333,252.46087795862));
#4765 = PCURVE('',#1384,#4766);
#4766 = DEFINITIONAL_REPRESENTATION('',(#4767),#4770);
#4767 = B_SPLINE_CURVE_WITH_KNOTS('',1,(#4768,#4769),.UNSPECIFIED.,.F.,
  .F.,(2,2),(0.,1.),.PIECEWISE_BEZIER_KNOTS.);
#4768 = CARTESIAN_POINT('',(0.,-10.));
#4769 = CARTESIAN_POINT('',(0.,0.));
#4770 = ( GEOMETRIC_REPRESENTATION_CONTEXT(2) 
PARAMETRIC_REPRESENTATION_CONTEXT() REPRESENTATION_CONTEXT('2D SPACE',''
  ) );
#4771 = PCURVE('',#1358,#4772);
#4772 = DEFINITIONAL_REPRESENTATION('',(#4773),#4776);
#4773 = B_SPLINE_CURVE_WITH_KNOTS('',1,(#4774,#4775),.UNSPECIFIED.,.F.,
  .F.,(2,2),(0.,1.),.PIECEWISE_BEZIER_KNOTS.);
#4774 = CARTESIAN_POINT('',(78.826533499848,-10.));
#4775 = CARTESIAN_POINT('',(78.826533499848,0.));
#4776 = ( GEOMETRIC_REPRESENTATION_CONTEXT(2) 
PARAMETRIC_REPRESENTATION_CONTEXT() REPRESENTATION_CONTEXT('2D SPACE',''
  ) );
#4777 = ORIENTED_EDGE('',*,*,#1925,.F.);
#4778 = ORIENTED_EDGE('',*,*,#4736,.T.);
#4779 = ORIENTED_EDGE('',*,*,#1369,.T.);
#4780 = ADVANCED_FACE('',(#4781),#1358,.F.);
#4781 = FACE_BOUND('',#4782,.F.);
#4782 = EDGE_LOOP('',(#4783,#4801,#4802,#4803));
#4783 = ORIENTED_EDGE('',*,*,#4784,.F.);
#4784 = EDGE_CURVE('',#1884,#1318,#4785,.T.);
#4785 = SURFACE_CURVE('',#4786,(#4789,#4795),.PCURVE_S1.);
#4786 = B_SPLINE_CURVE_WITH_KNOTS('',1,(#4787,#4788),.UNSPECIFIED.,.F.,
  .F.,(2,2),(0.,1.),.PIECEWISE_BEZIER_KNOTS.);
#4787 = CARTESIAN_POINT('',(39.413266749924,288.333,252.46087795862));
#4788 = CARTESIAN_POINT('',(39.413266749924,298.333,252.46087795862));
#4789 = PCURVE('',#1358,#4790);
#4790 = DEFINITIONAL_REPRESENTATION('',(#4791),#4794);
#4791 = B_SPLINE_CURVE_WITH_KNOTS('',1,(#4792,#4793),.UNSPECIFIED.,.F.,
  .F.,(2,2),(0.,1.),.PIECEWISE_BEZIER_KNOTS.);
#4792 = CARTESIAN_POINT('',(0.,-10.));
#4793 = CARTESIAN_POINT('',(0.,0.));
#4794 = ( GEOMETRIC_REPRESENTATION_CONTEXT(2) 
PARAMETRIC_REPRESENTATION_CONTEXT() REPRESENTATION_CONTEXT('2D SPACE',''
  ) );
#4795 = PCURVE('',#1332,#4796);
#4796 = DEFINITIONAL_REPRESENTATION('',(#4797),#4800);
#4797 = B_SPLINE_CURVE_WITH_KNOTS('',1,(#4798,#4799),.UNSPECIFIED.,.F.,
  .F.,(2,2),(0.,1.),.PIECEWISE_BEZIER_KNOTS.);
#4798 = CARTESIAN_POINT('',(118.23167355593,-10.));
#4799 = CARTESIAN_POINT('',(118.23167355593,0.));
#4800 = ( GEOMETRIC_REPRESENTATION_CONTEXT(2) 
PARAMETRIC_REPRESENTATION_CONTEXT() REPRESENTATION_CONTEXT('2D SPACE',''
  ) );
#4801 = ORIENTED_EDGE('',*,*,#1904,.F.);
#4802 = ORIENTED_EDGE('',*,*,#4760,.T.);
#4803 = ORIENTED_EDGE('',*,*,#1343,.T.);
#4804 = ADVANCED_FACE('',(#4805),#1332,.F.);
#4805 = FACE_BOUND('',#4806,.F.);
#4806 = EDGE_LOOP('',(#4807,#4825,#4826,#4827));
#4807 = ORIENTED_EDGE('',*,*,#4808,.F.);
#4808 = EDGE_CURVE('',#1863,#1292,#4809,.T.);
#4809 = SURFACE_CURVE('',#4810,(#4813,#4819),.PCURVE_S1.);
#4810 = B_SPLINE_CURVE_WITH_KNOTS('',1,(#4811,#4812),.UNSPECIFIED.,.F.,
  .F.,(2,2),(0.,1.),.PIECEWISE_BEZIER_KNOTS.);
#4811 = CARTESIAN_POINT('',(50.509292266981,288.333,370.1707197288));
#4812 = CARTESIAN_POINT('',(50.509292266981,298.333,370.1707197288));
#4813 = PCURVE('',#1332,#4814);
#4814 = DEFINITIONAL_REPRESENTATION('',(#4815),#4818);
#4815 = B_SPLINE_CURVE_WITH_KNOTS('',1,(#4816,#4817),.UNSPECIFIED.,.F.,
  .F.,(2,2),(0.,1.),.PIECEWISE_BEZIER_KNOTS.);
#4816 = CARTESIAN_POINT('',(0.,-10.));
#4817 = CARTESIAN_POINT('',(0.,0.));
#4818 = ( GEOMETRIC_REPRESENTATION_CONTEXT(2) 
PARAMETRIC_REPRESENTATION_CONTEXT() REPRESENTATION_CONTEXT('2D SPACE',''
  ) );
#4819 = PCURVE('',#1306,#4820);
#4820 = DEFINITIONAL_REPRESENTATION('',(#4821),#4824);
#4821 = B_SPLINE_CURVE_WITH_KNOTS('',1,(#4822,#4823),.UNSPECIFIED.,.F.,
  .F.,(2,2),(0.,1.),.PIECEWISE_BEZIER_KNOTS.);
#4822 = CARTESIAN_POINT('',(101.01858453396,-10.));
#4823 = CARTESIAN_POINT('',(101.01858453396,0.));
#4824 = ( GEOMETRIC_REPRESENTATION_CONTEXT(2) 
PARAMETRIC_REPRESENTATION_CONTEXT() REPRESENTATION_CONTEXT('2D SPACE',''
  ) );
#4825 = ORIENTED_EDGE('',*,*,#1883,.F.);
#4826 = ORIENTED_EDGE('',*,*,#4784,.T.);
#4827 = ORIENTED_EDGE('',*,*,#1317,.T.);
#4828 = ADVANCED_FACE('',(#4829),#1306,.F.);
#4829 = FACE_BOUND('',#4830,.F.);
#4830 = EDGE_LOOP('',(#4831,#4850,#4851,#4852));
#4831 = ORIENTED_EDGE('',*,*,#4832,.F.);
#4832 = EDGE_CURVE('',#1842,#1266,#4833,.T.);
#4833 = SURFACE_CURVE('',#4834,(#4838,#4844),.PCURVE_S1.);
#4834 = LINE('',#4835,#4836);
#4835 = CARTESIAN_POINT('',(20.,280.8315,370.1707197288));
#4836 = VECTOR('',#4837,1.);
#4837 = DIRECTION('',(-0.,1.,0.));
#4838 = PCURVE('',#1306,#4839);
#4839 = DEFINITIONAL_REPRESENTATION('',(#4840),#4843);
#4840 = B_SPLINE_CURVE_WITH_KNOTS('',1,(#4841,#4842),.UNSPECIFIED.,.F.,
  .F.,(2,2),(8.5015,16.5015),.PIECEWISE_BEZIER_KNOTS.);
#4841 = CARTESIAN_POINT('',(70.509292266981,-9.));
#4842 = CARTESIAN_POINT('',(70.509292266981,-1.));
#4843 = ( GEOMETRIC_REPRESENTATION_CONTEXT(2) 
PARAMETRIC_REPRESENTATION_CONTEXT() REPRESENTATION_CONTEXT('2D SPACE',''
  ) );
#4844 = PCURVE('',#1280,#4845);
#4845 = DEFINITIONAL_REPRESENTATION('',(#4846),#4849);
#4846 = B_SPLINE_CURVE_WITH_KNOTS('',1,(#4847,#4848),.UNSPECIFIED.,.F.,
  .F.,(2,2),(8.5015,16.5015),.PIECEWISE_BEZIER_KNOTS.);
#4847 = CARTESIAN_POINT('',(56.140719728804,-26.003));
#4848 = CARTESIAN_POINT('',(56.140719728804,-34.003));
#4849 = ( GEOMETRIC_REPRESENTATION_CONTEXT(2) 
PARAMETRIC_REPRESENTATION_CONTEXT() REPRESENTATION_CONTEXT('2D SPACE',''
  ) );
#4850 = ORIENTED_EDGE('',*,*,#1862,.F.);
#4851 = ORIENTED_EDGE('',*,*,#4808,.T.);
#4852 = ORIENTED_EDGE('',*,*,#1291,.T.);
#4853 = ADVANCED_FACE('',(#4854,#5034,#5060,#5084),#1280,.T.);
#4854 = FACE_BOUND('',#4855,.T.);
#4855 = EDGE_LOOP('',(#4856,#4881,#4904,#4927,#4948,#4969,#4990,#5013));
#4856 = ORIENTED_EDGE('',*,*,#4857,.F.);
#4857 = EDGE_CURVE('',#4858,#4860,#4862,.T.);
#4858 = VERTEX_POINT('',#4859);
#4859 = CARTESIAN_POINT('',(20.,263.33,389.778));
#4860 = VERTEX_POINT('',#4861);
#4861 = CARTESIAN_POINT('',(20.,331.33,389.778));
#4862 = SURFACE_CURVE('',#4863,(#4867,#4874),.PCURVE_S1.);
#4863 = LINE('',#4864,#4865);
#4864 = CARTESIAN_POINT('',(20.,263.33,389.778));
#4865 = VECTOR('',#4866,1.);
#4866 = DIRECTION('',(-0.,1.,0.));
#4867 = PCURVE('',#1280,#4868);
#4868 = DEFINITIONAL_REPRESENTATION('',(#4869),#4873);
#4869 = LINE('',#4870,#4871);
#4870 = CARTESIAN_POINT('',(75.748,0.));
#4871 = VECTOR('',#4872,1.);
#4872 = DIRECTION('',(0.,-1.));
#4873 = ( GEOMETRIC_REPRESENTATION_CONTEXT(2) 
PARAMETRIC_REPRESENTATION_CONTEXT() REPRESENTATION_CONTEXT('2D SPACE',''
  ) );
#4874 = PCURVE('',#1461,#4875);
#4875 = DEFINITIONAL_REPRESENTATION('',(#4876),#4880);
#4876 = LINE('',#4877,#4878);
#4877 = CARTESIAN_POINT('',(40.,0.));
#4878 = VECTOR('',#4879,1.);
#4879 = DIRECTION('',(0.,1.));
#4880 = ( GEOMETRIC_REPRESENTATION_CONTEXT(2) 
PARAMETRIC_REPRESENTATION_CONTEXT() REPRESENTATION_CONTEXT('2D SPACE',''
  ) );
#4881 = ORIENTED_EDGE('',*,*,#4882,.F.);
#4882 = EDGE_CURVE('',#4883,#4858,#4885,.T.);
#4883 = VERTEX_POINT('',#4884);
#4884 = CARTESIAN_POINT('',(20.,263.33,314.03));
#4885 = SURFACE_CURVE('',#4886,(#4890,#4897),.PCURVE_S1.);
#4886 = LINE('',#4887,#4888);
#4887 = CARTESIAN_POINT('',(20.,263.33,314.03));
#4888 = VECTOR('',#4889,1.);
#4889 = DIRECTION('',(0.,0.,1.));
#4890 = PCURVE('',#1280,#4891);
#4891 = DEFINITIONAL_REPRESENTATION('',(#4892),#4896);
#4892 = LINE('',#4893,#4894);
#4893 = CARTESIAN_POINT('',(0.,0.));
#4894 = VECTOR('',#4895,1.);
#4895 = DIRECTION('',(1.,0.));
#4896 = ( GEOMETRIC_REPRESENTATION_CONTEXT(2) 
PARAMETRIC_REPRESENTATION_CONTEXT() REPRESENTATION_CONTEXT('2D SPACE',''
  ) );
#4897 = PCURVE('',#1489,#4898);
#4898 = DEFINITIONAL_REPRESENTATION('',(#4899),#4903);
#4899 = LINE('',#4900,#4901);
#4900 = CARTESIAN_POINT('',(0.,40.));
#4901 = VECTOR('',#4902,1.);
#4902 = DIRECTION('',(1.,0.));
#4903 = ( GEOMETRIC_REPRESENTATION_CONTEXT(2) 
PARAMETRIC_REPRESENTATION_CONTEXT() REPRESENTATION_CONTEXT('2D SPACE',''
  ) );
#4904 = ORIENTED_EDGE('',*,*,#4905,.T.);
#4905 = EDGE_CURVE('',#4883,#4906,#4908,.T.);
#4906 = VERTEX_POINT('',#4907);
#4907 = CARTESIAN_POINT('',(20.,278.33,314.03));
#4908 = SURFACE_CURVE('',#4909,(#4913,#4920),.PCURVE_S1.);
#4909 = LINE('',#4910,#4911);
#4910 = CARTESIAN_POINT('',(20.,263.33,314.03));
#4911 = VECTOR('',#4912,1.);
#4912 = DIRECTION('',(-0.,1.,0.));
#4913 = PCURVE('',#1280,#4914);
#4914 = DEFINITIONAL_REPRESENTATION('',(#4915),#4919);
#4915 = LINE('',#4916,#4917);
#4916 = CARTESIAN_POINT('',(0.,0.));
#4917 = VECTOR('',#4918,1.);
#4918 = DIRECTION('',(0.,-1.));
#4919 = ( GEOMETRIC_REPRESENTATION_CONTEXT(2) 
PARAMETRIC_REPRESENTATION_CONTEXT() REPRESENTATION_CONTEXT('2D SPACE',''
  ) );
#4920 = PCURVE('',#1517,#4921);
#4921 = DEFINITIONAL_REPRESENTATION('',(#4922),#4926);
#4922 = LINE('',#4923,#4924);
#4923 = CARTESIAN_POINT('',(40.,0.));
#4924 = VECTOR('',#4925,1.);
#4925 = DIRECTION('',(0.,1.));
#4926 = ( GEOMETRIC_REPRESENTATION_CONTEXT(2) 
PARAMETRIC_REPRESENTATION_CONTEXT() REPRESENTATION_CONTEXT('2D SPACE',''
  ) );
#4927 = ORIENTED_EDGE('',*,*,#4928,.T.);
#4928 = EDGE_CURVE('',#4906,#4929,#4931,.T.);
#4929 = VERTEX_POINT('',#4930);
#4930 = CARTESIAN_POINT('',(20.,278.33,345.03));
#4931 = SURFACE_CURVE('',#4932,(#4936,#4942),.PCURVE_S1.);
#4932 = LINE('',#4933,#4934);
#4933 = CARTESIAN_POINT('',(20.,278.33,313.53));
#4934 = VECTOR('',#4935,1.);
#4935 = DIRECTION('',(0.,0.,1.));
#4936 = PCURVE('',#1280,#4937);
#4937 = DEFINITIONAL_REPRESENTATION('',(#4938),#4941);
#4938 = B_SPLINE_CURVE_WITH_KNOTS('',1,(#4939,#4940),.UNSPECIFIED.,.F.,
  .F.,(2,2),(0.5,31.5),.PIECEWISE_BEZIER_KNOTS.);
#4939 = CARTESIAN_POINT('',(0.,-15.));
#4940 = CARTESIAN_POINT('',(31.,-15.));
#4941 = ( GEOMETRIC_REPRESENTATION_CONTEXT(2) 
PARAMETRIC_REPRESENTATION_CONTEXT() REPRESENTATION_CONTEXT('2D SPACE',''
  ) );
#4942 = PCURVE('',#1544,#4943);
#4943 = DEFINITIONAL_REPRESENTATION('',(#4944),#4947);
#4944 = B_SPLINE_CURVE_WITH_KNOTS('',1,(#4945,#4946),.UNSPECIFIED.,.F.,
  .F.,(2,2),(0.5,31.5),.PIECEWISE_BEZIER_KNOTS.);
#4945 = CARTESIAN_POINT('',(1.,41.));
#4946 = CARTESIAN_POINT('',(32.,41.));
#4947 = ( GEOMETRIC_REPRESENTATION_CONTEXT(2) 
PARAMETRIC_REPRESENTATION_CONTEXT() REPRESENTATION_CONTEXT('2D SPACE',''
  ) );
#4948 = ORIENTED_EDGE('',*,*,#4949,.F.);
#4949 = EDGE_CURVE('',#4950,#4929,#4952,.T.);
#4950 = VERTEX_POINT('',#4951);
#4951 = CARTESIAN_POINT('',(20.,308.33,345.03));
#4952 = SURFACE_CURVE('',#4953,(#4957,#4963),.PCURVE_S1.);
#4953 = LINE('',#4954,#4955);
#4954 = CARTESIAN_POINT('',(20.,270.83,345.03));
#4955 = VECTOR('',#4956,1.);
#4956 = DIRECTION('',(0.,-1.,0.));
#4957 = PCURVE('',#1280,#4958);
#4958 = DEFINITIONAL_REPRESENTATION('',(#4959),#4962);
#4959 = B_SPLINE_CURVE_WITH_KNOTS('',1,(#4960,#4961),.UNSPECIFIED.,.F.,
  .F.,(2,2),(-37.5,-7.5),.PIECEWISE_BEZIER_KNOTS.);
#4960 = CARTESIAN_POINT('',(31.,-45.));
#4961 = CARTESIAN_POINT('',(31.,-15.));
#4962 = ( GEOMETRIC_REPRESENTATION_CONTEXT(2) 
PARAMETRIC_REPRESENTATION_CONTEXT() REPRESENTATION_CONTEXT('2D SPACE',''
  ) );
#4963 = PCURVE('',#1570,#4964);
#4964 = DEFINITIONAL_REPRESENTATION('',(#4965),#4968);
#4965 = B_SPLINE_CURVE_WITH_KNOTS('',1,(#4966,#4967),.UNSPECIFIED.,.F.,
  .F.,(2,2),(-37.5,-7.5),.PIECEWISE_BEZIER_KNOTS.);
#4966 = CARTESIAN_POINT('',(41.,30.));
#4967 = CARTESIAN_POINT('',(41.,0.));
#4968 = ( GEOMETRIC_REPRESENTATION_CONTEXT(2) 
PARAMETRIC_REPRESENTATION_CONTEXT() REPRESENTATION_CONTEXT('2D SPACE',''
  ) );
#4969 = ORIENTED_EDGE('',*,*,#4970,.F.);
#4970 = EDGE_CURVE('',#4971,#4950,#4973,.T.);
#4971 = VERTEX_POINT('',#4972);
#4972 = CARTESIAN_POINT('',(20.,308.33,314.03));
#4973 = SURFACE_CURVE('',#4974,(#4978,#4984),.PCURVE_S1.);
#4974 = LINE('',#4975,#4976);
#4975 = CARTESIAN_POINT('',(20.,308.33,313.53));
#4976 = VECTOR('',#4977,1.);
#4977 = DIRECTION('',(0.,0.,1.));
#4978 = PCURVE('',#1280,#4979);
#4979 = DEFINITIONAL_REPRESENTATION('',(#4980),#4983);
#4980 = B_SPLINE_CURVE_WITH_KNOTS('',1,(#4981,#4982),.UNSPECIFIED.,.F.,
  .F.,(2,2),(0.5,31.5),.PIECEWISE_BEZIER_KNOTS.);
#4981 = CARTESIAN_POINT('',(0.,-45.));
#4982 = CARTESIAN_POINT('',(31.,-45.));
#4983 = ( GEOMETRIC_REPRESENTATION_CONTEXT(2) 
PARAMETRIC_REPRESENTATION_CONTEXT() REPRESENTATION_CONTEXT('2D SPACE',''
  ) );
#4984 = PCURVE('',#1596,#4985);
#4985 = DEFINITIONAL_REPRESENTATION('',(#4986),#4989);
#4986 = B_SPLINE_CURVE_WITH_KNOTS('',1,(#4987,#4988),.UNSPECIFIED.,.F.,
  .F.,(2,2),(0.5,31.5),.PIECEWISE_BEZIER_KNOTS.);
#4987 = CARTESIAN_POINT('',(1.,41.));
#4988 = CARTESIAN_POINT('',(32.,41.));
#4989 = ( GEOMETRIC_REPRESENTATION_CONTEXT(2) 
PARAMETRIC_REPRESENTATION_CONTEXT() REPRESENTATION_CONTEXT('2D SPACE',''
  ) );
#4990 = ORIENTED_EDGE('',*,*,#4991,.T.);
#4991 = EDGE_CURVE('',#4971,#4992,#4994,.T.);
#4992 = VERTEX_POINT('',#4993);
#4993 = CARTESIAN_POINT('',(20.,331.33,314.03));
#4994 = SURFACE_CURVE('',#4995,(#4999,#5006),.PCURVE_S1.);
#4995 = LINE('',#4996,#4997);
#4996 = CARTESIAN_POINT('',(20.,263.33,314.03));
#4997 = VECTOR('',#4998,1.);
#4998 = DIRECTION('',(-0.,1.,0.));
#4999 = PCURVE('',#1280,#5000);
#5000 = DEFINITIONAL_REPRESENTATION('',(#5001),#5005);
#5001 = LINE('',#5002,#5003);
#5002 = CARTESIAN_POINT('',(0.,0.));
#5003 = VECTOR('',#5004,1.);
#5004 = DIRECTION('',(0.,-1.));
#5005 = ( GEOMETRIC_REPRESENTATION_CONTEXT(2) 
PARAMETRIC_REPRESENTATION_CONTEXT() REPRESENTATION_CONTEXT('2D SPACE',''
  ) );
#5006 = PCURVE('',#1623,#5007);
#5007 = DEFINITIONAL_REPRESENTATION('',(#5008),#5012);
#5008 = LINE('',#5009,#5010);
#5009 = CARTESIAN_POINT('',(40.,0.));
#5010 = VECTOR('',#5011,1.);
#5011 = DIRECTION('',(0.,1.));
#5012 = ( GEOMETRIC_REPRESENTATION_CONTEXT(2) 
PARAMETRIC_REPRESENTATION_CONTEXT() REPRESENTATION_CONTEXT('2D SPACE',''
  ) );
#5013 = ORIENTED_EDGE('',*,*,#5014,.T.);
#5014 = EDGE_CURVE('',#4992,#4860,#5015,.T.);
#5015 = SURFACE_CURVE('',#5016,(#5020,#5027),.PCURVE_S1.);
#5016 = LINE('',#5017,#5018);
#5017 = CARTESIAN_POINT('',(20.,331.33,314.03));
#5018 = VECTOR('',#5019,1.);
#5019 = DIRECTION('',(0.,0.,1.));
#5020 = PCURVE('',#1280,#5021);
#5021 = DEFINITIONAL_REPRESENTATION('',(#5022),#5026);
#5022 = LINE('',#5023,#5024);
#5023 = CARTESIAN_POINT('',(0.,-68.));
#5024 = VECTOR('',#5025,1.);
#5025 = DIRECTION('',(1.,0.));
#5026 = ( GEOMETRIC_REPRESENTATION_CONTEXT(2) 
PARAMETRIC_REPRESENTATION_CONTEXT() REPRESENTATION_CONTEXT('2D SPACE',''
  ) );
#5027 = PCURVE('',#1649,#5028);
#5028 = DEFINITIONAL_REPRESENTATION('',(#5029),#5033);
#5029 = LINE('',#5030,#5031);
#5030 = CARTESIAN_POINT('',(0.,40.));
#5031 = VECTOR('',#5032,1.);
#5032 = DIRECTION('',(1.,0.));
#5033 = ( GEOMETRIC_REPRESENTATION_CONTEXT(2) 
PARAMETRIC_REPRESENTATION_CONTEXT() REPRESENTATION_CONTEXT('2D SPACE',''
  ) );
#5034 = FACE_BOUND('',#5035,.T.);
#5035 = EDGE_LOOP('',(#5036));
#5036 = ORIENTED_EDGE('',*,*,#5037,.F.);
#5037 = EDGE_CURVE('',#5038,#5038,#5040,.T.);
#5038 = VERTEX_POINT('',#5039);
#5039 = CARTESIAN_POINT('',(20.,315.83,335.03));
#5040 = SURFACE_CURVE('',#5041,(#5046,#5053),.PCURVE_S1.);
#5041 = CIRCLE('',#5042,6.);
#5042 = AXIS2_PLACEMENT_3D('',#5043,#5044,#5045);
#5043 = CARTESIAN_POINT('',(20.,315.83,329.03));
#5044 = DIRECTION('',(1.,0.,0.));
#5045 = DIRECTION('',(-0.,0.,1.));
#5046 = PCURVE('',#1280,#5047);
#5047 = DEFINITIONAL_REPRESENTATION('',(#5048),#5052);
#5048 = CIRCLE('',#5049,6.);
#5049 = AXIS2_PLACEMENT_2D('',#5050,#5051);
#5050 = CARTESIAN_POINT('',(15.,-52.5));
#5051 = DIRECTION('',(1.,0.));
#5052 = ( GEOMETRIC_REPRESENTATION_CONTEXT(2) 
PARAMETRIC_REPRESENTATION_CONTEXT() REPRESENTATION_CONTEXT('2D SPACE',''
  ) );
#5053 = PCURVE('',#1680,#5054);
#5054 = DEFINITIONAL_REPRESENTATION('',(#5055),#5059);
#5055 = LINE('',#5056,#5057);
#5056 = CARTESIAN_POINT('',(0.,41.));
#5057 = VECTOR('',#5058,1.);
#5058 = DIRECTION('',(1.,0.));
#5059 = ( GEOMETRIC_REPRESENTATION_CONTEXT(2) 
PARAMETRIC_REPRESENTATION_CONTEXT() REPRESENTATION_CONTEXT('2D SPACE',''
  ) );
#5060 = FACE_BOUND('',#5061,.T.);
#5061 = EDGE_LOOP('',(#5062,#5063,#5082,#5083));
#5062 = ORIENTED_EDGE('',*,*,#1841,.T.);
#5063 = ORIENTED_EDGE('',*,*,#5064,.T.);
#5064 = EDGE_CURVE('',#1819,#1238,#5065,.T.);
#5065 = SURFACE_CURVE('',#5066,(#5070,#5076),.PCURVE_S1.);
#5066 = LINE('',#5067,#5068);
#5067 = CARTESIAN_POINT('',(20.,280.3315,377.778));
#5068 = VECTOR('',#5069,1.);
#5069 = DIRECTION('',(-0.,1.,0.));
#5070 = PCURVE('',#1280,#5071);
#5071 = DEFINITIONAL_REPRESENTATION('',(#5072),#5075);
#5072 = B_SPLINE_CURVE_WITH_KNOTS('',1,(#5073,#5074),.UNSPECIFIED.,.F.,
  .F.,(2,2),(9.0015,17.0015),.PIECEWISE_BEZIER_KNOTS.);
#5073 = CARTESIAN_POINT('',(63.748,-26.003));
#5074 = CARTESIAN_POINT('',(63.748,-34.003));
#5075 = ( GEOMETRIC_REPRESENTATION_CONTEXT(2) 
PARAMETRIC_REPRESENTATION_CONTEXT() REPRESENTATION_CONTEXT('2D SPACE',''
  ) );
#5076 = PCURVE('',#1253,#5077);
#5077 = DEFINITIONAL_REPRESENTATION('',(#5078),#5081);
#5078 = B_SPLINE_CURVE_WITH_KNOTS('',1,(#5079,#5080),.UNSPECIFIED.,.F.,
  .F.,(2,2),(9.0015,17.0015),.PIECEWISE_BEZIER_KNOTS.);
#5079 = CARTESIAN_POINT('',(77.,-8.));
#5080 = CARTESIAN_POINT('',(77.,2.273736754432E-13));
#5081 = ( GEOMETRIC_REPRESENTATION_CONTEXT(2) 
PARAMETRIC_REPRESENTATION_CONTEXT() REPRESENTATION_CONTEXT('2D SPACE',''
  ) );
#5082 = ORIENTED_EDGE('',*,*,#1265,.F.);
#5083 = ORIENTED_EDGE('',*,*,#4832,.F.);
#5084 = FACE_BOUND('',#5085,.T.);
#5085 = EDGE_LOOP('',(#5086));
#5086 = ORIENTED_EDGE('',*,*,#5087,.F.);
#5087 = EDGE_CURVE('',#5088,#5088,#5090,.T.);
#5088 = VERTEX_POINT('',#5089);
#5089 = CARTESIAN_POINT('',(20.,270.83,335.03));
#5090 = SURFACE_CURVE('',#5091,(#5096,#5103),.PCURVE_S1.);
#5091 = CIRCLE('',#5092,6.);
#5092 = AXIS2_PLACEMENT_3D('',#5093,#5094,#5095);
#5093 = CARTESIAN_POINT('',(20.,270.83,329.03));
#5094 = DIRECTION('',(1.,0.,0.));
#5095 = DIRECTION('',(-0.,0.,1.));
#5096 = PCURVE('',#1280,#5097);
#5097 = DEFINITIONAL_REPRESENTATION('',(#5098),#5102);
#5098 = CIRCLE('',#5099,6.);
#5099 = AXIS2_PLACEMENT_2D('',#5100,#5101);
#5100 = CARTESIAN_POINT('',(15.,-7.5));
#5101 = DIRECTION('',(1.,0.));
#5102 = ( GEOMETRIC_REPRESENTATION_CONTEXT(2) 
PARAMETRIC_REPRESENTATION_CONTEXT() REPRESENTATION_CONTEXT('2D SPACE',''
  ) );
#5103 = PCURVE('',#1755,#5104);
#5104 = DEFINITIONAL_REPRESENTATION('',(#5105),#5109);
#5105 = LINE('',#5106,#5107);
#5106 = CARTESIAN_POINT('',(0.,41.));
#5107 = VECTOR('',#5108,1.);
#5108 = DIRECTION('',(1.,0.));
#5109 = ( GEOMETRIC_REPRESENTATION_CONTEXT(2) 
PARAMETRIC_REPRESENTATION_CONTEXT() REPRESENTATION_CONTEXT('2D SPACE',''
  ) );
#5110 = ADVANCED_FACE('',(#5111),#1253,.T.);
#5111 = FACE_BOUND('',#5112,.T.);
#5112 = EDGE_LOOP('',(#5113,#5114,#5115,#5135,#5161,#5186));
#5113 = ORIENTED_EDGE('',*,*,#5064,.F.);
#5114 = ORIENTED_EDGE('',*,*,#1818,.T.);
#5115 = ORIENTED_EDGE('',*,*,#5116,.T.);
#5116 = EDGE_CURVE('',#1796,#5117,#5119,.T.);
#5117 = VERTEX_POINT('',#5118);
#5118 = CARTESIAN_POINT('',(57.,293.333,377.778));
#5119 = SURFACE_CURVE('',#5120,(#5123,#5129),.PCURVE_S1.);
#5120 = B_SPLINE_CURVE_WITH_KNOTS('',1,(#5121,#5122),.UNSPECIFIED.,.F.,
  .F.,(2,2),(0.,1.),.PIECEWISE_BEZIER_KNOTS.);
#5121 = CARTESIAN_POINT('',(57.,289.333,377.778));
#5122 = CARTESIAN_POINT('',(57.,297.333,377.778));
#5123 = PCURVE('',#1253,#5124);
#5124 = DEFINITIONAL_REPRESENTATION('',(#5125),#5128);
#5125 = B_SPLINE_CURVE_WITH_KNOTS('',1,(#5126,#5127),.UNSPECIFIED.,.F.,
  .F.,(2,2),(0.,1.),.PIECEWISE_BEZIER_KNOTS.);
#5126 = CARTESIAN_POINT('',(114.,-8.));
#5127 = CARTESIAN_POINT('',(114.,0.));
#5128 = ( GEOMETRIC_REPRESENTATION_CONTEXT(2) 
PARAMETRIC_REPRESENTATION_CONTEXT() REPRESENTATION_CONTEXT('2D SPACE',''
  ) );
#5129 = PCURVE('',#1176,#5130);
#5130 = DEFINITIONAL_REPRESENTATION('',(#5131),#5134);
#5131 = B_SPLINE_CURVE_WITH_KNOTS('',1,(#5132,#5133),.UNSPECIFIED.,.F.,
  .F.,(2,2),(0.,1.),.PIECEWISE_BEZIER_KNOTS.);
#5132 = CARTESIAN_POINT('',(0.,-8.));
#5133 = CARTESIAN_POINT('',(0.,0.));
#5134 = ( GEOMETRIC_REPRESENTATION_CONTEXT(2) 
PARAMETRIC_REPRESENTATION_CONTEXT() REPRESENTATION_CONTEXT('2D SPACE',''
  ) );
#5135 = ORIENTED_EDGE('',*,*,#5136,.T.);
#5136 = EDGE_CURVE('',#5117,#5137,#5139,.T.);
#5137 = VERTEX_POINT('',#5138);
#5138 = CARTESIAN_POINT('',(52.505039970122,293.120081401,377.778));
#5139 = SURFACE_CURVE('',#5140,(#5144,#5150),.PCURVE_S1.);
#5140 = LINE('',#5141,#5142);
#5141 = CARTESIAN_POINT('',(0.222132246063,290.64352913131,377.778));
#5142 = VECTOR('',#5143,1.);
#5143 = DIRECTION('',(-0.99888000664,-4.731524422176E-02,0.));
#5144 = PCURVE('',#1253,#5145);
#5145 = DEFINITIONAL_REPRESENTATION('',(#5146),#5149);
#5146 = B_SPLINE_CURVE_WITH_KNOTS('',1,(#5147,#5148),.UNSPECIFIED.,.F.,
  .F.,(2,2),(-56.84152989001,-52.34152989001),.PIECEWISE_BEZIER_KNOTS.);
#5147 = CARTESIAN_POINT('',(114.,-4.));
#5148 = CARTESIAN_POINT('',(109.50503997012,-4.212918598998));
#5149 = ( GEOMETRIC_REPRESENTATION_CONTEXT(2) 
PARAMETRIC_REPRESENTATION_CONTEXT() REPRESENTATION_CONTEXT('2D SPACE',''
  ) );
#5150 = PCURVE('',#5151,#5156);
#5151 = PLANE('',#5152);
#5152 = AXIS2_PLACEMENT_3D('',#5153,#5154,#5155);
#5153 = CARTESIAN_POINT('',(57.,293.333,377.778));
#5154 = DIRECTION('',(-4.729607247351E-02,0.998475268667,
    -2.846435295031E-02));
#5155 = DIRECTION('',(0.99888000664,4.731524422176E-02,
    -2.168404344971E-19));
#5156 = DEFINITIONAL_REPRESENTATION('',(#5157),#5160);
#5157 = B_SPLINE_CURVE_WITH_KNOTS('',1,(#5158,#5159),.UNSPECIFIED.,.F.,
  .F.,(2,2),(-56.84152989001,-52.34152989001),.PIECEWISE_BEZIER_KNOTS.);
#5158 = CARTESIAN_POINT('',(0.,-5.396814787358E-16));
#5159 = CARTESIAN_POINT('',(-4.5,-5.387056967805E-16));
#5160 = ( GEOMETRIC_REPRESENTATION_CONTEXT(2) 
PARAMETRIC_REPRESENTATION_CONTEXT() REPRESENTATION_CONTEXT('2D SPACE',''
  ) );
#5161 = ORIENTED_EDGE('',*,*,#5162,.F.);
#5162 = EDGE_CURVE('',#1189,#5137,#5163,.T.);
#5163 = SURFACE_CURVE('',#5164,(#5169,#5176),.PCURVE_S1.);
#5164 = ELLIPSE('',#5165,158.09247474748,4.5);
#5165 = AXIS2_PLACEMENT_3D('',#5166,#5167,#5168);
#5166 = CARTESIAN_POINT('',(57.,293.333,377.778));
#5167 = DIRECTION('',(0.,0.,1.));
#5168 = DIRECTION('',(-4.731524422176E-02,0.99888000664,0.));
#5169 = PCURVE('',#1253,#5170);
#5170 = DEFINITIONAL_REPRESENTATION('',(#5171),#5175);
#5171 = ELLIPSE('',#5172,158.09247474748,4.5);
#5172 = AXIS2_PLACEMENT_2D('',#5173,#5174);
#5173 = CARTESIAN_POINT('',(114.,-4.));
#5174 = DIRECTION('',(-4.731524422176E-02,0.99888000664));
#5175 = ( GEOMETRIC_REPRESENTATION_CONTEXT(2) 
PARAMETRIC_REPRESENTATION_CONTEXT() REPRESENTATION_CONTEXT('2D SPACE',''
  ) );
#5176 = PCURVE('',#1205,#5177);
#5177 = DEFINITIONAL_REPRESENTATION('',(#5178),#5185);
#5178 = B_SPLINE_CURVE_WITH_KNOTS('',5,(#5179,#5180,#5181,#5182,#5183,
    #5184),.UNSPECIFIED.,.F.,.F.,(6,6),(1.539047345007,1.570796330592),
  .PIECEWISE_BEZIER_KNOTS.);
#5179 = CARTESIAN_POINT('',(3.173341635378,5.016398480301));
#5180 = CARTESIAN_POINT('',(3.166991838261,4.013455788213));
#5181 = CARTESIAN_POINT('',(3.160642041144,3.010260270123));
#5182 = CARTESIAN_POINT('',(3.154292244027,2.006896173055));
#5183 = CARTESIAN_POINT('',(3.14794244691,1.003447786512));
#5184 = CARTESIAN_POINT('',(3.141592649793,-5.999999643791E-07));
#5185 = ( GEOMETRIC_REPRESENTATION_CONTEXT(2) 
PARAMETRIC_REPRESENTATION_CONTEXT() REPRESENTATION_CONTEXT('2D SPACE',''
  ) );
#5186 = ORIENTED_EDGE('',*,*,#1237,.F.);
#5187 = ADVANCED_FACE('',(#5188,#5362),#1205,.T.);
#5188 = FACE_BOUND('',#5189,.T.);
#5189 = EDGE_LOOP('',(#5190,#5214,#5237,#5259,#5260,#5261,#5288,#5310,
    #5311,#5335,#5360,#5361));
#5190 = ORIENTED_EDGE('',*,*,#5191,.T.);
#5191 = EDGE_CURVE('',#5137,#5192,#5194,.T.);
#5192 = VERTEX_POINT('',#5193);
#5193 = CARTESIAN_POINT('',(61.494960029878,293.54591859899,377.778));
#5194 = SURFACE_CURVE('',#5195,(#5200,#5207),.PCURVE_S1.);
#5195 = CIRCLE('',#5196,4.5);
#5196 = AXIS2_PLACEMENT_3D('',#5197,#5198,#5199);
#5197 = CARTESIAN_POINT('',(57.,293.333,377.778));
#5198 = DIRECTION('',(-4.729607247351E-02,0.998475268667,
    -2.846435295031E-02));
#5199 = DIRECTION('',(0.99888000664,4.731524422176E-02,
    -2.168404344971E-19));
#5200 = PCURVE('',#1205,#5201);
#5201 = DEFINITIONAL_REPRESENTATION('',(#5202),#5206);
#5202 = LINE('',#5203,#5204);
#5203 = CARTESIAN_POINT('',(0.,0.));
#5204 = VECTOR('',#5205,1.);
#5205 = DIRECTION('',(1.,0.));
#5206 = ( GEOMETRIC_REPRESENTATION_CONTEXT(2) 
PARAMETRIC_REPRESENTATION_CONTEXT() REPRESENTATION_CONTEXT('2D SPACE',''
  ) );
#5207 = PCURVE('',#5151,#5208);
#5208 = DEFINITIONAL_REPRESENTATION('',(#5209),#5213);
#5209 = CIRCLE('',#5210,4.5);
#5210 = AXIS2_PLACEMENT_2D('',#5211,#5212);
#5211 = CARTESIAN_POINT('',(0.,0.));
#5212 = DIRECTION('',(1.,0.));
#5213 = ( GEOMETRIC_REPRESENTATION_CONTEXT(2) 
PARAMETRIC_REPRESENTATION_CONTEXT() REPRESENTATION_CONTEXT('2D SPACE',''
  ) );
#5214 = ORIENTED_EDGE('',*,*,#5215,.T.);
#5215 = EDGE_CURVE('',#5192,#5216,#5218,.T.);
#5216 = VERTEX_POINT('',#5217);
#5217 = CARTESIAN_POINT('',(55.494960029878,420.21291859899,374.167));
#5218 = SEAM_CURVE('',#5219,(#5223,#5230),.PCURVE_S1.);
#5219 = LINE('',#5220,#5221);
#5220 = CARTESIAN_POINT('',(61.494960029878,293.54591859899,377.778));
#5221 = VECTOR('',#5222,1.);
#5222 = DIRECTION('',(-4.729607247351E-02,0.998475268667,
    -2.846435295031E-02));
#5223 = PCURVE('',#1205,#5224);
#5224 = DEFINITIONAL_REPRESENTATION('',(#5225),#5229);
#5225 = LINE('',#5226,#5227);
#5226 = CARTESIAN_POINT('',(6.28318530718,-0.));
#5227 = VECTOR('',#5228,1.);
#5228 = DIRECTION('',(0.,1.));
#5229 = ( GEOMETRIC_REPRESENTATION_CONTEXT(2) 
PARAMETRIC_REPRESENTATION_CONTEXT() REPRESENTATION_CONTEXT('2D SPACE',''
  ) );
#5230 = PCURVE('',#1205,#5231);
#5231 = DEFINITIONAL_REPRESENTATION('',(#5232),#5236);
#5232 = LINE('',#5233,#5234);
#5233 = CARTESIAN_POINT('',(0.,-0.));
#5234 = VECTOR('',#5235,1.);
#5235 = DIRECTION('',(0.,1.));
#5236 = ( GEOMETRIC_REPRESENTATION_CONTEXT(2) 
PARAMETRIC_REPRESENTATION_CONTEXT() REPRESENTATION_CONTEXT('2D SPACE',''
  ) );
#5237 = ORIENTED_EDGE('',*,*,#5238,.F.);
#5238 = EDGE_CURVE('',#3951,#5216,#5239,.T.);
#5239 = SURFACE_CURVE('',#5240,(#5245,#5252),.PCURVE_S1.);
#5240 = CIRCLE('',#5241,4.5);
#5241 = AXIS2_PLACEMENT_3D('',#5242,#5243,#5244);
#5242 = CARTESIAN_POINT('',(51.,420.,374.167));
#5243 = DIRECTION('',(-4.729607247351E-02,0.998475268667,
    -2.846435295031E-02));
#5244 = DIRECTION('',(0.99888000664,4.731524422176E-02,
    -4.336808689942E-19));
#5245 = PCURVE('',#1205,#5246);
#5246 = DEFINITIONAL_REPRESENTATION('',(#5247),#5251);
#5247 = LINE('',#5248,#5249);
#5248 = CARTESIAN_POINT('',(0.,126.86042806959));
#5249 = VECTOR('',#5250,1.);
#5250 = DIRECTION('',(1.,0.));
#5251 = ( GEOMETRIC_REPRESENTATION_CONTEXT(2) 
PARAMETRIC_REPRESENTATION_CONTEXT() REPRESENTATION_CONTEXT('2D SPACE',''
  ) );
#5252 = PCURVE('',#3992,#5253);
#5253 = DEFINITIONAL_REPRESENTATION('',(#5254),#5258);
#5254 = CIRCLE('',#5255,4.5);
#5255 = AXIS2_PLACEMENT_2D('',#5256,#5257);
#5256 = CARTESIAN_POINT('',(0.,0.));
#5257 = DIRECTION('',(1.,0.));
#5258 = ( GEOMETRIC_REPRESENTATION_CONTEXT(2) 
PARAMETRIC_REPRESENTATION_CONTEXT() REPRESENTATION_CONTEXT('2D SPACE',''
  ) );
#5259 = ORIENTED_EDGE('',*,*,#3950,.T.);
#5260 = ORIENTED_EDGE('',*,*,#3797,.T.);
#5261 = ORIENTED_EDGE('',*,*,#5262,.T.);
#5262 = EDGE_CURVE('',#3770,#5263,#5265,.T.);
#5263 = VERTEX_POINT('',#5264);
#5264 = CARTESIAN_POINT('',(50.504845704832,419.84911174757,
    369.69687081179));
#5265 = SURFACE_CURVE('',#5266,(#5271,#5281),.PCURVE_S1.);
#5266 = ELLIPSE('',#5267,102.56471118615,4.5);
#5267 = AXIS2_PLACEMENT_3D('',#5268,#5269,#5270);
#5268 = CARTESIAN_POINT('',(51.,420.,374.167));
#5269 = DIRECTION('',(0.993920936271,-4.336808689942E-19,-0.110096196314
    ));
#5270 = DIRECTION('',(-3.69160503559E-03,0.999437687218,
    -3.332688736005E-02));
#5271 = PCURVE('',#1205,#5272);
#5272 = DEFINITIONAL_REPRESENTATION('',(#5273),#5280);
#5273 = B_SPLINE_CURVE_WITH_KNOTS('',5,(#5274,#5275,#5276,#5277,#5278,
    #5279),.UNSPECIFIED.,.F.,.F.,(6,6),(4.667017827049,4.71238898624),
  .PIECEWISE_BEZIER_KNOTS.);
#5274 = CARTESIAN_POINT('',(1.727897364136,122.21302480786));
#5275 = CARTESIAN_POINT('',(1.718823132298,123.14186770102));
#5276 = CARTESIAN_POINT('',(1.709748900459,124.07118893794));
#5277 = CARTESIAN_POINT('',(1.700674668621,125.00082918011));
#5278 = CARTESIAN_POINT('',(1.691600436783,125.93062892488));
#5279 = CARTESIAN_POINT('',(1.682526204945,126.86042866959));
#5280 = ( GEOMETRIC_REPRESENTATION_CONTEXT(2) 
PARAMETRIC_REPRESENTATION_CONTEXT() REPRESENTATION_CONTEXT('2D SPACE',''
  ) );
#5281 = PCURVE('',#3785,#5282);
#5282 = DEFINITIONAL_REPRESENTATION('',(#5283),#5287);
#5283 = ELLIPSE('',#5284,102.56471118615,4.5);
#5284 = AXIS2_PLACEMENT_2D('',#5285,#5286);
#5285 = CARTESIAN_POINT('',(0.,-4.));
#5286 = DIRECTION('',(3.35307227606E-02,0.999437687218));
#5287 = ( GEOMETRIC_REPRESENTATION_CONTEXT(2) 
PARAMETRIC_REPRESENTATION_CONTEXT() REPRESENTATION_CONTEXT('2D SPACE',''
  ) );
#5288 = ORIENTED_EDGE('',*,*,#5289,.F.);
#5289 = EDGE_CURVE('',#5216,#5263,#5290,.T.);
#5290 = SURFACE_CURVE('',#5291,(#5296,#5303),.PCURVE_S1.);
#5291 = CIRCLE('',#5292,4.5);
#5292 = AXIS2_PLACEMENT_3D('',#5293,#5294,#5295);
#5293 = CARTESIAN_POINT('',(51.,420.,374.167));
#5294 = DIRECTION('',(-4.729607247351E-02,0.998475268667,
    -2.846435295031E-02));
#5295 = DIRECTION('',(0.99888000664,4.731524422176E-02,
    -4.336808689942E-19));
#5296 = PCURVE('',#1205,#5297);
#5297 = DEFINITIONAL_REPRESENTATION('',(#5298),#5302);
#5298 = LINE('',#5299,#5300);
#5299 = CARTESIAN_POINT('',(0.,126.86042806959));
#5300 = VECTOR('',#5301,1.);
#5301 = DIRECTION('',(1.,0.));
#5302 = ( GEOMETRIC_REPRESENTATION_CONTEXT(2) 
PARAMETRIC_REPRESENTATION_CONTEXT() REPRESENTATION_CONTEXT('2D SPACE',''
  ) );
#5303 = PCURVE('',#3992,#5304);
#5304 = DEFINITIONAL_REPRESENTATION('',(#5305),#5309);
#5305 = CIRCLE('',#5306,4.5);
#5306 = AXIS2_PLACEMENT_2D('',#5307,#5308);
#5307 = CARTESIAN_POINT('',(0.,0.));
#5308 = DIRECTION('',(1.,0.));
#5309 = ( GEOMETRIC_REPRESENTATION_CONTEXT(2) 
PARAMETRIC_REPRESENTATION_CONTEXT() REPRESENTATION_CONTEXT('2D SPACE',''
  ) );
#5310 = ORIENTED_EDGE('',*,*,#5215,.F.);
#5311 = ORIENTED_EDGE('',*,*,#5312,.T.);
#5312 = EDGE_CURVE('',#5192,#5313,#5315,.T.);
#5313 = VERTEX_POINT('',#5314);
#5314 = CARTESIAN_POINT('',(56.597676042849,293.18623966822,
    373.29842448009));
#5315 = SURFACE_CURVE('',#5316,(#5321,#5328),.PCURVE_S1.);
#5316 = CIRCLE('',#5317,4.5);
#5317 = AXIS2_PLACEMENT_3D('',#5318,#5319,#5320);
#5318 = CARTESIAN_POINT('',(57.,293.333,377.778));
#5319 = DIRECTION('',(-4.729607247351E-02,0.998475268667,
    -2.846435295031E-02));
#5320 = DIRECTION('',(0.99888000664,4.731524422176E-02,
    -2.168404344971E-19));
#5321 = PCURVE('',#1205,#5322);
#5322 = DEFINITIONAL_REPRESENTATION('',(#5323),#5327);
#5323 = LINE('',#5324,#5325);
#5324 = CARTESIAN_POINT('',(0.,0.));
#5325 = VECTOR('',#5326,1.);
#5326 = DIRECTION('',(1.,0.));
#5327 = ( GEOMETRIC_REPRESENTATION_CONTEXT(2) 
PARAMETRIC_REPRESENTATION_CONTEXT() REPRESENTATION_CONTEXT('2D SPACE',''
  ) );
#5328 = PCURVE('',#5151,#5329);
#5329 = DEFINITIONAL_REPRESENTATION('',(#5330),#5334);
#5330 = CIRCLE('',#5331,4.5);
#5331 = AXIS2_PLACEMENT_2D('',#5332,#5333);
#5332 = CARTESIAN_POINT('',(0.,0.));
#5333 = DIRECTION('',(1.,0.));
#5334 = ( GEOMETRIC_REPRESENTATION_CONTEXT(2) 
PARAMETRIC_REPRESENTATION_CONTEXT() REPRESENTATION_CONTEXT('2D SPACE',''
  ) );
#5335 = ORIENTED_EDGE('',*,*,#5336,.T.);
#5336 = EDGE_CURVE('',#5313,#1161,#5337,.T.);
#5337 = SURFACE_CURVE('',#5338,(#5343,#5353),.PCURVE_S1.);
#5338 = ELLIPSE('',#5339,100.98687553479,4.5);
#5339 = AXIS2_PLACEMENT_3D('',#5340,#5341,#5342);
#5340 = CARTESIAN_POINT('',(57.,293.333,377.778));
#5341 = DIRECTION('',(0.995991052701,4.336808689942E-19,
    -8.945290905998E-02));
#5342 = DIRECTION('',(-2.917364136026E-03,0.99946804135,
    -3.248266163154E-02));
#5343 = PCURVE('',#1205,#5344);
#5344 = DEFINITIONAL_REPRESENTATION('',(#5345),#5352);
#5345 = B_SPLINE_CURVE_WITH_KNOTS('',5,(#5346,#5347,#5348,#5349,#5350,
    #5351),.UNSPECIFIED.,.F.,.F.,(6,6),(4.712388974437,4.761417134544),
  .PIECEWISE_BEZIER_KNOTS.);
#5346 = CARTESIAN_POINT('',(1.66177006904,-6.000000780659E-07));
#5347 = CARTESIAN_POINT('',(1.651964437019,0.989255933879));
#5348 = CARTESIAN_POINT('',(1.642158804997,1.978512467831));
#5349 = CARTESIAN_POINT('',(1.632353172976,2.967570840537));
#5350 = CARTESIAN_POINT('',(1.622547540955,3.956232890699));
#5351 = CARTESIAN_POINT('',(1.612741908933,4.944300695131));
#5352 = ( GEOMETRIC_REPRESENTATION_CONTEXT(2) 
PARAMETRIC_REPRESENTATION_CONTEXT() REPRESENTATION_CONTEXT('2D SPACE',''
  ) );
#5353 = PCURVE('',#1176,#5354);
#5354 = DEFINITIONAL_REPRESENTATION('',(#5355),#5359);
#5355 = ELLIPSE('',#5356,100.98687553479,4.5);
#5356 = AXIS2_PLACEMENT_2D('',#5357,#5358);
#5357 = CARTESIAN_POINT('',(0.,-4.));
#5358 = DIRECTION('',(3.261340706169E-02,0.99946804135));
#5359 = ( GEOMETRIC_REPRESENTATION_CONTEXT(2) 
PARAMETRIC_REPRESENTATION_CONTEXT() REPRESENTATION_CONTEXT('2D SPACE',''
  ) );
#5360 = ORIENTED_EDGE('',*,*,#1188,.F.);
#5361 = ORIENTED_EDGE('',*,*,#5162,.T.);
#5362 = FACE_BOUND('',#5363,.T.);
#5363 = EDGE_LOOP('',(#5364,#5391,#5416,#5417,#5418,#5419));
#5364 = ORIENTED_EDGE('',*,*,#5365,.T.);
#5365 = EDGE_CURVE('',#4583,#5366,#5368,.T.);
#5366 = VERTEX_POINT('',#5367);
#5367 = CARTESIAN_POINT('',(53.179224940223,364.35112535335,
    371.27418764791));
#5368 = SURFACE_CURVE('',#5369,(#5374,#5384),.PCURVE_S1.);
#5369 = ELLIPSE('',#5370,101.7803774698,4.5);
#5370 = AXIS2_PLACEMENT_3D('',#5371,#5372,#5373);
#5371 = CARTESIAN_POINT('',(53.628940450157,364.5,375.74918399425));
#5372 = DIRECTION('',(0.994988289803,0.,-9.999151541061E-02));
#5373 = DIRECTION('',(-3.308044783103E-03,0.999452599302,
    -3.29174511239E-02));
#5374 = PCURVE('',#1205,#5375);
#5375 = DEFINITIONAL_REPRESENTATION('',(#5376),#5383);
#5376 = B_SPLINE_CURVE_WITH_KNOTS('',5,(#5377,#5378,#5379,#5380,#5381,
    #5382),.UNSPECIFIED.,.F.,.F.,(6,6),(4.666648810781,4.712388986286),
  .PIECEWISE_BEZIER_KNOTS.);
#5377 = CARTESIAN_POINT('',(1.718101213404,66.626398506976));
#5378 = CARTESIAN_POINT('',(1.708953178303,67.555605616536));
#5379 = CARTESIAN_POINT('',(1.699805143202,68.485299078591));
#5380 = CARTESIAN_POINT('',(1.690657108101,69.415316888702));
#5381 = CARTESIAN_POINT('',(1.681509073,70.345496872816));
#5382 = CARTESIAN_POINT('',(1.672361037899,71.275676856867));
#5383 = ( GEOMETRIC_REPRESENTATION_CONTEXT(2) 
PARAMETRIC_REPRESENTATION_CONTEXT() REPRESENTATION_CONTEXT('2D SPACE',''
  ) );
#5384 = PCURVE('',#3296,#5385);
#5385 = DEFINITIONAL_REPRESENTATION('',(#5386),#5390);
#5386 = ELLIPSE('',#5387,101.7803774698,4.5);
#5387 = AXIS2_PLACEMENT_2D('',#5388,#5389);
#5388 = CARTESIAN_POINT('',(0.,-4.));
#5389 = DIRECTION('',(3.308325480936E-02,0.999452599302));
#5390 = ( GEOMETRIC_REPRESENTATION_CONTEXT(2) 
PARAMETRIC_REPRESENTATION_CONTEXT() REPRESENTATION_CONTEXT('2D SPACE',''
  ) );
#5391 = ORIENTED_EDGE('',*,*,#5392,.T.);
#5392 = EDGE_CURVE('',#5366,#3281,#5393,.T.);
#5393 = SURFACE_CURVE('',#5394,(#5399,#5409),.PCURVE_S1.);
#5394 = ELLIPSE('',#5395,101.7803774698,4.5);
#5395 = AXIS2_PLACEMENT_3D('',#5396,#5397,#5398);
#5396 = CARTESIAN_POINT('',(53.628940450157,364.5,375.74918399425));
#5397 = DIRECTION('',(0.994988289803,0.,-9.999151541061E-02));
#5398 = DIRECTION('',(-3.308044783104E-03,0.999452599302,
    -3.29174511239E-02));
#5399 = PCURVE('',#1205,#5400);
#5400 = DEFINITIONAL_REPRESENTATION('',(#5401),#5408);
#5401 = B_SPLINE_CURVE_WITH_KNOTS('',5,(#5402,#5403,#5404,#5405,#5406,
    #5407),.UNSPECIFIED.,.F.,.F.,(6,6),(4.712388974484,4.761056159747),
  .PIECEWISE_BEZIER_KNOTS.);
#5402 = CARTESIAN_POINT('',(1.672361049701,71.275675656867));
#5403 = CARTESIAN_POINT('',(1.662627612648,72.265379808893));
#5404 = CARTESIAN_POINT('',(1.652894175596,73.255083960991));
#5405 = CARTESIAN_POINT('',(1.643160738543,74.244592770718));
#5406 = CARTESIAN_POINT('',(1.633427301491,75.233710895651));
#5407 = CARTESIAN_POINT('',(1.623693864438,76.222243224648));
#5408 = ( GEOMETRIC_REPRESENTATION_CONTEXT(2) 
PARAMETRIC_REPRESENTATION_CONTEXT() REPRESENTATION_CONTEXT('2D SPACE',''
  ) );
#5409 = PCURVE('',#3296,#5410);
#5410 = DEFINITIONAL_REPRESENTATION('',(#5411),#5415);
#5411 = ELLIPSE('',#5412,101.7803774698,4.5);
#5412 = AXIS2_PLACEMENT_2D('',#5413,#5414);
#5413 = CARTESIAN_POINT('',(0.,-4.));
#5414 = DIRECTION('',(3.308325480936E-02,0.999452599302));
#5415 = ( GEOMETRIC_REPRESENTATION_CONTEXT(2) 
PARAMETRIC_REPRESENTATION_CONTEXT() REPRESENTATION_CONTEXT('2D SPACE',''
  ) );
#5416 = ORIENTED_EDGE('',*,*,#3308,.F.);
#5417 = ORIENTED_EDGE('',*,*,#2692,.T.);
#5418 = ORIENTED_EDGE('',*,*,#2665,.T.);
#5419 = ORIENTED_EDGE('',*,*,#4605,.T.);
#5420 = ADVANCED_FACE('',(#5421),#1176,.T.);
#5421 = FACE_BOUND('',#5422,.T.);
#5422 = EDGE_LOOP('',(#5423,#5424,#5425,#5426,#5447,#5472,#5473,#5474));
#5423 = ORIENTED_EDGE('',*,*,#5116,.F.);
#5424 = ORIENTED_EDGE('',*,*,#1795,.T.);
#5425 = ORIENTED_EDGE('',*,*,#1969,.T.);
#5426 = ORIENTED_EDGE('',*,*,#5427,.T.);
#5427 = EDGE_CURVE('',#1970,#5428,#5430,.T.);
#5428 = VERTEX_POINT('',#5429);
#5429 = CARTESIAN_POINT('',(45.397095513189,292.59551470713,
    248.58836071772));
#5430 = SURFACE_CURVE('',#5431,(#5435,#5441),.PCURVE_S1.);
#5431 = LINE('',#5432,#5433);
#5432 = CARTESIAN_POINT('',(50.809925355809,282.54281386023,
    308.85616139291));
#5433 = VECTOR('',#5434,1.);
#5434 = DIRECTION('',(8.824344737527E-02,-0.163885620637,0.982524603938)
  );
#5435 = PCURVE('',#1176,#5436);
#5436 = DEFINITIONAL_REPRESENTATION('',(#5437),#5440);
#5437 = B_SPLINE_CURVE_WITH_KNOTS('',1,(#5438,#5439),.UNSPECIFIED.,.F.,
  .F.,(2,2),(-65.83973687136,-61.32207469596),.PIECEWISE_BEZIER_KNOTS.);
#5438 = CARTESIAN_POINT('',(134.14879545117,-4.));
#5439 = CARTESIAN_POINT('',(129.69221501546,-4.740379869444));
#5440 = ( GEOMETRIC_REPRESENTATION_CONTEXT(2) 
PARAMETRIC_REPRESENTATION_CONTEXT() REPRESENTATION_CONTEXT('2D SPACE',''
  ) );
#5441 = PCURVE('',#2078,#5442);
#5442 = DEFINITIONAL_REPRESENTATION('',(#5443),#5446);
#5443 = B_SPLINE_CURVE_WITH_KNOTS('',1,(#5444,#5445),.UNSPECIFIED.,.F.,
  .F.,(2,2),(-65.83973687136,-61.32207469596),.PIECEWISE_BEZIER_KNOTS.);
#5444 = CARTESIAN_POINT('',(-8.526512829121E-14,-7.105427357601E-15));
#5445 = CARTESIAN_POINT('',(4.5,0.399088374874));
#5446 = ( GEOMETRIC_REPRESENTATION_CONTEXT(2) 
PARAMETRIC_REPRESENTATION_CONTEXT() REPRESENTATION_CONTEXT('2D SPACE',''
  ) );
#5447 = ORIENTED_EDGE('',*,*,#5448,.F.);
#5448 = EDGE_CURVE('',#1110,#5428,#5449,.T.);
#5449 = SURFACE_CURVE('',#5450,(#5455,#5462),.PCURVE_S1.);
#5450 = ELLIPSE('',#5451,73.149032168222,4.5);
#5451 = AXIS2_PLACEMENT_3D('',#5452,#5453,#5454);
#5452 = CARTESIAN_POINT('',(45.,293.333,244.167));
#5453 = DIRECTION('',(0.995991052701,-1.734723475977E-18,
    -8.945290905998E-02));
#5454 = DIRECTION('',(1.466004551911E-02,0.986479347654,0.163228611821)
  );
#5455 = PCURVE('',#1176,#5456);
#5456 = DEFINITIONAL_REPRESENTATION('',(#5457),#5461);
#5457 = ELLIPSE('',#5458,73.149032168222,4.5);
#5458 = AXIS2_PLACEMENT_2D('',#5459,#5460);
#5459 = CARTESIAN_POINT('',(134.14879545117,-4.));
#5460 = DIRECTION('',(-0.163885620637,0.986479347654));
#5461 = ( GEOMETRIC_REPRESENTATION_CONTEXT(2) 
PARAMETRIC_REPRESENTATION_CONTEXT() REPRESENTATION_CONTEXT('2D SPACE',''
  ) );
#5462 = PCURVE('',#1070,#5463);
#5463 = DEFINITIONAL_REPRESENTATION('',(#5464),#5471);
#5464 = B_SPLINE_CURVE_WITH_KNOTS('',5,(#5465,#5466,#5467,#5468,#5469,
    #5470),.UNSPECIFIED.,.F.,.F.,(6,6),(1.494012034429,1.570796335013),
  .PIECEWISE_BEZIER_KNOTS.);
#5465 = CARTESIAN_POINT('',(0.165239175394,5.600551317352));
#5466 = CARTESIAN_POINT('',(0.149882315277,4.482643125615));
#5467 = CARTESIAN_POINT('',(0.134525455161,3.363083939306));
#5468 = CARTESIAN_POINT('',(0.119168595044,2.242423007901));
#5469 = CARTESIAN_POINT('',(0.103811734927,1.121211203854));
#5470 = CARTESIAN_POINT('',(8.845487481041E-02,-6.000000780659E-07));
#5471 = ( GEOMETRIC_REPRESENTATION_CONTEXT(2) 
PARAMETRIC_REPRESENTATION_CONTEXT() REPRESENTATION_CONTEXT('2D SPACE',''
  ) );
#5472 = ORIENTED_EDGE('',*,*,#1160,.F.);
#5473 = ORIENTED_EDGE('',*,*,#5336,.F.);
#5474 = ORIENTED_EDGE('',*,*,#5475,.T.);
#5475 = EDGE_CURVE('',#5313,#5117,#5476,.T.);
#5476 = SURFACE_CURVE('',#5477,(#5481,#5487),.PCURVE_S1.);
#5477 = LINE('',#5478,#5479);
#5478 = CARTESIAN_POINT('',(57.005831624438,293.33512726864,
    377.84293076439));
#5479 = VECTOR('',#5480,1.);
#5480 = DIRECTION('',(8.940532381123E-02,3.261340706169E-02,
    0.995461226645));
#5481 = PCURVE('',#1176,#5482);
#5482 = DEFINITIONAL_REPRESENTATION('',(#5483),#5486);
#5483 = B_SPLINE_CURVE_WITH_KNOTS('',1,(#5484,#5485),.UNSPECIFIED.,.F.,
  .F.,(2,2),(-4.583912742382,-6.522681412335E-02),
  .PIECEWISE_BEZIER_KNOTS.);
#5484 = CARTESIAN_POINT('',(4.516282174192,-4.147369743562));
#5485 = CARTESIAN_POINT('',(0.,-4.));
#5486 = ( GEOMETRIC_REPRESENTATION_CONTEXT(2) 
PARAMETRIC_REPRESENTATION_CONTEXT() REPRESENTATION_CONTEXT('2D SPACE',''
  ) );
#5487 = PCURVE('',#5151,#5488);
#5488 = DEFINITIONAL_REPRESENTATION('',(#5489),#5492);
#5489 = B_SPLINE_CURVE_WITH_KNOTS('',1,(#5490,#5491),.UNSPECIFIED.,.F.,
  .F.,(2,2),(-4.583912742382,-6.522681412335E-02),
  .PIECEWISE_BEZIER_KNOTS.);
#5490 = CARTESIAN_POINT('',(-0.410514942779,4.5));
#5491 = CARTESIAN_POINT('',(3.972516759987E-16,6.938893903907E-16));
#5492 = ( GEOMETRIC_REPRESENTATION_CONTEXT(2) 
PARAMETRIC_REPRESENTATION_CONTEXT() REPRESENTATION_CONTEXT('2D SPACE',''
  ) );
#5493 = ADVANCED_FACE('',(#5494),#1070,.T.);
#5494 = FACE_BOUND('',#5495,.T.);
#5495 = EDGE_LOOP('',(#5496,#5523,#5548,#5549,#5570,#5571,#5598,#5627,
    #5652,#5653,#5654,#5655,#5682,#5707,#5708,#5729,#5730,#5731,#5753,
    #5754,#5755,#5756));
#5496 = ORIENTED_EDGE('',*,*,#5497,.T.);
#5497 = EDGE_CURVE('',#4283,#5498,#5500,.T.);
#5498 = VERTEX_POINT('',#5499);
#5499 = CARTESIAN_POINT('',(37.133980420279,364.287081401,
    256.34045787774));
#5500 = SURFACE_CURVE('',#5501,(#5506,#5516),.PCURVE_S1.);
#5501 = ELLIPSE('',#5502,26.718530535024,4.5);
#5502 = AXIS2_PLACEMENT_3D('',#5503,#5504,#5505);
#5503 = CARTESIAN_POINT('',(41.628940450157,364.5,256.34045787774));
#5504 = DIRECTION('',(0.,0.,-1.));
#5505 = DIRECTION('',(-4.731524422176E-02,0.99888000664,0.));
#5506 = PCURVE('',#1070,#5507);
#5507 = DEFINITIONAL_REPRESENTATION('',(#5508),#5515);
#5508 = B_SPLINE_CURVE_WITH_KNOTS('',5,(#5509,#5510,#5511,#5512,#5513,
    #5514),.UNSPECIFIED.,.F.,.F.,(6,6),(4.539536485212,4.712389003166),
  .PIECEWISE_BEZIER_KNOTS.);
#5509 = CARTESIAN_POINT('',(4.89321919018,67.749557072309));
#5510 = CARTESIAN_POINT('',(4.858648686589,68.646467578514));
#5511 = CARTESIAN_POINT('',(4.824078182998,69.550145082635));
#5512 = CARTESIAN_POINT('',(4.789507679407,70.458356441648));
#5513 = CARTESIAN_POINT('',(4.754937175816,71.3688347469));
#5514 = CARTESIAN_POINT('',(4.720366672225,72.27931304962));
#5515 = ( GEOMETRIC_REPRESENTATION_CONTEXT(2) 
PARAMETRIC_REPRESENTATION_CONTEXT() REPRESENTATION_CONTEXT('2D SPACE',''
  ) );
#5516 = PCURVE('',#2486,#5517);
#5517 = DEFINITIONAL_REPRESENTATION('',(#5518),#5522);
#5518 = ELLIPSE('',#5519,26.718530535024,4.5);
#5519 = AXIS2_PLACEMENT_2D('',#5520,#5521);
#5520 = CARTESIAN_POINT('',(0.,-4.));
#5521 = DIRECTION('',(4.731524422176E-02,0.99888000664));
#5522 = ( GEOMETRIC_REPRESENTATION_CONTEXT(2) 
PARAMETRIC_REPRESENTATION_CONTEXT() REPRESENTATION_CONTEXT('2D SPACE',''
  ) );
#5523 = ORIENTED_EDGE('',*,*,#5524,.T.);
#5524 = EDGE_CURVE('',#5498,#2961,#5525,.T.);
#5525 = SURFACE_CURVE('',#5526,(#5531,#5541),.PCURVE_S1.);
#5526 = ELLIPSE('',#5527,26.718530535024,4.5);
#5527 = AXIS2_PLACEMENT_3D('',#5528,#5529,#5530);
#5528 = CARTESIAN_POINT('',(41.628940450157,364.5,256.34045787774));
#5529 = DIRECTION('',(0.,0.,-1.));
#5530 = DIRECTION('',(-4.731524422176E-02,0.99888000664,0.));
#5531 = PCURVE('',#1070,#5532);
#5532 = DEFINITIONAL_REPRESENTATION('',(#5533),#5540);
#5533 = B_SPLINE_CURVE_WITH_KNOTS('',5,(#5534,#5535,#5536,#5537,#5538,
    #5539),.UNSPECIFIED.,.F.,.F.,(6,6),(4.712388957603,4.901196904801),
  .PIECEWISE_BEZIER_KNOTS.);
#5534 = CARTESIAN_POINT('',(4.720366717788,72.27931184962));
#5535 = CARTESIAN_POINT('',(4.682605128349,73.273833314155));
#5536 = CARTESIAN_POINT('',(4.644843538909,74.268354782794));
#5537 = CARTESIAN_POINT('',(4.607081949469,75.259921808541));
#5538 = CARTESIAN_POINT('',(4.56932036003,76.245580018806));
#5539 = CARTESIAN_POINT('',(4.53155877059,77.2224275156));
#5540 = ( GEOMETRIC_REPRESENTATION_CONTEXT(2) 
PARAMETRIC_REPRESENTATION_CONTEXT() REPRESENTATION_CONTEXT('2D SPACE',''
  ) );
#5541 = PCURVE('',#2486,#5542);
#5542 = DEFINITIONAL_REPRESENTATION('',(#5543),#5547);
#5543 = ELLIPSE('',#5544,26.718530535024,4.5);
#5544 = AXIS2_PLACEMENT_2D('',#5545,#5546);
#5545 = CARTESIAN_POINT('',(0.,-4.));
#5546 = DIRECTION('',(4.731524422176E-02,0.99888000664));
#5547 = ( GEOMETRIC_REPRESENTATION_CONTEXT(2) 
PARAMETRIC_REPRESENTATION_CONTEXT() REPRESENTATION_CONTEXT('2D SPACE',''
  ) );
#5548 = ORIENTED_EDGE('',*,*,#2983,.F.);
#5549 = ORIENTED_EDGE('',*,*,#5550,.T.);
#5550 = EDGE_CURVE('',#2984,#3668,#5551,.T.);
#5551 = SEAM_CURVE('',#5552,(#5556,#5563),.PCURVE_S1.);
#5552 = LINE('',#5553,#5554);
#5553 = CARTESIAN_POINT('',(41.628940450157,363.74127338684,
    260.77603381852));
#5554 = VECTOR('',#5555,1.);
#5555 = DIRECTION('',(-4.663934168152E-02,0.984610915462,0.168422436036)
  );
#5556 = PCURVE('',#1070,#5557);
#5557 = DEFINITIONAL_REPRESENTATION('',(#5558),#5562);
#5558 = LINE('',#5559,#5560);
#5559 = CARTESIAN_POINT('',(6.28318530718,72.27931244962));
#5560 = VECTOR('',#5561,1.);
#5561 = DIRECTION('',(0.,1.));
#5562 = ( GEOMETRIC_REPRESENTATION_CONTEXT(2) 
PARAMETRIC_REPRESENTATION_CONTEXT() REPRESENTATION_CONTEXT('2D SPACE',''
  ) );
#5563 = PCURVE('',#1070,#5564);
#5564 = DEFINITIONAL_REPRESENTATION('',(#5565),#5569);
#5565 = LINE('',#5566,#5567);
#5566 = CARTESIAN_POINT('',(0.,72.27931244962));
#5567 = VECTOR('',#5568,1.);
#5568 = DIRECTION('',(0.,1.));
#5569 = ( GEOMETRIC_REPRESENTATION_CONTEXT(2) 
PARAMETRIC_REPRESENTATION_CONTEXT() REPRESENTATION_CONTEXT('2D SPACE',''
  ) );
#5570 = ORIENTED_EDGE('',*,*,#3667,.T.);
#5571 = ORIENTED_EDGE('',*,*,#5572,.T.);
#5572 = EDGE_CURVE('',#3645,#5573,#5575,.T.);
#5573 = VERTEX_POINT('',#5574);
#5574 = CARTESIAN_POINT('',(34.505039970122,419.787081401,265.834));
#5575 = SURFACE_CURVE('',#5576,(#5581,#5591),.PCURVE_S1.);
#5576 = ELLIPSE('',#5577,26.718530535024,4.5);
#5577 = AXIS2_PLACEMENT_3D('',#5578,#5579,#5580);
#5578 = CARTESIAN_POINT('',(39.,420.,265.834));
#5579 = DIRECTION('',(0.,0.,-1.));
#5580 = DIRECTION('',(-4.731524422176E-02,0.99888000664,0.));
#5581 = PCURVE('',#1070,#5582);
#5582 = DEFINITIONAL_REPRESENTATION('',(#5583),#5590);
#5583 = B_SPLINE_CURVE_WITH_KNOTS('',5,(#5584,#5585,#5586,#5587,#5588,
    #5589),.UNSPECIFIED.,.F.,.F.,(6,6),(4.539536485212,4.712389003166),
  .PIECEWISE_BEZIER_KNOTS.);
#5584 = CARTESIAN_POINT('',(4.89321919018,124.11700042321));
#5585 = CARTESIAN_POINT('',(4.858648686589,125.01391092942));
#5586 = CARTESIAN_POINT('',(4.824078182998,125.91758843354));
#5587 = CARTESIAN_POINT('',(4.789507679407,126.82579979255));
#5588 = CARTESIAN_POINT('',(4.754937175816,127.7362780978));
#5589 = CARTESIAN_POINT('',(4.720366672225,128.64675640052));
#5590 = ( GEOMETRIC_REPRESENTATION_CONTEXT(2) 
PARAMETRIC_REPRESENTATION_CONTEXT() REPRESENTATION_CONTEXT('2D SPACE',''
  ) );
#5591 = PCURVE('',#2367,#5592);
#5592 = DEFINITIONAL_REPRESENTATION('',(#5593),#5597);
#5593 = ELLIPSE('',#5594,26.718530535024,4.5);
#5594 = AXIS2_PLACEMENT_2D('',#5595,#5596);
#5595 = CARTESIAN_POINT('',(0.,-4.));
#5596 = DIRECTION('',(4.731524422176E-02,0.99888000664));
#5597 = ( GEOMETRIC_REPRESENTATION_CONTEXT(2) 
PARAMETRIC_REPRESENTATION_CONTEXT() REPRESENTATION_CONTEXT('2D SPACE',''
  ) );
#5598 = ORIENTED_EDGE('',*,*,#5599,.F.);
#5599 = EDGE_CURVE('',#5600,#5573,#5602,.T.);
#5600 = VERTEX_POINT('',#5601);
#5601 = CARTESIAN_POINT('',(39.488839160877,419.26827044936,
    270.2471177346));
#5602 = SURFACE_CURVE('',#5603,(#5608,#5615),.PCURVE_S1.);
#5603 = CIRCLE('',#5604,4.5);
#5604 = AXIS2_PLACEMENT_3D('',#5605,#5606,#5607);
#5605 = CARTESIAN_POINT('',(39.,420.,265.834));
#5606 = DIRECTION('',(-4.663934168152E-02,0.984610915462,0.168422436036)
  );
#5607 = DIRECTION('',(0.,-0.168605914035,0.985683542397));
#5608 = PCURVE('',#1070,#5609);
#5609 = DEFINITIONAL_REPRESENTATION('',(#5610),#5614);
#5610 = LINE('',#5611,#5612);
#5611 = CARTESIAN_POINT('',(0.,128.64675580052));
#5612 = VECTOR('',#5613,1.);
#5613 = DIRECTION('',(1.,0.));
#5614 = ( GEOMETRIC_REPRESENTATION_CONTEXT(2) 
PARAMETRIC_REPRESENTATION_CONTEXT() REPRESENTATION_CONTEXT('2D SPACE',''
  ) );
#5615 = PCURVE('',#5616,#5621);
#5616 = PLANE('',#5617);
#5617 = AXIS2_PLACEMENT_3D('',#5618,#5619,#5620);
#5618 = CARTESIAN_POINT('',(39.,420.,265.834));
#5619 = DIRECTION('',(-4.663934168152E-02,0.984610915462,0.168422436036)
  );
#5620 = DIRECTION('',(0.,-0.168605914035,0.985683542397));
#5621 = DEFINITIONAL_REPRESENTATION('',(#5622),#5626);
#5622 = CIRCLE('',#5623,4.5);
#5623 = AXIS2_PLACEMENT_2D('',#5624,#5625);
#5624 = CARTESIAN_POINT('',(0.,0.));
#5625 = DIRECTION('',(1.,0.));
#5626 = ( GEOMETRIC_REPRESENTATION_CONTEXT(2) 
PARAMETRIC_REPRESENTATION_CONTEXT() REPRESENTATION_CONTEXT('2D SPACE',''
  ) );
#5627 = ORIENTED_EDGE('',*,*,#5628,.T.);
#5628 = EDGE_CURVE('',#5600,#3719,#5629,.T.);
#5629 = SURFACE_CURVE('',#5630,(#5635,#5645),.PCURVE_S1.);
#5630 = ELLIPSE('',#5631,69.339057922965,4.5);
#5631 = AXIS2_PLACEMENT_3D('',#5632,#5633,#5634);
#5632 = CARTESIAN_POINT('',(39.,420.,265.834));
#5633 = DIRECTION('',(0.993920936271,0.,-0.110096196314));
#5634 = DIRECTION('',(1.79023645012E-02,0.986690987306,0.161618071126));
#5635 = PCURVE('',#1070,#5636);
#5636 = DEFINITIONAL_REPRESENTATION('',(#5637),#5644);
#5637 = B_SPLINE_CURVE_WITH_KNOTS('',5,(#5638,#5639,#5640,#5641,#5642,
    #5643),.UNSPECIFIED.,.F.,.F.,(6,6),(1.570796318123,1.630313931021),
  .PIECEWISE_BEZIER_KNOTS.);
#5638 = CARTESIAN_POINT('',(0.108964775894,128.64675640052));
#5639 = CARTESIAN_POINT('',(9.706125331494E-02,127.82311736436));
#5640 = CARTESIAN_POINT('',(8.51577307355E-02,126.99947832809));
#5641 = CARTESIAN_POINT('',(7.325420815606E-02,126.17608242627));
#5642 = CARTESIAN_POINT('',(6.135068557663E-02,125.35317279343));
#5643 = CARTESIAN_POINT('',(4.944716299719E-02,124.53099213358));
#5644 = ( GEOMETRIC_REPRESENTATION_CONTEXT(2) 
PARAMETRIC_REPRESENTATION_CONTEXT() REPRESENTATION_CONTEXT('2D SPACE',''
  ) );
#5645 = PCURVE('',#3785,#5646);
#5646 = DEFINITIONAL_REPRESENTATION('',(#5647),#5651);
#5647 = ELLIPSE('',#5648,69.339057922965,4.5);
#5648 = AXIS2_PLACEMENT_2D('',#5649,#5650);
#5649 = CARTESIAN_POINT('',(108.99559114478,-4.));
#5650 = DIRECTION('',(-0.162606566808,0.986690987306));
#5651 = ( GEOMETRIC_REPRESENTATION_CONTEXT(2) 
PARAMETRIC_REPRESENTATION_CONTEXT() REPRESENTATION_CONTEXT('2D SPACE',''
  ) );
#5652 = ORIENTED_EDGE('',*,*,#3718,.T.);
#5653 = ORIENTED_EDGE('',*,*,#5550,.F.);
#5654 = ORIENTED_EDGE('',*,*,#3034,.F.);
#5655 = ORIENTED_EDGE('',*,*,#5656,.T.);
#5656 = EDGE_CURVE('',#3035,#5657,#5659,.T.);
#5657 = VERTEX_POINT('',#5658);
#5658 = CARTESIAN_POINT('',(42.07286653503,363.76541265399,
    260.75784523479));
#5659 = SURFACE_CURVE('',#5660,(#5665,#5675),.PCURVE_S1.);
#5660 = ELLIPSE('',#5661,71.15027961694,4.5);
#5661 = AXIS2_PLACEMENT_3D('',#5662,#5663,#5664);
#5662 = CARTESIAN_POINT('',(41.628940450157,364.5,256.34045787774));
#5663 = DIRECTION('',(0.994988289803,3.469446951954E-18,
    -9.999151541061E-02));
#5664 = DIRECTION('',(1.632277820627E-02,0.986586118611,0.162423512691)
  );
#5665 = PCURVE('',#1070,#5666);
#5666 = DEFINITIONAL_REPRESENTATION('',(#5667),#5674);
#5667 = B_SPLINE_CURVE_WITH_KNOTS('',5,(#5668,#5669,#5670,#5671,#5672,
    #5673),.UNSPECIFIED.,.F.,.F.,(6,6),(1.491902155081,1.570796335245),
  .PIECEWISE_BEZIER_KNOTS.);
#5668 = CARTESIAN_POINT('',(0.177813122284,77.875606875202));
#5669 = CARTESIAN_POINT('',(0.162034286251,76.758671032051));
#5670 = CARTESIAN_POINT('',(0.146255450219,75.639993540486));
#5671 = CARTESIAN_POINT('',(0.130476614186,74.520153744887));
#5672 = CARTESIAN_POINT('',(0.114697778153,73.399732797151));
#5673 = CARTESIAN_POINT('',(9.891894212009E-02,72.27931184962));
#5674 = ( GEOMETRIC_REPRESENTATION_CONTEXT(2) 
PARAMETRIC_REPRESENTATION_CONTEXT() REPRESENTATION_CONTEXT('2D SPACE',''
  ) );
#5675 = PCURVE('',#3101,#5676);
#5676 = DEFINITIONAL_REPRESENTATION('',(#5677),#5681);
#5677 = ELLIPSE('',#5678,71.15027961694,4.5);
#5678 = AXIS2_PLACEMENT_2D('',#5679,#5680);
#5679 = CARTESIAN_POINT('',(120.01018237119,-4.));
#5680 = DIRECTION('',(-0.163241632445,0.986586118611));
#5681 = ( GEOMETRIC_REPRESENTATION_CONTEXT(2) 
PARAMETRIC_REPRESENTATION_CONTEXT() REPRESENTATION_CONTEXT('2D SPACE',''
  ) );
#5682 = ORIENTED_EDGE('',*,*,#5683,.T.);
#5683 = EDGE_CURVE('',#5657,#4357,#5684,.T.);
#5684 = SURFACE_CURVE('',#5685,(#5690,#5700),.PCURVE_S1.);
#5685 = ELLIPSE('',#5686,71.15027961694,4.5);
#5686 = AXIS2_PLACEMENT_3D('',#5687,#5688,#5689);
#5687 = CARTESIAN_POINT('',(41.628940450157,364.5,256.34045787774));
#5688 = DIRECTION('',(0.994988289803,3.469446951954E-18,
    -9.999151541061E-02));
#5689 = DIRECTION('',(1.632277820627E-02,0.986586118611,0.162423512691)
  );
#5690 = PCURVE('',#1070,#5691);
#5691 = DEFINITIONAL_REPRESENTATION('',(#5692),#5699);
#5692 = B_SPLINE_CURVE_WITH_KNOTS('',5,(#5693,#5694,#5695,#5696,#5697,
    #5698),.UNSPECIFIED.,.F.,.F.,(6,6),(1.570796318345,1.628761619178),
  .PIECEWISE_BEZIER_KNOTS.);
#5693 = CARTESIAN_POINT('',(9.891895901964E-02,72.27931304962));
#5694 = CARTESIAN_POINT('',(8.732589885316E-02,71.456114974077));
#5695 = CARTESIAN_POINT('',(7.573283868668E-02,70.63291689843));
#5696 = CARTESIAN_POINT('',(6.413977852019E-02,69.809949316517));
#5697 = CARTESIAN_POINT('',(5.254671835372E-02,68.987442722117));
#5698 = CARTESIAN_POINT('',(4.095365818723E-02,68.165627221917));
#5699 = ( GEOMETRIC_REPRESENTATION_CONTEXT(2) 
PARAMETRIC_REPRESENTATION_CONTEXT() REPRESENTATION_CONTEXT('2D SPACE',''
  ) );
#5700 = PCURVE('',#3101,#5701);
#5701 = DEFINITIONAL_REPRESENTATION('',(#5702),#5706);
#5702 = ELLIPSE('',#5703,71.15027961694,4.5);
#5703 = AXIS2_PLACEMENT_2D('',#5704,#5705);
#5704 = CARTESIAN_POINT('',(120.01018237119,-4.));
#5705 = DIRECTION('',(-0.163241632445,0.986586118611));
#5706 = ( GEOMETRIC_REPRESENTATION_CONTEXT(2) 
PARAMETRIC_REPRESENTATION_CONTEXT() REPRESENTATION_CONTEXT('2D SPACE',''
  ) );
#5707 = ORIENTED_EDGE('',*,*,#4356,.T.);
#5708 = ORIENTED_EDGE('',*,*,#5709,.F.);
#5709 = EDGE_CURVE('',#1054,#4306,#5710,.T.);
#5710 = SEAM_CURVE('',#5711,(#5715,#5722),.PCURVE_S1.);
#5711 = LINE('',#5712,#5713);
#5712 = CARTESIAN_POINT('',(45.,292.57427338684,248.60257594078));
#5713 = VECTOR('',#5714,1.);
#5714 = DIRECTION('',(-4.663934168152E-02,0.984610915462,0.168422436036)
  );
#5715 = PCURVE('',#1070,#5716);
#5716 = DEFINITIONAL_REPRESENTATION('',(#5717),#5721);
#5717 = LINE('',#5718,#5719);
#5718 = CARTESIAN_POINT('',(0.,-0.));
#5719 = VECTOR('',#5720,1.);
#5720 = DIRECTION('',(0.,1.));
#5721 = ( GEOMETRIC_REPRESENTATION_CONTEXT(2) 
PARAMETRIC_REPRESENTATION_CONTEXT() REPRESENTATION_CONTEXT('2D SPACE',''
  ) );
#5722 = PCURVE('',#1070,#5723);
#5723 = DEFINITIONAL_REPRESENTATION('',(#5724),#5728);
#5724 = LINE('',#5725,#5726);
#5725 = CARTESIAN_POINT('',(6.28318530718,-0.));
#5726 = VECTOR('',#5727,1.);
#5727 = DIRECTION('',(0.,1.));
#5728 = ( GEOMETRIC_REPRESENTATION_CONTEXT(2) 
PARAMETRIC_REPRESENTATION_CONTEXT() REPRESENTATION_CONTEXT('2D SPACE',''
  ) );
#5729 = ORIENTED_EDGE('',*,*,#1109,.F.);
#5730 = ORIENTED_EDGE('',*,*,#5448,.T.);
#5731 = ORIENTED_EDGE('',*,*,#5732,.T.);
#5732 = EDGE_CURVE('',#5428,#2039,#5733,.T.);
#5733 = SURFACE_CURVE('',#5734,(#5739,#5746),.PCURVE_S1.);
#5734 = CIRCLE('',#5735,4.5);
#5735 = AXIS2_PLACEMENT_3D('',#5736,#5737,#5738);
#5736 = CARTESIAN_POINT('',(45.,293.333,244.167));
#5737 = DIRECTION('',(-4.663934168152E-02,0.984610915462,0.168422436036)
  );
#5738 = DIRECTION('',(8.673617379884E-19,-0.168605914035,0.985683542397)
  );
#5739 = PCURVE('',#1070,#5740);
#5740 = DEFINITIONAL_REPRESENTATION('',(#5741),#5745);
#5741 = LINE('',#5742,#5743);
#5742 = CARTESIAN_POINT('',(0.,0.));
#5743 = VECTOR('',#5744,1.);
#5744 = DIRECTION('',(1.,0.));
#5745 = ( GEOMETRIC_REPRESENTATION_CONTEXT(2) 
PARAMETRIC_REPRESENTATION_CONTEXT() REPRESENTATION_CONTEXT('2D SPACE',''
  ) );
#5746 = PCURVE('',#2078,#5747);
#5747 = DEFINITIONAL_REPRESENTATION('',(#5748),#5752);
#5748 = CIRCLE('',#5749,4.5);
#5749 = AXIS2_PLACEMENT_2D('',#5750,#5751);
#5750 = CARTESIAN_POINT('',(0.,0.));
#5751 = DIRECTION('',(1.,0.));
#5752 = ( GEOMETRIC_REPRESENTATION_CONTEXT(2) 
PARAMETRIC_REPRESENTATION_CONTEXT() REPRESENTATION_CONTEXT('2D SPACE',''
  ) );
#5753 = ORIENTED_EDGE('',*,*,#2038,.T.);
#5754 = ORIENTED_EDGE('',*,*,#1053,.F.);
#5755 = ORIENTED_EDGE('',*,*,#5709,.T.);
#5756 = ORIENTED_EDGE('',*,*,#4305,.T.);
#5757 = ADVANCED_FACE('',(#5758),#1461,.T.);
#5758 = FACE_BOUND('',#5759,.T.);
#5759 = EDGE_LOOP('',(#5760,#5761,#5782,#5783));
#5760 = ORIENTED_EDGE('',*,*,#1443,.F.);
#5761 = ORIENTED_EDGE('',*,*,#5762,.T.);
#5762 = EDGE_CURVE('',#1444,#4858,#5763,.T.);
#5763 = SURFACE_CURVE('',#5764,(#5768,#5775),.PCURVE_S1.);
#5764 = LINE('',#5765,#5766);
#5765 = CARTESIAN_POINT('',(-20.,263.33,389.778));
#5766 = VECTOR('',#5767,1.);
#5767 = DIRECTION('',(1.,0.,-0.));
#5768 = PCURVE('',#1461,#5769);
#5769 = DEFINITIONAL_REPRESENTATION('',(#5770),#5774);
#5770 = LINE('',#5771,#5772);
#5771 = CARTESIAN_POINT('',(0.,0.));
#5772 = VECTOR('',#5773,1.);
#5773 = DIRECTION('',(1.,0.));
#5774 = ( GEOMETRIC_REPRESENTATION_CONTEXT(2) 
PARAMETRIC_REPRESENTATION_CONTEXT() REPRESENTATION_CONTEXT('2D SPACE',''
  ) );
#5775 = PCURVE('',#1489,#5776);
#5776 = DEFINITIONAL_REPRESENTATION('',(#5777),#5781);
#5777 = LINE('',#5778,#5779);
#5778 = CARTESIAN_POINT('',(75.748,0.));
#5779 = VECTOR('',#5780,1.);
#5780 = DIRECTION('',(0.,1.));
#5781 = ( GEOMETRIC_REPRESENTATION_CONTEXT(2) 
PARAMETRIC_REPRESENTATION_CONTEXT() REPRESENTATION_CONTEXT('2D SPACE',''
  ) );
#5782 = ORIENTED_EDGE('',*,*,#4857,.T.);
#5783 = ORIENTED_EDGE('',*,*,#5784,.F.);
#5784 = EDGE_CURVE('',#1446,#4860,#5785,.T.);
#5785 = SURFACE_CURVE('',#5786,(#5790,#5797),.PCURVE_S1.);
#5786 = LINE('',#5787,#5788);
#5787 = CARTESIAN_POINT('',(-20.,331.33,389.778));
#5788 = VECTOR('',#5789,1.);
#5789 = DIRECTION('',(1.,0.,-0.));
#5790 = PCURVE('',#1461,#5791);
#5791 = DEFINITIONAL_REPRESENTATION('',(#5792),#5796);
#5792 = LINE('',#5793,#5794);
#5793 = CARTESIAN_POINT('',(0.,68.));
#5794 = VECTOR('',#5795,1.);
#5795 = DIRECTION('',(1.,0.));
#5796 = ( GEOMETRIC_REPRESENTATION_CONTEXT(2) 
PARAMETRIC_REPRESENTATION_CONTEXT() REPRESENTATION_CONTEXT('2D SPACE',''
  ) );
#5797 = PCURVE('',#1649,#5798);
#5798 = DEFINITIONAL_REPRESENTATION('',(#5799),#5803);
#5799 = LINE('',#5800,#5801);
#5800 = CARTESIAN_POINT('',(75.748,0.));
#5801 = VECTOR('',#5802,1.);
#5802 = DIRECTION('',(0.,1.));
#5803 = ( GEOMETRIC_REPRESENTATION_CONTEXT(2) 
PARAMETRIC_REPRESENTATION_CONTEXT() REPRESENTATION_CONTEXT('2D SPACE',''
  ) );
#5804 = ADVANCED_FACE('',(#5805),#1649,.T.);
#5805 = FACE_BOUND('',#5806,.T.);
#5806 = EDGE_LOOP('',(#5807,#5828,#5829,#5830));
#5807 = ORIENTED_EDGE('',*,*,#5808,.F.);
#5808 = EDGE_CURVE('',#1608,#4992,#5809,.T.);
#5809 = SURFACE_CURVE('',#5810,(#5814,#5821),.PCURVE_S1.);
#5810 = LINE('',#5811,#5812);
#5811 = CARTESIAN_POINT('',(-20.,331.33,314.03));
#5812 = VECTOR('',#5813,1.);
#5813 = DIRECTION('',(1.,0.,-0.));
#5814 = PCURVE('',#1649,#5815);
#5815 = DEFINITIONAL_REPRESENTATION('',(#5816),#5820);
#5816 = LINE('',#5817,#5818);
#5817 = CARTESIAN_POINT('',(0.,0.));
#5818 = VECTOR('',#5819,1.);
#5819 = DIRECTION('',(0.,1.));
#5820 = ( GEOMETRIC_REPRESENTATION_CONTEXT(2) 
PARAMETRIC_REPRESENTATION_CONTEXT() REPRESENTATION_CONTEXT('2D SPACE',''
  ) );
#5821 = PCURVE('',#1623,#5822);
#5822 = DEFINITIONAL_REPRESENTATION('',(#5823),#5827);
#5823 = LINE('',#5824,#5825);
#5824 = CARTESIAN_POINT('',(0.,68.));
#5825 = VECTOR('',#5826,1.);
#5826 = DIRECTION('',(1.,0.));
#5827 = ( GEOMETRIC_REPRESENTATION_CONTEXT(2) 
PARAMETRIC_REPRESENTATION_CONTEXT() REPRESENTATION_CONTEXT('2D SPACE',''
  ) );
#5828 = ORIENTED_EDGE('',*,*,#1635,.T.);
#5829 = ORIENTED_EDGE('',*,*,#5784,.T.);
#5830 = ORIENTED_EDGE('',*,*,#5014,.F.);
#5831 = ADVANCED_FACE('',(#5832),#1489,.F.);
#5832 = FACE_BOUND('',#5833,.F.);
#5833 = EDGE_LOOP('',(#5834,#5855,#5856,#5857));
#5834 = ORIENTED_EDGE('',*,*,#5835,.F.);
#5835 = EDGE_CURVE('',#1474,#4883,#5836,.T.);
#5836 = SURFACE_CURVE('',#5837,(#5841,#5848),.PCURVE_S1.);
#5837 = LINE('',#5838,#5839);
#5838 = CARTESIAN_POINT('',(-20.,263.33,314.03));
#5839 = VECTOR('',#5840,1.);
#5840 = DIRECTION('',(1.,0.,-0.));
#5841 = PCURVE('',#1489,#5842);
#5842 = DEFINITIONAL_REPRESENTATION('',(#5843),#5847);
#5843 = LINE('',#5844,#5845);
#5844 = CARTESIAN_POINT('',(0.,0.));
#5845 = VECTOR('',#5846,1.);
#5846 = DIRECTION('',(0.,1.));
#5847 = ( GEOMETRIC_REPRESENTATION_CONTEXT(2) 
PARAMETRIC_REPRESENTATION_CONTEXT() REPRESENTATION_CONTEXT('2D SPACE',''
  ) );
#5848 = PCURVE('',#1517,#5849);
#5849 = DEFINITIONAL_REPRESENTATION('',(#5850),#5854);
#5850 = LINE('',#5851,#5852);
#5851 = CARTESIAN_POINT('',(0.,0.));
#5852 = VECTOR('',#5853,1.);
#5853 = DIRECTION('',(1.,0.));
#5854 = ( GEOMETRIC_REPRESENTATION_CONTEXT(2) 
PARAMETRIC_REPRESENTATION_CONTEXT() REPRESENTATION_CONTEXT('2D SPACE',''
  ) );
#5855 = ORIENTED_EDGE('',*,*,#1473,.T.);
#5856 = ORIENTED_EDGE('',*,*,#5762,.T.);
#5857 = ORIENTED_EDGE('',*,*,#4882,.F.);
#5858 = ADVANCED_FACE('',(#5859),#1623,.F.);
#5859 = FACE_BOUND('',#5860,.F.);
#5860 = EDGE_LOOP('',(#5861,#5862,#5881,#5882));
#5861 = ORIENTED_EDGE('',*,*,#1607,.F.);
#5862 = ORIENTED_EDGE('',*,*,#5863,.F.);
#5863 = EDGE_CURVE('',#4971,#1582,#5864,.T.);
#5864 = SURFACE_CURVE('',#5865,(#5869,#5875),.PCURVE_S1.);
#5865 = LINE('',#5866,#5867);
#5866 = CARTESIAN_POINT('',(-20.5,308.33,314.03));
#5867 = VECTOR('',#5868,1.);
#5868 = DIRECTION('',(-1.,-0.,0.));
#5869 = PCURVE('',#1623,#5870);
#5870 = DEFINITIONAL_REPRESENTATION('',(#5871),#5874);
#5871 = B_SPLINE_CURVE_WITH_KNOTS('',1,(#5872,#5873),.UNSPECIFIED.,.F.,
  .F.,(2,2),(-40.5,-0.5),.PIECEWISE_BEZIER_KNOTS.);
#5872 = CARTESIAN_POINT('',(40.,45.));
#5873 = CARTESIAN_POINT('',(0.,45.));
#5874 = ( GEOMETRIC_REPRESENTATION_CONTEXT(2) 
PARAMETRIC_REPRESENTATION_CONTEXT() REPRESENTATION_CONTEXT('2D SPACE',''
  ) );
#5875 = PCURVE('',#1596,#5876);
#5876 = DEFINITIONAL_REPRESENTATION('',(#5877),#5880);
#5877 = B_SPLINE_CURVE_WITH_KNOTS('',1,(#5878,#5879),.UNSPECIFIED.,.F.,
  .F.,(2,2),(-40.5,-0.5),.PIECEWISE_BEZIER_KNOTS.);
#5878 = CARTESIAN_POINT('',(1.,41.));
#5879 = CARTESIAN_POINT('',(1.,1.));
#5880 = ( GEOMETRIC_REPRESENTATION_CONTEXT(2) 
PARAMETRIC_REPRESENTATION_CONTEXT() REPRESENTATION_CONTEXT('2D SPACE',''
  ) );
#5881 = ORIENTED_EDGE('',*,*,#4991,.T.);
#5882 = ORIENTED_EDGE('',*,*,#5808,.F.);
#5883 = ADVANCED_FACE('',(#5884),#1517,.F.);
#5884 = FACE_BOUND('',#5885,.F.);
#5885 = EDGE_LOOP('',(#5886,#5887,#5888,#5889));
#5886 = ORIENTED_EDGE('',*,*,#1501,.F.);
#5887 = ORIENTED_EDGE('',*,*,#5835,.T.);
#5888 = ORIENTED_EDGE('',*,*,#4905,.T.);
#5889 = ORIENTED_EDGE('',*,*,#5890,.T.);
#5890 = EDGE_CURVE('',#4906,#1502,#5891,.T.);
#5891 = SURFACE_CURVE('',#5892,(#5896,#5902),.PCURVE_S1.);
#5892 = LINE('',#5893,#5894);
#5893 = CARTESIAN_POINT('',(-20.5,278.33,314.03));
#5894 = VECTOR('',#5895,1.);
#5895 = DIRECTION('',(-1.,-0.,0.));
#5896 = PCURVE('',#1517,#5897);
#5897 = DEFINITIONAL_REPRESENTATION('',(#5898),#5901);
#5898 = B_SPLINE_CURVE_WITH_KNOTS('',1,(#5899,#5900),.UNSPECIFIED.,.F.,
  .F.,(2,2),(-40.5,-0.5),.PIECEWISE_BEZIER_KNOTS.);
#5899 = CARTESIAN_POINT('',(40.,15.));
#5900 = CARTESIAN_POINT('',(0.,15.));
#5901 = ( GEOMETRIC_REPRESENTATION_CONTEXT(2) 
PARAMETRIC_REPRESENTATION_CONTEXT() REPRESENTATION_CONTEXT('2D SPACE',''
  ) );
#5902 = PCURVE('',#1544,#5903);
#5903 = DEFINITIONAL_REPRESENTATION('',(#5904),#5907);
#5904 = B_SPLINE_CURVE_WITH_KNOTS('',1,(#5905,#5906),.UNSPECIFIED.,.F.,
  .F.,(2,2),(-40.5,-0.5),.PIECEWISE_BEZIER_KNOTS.);
#5905 = CARTESIAN_POINT('',(1.,41.));
#5906 = CARTESIAN_POINT('',(1.,1.));
#5907 = ( GEOMETRIC_REPRESENTATION_CONTEXT(2) 
PARAMETRIC_REPRESENTATION_CONTEXT() REPRESENTATION_CONTEXT('2D SPACE',''
  ) );
#5908 = ADVANCED_FACE('',(#5909),#1596,.F.);
#5909 = FACE_BOUND('',#5910,.F.);
#5910 = EDGE_LOOP('',(#5911,#5932,#5933,#5934));
#5911 = ORIENTED_EDGE('',*,*,#5912,.T.);
#5912 = EDGE_CURVE('',#1556,#4950,#5913,.T.);
#5913 = SURFACE_CURVE('',#5914,(#5918,#5925),.PCURVE_S1.);
#5914 = LINE('',#5915,#5916);
#5915 = CARTESIAN_POINT('',(-21.,308.33,345.03));
#5916 = VECTOR('',#5917,1.);
#5917 = DIRECTION('',(1.,0.,-0.));
#5918 = PCURVE('',#1596,#5919);
#5919 = DEFINITIONAL_REPRESENTATION('',(#5920),#5924);
#5920 = LINE('',#5921,#5922);
#5921 = CARTESIAN_POINT('',(32.,0.));
#5922 = VECTOR('',#5923,1.);
#5923 = DIRECTION('',(0.,1.));
#5924 = ( GEOMETRIC_REPRESENTATION_CONTEXT(2) 
PARAMETRIC_REPRESENTATION_CONTEXT() REPRESENTATION_CONTEXT('2D SPACE',''
  ) );
#5925 = PCURVE('',#1570,#5926);
#5926 = DEFINITIONAL_REPRESENTATION('',(#5927),#5931);
#5927 = LINE('',#5928,#5929);
#5928 = CARTESIAN_POINT('',(0.,30.));
#5929 = VECTOR('',#5930,1.);
#5930 = DIRECTION('',(1.,0.));
#5931 = ( GEOMETRIC_REPRESENTATION_CONTEXT(2) 
PARAMETRIC_REPRESENTATION_CONTEXT() REPRESENTATION_CONTEXT('2D SPACE',''
  ) );
#5932 = ORIENTED_EDGE('',*,*,#4970,.F.);
#5933 = ORIENTED_EDGE('',*,*,#5863,.T.);
#5934 = ORIENTED_EDGE('',*,*,#1581,.T.);
#5935 = ADVANCED_FACE('',(#5936),#1544,.T.);
#5936 = FACE_BOUND('',#5937,.T.);
#5937 = EDGE_LOOP('',(#5938,#5959,#5960,#5961));
#5938 = ORIENTED_EDGE('',*,*,#5939,.T.);
#5939 = EDGE_CURVE('',#1530,#4929,#5940,.T.);
#5940 = SURFACE_CURVE('',#5941,(#5945,#5952),.PCURVE_S1.);
#5941 = LINE('',#5942,#5943);
#5942 = CARTESIAN_POINT('',(-21.,278.33,345.03));
#5943 = VECTOR('',#5944,1.);
#5944 = DIRECTION('',(1.,0.,-0.));
#5945 = PCURVE('',#1544,#5946);
#5946 = DEFINITIONAL_REPRESENTATION('',(#5947),#5951);
#5947 = LINE('',#5948,#5949);
#5948 = CARTESIAN_POINT('',(32.,0.));
#5949 = VECTOR('',#5950,1.);
#5950 = DIRECTION('',(0.,1.));
#5951 = ( GEOMETRIC_REPRESENTATION_CONTEXT(2) 
PARAMETRIC_REPRESENTATION_CONTEXT() REPRESENTATION_CONTEXT('2D SPACE',''
  ) );
#5952 = PCURVE('',#1570,#5953);
#5953 = DEFINITIONAL_REPRESENTATION('',(#5954),#5958);
#5954 = LINE('',#5955,#5956);
#5955 = CARTESIAN_POINT('',(0.,0.));
#5956 = VECTOR('',#5957,1.);
#5957 = DIRECTION('',(1.,0.));
#5958 = ( GEOMETRIC_REPRESENTATION_CONTEXT(2) 
PARAMETRIC_REPRESENTATION_CONTEXT() REPRESENTATION_CONTEXT('2D SPACE',''
  ) );
#5959 = ORIENTED_EDGE('',*,*,#4928,.F.);
#5960 = ORIENTED_EDGE('',*,*,#5890,.T.);
#5961 = ORIENTED_EDGE('',*,*,#1529,.T.);
#5962 = ADVANCED_FACE('',(#5963),#1570,.F.);
#5963 = FACE_BOUND('',#5964,.F.);
#5964 = EDGE_LOOP('',(#5965,#5966,#5967,#5968));
#5965 = ORIENTED_EDGE('',*,*,#5912,.F.);
#5966 = ORIENTED_EDGE('',*,*,#1555,.T.);
#5967 = ORIENTED_EDGE('',*,*,#5939,.T.);
#5968 = ORIENTED_EDGE('',*,*,#4949,.F.);
#5969 = ADVANCED_FACE('',(#5970),#1680,.F.);
#5970 = FACE_BOUND('',#5971,.F.);
#5971 = EDGE_LOOP('',(#5972,#5973,#5994,#5995));
#5972 = ORIENTED_EDGE('',*,*,#5037,.F.);
#5973 = ORIENTED_EDGE('',*,*,#5974,.F.);
#5974 = EDGE_CURVE('',#1664,#5038,#5975,.T.);
#5975 = SEAM_CURVE('',#5976,(#5980,#5987),.PCURVE_S1.);
#5976 = LINE('',#5977,#5978);
#5977 = CARTESIAN_POINT('',(-21.,315.83,335.03));
#5978 = VECTOR('',#5979,1.);
#5979 = DIRECTION('',(1.,0.,0.));
#5980 = PCURVE('',#1680,#5981);
#5981 = DEFINITIONAL_REPRESENTATION('',(#5982),#5986);
#5982 = LINE('',#5983,#5984);
#5983 = CARTESIAN_POINT('',(6.28318530718,-0.));
#5984 = VECTOR('',#5985,1.);
#5985 = DIRECTION('',(0.,1.));
#5986 = ( GEOMETRIC_REPRESENTATION_CONTEXT(2) 
PARAMETRIC_REPRESENTATION_CONTEXT() REPRESENTATION_CONTEXT('2D SPACE',''
  ) );
#5987 = PCURVE('',#1680,#5988);
#5988 = DEFINITIONAL_REPRESENTATION('',(#5989),#5993);
#5989 = LINE('',#5990,#5991);
#5990 = CARTESIAN_POINT('',(0.,-0.));
#5991 = VECTOR('',#5992,1.);
#5992 = DIRECTION('',(0.,1.));
#5993 = ( GEOMETRIC_REPRESENTATION_CONTEXT(2) 
PARAMETRIC_REPRESENTATION_CONTEXT() REPRESENTATION_CONTEXT('2D SPACE',''
  ) );
#5994 = ORIENTED_EDGE('',*,*,#1663,.T.);
#5995 = ORIENTED_EDGE('',*,*,#5974,.T.);
#5996 = ADVANCED_FACE('',(#5997),#1755,.F.);
#5997 = FACE_BOUND('',#5998,.F.);
#5998 = EDGE_LOOP('',(#5999,#6000,#6021,#6022));
#5999 = ORIENTED_EDGE('',*,*,#5087,.F.);
#6000 = ORIENTED_EDGE('',*,*,#6001,.F.);
#6001 = EDGE_CURVE('',#1739,#5088,#6002,.T.);
#6002 = SEAM_CURVE('',#6003,(#6007,#6014),.PCURVE_S1.);
#6003 = LINE('',#6004,#6005);
#6004 = CARTESIAN_POINT('',(-21.,270.83,335.03));
#6005 = VECTOR('',#6006,1.);
#6006 = DIRECTION('',(1.,0.,0.));
#6007 = PCURVE('',#1755,#6008);
#6008 = DEFINITIONAL_REPRESENTATION('',(#6009),#6013);
#6009 = LINE('',#6010,#6011);
#6010 = CARTESIAN_POINT('',(6.28318530718,-0.));
#6011 = VECTOR('',#6012,1.);
#6012 = DIRECTION('',(0.,1.));
#6013 = ( GEOMETRIC_REPRESENTATION_CONTEXT(2) 
PARAMETRIC_REPRESENTATION_CONTEXT() REPRESENTATION_CONTEXT('2D SPACE',''
  ) );
#6014 = PCURVE('',#1755,#6015);
#6015 = DEFINITIONAL_REPRESENTATION('',(#6016),#6020);
#6016 = LINE('',#6017,#6018);
#6017 = CARTESIAN_POINT('',(0.,-0.));
#6018 = VECTOR('',#6019,1.);
#6019 = DIRECTION('',(0.,1.));
#6020 = ( GEOMETRIC_REPRESENTATION_CONTEXT(2) 
PARAMETRIC_REPRESENTATION_CONTEXT() REPRESENTATION_CONTEXT('2D SPACE',''
  ) );
#6021 = ORIENTED_EDGE('',*,*,#1738,.T.);
#6022 = ORIENTED_EDGE('',*,*,#6001,.T.);
#6023 = ADVANCED_FACE('',(#6024),#2078,.F.);
#6024 = FACE_BOUND('',#6025,.F.);
#6025 = EDGE_LOOP('',(#6026,#6027,#6028));
#6026 = ORIENTED_EDGE('',*,*,#5427,.T.);
#6027 = ORIENTED_EDGE('',*,*,#5732,.T.);
#6028 = ORIENTED_EDGE('',*,*,#2065,.T.);
#6029 = ADVANCED_FACE('',(#6030),#2141,.T.);
#6030 = FACE_BOUND('',#6031,.T.);
#6031 = EDGE_LOOP('',(#6032,#6033,#6034,#6035,#6062,#6087));
#6032 = ORIENTED_EDGE('',*,*,#2153,.F.);
#6033 = ORIENTED_EDGE('',*,*,#2119,.F.);
#6034 = ORIENTED_EDGE('',*,*,#4259,.T.);
#6035 = ORIENTED_EDGE('',*,*,#6036,.F.);
#6036 = EDGE_CURVE('',#6037,#4239,#6039,.T.);
#6037 = VERTEX_POINT('',#6038);
#6038 = CARTESIAN_POINT('',(-43.77547122561,364.5,277.7));
#6039 = SURFACE_CURVE('',#6040,(#6045,#6052),.PCURVE_S1.);
#6040 = ELLIPSE('',#6041,18.090665171101,18.);
#6041 = AXIS2_PLACEMENT_3D('',#6042,#6043,#6044);
#6042 = CARTESIAN_POINT('',(-45.58438425085,364.5,295.7));
#6043 = DIRECTION('',(-0.994988289803,0.,-9.999151541061E-02));
#6044 = DIRECTION('',(-9.999151541061E-02,0.,0.994988289803));
#6045 = PCURVE('',#2141,#6046);
#6046 = DEFINITIONAL_REPRESENTATION('',(#6047),#6051);
#6047 = ELLIPSE('',#6048,18.090665171101,18.);
#6048 = AXIS2_PLACEMENT_2D('',#6049,#6050);
#6049 = CARTESIAN_POINT('',(39.557794323423,-4.));
#6050 = DIRECTION('',(1.,0.));
#6051 = ( GEOMETRIC_REPRESENTATION_CONTEXT(2) 
PARAMETRIC_REPRESENTATION_CONTEXT() REPRESENTATION_CONTEXT('2D SPACE',''
  ) );
#6052 = PCURVE('',#2785,#6053);
#6053 = DEFINITIONAL_REPRESENTATION('',(#6054),#6061);
#6054 = B_SPLINE_CURVE_WITH_KNOTS('',5,(#6055,#6056,#6057,#6058,#6059,
    #6060),.UNSPECIFIED.,.F.,.F.,(6,6),(3.14159265359,3.411525449423),
  .PIECEWISE_BEZIER_KNOTS.);
#6055 = CARTESIAN_POINT('',(0.,2.191086974756));
#6056 = CARTESIAN_POINT('',(5.398655916668E-02,2.191086974756));
#6057 = CARTESIAN_POINT('',(0.107973118333,2.197677159741));
#6058 = CARTESIAN_POINT('',(0.1619596775,2.210857668441));
#6059 = CARTESIAN_POINT('',(0.215946236667,2.230547986527));
#6060 = CARTESIAN_POINT('',(0.269932795833,2.256589850544));
#6061 = ( GEOMETRIC_REPRESENTATION_CONTEXT(2) 
PARAMETRIC_REPRESENTATION_CONTEXT() REPRESENTATION_CONTEXT('2D SPACE',''
  ) );
#6062 = ORIENTED_EDGE('',*,*,#6063,.F.);
#6063 = EDGE_CURVE('',#2917,#6037,#6064,.T.);
#6064 = SURFACE_CURVE('',#6065,(#6070,#6077),.PCURVE_S1.);
#6065 = ELLIPSE('',#6066,18.090665171101,18.);
#6066 = AXIS2_PLACEMENT_3D('',#6067,#6068,#6069);
#6067 = CARTESIAN_POINT('',(-45.58438425085,364.5,295.7));
#6068 = DIRECTION('',(-0.994988289803,0.,-9.999151541061E-02));
#6069 = DIRECTION('',(-9.999151541061E-02,0.,0.994988289803));
#6070 = PCURVE('',#2141,#6071);
#6071 = DEFINITIONAL_REPRESENTATION('',(#6072),#6076);
#6072 = ELLIPSE('',#6073,18.090665171101,18.);
#6073 = AXIS2_PLACEMENT_2D('',#6074,#6075);
#6074 = CARTESIAN_POINT('',(39.557794323423,-4.));
#6075 = DIRECTION('',(1.,0.));
#6076 = ( GEOMETRIC_REPRESENTATION_CONTEXT(2) 
PARAMETRIC_REPRESENTATION_CONTEXT() REPRESENTATION_CONTEXT('2D SPACE',''
  ) );
#6077 = PCURVE('',#2785,#6078);
#6078 = DEFINITIONAL_REPRESENTATION('',(#6079),#6086);
#6079 = B_SPLINE_CURVE_WITH_KNOTS('',5,(#6080,#6081,#6082,#6083,#6084,
    #6085),.UNSPECIFIED.,.F.,.F.,(6,6),(2.871659857756,3.14159265359),
  .PIECEWISE_BEZIER_KNOTS.);
#6080 = CARTESIAN_POINT('',(6.013252511346,2.256589850544));
#6081 = CARTESIAN_POINT('',(6.067239070513,2.230547986527));
#6082 = CARTESIAN_POINT('',(6.12122562968,2.210857668441));
#6083 = CARTESIAN_POINT('',(6.175212188846,2.197677159741));
#6084 = CARTESIAN_POINT('',(6.229198748013,2.191086974756));
#6085 = CARTESIAN_POINT('',(6.28318530718,2.191086974756));
#6086 = ( GEOMETRIC_REPRESENTATION_CONTEXT(2) 
PARAMETRIC_REPRESENTATION_CONTEXT() REPRESENTATION_CONTEXT('2D SPACE',''
  ) );
#6087 = ORIENTED_EDGE('',*,*,#2937,.F.);
#6088 = ADVANCED_FACE('',(#6089),#2335,.T.);
#6089 = FACE_BOUND('',#6090,.T.);
#6090 = EDGE_LOOP('',(#6091,#6110,#6111));
#6091 = ORIENTED_EDGE('',*,*,#6092,.T.);
#6092 = EDGE_CURVE('',#3504,#2319,#6093,.T.);
#6093 = SURFACE_CURVE('',#6094,(#6098,#6104),.PCURVE_S1.);
#6094 = LINE('',#6095,#6096);
#6095 = CARTESIAN_POINT('',(-0.18183506402,418.16124965763,265.834));
#6096 = VECTOR('',#6097,1.);
#6097 = DIRECTION('',(0.99888000664,-4.731524422176E-02,0.));
#6098 = PCURVE('',#2335,#6099);
#6099 = DEFINITIONAL_REPRESENTATION('',(#6100),#6103);
#6100 = B_SPLINE_CURVE_WITH_KNOTS('',1,(#6101,#6102),.UNSPECIFIED.,.F.,
  .F.,(2,2),(-38.86168977049,-34.36154656785),.PIECEWISE_BEZIER_KNOTS.);
#6101 = CARTESIAN_POINT('',(-1.498801083244E-15,-7.105427357601E-15));
#6102 = CARTESIAN_POINT('',(3.590047741685E-02,4.5));
#6103 = ( GEOMETRIC_REPRESENTATION_CONTEXT(2) 
PARAMETRIC_REPRESENTATION_CONTEXT() REPRESENTATION_CONTEXT('2D SPACE',''
  ) );
#6104 = PCURVE('',#2367,#6105);
#6105 = DEFINITIONAL_REPRESENTATION('',(#6106),#6109);
#6106 = B_SPLINE_CURVE_WITH_KNOTS('',1,(#6107,#6108),.UNSPECIFIED.,.F.,
  .F.,(2,2),(-38.86168977049,-34.36154656785),.PIECEWISE_BEZIER_KNOTS.);
#6107 = CARTESIAN_POINT('',(78.,-4.));
#6108 = CARTESIAN_POINT('',(73.504896927867,-4.212925374666));
#6109 = ( GEOMETRIC_REPRESENTATION_CONTEXT(2) 
PARAMETRIC_REPRESENTATION_CONTEXT() REPRESENTATION_CONTEXT('2D SPACE',''
  ) );
#6110 = ORIENTED_EDGE('',*,*,#2318,.T.);
#6111 = ORIENTED_EDGE('',*,*,#3525,.T.);
#6112 = ADVANCED_FACE('',(#6113),#2367,.T.);
#6113 = FACE_BOUND('',#6114,.T.);
#6114 = EDGE_LOOP('',(#6115,#6116,#6117,#6118,#6119,#6120,#6143,#6163));
#6115 = ORIENTED_EDGE('',*,*,#5572,.F.);
#6116 = ORIENTED_EDGE('',*,*,#3644,.T.);
#6117 = ORIENTED_EDGE('',*,*,#2347,.F.);
#6118 = ORIENTED_EDGE('',*,*,#6092,.F.);
#6119 = ORIENTED_EDGE('',*,*,#3503,.T.);
#6120 = ORIENTED_EDGE('',*,*,#6121,.F.);
#6121 = EDGE_CURVE('',#6122,#3506,#6124,.T.);
#6122 = VERTEX_POINT('',#6123);
#6123 = CARTESIAN_POINT('',(39.,424.,265.834));
#6124 = SURFACE_CURVE('',#6125,(#6129,#6136),.PCURVE_S1.);
#6125 = LINE('',#6126,#6127);
#6126 = CARTESIAN_POINT('',(39.,424.,265.834));
#6127 = VECTOR('',#6128,1.);
#6128 = DIRECTION('',(-1.,0.,0.));
#6129 = PCURVE('',#2367,#6130);
#6130 = DEFINITIONAL_REPRESENTATION('',(#6131),#6135);
#6131 = LINE('',#6132,#6133);
#6132 = CARTESIAN_POINT('',(0.,0.));
#6133 = VECTOR('',#6134,1.);
#6134 = DIRECTION('',(1.,0.));
#6135 = ( GEOMETRIC_REPRESENTATION_CONTEXT(2) 
PARAMETRIC_REPRESENTATION_CONTEXT() REPRESENTATION_CONTEXT('2D SPACE',''
  ) );
#6136 = PCURVE('',#3602,#6137);
#6137 = DEFINITIONAL_REPRESENTATION('',(#6138),#6142);
#6138 = LINE('',#6139,#6140);
#6139 = CARTESIAN_POINT('',(140.84047319219,0.));
#6140 = VECTOR('',#6141,1.);
#6141 = DIRECTION('',(-0.639020857855,-0.7691894066));
#6142 = ( GEOMETRIC_REPRESENTATION_CONTEXT(2) 
PARAMETRIC_REPRESENTATION_CONTEXT() REPRESENTATION_CONTEXT('2D SPACE',''
  ) );
#6143 = ORIENTED_EDGE('',*,*,#6144,.F.);
#6144 = EDGE_CURVE('',#6145,#6122,#6147,.T.);
#6145 = VERTEX_POINT('',#6146);
#6146 = CARTESIAN_POINT('',(39.,420.,265.834));
#6147 = SURFACE_CURVE('',#6148,(#6151,#6157),.PCURVE_S1.);
#6148 = B_SPLINE_CURVE_WITH_KNOTS('',1,(#6149,#6150),.UNSPECIFIED.,.F.,
  .F.,(2,2),(0.,1.),.PIECEWISE_BEZIER_KNOTS.);
#6149 = CARTESIAN_POINT('',(39.,416.,265.834));
#6150 = CARTESIAN_POINT('',(39.,424.,265.834));
#6151 = PCURVE('',#2367,#6152);
#6152 = DEFINITIONAL_REPRESENTATION('',(#6153),#6156);
#6153 = B_SPLINE_CURVE_WITH_KNOTS('',1,(#6154,#6155),.UNSPECIFIED.,.F.,
  .F.,(2,2),(0.,1.),.PIECEWISE_BEZIER_KNOTS.);
#6154 = CARTESIAN_POINT('',(0.,-8.));
#6155 = CARTESIAN_POINT('',(0.,0.));
#6156 = ( GEOMETRIC_REPRESENTATION_CONTEXT(2) 
PARAMETRIC_REPRESENTATION_CONTEXT() REPRESENTATION_CONTEXT('2D SPACE',''
  ) );
#6157 = PCURVE('',#3785,#6158);
#6158 = DEFINITIONAL_REPRESENTATION('',(#6159),#6162);
#6159 = B_SPLINE_CURVE_WITH_KNOTS('',1,(#6160,#6161),.UNSPECIFIED.,.F.,
  .F.,(2,2),(0.,1.),.PIECEWISE_BEZIER_KNOTS.);
#6160 = CARTESIAN_POINT('',(108.99559114478,-8.));
#6161 = CARTESIAN_POINT('',(108.99559114478,0.));
#6162 = ( GEOMETRIC_REPRESENTATION_CONTEXT(2) 
PARAMETRIC_REPRESENTATION_CONTEXT() REPRESENTATION_CONTEXT('2D SPACE',''
  ) );
#6163 = ORIENTED_EDGE('',*,*,#6164,.F.);
#6164 = EDGE_CURVE('',#5573,#6145,#6165,.T.);
#6165 = SURFACE_CURVE('',#6166,(#6170,#6176),.PCURVE_S1.);
#6166 = LINE('',#6167,#6168);
#6167 = CARTESIAN_POINT('',(39.094524502925,420.00447746467,265.834));
#6168 = VECTOR('',#6169,1.);
#6169 = DIRECTION('',(0.99888000664,4.731524422176E-02,0.));
#6170 = PCURVE('',#2367,#6171);
#6171 = DEFINITIONAL_REPRESENTATION('',(#6172),#6175);
#6172 = B_SPLINE_CURVE_WITH_KNOTS('',1,(#6173,#6174),.UNSPECIFIED.,.F.,
  .F.,(2,2),(-4.594773691085,-9.463048844352E-02),
  .PIECEWISE_BEZIER_KNOTS.);
#6173 = CARTESIAN_POINT('',(4.495103072133,-4.212925374666));
#6174 = CARTESIAN_POINT('',(1.387778780781E-17,-4.));
#6175 = ( GEOMETRIC_REPRESENTATION_CONTEXT(2) 
PARAMETRIC_REPRESENTATION_CONTEXT() REPRESENTATION_CONTEXT('2D SPACE',''
  ) );
#6176 = PCURVE('',#5616,#6177);
#6177 = DEFINITIONAL_REPRESENTATION('',(#6178),#6181);
#6178 = B_SPLINE_CURVE_WITH_KNOTS('',1,(#6179,#6180),.UNSPECIFIED.,.F.,
  .F.,(2,2),(-4.594773691085,-9.463048844352E-02),
  .PIECEWISE_BEZIER_KNOTS.);
#6179 = CARTESIAN_POINT('',(3.590047741686E-02,-4.5));
#6180 = CARTESIAN_POINT('',(8.052586375484E-15,-2.234323837058E-15));
#6181 = ( GEOMETRIC_REPRESENTATION_CONTEXT(2) 
PARAMETRIC_REPRESENTATION_CONTEXT() REPRESENTATION_CONTEXT('2D SPACE',''
  ) );
#6182 = ADVANCED_FACE('',(#6183),#2486,.T.);
#6183 = FACE_BOUND('',#6184,.T.);
#6184 = EDGE_LOOP('',(#6185,#6186,#6187,#6188,#6189,#6190));
#6185 = ORIENTED_EDGE('',*,*,#5497,.F.);
#6186 = ORIENTED_EDGE('',*,*,#4282,.T.);
#6187 = ORIENTED_EDGE('',*,*,#2498,.F.);
#6188 = ORIENTED_EDGE('',*,*,#2466,.F.);
#6189 = ORIENTED_EDGE('',*,*,#2960,.F.);
#6190 = ORIENTED_EDGE('',*,*,#5524,.F.);
#6191 = ADVANCED_FACE('',(#6192),#3296,.T.);
#6192 = FACE_BOUND('',#6193,.T.);
#6193 = EDGE_LOOP('',(#6194,#6195,#6196,#6223,#6248,#6249));
#6194 = ORIENTED_EDGE('',*,*,#5365,.F.);
#6195 = ORIENTED_EDGE('',*,*,#4582,.T.);
#6196 = ORIENTED_EDGE('',*,*,#6197,.F.);
#6197 = EDGE_CURVE('',#6198,#4562,#6200,.T.);
#6198 = VERTEX_POINT('',#6199);
#6199 = CARTESIAN_POINT('',(47.393297276102,364.5,313.7));
#6200 = SURFACE_CURVE('',#6201,(#6206,#6213),.PCURVE_S1.);
#6201 = ELLIPSE('',#6202,18.090665171101,18.);
#6202 = AXIS2_PLACEMENT_3D('',#6203,#6204,#6205);
#6203 = CARTESIAN_POINT('',(45.584384250857,364.5,295.7));
#6204 = DIRECTION('',(0.994988289803,0.,-9.999151541061E-02));
#6205 = DIRECTION('',(9.999151541061E-02,0.,0.994988289803));
#6206 = PCURVE('',#3296,#6207);
#6207 = DEFINITIONAL_REPRESENTATION('',(#6208),#6212);
#6208 = ELLIPSE('',#6209,18.090665171101,18.);
#6209 = AXIS2_PLACEMENT_2D('',#6210,#6211);
#6210 = CARTESIAN_POINT('',(80.452388047773,-4.));
#6211 = DIRECTION('',(-1.,0.));
#6212 = ( GEOMETRIC_REPRESENTATION_CONTEXT(2) 
PARAMETRIC_REPRESENTATION_CONTEXT() REPRESENTATION_CONTEXT('2D SPACE',''
  ) );
#6213 = PCURVE('',#3128,#6214);
#6214 = DEFINITIONAL_REPRESENTATION('',(#6215),#6222);
#6215 = B_SPLINE_CURVE_WITH_KNOTS('',5,(#6216,#6217,#6218,#6219,#6220,
    #6221),.UNSPECIFIED.,.F.,.F.,(6,6),(1.387778780781E-17,
    0.269932795833),.PIECEWISE_BEZIER_KNOTS.);
#6216 = CARTESIAN_POINT('',(0.,5.808913025244));
#6217 = CARTESIAN_POINT('',(5.398655916667E-02,5.808913025244));
#6218 = CARTESIAN_POINT('',(0.107973118333,5.802322840259));
#6219 = CARTESIAN_POINT('',(0.1619596775,5.789142331559));
#6220 = CARTESIAN_POINT('',(0.215946236667,5.769452013473));
#6221 = CARTESIAN_POINT('',(0.269932795833,5.743410149456));
#6222 = ( GEOMETRIC_REPRESENTATION_CONTEXT(2) 
PARAMETRIC_REPRESENTATION_CONTEXT() REPRESENTATION_CONTEXT('2D SPACE',''
  ) );
#6223 = ORIENTED_EDGE('',*,*,#6224,.F.);
#6224 = EDGE_CURVE('',#3260,#6198,#6225,.T.);
#6225 = SURFACE_CURVE('',#6226,(#6231,#6238),.PCURVE_S1.);
#6226 = ELLIPSE('',#6227,18.090665171101,18.);
#6227 = AXIS2_PLACEMENT_3D('',#6228,#6229,#6230);
#6228 = CARTESIAN_POINT('',(45.584384250857,364.5,295.7));
#6229 = DIRECTION('',(0.994988289803,0.,-9.999151541061E-02));
#6230 = DIRECTION('',(9.999151541061E-02,0.,0.994988289803));
#6231 = PCURVE('',#3296,#6232);
#6232 = DEFINITIONAL_REPRESENTATION('',(#6233),#6237);
#6233 = ELLIPSE('',#6234,18.090665171101,18.);
#6234 = AXIS2_PLACEMENT_2D('',#6235,#6236);
#6235 = CARTESIAN_POINT('',(80.452388047773,-4.));
#6236 = DIRECTION('',(-1.,0.));
#6237 = ( GEOMETRIC_REPRESENTATION_CONTEXT(2) 
PARAMETRIC_REPRESENTATION_CONTEXT() REPRESENTATION_CONTEXT('2D SPACE',''
  ) );
#6238 = PCURVE('',#3128,#6239);
#6239 = DEFINITIONAL_REPRESENTATION('',(#6240),#6247);
#6240 = B_SPLINE_CURVE_WITH_KNOTS('',5,(#6241,#6242,#6243,#6244,#6245,
    #6246),.UNSPECIFIED.,.F.,.F.,(6,6),(6.013252511346,6.28318530718),
  .PIECEWISE_BEZIER_KNOTS.);
#6241 = CARTESIAN_POINT('',(6.013252511346,5.743410149456));
#6242 = CARTESIAN_POINT('',(6.067239070513,5.769452013473));
#6243 = CARTESIAN_POINT('',(6.12122562968,5.789142331559));
#6244 = CARTESIAN_POINT('',(6.175212188846,5.802322840259));
#6245 = CARTESIAN_POINT('',(6.229198748013,5.808913025244));
#6246 = CARTESIAN_POINT('',(6.28318530718,5.808913025244));
#6247 = ( GEOMETRIC_REPRESENTATION_CONTEXT(2) 
PARAMETRIC_REPRESENTATION_CONTEXT() REPRESENTATION_CONTEXT('2D SPACE',''
  ) );
#6248 = ORIENTED_EDGE('',*,*,#3280,.F.);
#6249 = ORIENTED_EDGE('',*,*,#5392,.F.);
#6250 = ADVANCED_FACE('',(#6251),#3128,.T.);
#6251 = FACE_BOUND('',#6252,.T.);
#6252 = EDGE_LOOP('',(#6253,#6276,#6303,#6304,#6305,#6306,#6328,#6329,
    #6355,#6356,#6378,#6379));
#6253 = ORIENTED_EDGE('',*,*,#6254,.T.);
#6254 = EDGE_CURVE('',#6198,#6255,#6257,.T.);
#6255 = VERTEX_POINT('',#6256);
#6256 = CARTESIAN_POINT('',(70.,364.5,313.7));
#6257 = SEAM_CURVE('',#6258,(#6262,#6269),.PCURVE_S1.);
#6258 = LINE('',#6259,#6260);
#6259 = CARTESIAN_POINT('',(41.584384250857,364.5,313.7));
#6260 = VECTOR('',#6261,1.);
#6261 = DIRECTION('',(1.,0.,0.));
#6262 = PCURVE('',#3128,#6263);
#6263 = DEFINITIONAL_REPRESENTATION('',(#6264),#6268);
#6264 = LINE('',#6265,#6266);
#6265 = CARTESIAN_POINT('',(6.28318530718,-0.));
#6266 = VECTOR('',#6267,1.);
#6267 = DIRECTION('',(0.,1.));
#6268 = ( GEOMETRIC_REPRESENTATION_CONTEXT(2) 
PARAMETRIC_REPRESENTATION_CONTEXT() REPRESENTATION_CONTEXT('2D SPACE',''
  ) );
#6269 = PCURVE('',#3128,#6270);
#6270 = DEFINITIONAL_REPRESENTATION('',(#6271),#6275);
#6271 = LINE('',#6272,#6273);
#6272 = CARTESIAN_POINT('',(0.,-0.));
#6273 = VECTOR('',#6274,1.);
#6274 = DIRECTION('',(0.,1.));
#6275 = ( GEOMETRIC_REPRESENTATION_CONTEXT(2) 
PARAMETRIC_REPRESENTATION_CONTEXT() REPRESENTATION_CONTEXT('2D SPACE',''
  ) );
#6276 = ORIENTED_EDGE('',*,*,#6277,.F.);
#6277 = EDGE_CURVE('',#6255,#6255,#6278,.T.);
#6278 = SURFACE_CURVE('',#6279,(#6284,#6291),.PCURVE_S1.);
#6279 = CIRCLE('',#6280,18.);
#6280 = AXIS2_PLACEMENT_3D('',#6281,#6282,#6283);
#6281 = CARTESIAN_POINT('',(70.,364.5,295.7));
#6282 = DIRECTION('',(1.,0.,0.));
#6283 = DIRECTION('',(-0.,0.,1.));
#6284 = PCURVE('',#3128,#6285);
#6285 = DEFINITIONAL_REPRESENTATION('',(#6286),#6290);
#6286 = LINE('',#6287,#6288);
#6287 = CARTESIAN_POINT('',(0.,28.415615749143));
#6288 = VECTOR('',#6289,1.);
#6289 = DIRECTION('',(1.,0.));
#6290 = ( GEOMETRIC_REPRESENTATION_CONTEXT(2) 
PARAMETRIC_REPRESENTATION_CONTEXT() REPRESENTATION_CONTEXT('2D SPACE',''
  ) );
#6291 = PCURVE('',#6292,#6297);
#6292 = PLANE('',#6293);
#6293 = AXIS2_PLACEMENT_3D('',#6294,#6295,#6296);
#6294 = CARTESIAN_POINT('',(70.,364.5,295.7));
#6295 = DIRECTION('',(1.,0.,0.));
#6296 = DIRECTION('',(-0.,0.,1.));
#6297 = DEFINITIONAL_REPRESENTATION('',(#6298),#6302);
#6298 = CIRCLE('',#6299,18.);
#6299 = AXIS2_PLACEMENT_2D('',#6300,#6301);
#6300 = CARTESIAN_POINT('',(0.,0.));
#6301 = DIRECTION('',(1.,0.));
#6302 = ( GEOMETRIC_REPRESENTATION_CONTEXT(2) 
PARAMETRIC_REPRESENTATION_CONTEXT() REPRESENTATION_CONTEXT('2D SPACE',''
  ) );
#6303 = ORIENTED_EDGE('',*,*,#6254,.F.);
#6304 = ORIENTED_EDGE('',*,*,#6197,.T.);
#6305 = ORIENTED_EDGE('',*,*,#4561,.F.);
#6306 = ORIENTED_EDGE('',*,*,#6307,.T.);
#6307 = EDGE_CURVE('',#4541,#4431,#6308,.T.);
#6308 = SURFACE_CURVE('',#6309,(#6314,#6321),.PCURVE_S1.);
#6309 = CIRCLE('',#6310,18.);
#6310 = AXIS2_PLACEMENT_3D('',#6311,#6312,#6313);
#6311 = CARTESIAN_POINT('',(41.584384250857,364.5,295.7));
#6312 = DIRECTION('',(1.,0.,0.));
#6313 = DIRECTION('',(-0.,0.,1.));
#6314 = PCURVE('',#3128,#6315);
#6315 = DEFINITIONAL_REPRESENTATION('',(#6316),#6320);
#6316 = LINE('',#6317,#6318);
#6317 = CARTESIAN_POINT('',(0.,0.));
#6318 = VECTOR('',#6319,1.);
#6319 = DIRECTION('',(1.,0.));
#6320 = ( GEOMETRIC_REPRESENTATION_CONTEXT(2) 
PARAMETRIC_REPRESENTATION_CONTEXT() REPRESENTATION_CONTEXT('2D SPACE',''
  ) );
#6321 = PCURVE('',#4466,#6322);
#6322 = DEFINITIONAL_REPRESENTATION('',(#6323),#6327);
#6323 = CIRCLE('',#6324,18.);
#6324 = AXIS2_PLACEMENT_2D('',#6325,#6326);
#6325 = CARTESIAN_POINT('',(0.,0.));
#6326 = DIRECTION('',(1.,0.));
#6327 = ( GEOMETRIC_REPRESENTATION_CONTEXT(2) 
PARAMETRIC_REPRESENTATION_CONTEXT() REPRESENTATION_CONTEXT('2D SPACE',''
  ) );
#6328 = ORIENTED_EDGE('',*,*,#4430,.T.);
#6329 = ORIENTED_EDGE('',*,*,#6330,.T.);
#6330 = EDGE_CURVE('',#4408,#3086,#6331,.T.);
#6331 = SURFACE_CURVE('',#6332,(#6337,#6348),.PCURVE_S1.);
#6332 = ELLIPSE('',#6333,18.090665171101,18.);
#6333 = AXIS2_PLACEMENT_3D('',#6334,#6335,#6336);
#6334 = CARTESIAN_POINT('',(45.584384250857,364.5,295.7));
#6335 = DIRECTION('',(0.994988289803,0.,-9.999151541061E-02));
#6336 = DIRECTION('',(9.999151541061E-02,0.,0.994988289803));
#6337 = PCURVE('',#3128,#6338);
#6338 = DEFINITIONAL_REPRESENTATION('',(#6339),#6347);
#6339 = B_SPLINE_CURVE_WITH_KNOTS('',6,(#6340,#6341,#6342,#6343,#6344,
    #6345,#6346),.UNSPECIFIED.,.F.,.F.,(7,7),(2.871659857756,
    3.411525449423),.PIECEWISE_BEZIER_KNOTS.);
#6340 = CARTESIAN_POINT('',(2.871659857756,2.256589850544));
#6341 = CARTESIAN_POINT('',(2.961637456368,2.213186743849));
#6342 = CARTESIAN_POINT('',(3.051615054979,2.186721149697));
#6343 = CARTESIAN_POINT('',(3.14159265359,2.177825563419));
#6344 = CARTESIAN_POINT('',(3.231570252201,2.186721149697));
#6345 = CARTESIAN_POINT('',(3.321547850812,2.213186743849));
#6346 = CARTESIAN_POINT('',(3.411525449423,2.256589850544));
#6347 = ( GEOMETRIC_REPRESENTATION_CONTEXT(2) 
PARAMETRIC_REPRESENTATION_CONTEXT() REPRESENTATION_CONTEXT('2D SPACE',''
  ) );
#6348 = PCURVE('',#3101,#6349);
#6349 = DEFINITIONAL_REPRESENTATION('',(#6350),#6354);
#6350 = ELLIPSE('',#6351,18.090665171101,18.);
#6351 = AXIS2_PLACEMENT_2D('',#6352,#6353);
#6352 = CARTESIAN_POINT('',(80.452388047773,-4.));
#6353 = DIRECTION('',(-1.,0.));
#6354 = ( GEOMETRIC_REPRESENTATION_CONTEXT(2) 
PARAMETRIC_REPRESENTATION_CONTEXT() REPRESENTATION_CONTEXT('2D SPACE',''
  ) );
#6355 = ORIENTED_EDGE('',*,*,#3113,.F.);
#6356 = ORIENTED_EDGE('',*,*,#6357,.T.);
#6357 = EDGE_CURVE('',#3114,#3239,#6358,.T.);
#6358 = SURFACE_CURVE('',#6359,(#6364,#6371),.PCURVE_S1.);
#6359 = CIRCLE('',#6360,18.);
#6360 = AXIS2_PLACEMENT_3D('',#6361,#6362,#6363);
#6361 = CARTESIAN_POINT('',(41.584384250857,364.5,295.7));
#6362 = DIRECTION('',(1.,0.,0.));
#6363 = DIRECTION('',(-0.,0.,1.));
#6364 = PCURVE('',#3128,#6365);
#6365 = DEFINITIONAL_REPRESENTATION('',(#6366),#6370);
#6366 = LINE('',#6367,#6368);
#6367 = CARTESIAN_POINT('',(0.,0.));
#6368 = VECTOR('',#6369,1.);
#6369 = DIRECTION('',(1.,0.));
#6370 = ( GEOMETRIC_REPRESENTATION_CONTEXT(2) 
PARAMETRIC_REPRESENTATION_CONTEXT() REPRESENTATION_CONTEXT('2D SPACE',''
  ) );
#6371 = PCURVE('',#3154,#6372);
#6372 = DEFINITIONAL_REPRESENTATION('',(#6373),#6377);
#6373 = CIRCLE('',#6374,18.);
#6374 = AXIS2_PLACEMENT_2D('',#6375,#6376);
#6375 = CARTESIAN_POINT('',(0.,0.));
#6376 = DIRECTION('',(1.,0.));
#6377 = ( GEOMETRIC_REPRESENTATION_CONTEXT(2) 
PARAMETRIC_REPRESENTATION_CONTEXT() REPRESENTATION_CONTEXT('2D SPACE',''
  ) );
#6378 = ORIENTED_EDGE('',*,*,#3259,.T.);
#6379 = ORIENTED_EDGE('',*,*,#6224,.T.);
#6380 = ADVANCED_FACE('',(#6381),#3154,.F.);
#6381 = FACE_BOUND('',#6382,.F.);
#6382 = EDGE_LOOP('',(#6383,#6384,#6385,#6386));
#6383 = ORIENTED_EDGE('',*,*,#3139,.F.);
#6384 = ORIENTED_EDGE('',*,*,#6357,.T.);
#6385 = ORIENTED_EDGE('',*,*,#3238,.F.);
#6386 = ORIENTED_EDGE('',*,*,#6387,.F.);
#6387 = EDGE_CURVE('',#3140,#3218,#6388,.T.);
#6388 = SURFACE_CURVE('',#6389,(#6394,#6401),.PCURVE_S1.);
#6389 = CIRCLE('',#6390,8.);
#6390 = AXIS2_PLACEMENT_3D('',#6391,#6392,#6393);
#6391 = CARTESIAN_POINT('',(41.584384250857,364.5,295.7));
#6392 = DIRECTION('',(1.,0.,0.));
#6393 = DIRECTION('',(-0.,0.,1.));
#6394 = PCURVE('',#3154,#6395);
#6395 = DEFINITIONAL_REPRESENTATION('',(#6396),#6400);
#6396 = CIRCLE('',#6397,8.);
#6397 = AXIS2_PLACEMENT_2D('',#6398,#6399);
#6398 = CARTESIAN_POINT('',(0.,0.));
#6399 = DIRECTION('',(1.,0.));
#6400 = ( GEOMETRIC_REPRESENTATION_CONTEXT(2) 
PARAMETRIC_REPRESENTATION_CONTEXT() REPRESENTATION_CONTEXT('2D SPACE',''
  ) );
#6401 = PCURVE('',#3180,#6402);
#6402 = DEFINITIONAL_REPRESENTATION('',(#6403),#6407);
#6403 = LINE('',#6404,#6405);
#6404 = CARTESIAN_POINT('',(0.,1.));
#6405 = VECTOR('',#6406,1.);
#6406 = DIRECTION('',(1.,0.));
#6407 = ( GEOMETRIC_REPRESENTATION_CONTEXT(2) 
PARAMETRIC_REPRESENTATION_CONTEXT() REPRESENTATION_CONTEXT('2D SPACE',''
  ) );
#6408 = ADVANCED_FACE('',(#6409),#3180,.F.);
#6409 = FACE_BOUND('',#6410,.F.);
#6410 = EDGE_LOOP('',(#6411,#6435,#6458,#6480,#6481,#6503,#6504,#6526,
    #6527,#6528,#6529,#6551));
#6411 = ORIENTED_EDGE('',*,*,#6412,.F.);
#6412 = EDGE_CURVE('',#6413,#6413,#6415,.T.);
#6413 = VERTEX_POINT('',#6414);
#6414 = CARTESIAN_POINT('',(70.,364.5,303.7));
#6415 = SURFACE_CURVE('',#6416,(#6421,#6428),.PCURVE_S1.);
#6416 = CIRCLE('',#6417,8.);
#6417 = AXIS2_PLACEMENT_3D('',#6418,#6419,#6420);
#6418 = CARTESIAN_POINT('',(70.,364.5,295.7));
#6419 = DIRECTION('',(1.,0.,0.));
#6420 = DIRECTION('',(-0.,0.,1.));
#6421 = PCURVE('',#3180,#6422);
#6422 = DEFINITIONAL_REPRESENTATION('',(#6423),#6427);
#6423 = LINE('',#6424,#6425);
#6424 = CARTESIAN_POINT('',(0.,29.415615749143));
#6425 = VECTOR('',#6426,1.);
#6426 = DIRECTION('',(1.,0.));
#6427 = ( GEOMETRIC_REPRESENTATION_CONTEXT(2) 
PARAMETRIC_REPRESENTATION_CONTEXT() REPRESENTATION_CONTEXT('2D SPACE',''
  ) );
#6428 = PCURVE('',#6292,#6429);
#6429 = DEFINITIONAL_REPRESENTATION('',(#6430),#6434);
#6430 = CIRCLE('',#6431,8.);
#6431 = AXIS2_PLACEMENT_2D('',#6432,#6433);
#6432 = CARTESIAN_POINT('',(0.,0.));
#6433 = DIRECTION('',(1.,0.));
#6434 = ( GEOMETRIC_REPRESENTATION_CONTEXT(2) 
PARAMETRIC_REPRESENTATION_CONTEXT() REPRESENTATION_CONTEXT('2D SPACE',''
  ) );
#6435 = ORIENTED_EDGE('',*,*,#6436,.F.);
#6436 = EDGE_CURVE('',#6437,#6413,#6439,.T.);
#6437 = VERTEX_POINT('',#6438);
#6438 = CARTESIAN_POINT('',(40.584384250857,364.5,303.7));
#6439 = SEAM_CURVE('',#6440,(#6444,#6451),.PCURVE_S1.);
#6440 = LINE('',#6441,#6442);
#6441 = CARTESIAN_POINT('',(40.584384250857,364.5,303.7));
#6442 = VECTOR('',#6443,1.);
#6443 = DIRECTION('',(1.,0.,0.));
#6444 = PCURVE('',#3180,#6445);
#6445 = DEFINITIONAL_REPRESENTATION('',(#6446),#6450);
#6446 = LINE('',#6447,#6448);
#6447 = CARTESIAN_POINT('',(6.28318530718,-0.));
#6448 = VECTOR('',#6449,1.);
#6449 = DIRECTION('',(0.,1.));
#6450 = ( GEOMETRIC_REPRESENTATION_CONTEXT(2) 
PARAMETRIC_REPRESENTATION_CONTEXT() REPRESENTATION_CONTEXT('2D SPACE',''
  ) );
#6451 = PCURVE('',#3180,#6452);
#6452 = DEFINITIONAL_REPRESENTATION('',(#6453),#6457);
#6453 = LINE('',#6454,#6455);
#6454 = CARTESIAN_POINT('',(0.,-0.));
#6455 = VECTOR('',#6456,1.);
#6456 = DIRECTION('',(0.,1.));
#6457 = ( GEOMETRIC_REPRESENTATION_CONTEXT(2) 
PARAMETRIC_REPRESENTATION_CONTEXT() REPRESENTATION_CONTEXT('2D SPACE',''
  ) );
#6458 = ORIENTED_EDGE('',*,*,#6459,.T.);
#6459 = EDGE_CURVE('',#6437,#4499,#6460,.T.);
#6460 = SURFACE_CURVE('',#6461,(#6466,#6473),.PCURVE_S1.);
#6461 = CIRCLE('',#6462,8.);
#6462 = AXIS2_PLACEMENT_3D('',#6463,#6464,#6465);
#6463 = CARTESIAN_POINT('',(40.584384250857,364.5,295.7));
#6464 = DIRECTION('',(1.,0.,0.));
#6465 = DIRECTION('',(-0.,0.,1.));
#6466 = PCURVE('',#3180,#6467);
#6467 = DEFINITIONAL_REPRESENTATION('',(#6468),#6472);
#6468 = LINE('',#6469,#6470);
#6469 = CARTESIAN_POINT('',(0.,0.));
#6470 = VECTOR('',#6471,1.);
#6471 = DIRECTION('',(1.,0.));
#6472 = ( GEOMETRIC_REPRESENTATION_CONTEXT(2) 
PARAMETRIC_REPRESENTATION_CONTEXT() REPRESENTATION_CONTEXT('2D SPACE',''
  ) );
#6473 = PCURVE('',#3206,#6474);
#6474 = DEFINITIONAL_REPRESENTATION('',(#6475),#6479);
#6475 = CIRCLE('',#6476,8.);
#6476 = AXIS2_PLACEMENT_2D('',#6477,#6478);
#6477 = CARTESIAN_POINT('',(0.,0.));
#6478 = DIRECTION('',(1.,0.));
#6479 = ( GEOMETRIC_REPRESENTATION_CONTEXT(2) 
PARAMETRIC_REPRESENTATION_CONTEXT() REPRESENTATION_CONTEXT('2D SPACE',''
  ) );
#6480 = ORIENTED_EDGE('',*,*,#4519,.T.);
#6481 = ORIENTED_EDGE('',*,*,#6482,.T.);
#6482 = EDGE_CURVE('',#4520,#4452,#6483,.T.);
#6483 = SURFACE_CURVE('',#6484,(#6489,#6496),.PCURVE_S1.);
#6484 = CIRCLE('',#6485,8.);
#6485 = AXIS2_PLACEMENT_3D('',#6486,#6487,#6488);
#6486 = CARTESIAN_POINT('',(41.584384250857,364.5,295.7));
#6487 = DIRECTION('',(1.,0.,0.));
#6488 = DIRECTION('',(-0.,0.,1.));
#6489 = PCURVE('',#3180,#6490);
#6490 = DEFINITIONAL_REPRESENTATION('',(#6491),#6495);
#6491 = LINE('',#6492,#6493);
#6492 = CARTESIAN_POINT('',(0.,1.));
#6493 = VECTOR('',#6494,1.);
#6494 = DIRECTION('',(1.,0.));
#6495 = ( GEOMETRIC_REPRESENTATION_CONTEXT(2) 
PARAMETRIC_REPRESENTATION_CONTEXT() REPRESENTATION_CONTEXT('2D SPACE',''
  ) );
#6496 = PCURVE('',#4466,#6497);
#6497 = DEFINITIONAL_REPRESENTATION('',(#6498),#6502);
#6498 = CIRCLE('',#6499,8.);
#6499 = AXIS2_PLACEMENT_2D('',#6500,#6501);
#6500 = CARTESIAN_POINT('',(0.,0.));
#6501 = DIRECTION('',(1.,0.));
#6502 = ( GEOMETRIC_REPRESENTATION_CONTEXT(2) 
PARAMETRIC_REPRESENTATION_CONTEXT() REPRESENTATION_CONTEXT('2D SPACE',''
  ) );
#6503 = ORIENTED_EDGE('',*,*,#4477,.F.);
#6504 = ORIENTED_EDGE('',*,*,#6505,.T.);
#6505 = EDGE_CURVE('',#4478,#3166,#6506,.T.);
#6506 = SURFACE_CURVE('',#6507,(#6512,#6519),.PCURVE_S1.);
#6507 = CIRCLE('',#6508,8.);
#6508 = AXIS2_PLACEMENT_3D('',#6509,#6510,#6511);
#6509 = CARTESIAN_POINT('',(40.584384250857,364.5,295.7));
#6510 = DIRECTION('',(1.,0.,0.));
#6511 = DIRECTION('',(-0.,0.,1.));
#6512 = PCURVE('',#3180,#6513);
#6513 = DEFINITIONAL_REPRESENTATION('',(#6514),#6518);
#6514 = LINE('',#6515,#6516);
#6515 = CARTESIAN_POINT('',(0.,0.));
#6516 = VECTOR('',#6517,1.);
#6517 = DIRECTION('',(1.,0.));
#6518 = ( GEOMETRIC_REPRESENTATION_CONTEXT(2) 
PARAMETRIC_REPRESENTATION_CONTEXT() REPRESENTATION_CONTEXT('2D SPACE',''
  ) );
#6519 = PCURVE('',#3206,#6520);
#6520 = DEFINITIONAL_REPRESENTATION('',(#6521),#6525);
#6521 = CIRCLE('',#6522,8.);
#6522 = AXIS2_PLACEMENT_2D('',#6523,#6524);
#6523 = CARTESIAN_POINT('',(0.,0.));
#6524 = DIRECTION('',(1.,0.));
#6525 = ( GEOMETRIC_REPRESENTATION_CONTEXT(2) 
PARAMETRIC_REPRESENTATION_CONTEXT() REPRESENTATION_CONTEXT('2D SPACE',''
  ) );
#6526 = ORIENTED_EDGE('',*,*,#3165,.T.);
#6527 = ORIENTED_EDGE('',*,*,#6387,.T.);
#6528 = ORIENTED_EDGE('',*,*,#3217,.F.);
#6529 = ORIENTED_EDGE('',*,*,#6530,.T.);
#6530 = EDGE_CURVE('',#3192,#6437,#6531,.T.);
#6531 = SURFACE_CURVE('',#6532,(#6537,#6544),.PCURVE_S1.);
#6532 = CIRCLE('',#6533,8.);
#6533 = AXIS2_PLACEMENT_3D('',#6534,#6535,#6536);
#6534 = CARTESIAN_POINT('',(40.584384250857,364.5,295.7));
#6535 = DIRECTION('',(1.,0.,0.));
#6536 = DIRECTION('',(-0.,0.,1.));
#6537 = PCURVE('',#3180,#6538);
#6538 = DEFINITIONAL_REPRESENTATION('',(#6539),#6543);
#6539 = LINE('',#6540,#6541);
#6540 = CARTESIAN_POINT('',(0.,0.));
#6541 = VECTOR('',#6542,1.);
#6542 = DIRECTION('',(1.,0.));
#6543 = ( GEOMETRIC_REPRESENTATION_CONTEXT(2) 
PARAMETRIC_REPRESENTATION_CONTEXT() REPRESENTATION_CONTEXT('2D SPACE',''
  ) );
#6544 = PCURVE('',#3206,#6545);
#6545 = DEFINITIONAL_REPRESENTATION('',(#6546),#6550);
#6546 = CIRCLE('',#6547,8.);
#6547 = AXIS2_PLACEMENT_2D('',#6548,#6549);
#6548 = CARTESIAN_POINT('',(0.,0.));
#6549 = DIRECTION('',(1.,0.));
#6550 = ( GEOMETRIC_REPRESENTATION_CONTEXT(2) 
PARAMETRIC_REPRESENTATION_CONTEXT() REPRESENTATION_CONTEXT('2D SPACE',''
  ) );
#6551 = ORIENTED_EDGE('',*,*,#6436,.T.);
#6552 = ADVANCED_FACE('',(#6553),#3206,.T.);
#6553 = FACE_BOUND('',#6554,.T.);
#6554 = EDGE_LOOP('',(#6555,#6556,#6557,#6558,#6559));
#6555 = ORIENTED_EDGE('',*,*,#6530,.T.);
#6556 = ORIENTED_EDGE('',*,*,#6459,.T.);
#6557 = ORIENTED_EDGE('',*,*,#4498,.F.);
#6558 = ORIENTED_EDGE('',*,*,#6505,.T.);
#6559 = ORIENTED_EDGE('',*,*,#3191,.T.);
#6560 = ADVANCED_FACE('',(#6561),#3101,.T.);
#6561 = FACE_BOUND('',#6562,.T.);
#6562 = EDGE_LOOP('',(#6563,#6564,#6565,#6566,#6567));
#6563 = ORIENTED_EDGE('',*,*,#6330,.F.);
#6564 = ORIENTED_EDGE('',*,*,#4407,.T.);
#6565 = ORIENTED_EDGE('',*,*,#5683,.F.);
#6566 = ORIENTED_EDGE('',*,*,#5656,.F.);
#6567 = ORIENTED_EDGE('',*,*,#3085,.F.);
#6568 = ADVANCED_FACE('',(#6569),#2785,.T.);
#6569 = FACE_BOUND('',#6570,.T.);
#6570 = EDGE_LOOP('',(#6571,#6594,#6621,#6622,#6623,#6624,#6646,#6647,
    #6648,#6649,#6671,#6672));
#6571 = ORIENTED_EDGE('',*,*,#6572,.T.);
#6572 = EDGE_CURVE('',#6037,#6573,#6575,.T.);
#6573 = VERTEX_POINT('',#6574);
#6574 = CARTESIAN_POINT('',(-70.,364.5,277.7));
#6575 = SEAM_CURVE('',#6576,(#6580,#6587),.PCURVE_S1.);
#6576 = LINE('',#6577,#6578);
#6577 = CARTESIAN_POINT('',(-41.58438425085,364.5,277.7));
#6578 = VECTOR('',#6579,1.);
#6579 = DIRECTION('',(-1.,0.,0.));
#6580 = PCURVE('',#2785,#6581);
#6581 = DEFINITIONAL_REPRESENTATION('',(#6582),#6586);
#6582 = LINE('',#6583,#6584);
#6583 = CARTESIAN_POINT('',(6.28318530718,-0.));
#6584 = VECTOR('',#6585,1.);
#6585 = DIRECTION('',(0.,1.));
#6586 = ( GEOMETRIC_REPRESENTATION_CONTEXT(2) 
PARAMETRIC_REPRESENTATION_CONTEXT() REPRESENTATION_CONTEXT('2D SPACE',''
  ) );
#6587 = PCURVE('',#2785,#6588);
#6588 = DEFINITIONAL_REPRESENTATION('',(#6589),#6593);
#6589 = LINE('',#6590,#6591);
#6590 = CARTESIAN_POINT('',(0.,-0.));
#6591 = VECTOR('',#6592,1.);
#6592 = DIRECTION('',(0.,1.));
#6593 = ( GEOMETRIC_REPRESENTATION_CONTEXT(2) 
PARAMETRIC_REPRESENTATION_CONTEXT() REPRESENTATION_CONTEXT('2D SPACE',''
  ) );
#6594 = ORIENTED_EDGE('',*,*,#6595,.F.);
#6595 = EDGE_CURVE('',#6573,#6573,#6596,.T.);
#6596 = SURFACE_CURVE('',#6597,(#6602,#6609),.PCURVE_S1.);
#6597 = CIRCLE('',#6598,18.);
#6598 = AXIS2_PLACEMENT_3D('',#6599,#6600,#6601);
#6599 = CARTESIAN_POINT('',(-70.,364.5,295.7));
#6600 = DIRECTION('',(-1.,0.,0.));
#6601 = DIRECTION('',(0.,0.,-1.));
#6602 = PCURVE('',#2785,#6603);
#6603 = DEFINITIONAL_REPRESENTATION('',(#6604),#6608);
#6604 = LINE('',#6605,#6606);
#6605 = CARTESIAN_POINT('',(0.,28.415615749143));
#6606 = VECTOR('',#6607,1.);
#6607 = DIRECTION('',(1.,0.));
#6608 = ( GEOMETRIC_REPRESENTATION_CONTEXT(2) 
PARAMETRIC_REPRESENTATION_CONTEXT() REPRESENTATION_CONTEXT('2D SPACE',''
  ) );
#6609 = PCURVE('',#6610,#6615);
#6610 = PLANE('',#6611);
#6611 = AXIS2_PLACEMENT_3D('',#6612,#6613,#6614);
#6612 = CARTESIAN_POINT('',(-70.,364.5,295.7));
#6613 = DIRECTION('',(-1.,0.,0.));
#6614 = DIRECTION('',(0.,0.,-1.));
#6615 = DEFINITIONAL_REPRESENTATION('',(#6616),#6620);
#6616 = CIRCLE('',#6617,18.);
#6617 = AXIS2_PLACEMENT_2D('',#6618,#6619);
#6618 = CARTESIAN_POINT('',(0.,0.));
#6619 = DIRECTION('',(1.,0.));
#6620 = ( GEOMETRIC_REPRESENTATION_CONTEXT(2) 
PARAMETRIC_REPRESENTATION_CONTEXT() REPRESENTATION_CONTEXT('2D SPACE',''
  ) );
#6621 = ORIENTED_EDGE('',*,*,#6572,.F.);
#6622 = ORIENTED_EDGE('',*,*,#6036,.T.);
#6623 = ORIENTED_EDGE('',*,*,#4238,.F.);
#6624 = ORIENTED_EDGE('',*,*,#6625,.T.);
#6625 = EDGE_CURVE('',#4218,#4108,#6626,.T.);
#6626 = SURFACE_CURVE('',#6627,(#6632,#6639),.PCURVE_S1.);
#6627 = CIRCLE('',#6628,18.);
#6628 = AXIS2_PLACEMENT_3D('',#6629,#6630,#6631);
#6629 = CARTESIAN_POINT('',(-41.58438425085,364.5,295.7));
#6630 = DIRECTION('',(-1.,0.,0.));
#6631 = DIRECTION('',(0.,0.,-1.));
#6632 = PCURVE('',#2785,#6633);
#6633 = DEFINITIONAL_REPRESENTATION('',(#6634),#6638);
#6634 = LINE('',#6635,#6636);
#6635 = CARTESIAN_POINT('',(0.,0.));
#6636 = VECTOR('',#6637,1.);
#6637 = DIRECTION('',(1.,0.));
#6638 = ( GEOMETRIC_REPRESENTATION_CONTEXT(2) 
PARAMETRIC_REPRESENTATION_CONTEXT() REPRESENTATION_CONTEXT('2D SPACE',''
  ) );
#6639 = PCURVE('',#4143,#6640);
#6640 = DEFINITIONAL_REPRESENTATION('',(#6641),#6645);
#6641 = CIRCLE('',#6642,18.);
#6642 = AXIS2_PLACEMENT_2D('',#6643,#6644);
#6643 = CARTESIAN_POINT('',(0.,0.));
#6644 = DIRECTION('',(1.,0.));
#6645 = ( GEOMETRIC_REPRESENTATION_CONTEXT(2) 
PARAMETRIC_REPRESENTATION_CONTEXT() REPRESENTATION_CONTEXT('2D SPACE',''
  ) );
#6646 = ORIENTED_EDGE('',*,*,#4107,.T.);
#6647 = ORIENTED_EDGE('',*,*,#4050,.T.);
#6648 = ORIENTED_EDGE('',*,*,#2770,.F.);
#6649 = ORIENTED_EDGE('',*,*,#6650,.T.);
#6650 = EDGE_CURVE('',#2771,#2896,#6651,.T.);
#6651 = SURFACE_CURVE('',#6652,(#6657,#6664),.PCURVE_S1.);
#6652 = CIRCLE('',#6653,18.);
#6653 = AXIS2_PLACEMENT_3D('',#6654,#6655,#6656);
#6654 = CARTESIAN_POINT('',(-41.58438425085,364.5,295.7));
#6655 = DIRECTION('',(-1.,0.,0.));
#6656 = DIRECTION('',(0.,0.,-1.));
#6657 = PCURVE('',#2785,#6658);
#6658 = DEFINITIONAL_REPRESENTATION('',(#6659),#6663);
#6659 = LINE('',#6660,#6661);
#6660 = CARTESIAN_POINT('',(0.,0.));
#6661 = VECTOR('',#6662,1.);
#6662 = DIRECTION('',(1.,0.));
#6663 = ( GEOMETRIC_REPRESENTATION_CONTEXT(2) 
PARAMETRIC_REPRESENTATION_CONTEXT() REPRESENTATION_CONTEXT('2D SPACE',''
  ) );
#6664 = PCURVE('',#2811,#6665);
#6665 = DEFINITIONAL_REPRESENTATION('',(#6666),#6670);
#6666 = CIRCLE('',#6667,18.);
#6667 = AXIS2_PLACEMENT_2D('',#6668,#6669);
#6668 = CARTESIAN_POINT('',(0.,0.));
#6669 = DIRECTION('',(1.,0.));
#6670 = ( GEOMETRIC_REPRESENTATION_CONTEXT(2) 
PARAMETRIC_REPRESENTATION_CONTEXT() REPRESENTATION_CONTEXT('2D SPACE',''
  ) );
#6671 = ORIENTED_EDGE('',*,*,#2916,.T.);
#6672 = ORIENTED_EDGE('',*,*,#6063,.T.);
#6673 = ADVANCED_FACE('',(#6674),#2811,.F.);
#6674 = FACE_BOUND('',#6675,.F.);
#6675 = EDGE_LOOP('',(#6676,#6677,#6678,#6679));
#6676 = ORIENTED_EDGE('',*,*,#2796,.F.);
#6677 = ORIENTED_EDGE('',*,*,#6650,.T.);
#6678 = ORIENTED_EDGE('',*,*,#2895,.F.);
#6679 = ORIENTED_EDGE('',*,*,#6680,.F.);
#6680 = EDGE_CURVE('',#2797,#2875,#6681,.T.);
#6681 = SURFACE_CURVE('',#6682,(#6687,#6694),.PCURVE_S1.);
#6682 = CIRCLE('',#6683,8.);
#6683 = AXIS2_PLACEMENT_3D('',#6684,#6685,#6686);
#6684 = CARTESIAN_POINT('',(-41.58438425085,364.5,295.7));
#6685 = DIRECTION('',(-1.,0.,0.));
#6686 = DIRECTION('',(0.,0.,-1.));
#6687 = PCURVE('',#2811,#6688);
#6688 = DEFINITIONAL_REPRESENTATION('',(#6689),#6693);
#6689 = CIRCLE('',#6690,8.);
#6690 = AXIS2_PLACEMENT_2D('',#6691,#6692);
#6691 = CARTESIAN_POINT('',(0.,0.));
#6692 = DIRECTION('',(1.,0.));
#6693 = ( GEOMETRIC_REPRESENTATION_CONTEXT(2) 
PARAMETRIC_REPRESENTATION_CONTEXT() REPRESENTATION_CONTEXT('2D SPACE',''
  ) );
#6694 = PCURVE('',#2837,#6695);
#6695 = DEFINITIONAL_REPRESENTATION('',(#6696),#6700);
#6696 = LINE('',#6697,#6698);
#6697 = CARTESIAN_POINT('',(0.,1.));
#6698 = VECTOR('',#6699,1.);
#6699 = DIRECTION('',(1.,0.));
#6700 = ( GEOMETRIC_REPRESENTATION_CONTEXT(2) 
PARAMETRIC_REPRESENTATION_CONTEXT() REPRESENTATION_CONTEXT('2D SPACE',''
  ) );
#6701 = ADVANCED_FACE('',(#6702),#2837,.F.);
#6702 = FACE_BOUND('',#6703,.F.);
#6703 = EDGE_LOOP('',(#6704,#6728,#6751,#6773,#6774,#6796,#6797,#6819,
    #6820,#6821,#6822,#6844));
#6704 = ORIENTED_EDGE('',*,*,#6705,.F.);
#6705 = EDGE_CURVE('',#6706,#6706,#6708,.T.);
#6706 = VERTEX_POINT('',#6707);
#6707 = CARTESIAN_POINT('',(-70.,364.5,287.7));
#6708 = SURFACE_CURVE('',#6709,(#6714,#6721),.PCURVE_S1.);
#6709 = CIRCLE('',#6710,8.);
#6710 = AXIS2_PLACEMENT_3D('',#6711,#6712,#6713);
#6711 = CARTESIAN_POINT('',(-70.,364.5,295.7));
#6712 = DIRECTION('',(-1.,0.,0.));
#6713 = DIRECTION('',(0.,0.,-1.));
#6714 = PCURVE('',#2837,#6715);
#6715 = DEFINITIONAL_REPRESENTATION('',(#6716),#6720);
#6716 = LINE('',#6717,#6718);
#6717 = CARTESIAN_POINT('',(0.,29.415615749143));
#6718 = VECTOR('',#6719,1.);
#6719 = DIRECTION('',(1.,0.));
#6720 = ( GEOMETRIC_REPRESENTATION_CONTEXT(2) 
PARAMETRIC_REPRESENTATION_CONTEXT() REPRESENTATION_CONTEXT('2D SPACE',''
  ) );
#6721 = PCURVE('',#6610,#6722);
#6722 = DEFINITIONAL_REPRESENTATION('',(#6723),#6727);
#6723 = CIRCLE('',#6724,8.);
#6724 = AXIS2_PLACEMENT_2D('',#6725,#6726);
#6725 = CARTESIAN_POINT('',(0.,0.));
#6726 = DIRECTION('',(1.,0.));
#6727 = ( GEOMETRIC_REPRESENTATION_CONTEXT(2) 
PARAMETRIC_REPRESENTATION_CONTEXT() REPRESENTATION_CONTEXT('2D SPACE',''
  ) );
#6728 = ORIENTED_EDGE('',*,*,#6729,.F.);
#6729 = EDGE_CURVE('',#6730,#6706,#6732,.T.);
#6730 = VERTEX_POINT('',#6731);
#6731 = CARTESIAN_POINT('',(-40.58438425085,364.5,287.7));
#6732 = SEAM_CURVE('',#6733,(#6737,#6744),.PCURVE_S1.);
#6733 = LINE('',#6734,#6735);
#6734 = CARTESIAN_POINT('',(-40.58438425085,364.5,287.7));
#6735 = VECTOR('',#6736,1.);
#6736 = DIRECTION('',(-1.,0.,0.));
#6737 = PCURVE('',#2837,#6738);
#6738 = DEFINITIONAL_REPRESENTATION('',(#6739),#6743);
#6739 = LINE('',#6740,#6741);
#6740 = CARTESIAN_POINT('',(6.28318530718,-0.));
#6741 = VECTOR('',#6742,1.);
#6742 = DIRECTION('',(0.,1.));
#6743 = ( GEOMETRIC_REPRESENTATION_CONTEXT(2) 
PARAMETRIC_REPRESENTATION_CONTEXT() REPRESENTATION_CONTEXT('2D SPACE',''
  ) );
#6744 = PCURVE('',#2837,#6745);
#6745 = DEFINITIONAL_REPRESENTATION('',(#6746),#6750);
#6746 = LINE('',#6747,#6748);
#6747 = CARTESIAN_POINT('',(0.,-0.));
#6748 = VECTOR('',#6749,1.);
#6749 = DIRECTION('',(0.,1.));
#6750 = ( GEOMETRIC_REPRESENTATION_CONTEXT(2) 
PARAMETRIC_REPRESENTATION_CONTEXT() REPRESENTATION_CONTEXT('2D SPACE',''
  ) );
#6751 = ORIENTED_EDGE('',*,*,#6752,.T.);
#6752 = EDGE_CURVE('',#6730,#4176,#6753,.T.);
#6753 = SURFACE_CURVE('',#6754,(#6759,#6766),.PCURVE_S1.);
#6754 = CIRCLE('',#6755,8.);
#6755 = AXIS2_PLACEMENT_3D('',#6756,#6757,#6758);
#6756 = CARTESIAN_POINT('',(-40.58438425085,364.5,295.7));
#6757 = DIRECTION('',(-1.,0.,0.));
#6758 = DIRECTION('',(0.,0.,-1.));
#6759 = PCURVE('',#2837,#6760);
#6760 = DEFINITIONAL_REPRESENTATION('',(#6761),#6765);
#6761 = LINE('',#6762,#6763);
#6762 = CARTESIAN_POINT('',(0.,0.));
#6763 = VECTOR('',#6764,1.);
#6764 = DIRECTION('',(1.,0.));
#6765 = ( GEOMETRIC_REPRESENTATION_CONTEXT(2) 
PARAMETRIC_REPRESENTATION_CONTEXT() REPRESENTATION_CONTEXT('2D SPACE',''
  ) );
#6766 = PCURVE('',#2863,#6767);
#6767 = DEFINITIONAL_REPRESENTATION('',(#6768),#6772);
#6768 = CIRCLE('',#6769,8.);
#6769 = AXIS2_PLACEMENT_2D('',#6770,#6771);
#6770 = CARTESIAN_POINT('',(0.,0.));
#6771 = DIRECTION('',(1.,0.));
#6772 = ( GEOMETRIC_REPRESENTATION_CONTEXT(2) 
PARAMETRIC_REPRESENTATION_CONTEXT() REPRESENTATION_CONTEXT('2D SPACE',''
  ) );
#6773 = ORIENTED_EDGE('',*,*,#4196,.T.);
#6774 = ORIENTED_EDGE('',*,*,#6775,.T.);
#6775 = EDGE_CURVE('',#4197,#4129,#6776,.T.);
#6776 = SURFACE_CURVE('',#6777,(#6782,#6789),.PCURVE_S1.);
#6777 = CIRCLE('',#6778,8.);
#6778 = AXIS2_PLACEMENT_3D('',#6779,#6780,#6781);
#6779 = CARTESIAN_POINT('',(-41.58438425085,364.5,295.7));
#6780 = DIRECTION('',(-1.,0.,0.));
#6781 = DIRECTION('',(0.,0.,-1.));
#6782 = PCURVE('',#2837,#6783);
#6783 = DEFINITIONAL_REPRESENTATION('',(#6784),#6788);
#6784 = LINE('',#6785,#6786);
#6785 = CARTESIAN_POINT('',(0.,1.));
#6786 = VECTOR('',#6787,1.);
#6787 = DIRECTION('',(1.,0.));
#6788 = ( GEOMETRIC_REPRESENTATION_CONTEXT(2) 
PARAMETRIC_REPRESENTATION_CONTEXT() REPRESENTATION_CONTEXT('2D SPACE',''
  ) );
#6789 = PCURVE('',#4143,#6790);
#6790 = DEFINITIONAL_REPRESENTATION('',(#6791),#6795);
#6791 = CIRCLE('',#6792,8.);
#6792 = AXIS2_PLACEMENT_2D('',#6793,#6794);
#6793 = CARTESIAN_POINT('',(0.,0.));
#6794 = DIRECTION('',(1.,0.));
#6795 = ( GEOMETRIC_REPRESENTATION_CONTEXT(2) 
PARAMETRIC_REPRESENTATION_CONTEXT() REPRESENTATION_CONTEXT('2D SPACE',''
  ) );
#6796 = ORIENTED_EDGE('',*,*,#4154,.F.);
#6797 = ORIENTED_EDGE('',*,*,#6798,.T.);
#6798 = EDGE_CURVE('',#4155,#2823,#6799,.T.);
#6799 = SURFACE_CURVE('',#6800,(#6805,#6812),.PCURVE_S1.);
#6800 = CIRCLE('',#6801,8.);
#6801 = AXIS2_PLACEMENT_3D('',#6802,#6803,#6804);
#6802 = CARTESIAN_POINT('',(-40.58438425085,364.5,295.7));
#6803 = DIRECTION('',(-1.,0.,0.));
#6804 = DIRECTION('',(0.,0.,-1.));
#6805 = PCURVE('',#2837,#6806);
#6806 = DEFINITIONAL_REPRESENTATION('',(#6807),#6811);
#6807 = LINE('',#6808,#6809);
#6808 = CARTESIAN_POINT('',(0.,0.));
#6809 = VECTOR('',#6810,1.);
#6810 = DIRECTION('',(1.,0.));
#6811 = ( GEOMETRIC_REPRESENTATION_CONTEXT(2) 
PARAMETRIC_REPRESENTATION_CONTEXT() REPRESENTATION_CONTEXT('2D SPACE',''
  ) );
#6812 = PCURVE('',#2863,#6813);
#6813 = DEFINITIONAL_REPRESENTATION('',(#6814),#6818);
#6814 = CIRCLE('',#6815,8.);
#6815 = AXIS2_PLACEMENT_2D('',#6816,#6817);
#6816 = CARTESIAN_POINT('',(0.,0.));
#6817 = DIRECTION('',(1.,0.));
#6818 = ( GEOMETRIC_REPRESENTATION_CONTEXT(2) 
PARAMETRIC_REPRESENTATION_CONTEXT() REPRESENTATION_CONTEXT('2D SPACE',''
  ) );
#6819 = ORIENTED_EDGE('',*,*,#2822,.T.);
#6820 = ORIENTED_EDGE('',*,*,#6680,.T.);
#6821 = ORIENTED_EDGE('',*,*,#2874,.F.);
#6822 = ORIENTED_EDGE('',*,*,#6823,.T.);
#6823 = EDGE_CURVE('',#2849,#6730,#6824,.T.);
#6824 = SURFACE_CURVE('',#6825,(#6830,#6837),.PCURVE_S1.);
#6825 = CIRCLE('',#6826,8.);
#6826 = AXIS2_PLACEMENT_3D('',#6827,#6828,#6829);
#6827 = CARTESIAN_POINT('',(-40.58438425085,364.5,295.7));
#6828 = DIRECTION('',(-1.,0.,0.));
#6829 = DIRECTION('',(0.,0.,-1.));
#6830 = PCURVE('',#2837,#6831);
#6831 = DEFINITIONAL_REPRESENTATION('',(#6832),#6836);
#6832 = LINE('',#6833,#6834);
#6833 = CARTESIAN_POINT('',(0.,0.));
#6834 = VECTOR('',#6835,1.);
#6835 = DIRECTION('',(1.,0.));
#6836 = ( GEOMETRIC_REPRESENTATION_CONTEXT(2) 
PARAMETRIC_REPRESENTATION_CONTEXT() REPRESENTATION_CONTEXT('2D SPACE',''
  ) );
#6837 = PCURVE('',#2863,#6838);
#6838 = DEFINITIONAL_REPRESENTATION('',(#6839),#6843);
#6839 = CIRCLE('',#6840,8.);
#6840 = AXIS2_PLACEMENT_2D('',#6841,#6842);
#6841 = CARTESIAN_POINT('',(0.,0.));
#6842 = DIRECTION('',(1.,0.));
#6843 = ( GEOMETRIC_REPRESENTATION_CONTEXT(2) 
PARAMETRIC_REPRESENTATION_CONTEXT() REPRESENTATION_CONTEXT('2D SPACE',''
  ) );
#6844 = ORIENTED_EDGE('',*,*,#6729,.T.);
#6845 = ADVANCED_FACE('',(#6846),#2863,.T.);
#6846 = FACE_BOUND('',#6847,.T.);
#6847 = EDGE_LOOP('',(#6848,#6849,#6850,#6851,#6852));
#6848 = ORIENTED_EDGE('',*,*,#6823,.T.);
#6849 = ORIENTED_EDGE('',*,*,#6752,.T.);
#6850 = ORIENTED_EDGE('',*,*,#4175,.F.);
#6851 = ORIENTED_EDGE('',*,*,#6798,.T.);
#6852 = ORIENTED_EDGE('',*,*,#2848,.T.);
#6853 = ADVANCED_FACE('',(#6854),#3369,.F.);
#6854 = FACE_BOUND('',#6855,.F.);
#6855 = EDGE_LOOP('',(#6856,#6874,#6875,#6893));
#6856 = ORIENTED_EDGE('',*,*,#6857,.F.);
#6857 = EDGE_CURVE('',#4652,#3355,#6858,.T.);
#6858 = SURFACE_CURVE('',#6859,(#6862,#6868),.PCURVE_S1.);
#6859 = B_SPLINE_CURVE_WITH_KNOTS('',1,(#6860,#6861),.UNSPECIFIED.,.F.,
  .F.,(2,2),(0.,1.),.PIECEWISE_BEZIER_KNOTS.);
#6860 = CARTESIAN_POINT('',(-46.94652380138,359.5,368.30974129118));
#6861 = CARTESIAN_POINT('',(-46.94652380138,369.5,368.30974129118));
#6862 = PCURVE('',#3369,#6863);
#6863 = DEFINITIONAL_REPRESENTATION('',(#6864),#6867);
#6864 = B_SPLINE_CURVE_WITH_KNOTS('',1,(#6865,#6866),.UNSPECIFIED.,.F.,
  .F.,(2,2),(0.,1.),.PIECEWISE_BEZIER_KNOTS.);
#6865 = CARTESIAN_POINT('',(0.,-10.));
#6866 = CARTESIAN_POINT('',(0.,0.));
#6867 = ( GEOMETRIC_REPRESENTATION_CONTEXT(2) 
PARAMETRIC_REPRESENTATION_CONTEXT() REPRESENTATION_CONTEXT('2D SPACE',''
  ) );
#6868 = PCURVE('',#3445,#6869);
#6869 = DEFINITIONAL_REPRESENTATION('',(#6870),#6873);
#6870 = B_SPLINE_CURVE_WITH_KNOTS('',1,(#6871,#6872),.UNSPECIFIED.,.F.,
  .F.,(2,2),(0.,1.),.PIECEWISE_BEZIER_KNOTS.);
#6871 = CARTESIAN_POINT('',(104.35171050878,-10.));
#6872 = CARTESIAN_POINT('',(104.35171050878,0.));
#6873 = ( GEOMETRIC_REPRESENTATION_CONTEXT(2) 
PARAMETRIC_REPRESENTATION_CONTEXT() REPRESENTATION_CONTEXT('2D SPACE',''
  ) );
#6874 = ORIENTED_EDGE('',*,*,#4649,.F.);
#6875 = ORIENTED_EDGE('',*,*,#6876,.T.);
#6876 = EDGE_CURVE('',#4650,#3353,#6877,.T.);
#6877 = SURFACE_CURVE('',#6878,(#6881,#6887),.PCURVE_S1.);
#6878 = B_SPLINE_CURVE_WITH_KNOTS('',1,(#6879,#6880),.UNSPECIFIED.,.F.,
  .F.,(2,2),(0.,1.),.PIECEWISE_BEZIER_KNOTS.);
#6879 = CARTESIAN_POINT('',(46.946523801382,359.5,368.30974129118));
#6880 = CARTESIAN_POINT('',(46.946523801382,369.5,368.30974129118));
#6881 = PCURVE('',#3369,#6882);
#6882 = DEFINITIONAL_REPRESENTATION('',(#6883),#6886);
#6883 = B_SPLINE_CURVE_WITH_KNOTS('',1,(#6884,#6885),.UNSPECIFIED.,.F.,
  .F.,(2,2),(0.,1.),.PIECEWISE_BEZIER_KNOTS.);
#6884 = CARTESIAN_POINT('',(93.893047602764,-10.));
#6885 = CARTESIAN_POINT('',(93.893047602764,0.));
#6886 = ( GEOMETRIC_REPRESENTATION_CONTEXT(2) 
PARAMETRIC_REPRESENTATION_CONTEXT() REPRESENTATION_CONTEXT('2D SPACE',''
  ) );
#6887 = PCURVE('',#3395,#6888);
#6888 = DEFINITIONAL_REPRESENTATION('',(#6889),#6892);
#6889 = B_SPLINE_CURVE_WITH_KNOTS('',1,(#6890,#6891),.UNSPECIFIED.,.F.,
  .F.,(2,2),(0.,1.),.PIECEWISE_BEZIER_KNOTS.);
#6890 = CARTESIAN_POINT('',(0.,-10.));
#6891 = CARTESIAN_POINT('',(0.,0.));
#6892 = ( GEOMETRIC_REPRESENTATION_CONTEXT(2) 
PARAMETRIC_REPRESENTATION_CONTEXT() REPRESENTATION_CONTEXT('2D SPACE',''
  ) );
#6893 = ORIENTED_EDGE('',*,*,#3352,.T.);
#6894 = ADVANCED_FACE('',(#6895),#3395,.F.);
#6895 = FACE_BOUND('',#6896,.F.);
#6896 = EDGE_LOOP('',(#6897,#6898,#6899,#6917));
#6897 = ORIENTED_EDGE('',*,*,#6876,.F.);
#6898 = ORIENTED_EDGE('',*,*,#4672,.F.);
#6899 = ORIENTED_EDGE('',*,*,#6900,.T.);
#6900 = EDGE_CURVE('',#4673,#3381,#6901,.T.);
#6901 = SURFACE_CURVE('',#6902,(#6905,#6911),.PCURVE_S1.);
#6902 = B_SPLINE_CURVE_WITH_KNOTS('',1,(#6903,#6904),.UNSPECIFIED.,.F.,
  .F.,(2,2),(0.,1.),.PIECEWISE_BEZIER_KNOTS.);
#6903 = CARTESIAN_POINT('',(35.909459607731,359.5,264.54335607856));
#6904 = CARTESIAN_POINT('',(35.909459607731,369.5,264.54335607856));
#6905 = PCURVE('',#3395,#6906);
#6906 = DEFINITIONAL_REPRESENTATION('',(#6907),#6910);
#6907 = B_SPLINE_CURVE_WITH_KNOTS('',1,(#6908,#6909),.UNSPECIFIED.,.F.,
  .F.,(2,2),(0.,1.),.PIECEWISE_BEZIER_KNOTS.);
#6908 = CARTESIAN_POINT('',(104.35171050878,-10.));
#6909 = CARTESIAN_POINT('',(104.35171050878,0.));
#6910 = ( GEOMETRIC_REPRESENTATION_CONTEXT(2) 
PARAMETRIC_REPRESENTATION_CONTEXT() REPRESENTATION_CONTEXT('2D SPACE',''
  ) );
#6911 = PCURVE('',#3421,#6912);
#6912 = DEFINITIONAL_REPRESENTATION('',(#6913),#6916);
#6913 = B_SPLINE_CURVE_WITH_KNOTS('',1,(#6914,#6915),.UNSPECIFIED.,.F.,
  .F.,(2,2),(0.,1.),.PIECEWISE_BEZIER_KNOTS.);
#6914 = CARTESIAN_POINT('',(0.,-10.));
#6915 = CARTESIAN_POINT('',(0.,0.));
#6916 = ( GEOMETRIC_REPRESENTATION_CONTEXT(2) 
PARAMETRIC_REPRESENTATION_CONTEXT() REPRESENTATION_CONTEXT('2D SPACE',''
  ) );
#6917 = ORIENTED_EDGE('',*,*,#3380,.T.);
#6918 = ADVANCED_FACE('',(#6919),#3445,.F.);
#6919 = FACE_BOUND('',#6920,.F.);
#6920 = EDGE_LOOP('',(#6921,#6939,#6940,#6941));
#6921 = ORIENTED_EDGE('',*,*,#6922,.F.);
#6922 = EDGE_CURVE('',#4694,#3407,#6923,.T.);
#6923 = SURFACE_CURVE('',#6924,(#6927,#6933),.PCURVE_S1.);
#6924 = B_SPLINE_CURVE_WITH_KNOTS('',1,(#6925,#6926),.UNSPECIFIED.,.F.,
  .F.,(2,2),(0.,1.),.PIECEWISE_BEZIER_KNOTS.);
#6925 = CARTESIAN_POINT('',(-35.90945960773,359.5,264.54335607856));
#6926 = CARTESIAN_POINT('',(-35.90945960773,369.5,264.54335607856));
#6927 = PCURVE('',#3445,#6928);
#6928 = DEFINITIONAL_REPRESENTATION('',(#6929),#6932);
#6929 = B_SPLINE_CURVE_WITH_KNOTS('',1,(#6930,#6931),.UNSPECIFIED.,.F.,
  .F.,(2,2),(0.,1.),.PIECEWISE_BEZIER_KNOTS.);
#6930 = CARTESIAN_POINT('',(0.,-10.));
#6931 = CARTESIAN_POINT('',(0.,0.));
#6932 = ( GEOMETRIC_REPRESENTATION_CONTEXT(2) 
PARAMETRIC_REPRESENTATION_CONTEXT() REPRESENTATION_CONTEXT('2D SPACE',''
  ) );
#6933 = PCURVE('',#3421,#6934);
#6934 = DEFINITIONAL_REPRESENTATION('',(#6935),#6938);
#6935 = B_SPLINE_CURVE_WITH_KNOTS('',1,(#6936,#6937),.UNSPECIFIED.,.F.,
  .F.,(2,2),(0.,1.),.PIECEWISE_BEZIER_KNOTS.);
#6936 = CARTESIAN_POINT('',(71.818919215462,-10.));
#6937 = CARTESIAN_POINT('',(71.818919215462,0.));
#6938 = ( GEOMETRIC_REPRESENTATION_CONTEXT(2) 
PARAMETRIC_REPRESENTATION_CONTEXT() REPRESENTATION_CONTEXT('2D SPACE',''
  ) );
#6939 = ORIENTED_EDGE('',*,*,#4714,.F.);
#6940 = ORIENTED_EDGE('',*,*,#6857,.T.);
#6941 = ORIENTED_EDGE('',*,*,#3432,.T.);
#6942 = ADVANCED_FACE('',(#6943),#3421,.F.);
#6943 = FACE_BOUND('',#6944,.F.);
#6944 = EDGE_LOOP('',(#6945,#6946,#6947,#6948));
#6945 = ORIENTED_EDGE('',*,*,#6900,.F.);
#6946 = ORIENTED_EDGE('',*,*,#4693,.F.);
#6947 = ORIENTED_EDGE('',*,*,#6922,.T.);
#6948 = ORIENTED_EDGE('',*,*,#3406,.T.);
#6949 = ADVANCED_FACE('',(#6950,#6976),#3602,.F.);
#6950 = FACE_BOUND('',#6951,.F.);
#6951 = EDGE_LOOP('',(#6952,#6953,#6954,#6955));
#6952 = ORIENTED_EDGE('',*,*,#4023,.F.);
#6953 = ORIENTED_EDGE('',*,*,#3588,.F.);
#6954 = ORIENTED_EDGE('',*,*,#6121,.F.);
#6955 = ORIENTED_EDGE('',*,*,#6956,.F.);
#6956 = EDGE_CURVE('',#4004,#6122,#6957,.T.);
#6957 = SURFACE_CURVE('',#6958,(#6962,#6969),.PCURVE_S1.);
#6958 = LINE('',#6959,#6960);
#6959 = CARTESIAN_POINT('',(51.,424.,374.167));
#6960 = VECTOR('',#6961,1.);
#6961 = DIRECTION('',(-0.110096196314,0.,-0.993920936271));
#6962 = PCURVE('',#3602,#6963);
#6963 = DEFINITIONAL_REPRESENTATION('',(#6964),#6968);
#6964 = LINE('',#6965,#6966);
#6965 = CARTESIAN_POINT('',(65.180127501226,78.457319473226));
#6966 = VECTOR('',#6967,1.);
#6967 = DIRECTION('',(0.694159689363,-0.719821037247));
#6968 = ( GEOMETRIC_REPRESENTATION_CONTEXT(2) 
PARAMETRIC_REPRESENTATION_CONTEXT() REPRESENTATION_CONTEXT('2D SPACE',''
  ) );
#6969 = PCURVE('',#3785,#6970);
#6970 = DEFINITIONAL_REPRESENTATION('',(#6971),#6975);
#6971 = LINE('',#6972,#6973);
#6972 = CARTESIAN_POINT('',(0.,0.));
#6973 = VECTOR('',#6974,1.);
#6974 = DIRECTION('',(1.,0.));
#6975 = ( GEOMETRIC_REPRESENTATION_CONTEXT(2) 
PARAMETRIC_REPRESENTATION_CONTEXT() REPRESENTATION_CONTEXT('2D SPACE',''
  ) );
#6976 = FACE_BOUND('',#6977,.F.);
#6977 = EDGE_LOOP('',(#6978,#7001,#7022,#7043));
#6978 = ORIENTED_EDGE('',*,*,#6979,.F.);
#6979 = EDGE_CURVE('',#6980,#6982,#6984,.T.);
#6980 = VERTEX_POINT('',#6981);
#6981 = CARTESIAN_POINT('',(44.144944392827,424.,366.88632608733));
#6982 = VERTEX_POINT('',#6983);
#6983 = CARTESIAN_POINT('',(-44.14494439282,424.,366.88632608733));
#6984 = SURFACE_CURVE('',#6985,(#6989,#6995),.PCURVE_S1.);
#6985 = LINE('',#6986,#6987);
#6986 = CARTESIAN_POINT('',(-47.57247219641,424.,366.88632608733));
#6987 = VECTOR('',#6988,1.);
#6988 = DIRECTION('',(-1.,0.,0.));
#6989 = PCURVE('',#3602,#6990);
#6990 = DEFINITIONAL_REPRESENTATION('',(#6991),#6994);
#6991 = B_SPLINE_CURVE_WITH_KNOTS('',1,(#6992,#6993),.UNSPECIFIED.,.F.,
  .F.,(2,2),(-91.71741658924,-3.427527803586),.PIECEWISE_BEZIER_KNOTS.);
#6992 = CARTESIAN_POINT('',(66.399821233019,68.531980829098));
#6993 = CARTESIAN_POINT('',(9.980740761274,0.620333665258));
#6994 = ( GEOMETRIC_REPRESENTATION_CONTEXT(2) 
PARAMETRIC_REPRESENTATION_CONTEXT() REPRESENTATION_CONTEXT('2D SPACE',''
  ) );
#6995 = PCURVE('',#3858,#6996);
#6996 = DEFINITIONAL_REPRESENTATION('',(#6997),#7000);
#6997 = B_SPLINE_CURVE_WITH_KNOTS('',1,(#6998,#6999),.UNSPECIFIED.,.F.,
  .F.,(2,2),(-91.71741658924,-3.427527803586),.PIECEWISE_BEZIER_KNOTS.);
#6998 = CARTESIAN_POINT('',(88.289888785654,-1.));
#6999 = CARTESIAN_POINT('',(0.,-1.));
#7000 = ( GEOMETRIC_REPRESENTATION_CONTEXT(2) 
PARAMETRIC_REPRESENTATION_CONTEXT() REPRESENTATION_CONTEXT('2D SPACE',''
  ) );
#7001 = ORIENTED_EDGE('',*,*,#7002,.F.);
#7002 = EDGE_CURVE('',#7003,#6980,#7005,.T.);
#7003 = VERTEX_POINT('',#7004);
#7004 = CARTESIAN_POINT('',(33.156940901037,424.,273.94933488933));
#7005 = SURFACE_CURVE('',#7006,(#7010,#7016),.PCURVE_S1.);
#7006 = LINE('',#7007,#7008);
#7007 = CARTESIAN_POINT('',(43.913586453726,424.,364.92949100206));
#7008 = VECTOR('',#7009,1.);
#7009 = DIRECTION('',(0.117412898331,0.,0.993083184484));
#7010 = PCURVE('',#3602,#7011);
#7011 = DEFINITIONAL_REPRESENTATION('',(#7012),#7015);
#7012 = B_SPLINE_CURVE_WITH_KNOTS('',1,(#7013,#7014),.UNSPECIFIED.,.F.,
  .F.,(2,2),(-91.61383208796,1.970464424177),.PIECEWISE_BEZIER_KNOTS.);
#7013 = CARTESIAN_POINT('',(130.86440692638,0.691449101702));
#7014 = CARTESIAN_POINT('',(66.399821233019,68.531980829098));
#7015 = ( GEOMETRIC_REPRESENTATION_CONTEXT(2) 
PARAMETRIC_REPRESENTATION_CONTEXT() REPRESENTATION_CONTEXT('2D SPACE',''
  ) );
#7016 = PCURVE('',#3884,#7017);
#7017 = DEFINITIONAL_REPRESENTATION('',(#7018),#7021);
#7018 = B_SPLINE_CURVE_WITH_KNOTS('',1,(#7019,#7020),.UNSPECIFIED.,.F.,
  .F.,(2,2),(-91.61383208796,1.970464424177),.PIECEWISE_BEZIER_KNOTS.);
#7019 = CARTESIAN_POINT('',(93.584296512145,-1.));
#7020 = CARTESIAN_POINT('',(0.,-1.));
#7021 = ( GEOMETRIC_REPRESENTATION_CONTEXT(2) 
PARAMETRIC_REPRESENTATION_CONTEXT() REPRESENTATION_CONTEXT('2D SPACE',''
  ) );
#7022 = ORIENTED_EDGE('',*,*,#7023,.F.);
#7023 = EDGE_CURVE('',#7024,#7003,#7026,.T.);
#7024 = VERTEX_POINT('',#7025);
#7025 = CARTESIAN_POINT('',(-33.15694090103,424.,273.94933488933));
#7026 = SURFACE_CURVE('',#7027,(#7031,#7037),.PCURVE_S1.);
#7027 = LINE('',#7028,#7029);
#7028 = CARTESIAN_POINT('',(-8.921529549482,424.,273.94933488933));
#7029 = VECTOR('',#7030,1.);
#7030 = DIRECTION('',(1.,0.,0.));
#7031 = PCURVE('',#3602,#7032);
#7032 = DEFINITIONAL_REPRESENTATION('',(#7033),#7036);
#7033 = B_SPLINE_CURVE_WITH_KNOTS('',1,(#7034,#7035),.UNSPECIFIED.,.F.,
  .F.,(2,2),(-24.23541135155,42.078470450518),.PIECEWISE_BEZIER_KNOTS.);
#7034 = CARTESIAN_POINT('',(88.488453289517,-50.31648629099));
#7035 = CARTESIAN_POINT('',(130.86440692638,0.691449101702));
#7036 = ( GEOMETRIC_REPRESENTATION_CONTEXT(2) 
PARAMETRIC_REPRESENTATION_CONTEXT() REPRESENTATION_CONTEXT('2D SPACE',''
  ) );
#7037 = PCURVE('',#3910,#7038);
#7038 = DEFINITIONAL_REPRESENTATION('',(#7039),#7042);
#7039 = B_SPLINE_CURVE_WITH_KNOTS('',1,(#7040,#7041),.UNSPECIFIED.,.F.,
  .F.,(2,2),(-24.23541135155,42.078470450518),.PIECEWISE_BEZIER_KNOTS.);
#7040 = CARTESIAN_POINT('',(66.313881802074,-1.));
#7041 = CARTESIAN_POINT('',(0.,-1.));
#7042 = ( GEOMETRIC_REPRESENTATION_CONTEXT(2) 
PARAMETRIC_REPRESENTATION_CONTEXT() REPRESENTATION_CONTEXT('2D SPACE',''
  ) );
#7043 = ORIENTED_EDGE('',*,*,#7044,.F.);
#7044 = EDGE_CURVE('',#6982,#7024,#7045,.T.);
#7045 = SURFACE_CURVE('',#7046,(#7050,#7056),.PCURVE_S1.);
#7046 = LINE('',#7047,#7048);
#7047 = CARTESIAN_POINT('',(-39.12265993125,424.,324.40763492675));
#7048 = VECTOR('',#7049,1.);
#7049 = DIRECTION('',(0.117412898331,0.,-0.993083184484));
#7050 = PCURVE('',#3602,#7051);
#7051 = DEFINITIONAL_REPRESENTATION('',(#7052),#7055);
#7052 = B_SPLINE_CURVE_WITH_KNOTS('',1,(#7053,#7054),.UNSPECIFIED.,.F.,
  .F.,(2,2),(-42.77455486535,50.809741646793),.PIECEWISE_BEZIER_KNOTS.);
#7053 = CARTESIAN_POINT('',(9.980740761274,0.620333665258));
#7054 = CARTESIAN_POINT('',(88.488453289517,-50.31648629099));
#7055 = ( GEOMETRIC_REPRESENTATION_CONTEXT(2) 
PARAMETRIC_REPRESENTATION_CONTEXT() REPRESENTATION_CONTEXT('2D SPACE',''
  ) );
#7056 = PCURVE('',#3934,#7057);
#7057 = DEFINITIONAL_REPRESENTATION('',(#7058),#7061);
#7058 = B_SPLINE_CURVE_WITH_KNOTS('',1,(#7059,#7060),.UNSPECIFIED.,.F.,
  .F.,(2,2),(-42.77455486535,50.809741646793),.PIECEWISE_BEZIER_KNOTS.);
#7059 = CARTESIAN_POINT('',(93.584296512145,-1.));
#7060 = CARTESIAN_POINT('',(0.,-1.));
#7061 = ( GEOMETRIC_REPRESENTATION_CONTEXT(2) 
PARAMETRIC_REPRESENTATION_CONTEXT() REPRESENTATION_CONTEXT('2D SPACE',''
  ) );
#7062 = ADVANCED_FACE('',(#7063),#3785,.T.);
#7063 = FACE_BOUND('',#7064,.T.);
#7064 = EDGE_LOOP('',(#7065,#7066,#7067,#7068,#7087,#7088,#7089,#7090));
#7065 = ORIENTED_EDGE('',*,*,#5262,.F.);
#7066 = ORIENTED_EDGE('',*,*,#3769,.T.);
#7067 = ORIENTED_EDGE('',*,*,#5628,.F.);
#7068 = ORIENTED_EDGE('',*,*,#7069,.F.);
#7069 = EDGE_CURVE('',#6145,#5600,#7070,.T.);
#7070 = SURFACE_CURVE('',#7071,(#7075,#7081),.PCURVE_S1.);
#7071 = LINE('',#7072,#7073);
#7072 = CARTESIAN_POINT('',(44.806026423176,411.30912282479,
    318.24935504182));
#7073 = VECTOR('',#7074,1.);
#7074 = DIRECTION('',(0.108630924639,-0.162606566808,0.980692829913));
#7075 = PCURVE('',#3785,#7076);
#7076 = DEFINITIONAL_REPRESENTATION('',(#7077),#7080);
#7077 = B_SPLINE_CURVE_WITH_KNOTS('',1,(#7078,#7079),.UNSPECIFIED.,.F.,
  .F.,(2,2),(-53.4472705857,-48.92042280859),.PIECEWISE_BEZIER_KNOTS.);
#7078 = CARTESIAN_POINT('',(108.99559114478,-4.));
#7079 = CARTESIAN_POINT('',(104.52899124219,-4.7360951755));
#7080 = ( GEOMETRIC_REPRESENTATION_CONTEXT(2) 
PARAMETRIC_REPRESENTATION_CONTEXT() REPRESENTATION_CONTEXT('2D SPACE',''
  ) );
#7081 = PCURVE('',#5616,#7082);
#7082 = DEFINITIONAL_REPRESENTATION('',(#7083),#7086);
#7083 = B_SPLINE_CURVE_WITH_KNOTS('',1,(#7084,#7085),.UNSPECIFIED.,.F.,
  .F.,(2,2),(-53.4472705857,-48.92042280859),.PIECEWISE_BEZIER_KNOTS.);
#7084 = CARTESIAN_POINT('',(-7.105427357601E-15,2.6645352591E-15));
#7085 = CARTESIAN_POINT('',(4.5,0.492291374252));
#7086 = ( GEOMETRIC_REPRESENTATION_CONTEXT(2) 
PARAMETRIC_REPRESENTATION_CONTEXT() REPRESENTATION_CONTEXT('2D SPACE',''
  ) );
#7087 = ORIENTED_EDGE('',*,*,#6144,.T.);
#7088 = ORIENTED_EDGE('',*,*,#6956,.F.);
#7089 = ORIENTED_EDGE('',*,*,#4003,.F.);
#7090 = ORIENTED_EDGE('',*,*,#7091,.F.);
#7091 = EDGE_CURVE('',#5263,#3978,#7092,.T.);
#7092 = SURFACE_CURVE('',#7093,(#7097,#7103),.PCURVE_S1.);
#7093 = LINE('',#7094,#7095);
#7094 = CARTESIAN_POINT('',(51.007379058398,420.00224861873,
    374.23361629445));
#7095 = VECTOR('',#7096,1.);
#7096 = DIRECTION('',(0.110034287815,3.35307227606E-02,0.993362041824));
#7097 = PCURVE('',#3785,#7098);
#7098 = DEFINITIONAL_REPRESENTATION('',(#7099),#7102);
#7099 = B_SPLINE_CURVE_WITH_KNOTS('',1,(#7100,#7101),.UNSPECIFIED.,.F.,
  .F.,(2,2),(-4.595296316174,-6.706144552124E-02),
  .PIECEWISE_BEZIER_KNOTS.);
#7100 = CARTESIAN_POINT('',(4.525688586304,-4.151834988043));
#7101 = CARTESIAN_POINT('',(0.,-4.));
#7102 = ( GEOMETRIC_REPRESENTATION_CONTEXT(2) 
PARAMETRIC_REPRESENTATION_CONTEXT() REPRESENTATION_CONTEXT('2D SPACE',''
  ) );
#7103 = PCURVE('',#3992,#7104);
#7104 = DEFINITIONAL_REPRESENTATION('',(#7105),#7108);
#7105 = B_SPLINE_CURVE_WITH_KNOTS('',1,(#7106,#7107),.UNSPECIFIED.,.F.,
  .F.,(2,2),(-4.595296316174,-6.706144552124E-02),
  .PIECEWISE_BEZIER_KNOTS.);
#7106 = CARTESIAN_POINT('',(-0.50488715947,4.5));
#7107 = CARTESIAN_POINT('',(-5.010748760359E-15,-1.457167719821E-15));
#7108 = ( GEOMETRIC_REPRESENTATION_CONTEXT(2) 
PARAMETRIC_REPRESENTATION_CONTEXT() REPRESENTATION_CONTEXT('2D SPACE',''
  ) );
#7109 = ADVANCED_FACE('',(#7110),#3858,.F.);
#7110 = FACE_BOUND('',#7111,.F.);
#7111 = EDGE_LOOP('',(#7112,#7130,#7131,#7149));
#7112 = ORIENTED_EDGE('',*,*,#7113,.F.);
#7113 = EDGE_CURVE('',#3844,#6982,#7114,.T.);
#7114 = SURFACE_CURVE('',#7115,(#7118,#7124),.PCURVE_S1.);
#7115 = B_SPLINE_CURVE_WITH_KNOTS('',1,(#7116,#7117),.UNSPECIFIED.,.F.,
  .F.,(2,2),(0.,1.),.PIECEWISE_BEZIER_KNOTS.);
#7116 = CARTESIAN_POINT('',(-44.14494439282,415.,366.88632608733));
#7117 = CARTESIAN_POINT('',(-44.14494439282,425.,366.88632608733));
#7118 = PCURVE('',#3858,#7119);
#7119 = DEFINITIONAL_REPRESENTATION('',(#7120),#7123);
#7120 = B_SPLINE_CURVE_WITH_KNOTS('',1,(#7121,#7122),.UNSPECIFIED.,.F.,
  .F.,(2,2),(0.,1.),.PIECEWISE_BEZIER_KNOTS.);
#7121 = CARTESIAN_POINT('',(0.,-10.));
#7122 = CARTESIAN_POINT('',(0.,0.));
#7123 = ( GEOMETRIC_REPRESENTATION_CONTEXT(2) 
PARAMETRIC_REPRESENTATION_CONTEXT() REPRESENTATION_CONTEXT('2D SPACE',''
  ) );
#7124 = PCURVE('',#3934,#7125);
#7125 = DEFINITIONAL_REPRESENTATION('',(#7126),#7129);
#7126 = B_SPLINE_CURVE_WITH_KNOTS('',1,(#7127,#7128),.UNSPECIFIED.,.F.,
  .F.,(2,2),(0.,1.),.PIECEWISE_BEZIER_KNOTS.);
#7127 = CARTESIAN_POINT('',(93.584296512145,-10.));
#7128 = CARTESIAN_POINT('',(93.584296512145,0.));
#7129 = ( GEOMETRIC_REPRESENTATION_CONTEXT(2) 
PARAMETRIC_REPRESENTATION_CONTEXT() REPRESENTATION_CONTEXT('2D SPACE',''
  ) );
#7130 = ORIENTED_EDGE('',*,*,#3841,.F.);
#7131 = ORIENTED_EDGE('',*,*,#7132,.T.);
#7132 = EDGE_CURVE('',#3842,#6980,#7133,.T.);
#7133 = SURFACE_CURVE('',#7134,(#7137,#7143),.PCURVE_S1.);
#7134 = B_SPLINE_CURVE_WITH_KNOTS('',1,(#7135,#7136),.UNSPECIFIED.,.F.,
  .F.,(2,2),(0.,1.),.PIECEWISE_BEZIER_KNOTS.);
#7135 = CARTESIAN_POINT('',(44.144944392827,415.,366.88632608733));
#7136 = CARTESIAN_POINT('',(44.144944392827,425.,366.88632608733));
#7137 = PCURVE('',#3858,#7138);
#7138 = DEFINITIONAL_REPRESENTATION('',(#7139),#7142);
#7139 = B_SPLINE_CURVE_WITH_KNOTS('',1,(#7140,#7141),.UNSPECIFIED.,.F.,
  .F.,(2,2),(0.,1.),.PIECEWISE_BEZIER_KNOTS.);
#7140 = CARTESIAN_POINT('',(88.289888785654,-10.));
#7141 = CARTESIAN_POINT('',(88.289888785654,0.));
#7142 = ( GEOMETRIC_REPRESENTATION_CONTEXT(2) 
PARAMETRIC_REPRESENTATION_CONTEXT() REPRESENTATION_CONTEXT('2D SPACE',''
  ) );
#7143 = PCURVE('',#3884,#7144);
#7144 = DEFINITIONAL_REPRESENTATION('',(#7145),#7148);
#7145 = B_SPLINE_CURVE_WITH_KNOTS('',1,(#7146,#7147),.UNSPECIFIED.,.F.,
  .F.,(2,2),(0.,1.),.PIECEWISE_BEZIER_KNOTS.);
#7146 = CARTESIAN_POINT('',(0.,-10.));
#7147 = CARTESIAN_POINT('',(0.,0.));
#7148 = ( GEOMETRIC_REPRESENTATION_CONTEXT(2) 
PARAMETRIC_REPRESENTATION_CONTEXT() REPRESENTATION_CONTEXT('2D SPACE',''
  ) );
#7149 = ORIENTED_EDGE('',*,*,#6979,.T.);
#7150 = ADVANCED_FACE('',(#7151),#3884,.F.);
#7151 = FACE_BOUND('',#7152,.F.);
#7152 = EDGE_LOOP('',(#7153,#7154,#7155,#7173));
#7153 = ORIENTED_EDGE('',*,*,#7132,.F.);
#7154 = ORIENTED_EDGE('',*,*,#3869,.F.);
#7155 = ORIENTED_EDGE('',*,*,#7156,.T.);
#7156 = EDGE_CURVE('',#3870,#7003,#7157,.T.);
#7157 = SURFACE_CURVE('',#7158,(#7161,#7167),.PCURVE_S1.);
#7158 = B_SPLINE_CURVE_WITH_KNOTS('',1,(#7159,#7160),.UNSPECIFIED.,.F.,
  .F.,(2,2),(0.,1.),.PIECEWISE_BEZIER_KNOTS.);
#7159 = CARTESIAN_POINT('',(33.156940901037,415.,273.94933488933));
#7160 = CARTESIAN_POINT('',(33.156940901037,425.,273.94933488933));
#7161 = PCURVE('',#3884,#7162);
#7162 = DEFINITIONAL_REPRESENTATION('',(#7163),#7166);
#7163 = B_SPLINE_CURVE_WITH_KNOTS('',1,(#7164,#7165),.UNSPECIFIED.,.F.,
  .F.,(2,2),(0.,1.),.PIECEWISE_BEZIER_KNOTS.);
#7164 = CARTESIAN_POINT('',(93.584296512145,-10.));
#7165 = CARTESIAN_POINT('',(93.584296512145,0.));
#7166 = ( GEOMETRIC_REPRESENTATION_CONTEXT(2) 
PARAMETRIC_REPRESENTATION_CONTEXT() REPRESENTATION_CONTEXT('2D SPACE',''
  ) );
#7167 = PCURVE('',#3910,#7168);
#7168 = DEFINITIONAL_REPRESENTATION('',(#7169),#7172);
#7169 = B_SPLINE_CURVE_WITH_KNOTS('',1,(#7170,#7171),.UNSPECIFIED.,.F.,
  .F.,(2,2),(0.,1.),.PIECEWISE_BEZIER_KNOTS.);
#7170 = CARTESIAN_POINT('',(0.,-10.));
#7171 = CARTESIAN_POINT('',(0.,0.));
#7172 = ( GEOMETRIC_REPRESENTATION_CONTEXT(2) 
PARAMETRIC_REPRESENTATION_CONTEXT() REPRESENTATION_CONTEXT('2D SPACE',''
  ) );
#7173 = ORIENTED_EDGE('',*,*,#7002,.T.);
#7174 = ADVANCED_FACE('',(#7175),#3934,.F.);
#7175 = FACE_BOUND('',#7176,.F.);
#7176 = EDGE_LOOP('',(#7177,#7195,#7196,#7197));
#7177 = ORIENTED_EDGE('',*,*,#7178,.F.);
#7178 = EDGE_CURVE('',#3896,#7024,#7179,.T.);
#7179 = SURFACE_CURVE('',#7180,(#7183,#7189),.PCURVE_S1.);
#7180 = B_SPLINE_CURVE_WITH_KNOTS('',1,(#7181,#7182),.UNSPECIFIED.,.F.,
  .F.,(2,2),(0.,1.),.PIECEWISE_BEZIER_KNOTS.);
#7181 = CARTESIAN_POINT('',(-33.15694090103,415.,273.94933488933));
#7182 = CARTESIAN_POINT('',(-33.15694090103,425.,273.94933488933));
#7183 = PCURVE('',#3934,#7184);
#7184 = DEFINITIONAL_REPRESENTATION('',(#7185),#7188);
#7185 = B_SPLINE_CURVE_WITH_KNOTS('',1,(#7186,#7187),.UNSPECIFIED.,.F.,
  .F.,(2,2),(0.,1.),.PIECEWISE_BEZIER_KNOTS.);
#7186 = CARTESIAN_POINT('',(0.,-10.));
#7187 = CARTESIAN_POINT('',(0.,0.));
#7188 = ( GEOMETRIC_REPRESENTATION_CONTEXT(2) 
PARAMETRIC_REPRESENTATION_CONTEXT() REPRESENTATION_CONTEXT('2D SPACE',''
  ) );
#7189 = PCURVE('',#3910,#7190);
#7190 = DEFINITIONAL_REPRESENTATION('',(#7191),#7194);
#7191 = B_SPLINE_CURVE_WITH_KNOTS('',1,(#7192,#7193),.UNSPECIFIED.,.F.,
  .F.,(2,2),(0.,1.),.PIECEWISE_BEZIER_KNOTS.);
#7192 = CARTESIAN_POINT('',(66.313881802074,-10.));
#7193 = CARTESIAN_POINT('',(66.313881802074,0.));
#7194 = ( GEOMETRIC_REPRESENTATION_CONTEXT(2) 
PARAMETRIC_REPRESENTATION_CONTEXT() REPRESENTATION_CONTEXT('2D SPACE',''
  ) );
#7195 = ORIENTED_EDGE('',*,*,#3921,.F.);
#7196 = ORIENTED_EDGE('',*,*,#7113,.T.);
#7197 = ORIENTED_EDGE('',*,*,#7044,.T.);
#7198 = ADVANCED_FACE('',(#7199),#3910,.F.);
#7199 = FACE_BOUND('',#7200,.F.);
#7200 = EDGE_LOOP('',(#7201,#7202,#7203,#7204));
#7201 = ORIENTED_EDGE('',*,*,#7156,.F.);
#7202 = ORIENTED_EDGE('',*,*,#3895,.F.);
#7203 = ORIENTED_EDGE('',*,*,#7178,.T.);
#7204 = ORIENTED_EDGE('',*,*,#7023,.T.);
#7205 = ADVANCED_FACE('',(#7206),#3992,.T.);
#7206 = FACE_BOUND('',#7207,.T.);
#7207 = EDGE_LOOP('',(#7208,#7209,#7210,#7211));
#7208 = ORIENTED_EDGE('',*,*,#5238,.T.);
#7209 = ORIENTED_EDGE('',*,*,#5289,.T.);
#7210 = ORIENTED_EDGE('',*,*,#7091,.T.);
#7211 = ORIENTED_EDGE('',*,*,#3977,.T.);
#7212 = ADVANCED_FACE('',(#7213),#4466,.F.);
#7213 = FACE_BOUND('',#7214,.F.);
#7214 = EDGE_LOOP('',(#7215,#7216,#7217,#7218));
#7215 = ORIENTED_EDGE('',*,*,#6307,.T.);
#7216 = ORIENTED_EDGE('',*,*,#4451,.T.);
#7217 = ORIENTED_EDGE('',*,*,#6482,.F.);
#7218 = ORIENTED_EDGE('',*,*,#4540,.T.);
#7219 = ADVANCED_FACE('',(#7220),#4143,.F.);
#7220 = FACE_BOUND('',#7221,.F.);
#7221 = EDGE_LOOP('',(#7222,#7223,#7224,#7225));
#7222 = ORIENTED_EDGE('',*,*,#6625,.T.);
#7223 = ORIENTED_EDGE('',*,*,#4128,.T.);
#7224 = ORIENTED_EDGE('',*,*,#6775,.F.);
#7225 = ORIENTED_EDGE('',*,*,#4217,.T.);
#7226 = ADVANCED_FACE('',(#7227),#5151,.F.);
#7227 = FACE_BOUND('',#7228,.F.);
#7228 = EDGE_LOOP('',(#7229,#7230,#7231,#7232));
#7229 = ORIENTED_EDGE('',*,*,#5191,.T.);
#7230 = ORIENTED_EDGE('',*,*,#5312,.T.);
#7231 = ORIENTED_EDGE('',*,*,#5475,.T.);
#7232 = ORIENTED_EDGE('',*,*,#5136,.T.);
#7233 = ADVANCED_FACE('',(#7234),#5616,.T.);
#7234 = FACE_BOUND('',#7235,.T.);
#7235 = EDGE_LOOP('',(#7236,#7237,#7238));
#7236 = ORIENTED_EDGE('',*,*,#7069,.T.);
#7237 = ORIENTED_EDGE('',*,*,#5599,.T.);
#7238 = ORIENTED_EDGE('',*,*,#6164,.T.);
#7239 = ADVANCED_FACE('',(#7240,#7243),#6292,.T.);
#7240 = FACE_BOUND('',#7241,.T.);
#7241 = EDGE_LOOP('',(#7242));
#7242 = ORIENTED_EDGE('',*,*,#6277,.T.);
#7243 = FACE_BOUND('',#7244,.T.);
#7244 = EDGE_LOOP('',(#7245));
#7245 = ORIENTED_EDGE('',*,*,#6412,.F.);
#7246 = ADVANCED_FACE('',(#7247,#7250),#6610,.T.);
#7247 = FACE_BOUND('',#7248,.T.);
#7248 = EDGE_LOOP('',(#7249));
#7249 = ORIENTED_EDGE('',*,*,#6595,.T.);
#7250 = FACE_BOUND('',#7251,.T.);
#7251 = EDGE_LOOP('',(#7252));
#7252 = ORIENTED_EDGE('',*,*,#6705,.F.);
#7253 = ( GEOMETRIC_REPRESENTATION_CONTEXT(3) 
GLOBAL_UNCERTAINTY_ASSIGNED_CONTEXT((#7257)) 
GLOBAL_UNIT_ASSIGNED_CONTEXT((#7254,#7255,#7256)) REPRESENTATION_CONTEXT
('Context #1','3D Context with UNIT and UNCERTAINTY') );
#7254 = ( LENGTH_UNIT() NAMED_UNIT(*) SI_UNIT(.MILLI.,.METRE.) );
#7255 = ( NAMED_UNIT(*) PLANE_ANGLE_UNIT() SI_UNIT($,.RADIAN.) );
#7256 = ( NAMED_UNIT(*) SI_UNIT($,.STERADIAN.) SOLID_ANGLE_UNIT() );
#7257 = UNCERTAINTY_MEASURE_WITH_UNIT(LENGTH_MEASURE(1.E-07),#7254,
  'distance_accuracy_value','confusion accuracy');
#7258 = PRODUCT_RELATED_PRODUCT_CATEGORY('part',$,(#7));
ENDSEC;
END-ISO-10303-21;
