ISO-10303-21;
HEADER;
FILE_DESCRIPTION(('Open CASCADE Model'),'2;1');
FILE_NAME('Open CASCADE Shape Model','2026-09-06T10:00:20',('Author'),(
    'Open CASCADE'),'Open CASCADE STEP processor 7.9','Open CASCADE 7.9'
  ,'Unknown');
FILE_SCHEMA(('AUTOMOTIVE_DESIGN { 1 0 10303 214 1 1 1 1 }'));
ENDSEC;
DATA;
#1 = APPLICATION_PROTOCOL_DEFINITION('international standard',
  'automotive_design',2000,#2);
#2 = APPLICATION_CONTEXT(
  'core data for automotive mechanical design processes');
#3 = SHAPE_DEFINITION_REPRESENTATION(#4,#10);
#4 = PRODUCT_DEFINITION_SHAPE('','',#5);
#5 = PRODUCT_DEFINITION('design','',#6,#9);
#6 = PRODUCT_DEFINITION_FORMATION('','',#7);
#7 = PRODUCT('Open CASCADE STEP translator 7.9 1',
  'Open CASCADE STEP translator 7.9 1','',(#8));
#8 = PRODUCT_CONTEXT('',#2,'mechanical');
#9 = PRODUCT_DEFINITION_CONTEXT('part definition',#2,'design');
#10 = ADVANCED_BREP_SHAPE_REPRESENTATION('',(#11,#15),#12794);
#11 = AXIS2_PLACEMENT_3D('',#12,#13,#14);
#12 = CARTESIAN_POINT('',(0.,0.,0.));
#13 = DIRECTION('',(0.,0.,1.));
#14 = DIRECTION('',(1.,0.,-0.));
#15 = MANIFOLD_SOLID_BREP('',#16);
#16 = CLOSED_SHELL('',(#17,#266,#645,#720,#1110,#1822,#2149,#2198,#2453,
    #2482,#2559,#2875,#2902,#3020,#3051,#3342,#3388,#4342,#5563,#5777,
    #6769,#6796,#6823,#6848,#6875,#6902,#6927,#6954,#6961,#6988,#7015,
    #7042,#7113,#7188,#7218,#7288,#7314,#7344,#7604,#7974,#8002,#8008,
    #8035,#8063,#8425,#8451,#9557,#9583,#9609,#9663,#11272,#12010,#12038
    ,#12094,#12768,#12775,#12782,#12788));
#17 = ADVANCED_FACE('',(#18),#31,.T.);
#18 = FACE_BOUND('',#19,.T.);
#19 = EDGE_LOOP('',(#20,#54,#82,#125,#150,#193,#216,#243));
#20 = ORIENTED_EDGE('',*,*,#21,.F.);
#21 = EDGE_CURVE('',#22,#24,#26,.T.);
#22 = VERTEX_POINT('',#23);
#23 = CARTESIAN_POINT('',(-57.,293.333,377.778));
#24 = VERTEX_POINT('',#25);
#25 = CARTESIAN_POINT('',(-53.62894045015,364.5,375.74918399425));
#26 = SURFACE_CURVE('',#27,(#30,#42),.PCURVE_S1.);
#27 = B_SPLINE_CURVE_WITH_KNOTS('',1,(#28,#29),.UNSPECIFIED.,.F.,.F.,(2,
    2),(0.,1.),.PIECEWISE_BEZIER_KNOTS.);
#28 = CARTESIAN_POINT('',(-57.,293.333,377.778));
#29 = CARTESIAN_POINT('',(-51.,420.,374.167));
#30 = PCURVE('',#31,#36);
#31 = B_SPLINE_SURFACE_WITH_KNOTS('',1,1,(
    (#32,#33)
    ,(#34,#35)),.UNSPECIFIED.,.F.,.F.,.F.,(2,2),(2,2),(0.,114.),(0.,1.),
  .PIECEWISE_BEZIER_KNOTS.);
#32 = CARTESIAN_POINT('',(-57.,293.333,377.778));
#33 = CARTESIAN_POINT('',(-51.,420.,374.167));
#34 = CARTESIAN_POINT('',(57.,293.333,377.778));
#35 = CARTESIAN_POINT('',(51.,420.,374.167));
#36 = DEFINITIONAL_REPRESENTATION('',(#37),#41);
#37 = LINE('',#38,#39);
#38 = CARTESIAN_POINT('',(0.,0.));
#39 = VECTOR('',#40,1.);
#40 = DIRECTION('',(0.,1.));
#41 = ( GEOMETRIC_REPRESENTATION_CONTEXT(2) 
PARAMETRIC_REPRESENTATION_CONTEXT() REPRESENTATION_CONTEXT('2D SPACE',''
  ) );
#42 = PCURVE('',#43,#48);
#43 = B_SPLINE_SURFACE_WITH_KNOTS('',1,1,(
    (#44,#45)
    ,(#46,#47
    )),.UNSPECIFIED.,.F.,.F.,.F.,(2,2),(2,2),(0.,134.14879545117),(0.,1.
    ),.PIECEWISE_BEZIER_KNOTS.);
#44 = CARTESIAN_POINT('',(-45.,293.333,244.167));
#45 = CARTESIAN_POINT('',(-39.,420.,265.834));
#46 = CARTESIAN_POINT('',(-57.,293.333,377.778));
#47 = CARTESIAN_POINT('',(-51.,420.,374.167));
#48 = DEFINITIONAL_REPRESENTATION('',(#49),#53);
#49 = LINE('',#50,#51);
#50 = CARTESIAN_POINT('',(134.14879545117,0.));
#51 = VECTOR('',#52,1.);
#52 = DIRECTION('',(0.,1.));
#53 = ( GEOMETRIC_REPRESENTATION_CONTEXT(2) 
PARAMETRIC_REPRESENTATION_CONTEXT() REPRESENTATION_CONTEXT('2D SPACE',''
  ) );
#54 = ORIENTED_EDGE('',*,*,#55,.T.);
#55 = EDGE_CURVE('',#22,#56,#58,.T.);
#56 = VERTEX_POINT('',#57);
#57 = CARTESIAN_POINT('',(-20.,293.333,377.778));
#58 = SURFACE_CURVE('',#59,(#63,#70),.PCURVE_S1.);
#59 = LINE('',#60,#61);
#60 = CARTESIAN_POINT('',(-57.,293.333,377.778));
#61 = VECTOR('',#62,1.);
#62 = DIRECTION('',(1.,0.,0.));
#63 = PCURVE('',#31,#64);
#64 = DEFINITIONAL_REPRESENTATION('',(#65),#69);
#65 = LINE('',#66,#67);
#66 = CARTESIAN_POINT('',(0.,0.));
#67 = VECTOR('',#68,1.);
#68 = DIRECTION('',(1.,0.));
#69 = ( GEOMETRIC_REPRESENTATION_CONTEXT(2) 
PARAMETRIC_REPRESENTATION_CONTEXT() REPRESENTATION_CONTEXT('2D SPACE',''
  ) );
#70 = PCURVE('',#71,#76);
#71 = PLANE('',#72);
#72 = AXIS2_PLACEMENT_3D('',#73,#74,#75);
#73 = CARTESIAN_POINT('',(-57.,293.333,377.778));
#74 = DIRECTION('',(0.,-1.,0.));
#75 = DIRECTION('',(0.606800045294,0.,-0.794854518155));
#76 = DEFINITIONAL_REPRESENTATION('',(#77),#81);
#77 = LINE('',#78,#79);
#78 = CARTESIAN_POINT('',(0.,0.));
#79 = VECTOR('',#80,1.);
#80 = DIRECTION('',(0.606800045294,0.794854518155));
#81 = ( GEOMETRIC_REPRESENTATION_CONTEXT(2) 
PARAMETRIC_REPRESENTATION_CONTEXT() REPRESENTATION_CONTEXT('2D SPACE',''
  ) );
#82 = ORIENTED_EDGE('',*,*,#83,.T.);
#83 = EDGE_CURVE('',#56,#84,#86,.T.);
#84 = VERTEX_POINT('',#85);
#85 = CARTESIAN_POINT('',(-20.,331.33,376.69478837424));
#86 = SURFACE_CURVE('',#87,(#96,#108),.PCURVE_S1.);
#87 = B_SPLINE_CURVE_WITH_KNOTS('',4,(#88,#89,#90,#91,#92,#93,#94,#95),
  .UNSPECIFIED.,.F.,.F.,(5,3,5),(0.,0.500055007383,1.),.UNSPECIFIED.);
#88 = CARTESIAN_POINT('',(-20.,293.333,377.778));
#89 = CARTESIAN_POINT('',(-20.,298.08319120079,377.64258240563));
#90 = CARTESIAN_POINT('',(-20.,302.83336860427,377.50716520459));
#91 = CARTESIAN_POINT('',(-20.,307.58353166668,377.37174841238));
#92 = CARTESIAN_POINT('',(-20.,317.08278285494,377.10094547207));
#93 = CARTESIAN_POINT('',(-20.,321.83187098718,376.96555932378));
#94 = CARTESIAN_POINT('',(-20.,326.58094358827,376.83017361824));
#95 = CARTESIAN_POINT('',(-20.,331.33,376.69478837424));
#96 = PCURVE('',#31,#97);
#97 = DEFINITIONAL_REPRESENTATION('',(#98),#107);
#98 = B_SPLINE_CURVE_WITH_KNOTS('',4,(#99,#100,#101,#102,#103,#104,#105,
    #106),.UNSPECIFIED.,.F.,.F.,(5,3,5),(0.,0.500055007383,1.),
  .UNSPECIFIED.);
#99 = CARTESIAN_POINT('',(37.,0.));
#100 = CARTESIAN_POINT('',(36.921049661491,3.7501410792E-02));
#101 = CARTESIAN_POINT('',(36.841268463142,7.500271265819E-02));
#102 = CARTESIAN_POINT('',(36.7606367506,0.112503901306));
#103 = CARTESIAN_POINT('',(36.597648338697,0.187497792282));
#104 = CARTESIAN_POINT('',(36.515292024653,0.224990494661));
#105 = CARTESIAN_POINT('',(36.432043685914,0.262483074426));
#106 = CARTESIAN_POINT('',(36.347881020825,0.29997552638));
#107 = ( GEOMETRIC_REPRESENTATION_CONTEXT(2) 
PARAMETRIC_REPRESENTATION_CONTEXT() REPRESENTATION_CONTEXT('2D SPACE',''
  ) );
#108 = PCURVE('',#109,#114);
#109 = PLANE('',#110);
#110 = AXIS2_PLACEMENT_3D('',#111,#112,#113);
#111 = CARTESIAN_POINT('',(-20.,263.33,314.03));
#112 = DIRECTION('',(1.,0.,-0.));
#113 = DIRECTION('',(0.,0.,1.));
#114 = DEFINITIONAL_REPRESENTATION('',(#115),#124);
#115 = B_SPLINE_CURVE_WITH_KNOTS('',4,(#116,#117,#118,#119,#120,#121,
    #122,#123),.UNSPECIFIED.,.F.,.F.,(5,3,5),(0.,0.500055007383,1.),
  .UNSPECIFIED.);
#116 = CARTESIAN_POINT('',(63.748,-30.003));
#117 = CARTESIAN_POINT('',(63.61258240563,-34.75319120079));
#118 = CARTESIAN_POINT('',(63.477165204591,-39.50336860427));
#119 = CARTESIAN_POINT('',(63.341748412385,-44.25353166668));
#120 = CARTESIAN_POINT('',(63.070945472071,-53.75278285494));
#121 = CARTESIAN_POINT('',(62.93555932378,-58.50187098718));
#122 = CARTESIAN_POINT('',(62.800173618249,-63.25094358827));
#123 = CARTESIAN_POINT('',(62.664788374241,-68.));
#124 = ( GEOMETRIC_REPRESENTATION_CONTEXT(2) 
PARAMETRIC_REPRESENTATION_CONTEXT() REPRESENTATION_CONTEXT('2D SPACE',''
  ) );
#125 = ORIENTED_EDGE('',*,*,#126,.F.);
#126 = EDGE_CURVE('',#127,#84,#129,.T.);
#127 = VERTEX_POINT('',#128);
#128 = CARTESIAN_POINT('',(20.,331.33,376.69478837424));
#129 = SURFACE_CURVE('',#130,(#133,#139),.PCURVE_S1.);
#130 = B_SPLINE_CURVE_WITH_KNOTS('',1,(#131,#132),.UNSPECIFIED.,.F.,.F.,
  (2,2),(0.,1.),.PIECEWISE_BEZIER_KNOTS.);
#131 = CARTESIAN_POINT('',(20.,331.33,376.69478837424));
#132 = CARTESIAN_POINT('',(-20.,331.33,376.69478837424));
#133 = PCURVE('',#31,#134);
#134 = DEFINITIONAL_REPRESENTATION('',(#135),#138);
#135 = B_SPLINE_CURVE_WITH_KNOTS('',1,(#136,#137),.UNSPECIFIED.,.F.,.F.,
  (2,2),(0.,1.),.PIECEWISE_BEZIER_KNOTS.);
#136 = CARTESIAN_POINT('',(77.652118974771,0.29997552638));
#137 = CARTESIAN_POINT('',(36.347881025229,0.29997552638));
#138 = ( GEOMETRIC_REPRESENTATION_CONTEXT(2) 
PARAMETRIC_REPRESENTATION_CONTEXT() REPRESENTATION_CONTEXT('2D SPACE',''
  ) );
#139 = PCURVE('',#140,#145);
#140 = PLANE('',#141);
#141 = AXIS2_PLACEMENT_3D('',#142,#143,#144);
#142 = CARTESIAN_POINT('',(-20.,331.33,314.03));
#143 = DIRECTION('',(-0.,1.,0.));
#144 = DIRECTION('',(0.,0.,1.));
#145 = DEFINITIONAL_REPRESENTATION('',(#146),#149);
#146 = B_SPLINE_CURVE_WITH_KNOTS('',1,(#147,#148),.UNSPECIFIED.,.F.,.F.,
  (2,2),(0.,1.),.PIECEWISE_BEZIER_KNOTS.);
#147 = CARTESIAN_POINT('',(62.664788374241,40.));
#148 = CARTESIAN_POINT('',(62.664788374241,0.));
#149 = ( GEOMETRIC_REPRESENTATION_CONTEXT(2) 
PARAMETRIC_REPRESENTATION_CONTEXT() REPRESENTATION_CONTEXT('2D SPACE',''
  ) );
#150 = ORIENTED_EDGE('',*,*,#151,.F.);
#151 = EDGE_CURVE('',#152,#127,#154,.T.);
#152 = VERTEX_POINT('',#153);
#153 = CARTESIAN_POINT('',(20.,293.333,377.778));
#154 = SURFACE_CURVE('',#155,(#164,#176),.PCURVE_S1.);
#155 = B_SPLINE_CURVE_WITH_KNOTS('',4,(#156,#157,#158,#159,#160,#161,
    #162,#163),.UNSPECIFIED.,.F.,.F.,(5,3,5),(0.,0.500055007383,1.),
  .UNSPECIFIED.);
#156 = CARTESIAN_POINT('',(20.,293.333,377.778));
#157 = CARTESIAN_POINT('',(20.,298.08319120079,377.64258240563));
#158 = CARTESIAN_POINT('',(20.,302.83336860427,377.50716520459));
#159 = CARTESIAN_POINT('',(20.,307.58353166668,377.37174841238));
#160 = CARTESIAN_POINT('',(20.,317.08278285494,377.10094547207));
#161 = CARTESIAN_POINT('',(20.,321.83187098718,376.96555932378));
#162 = CARTESIAN_POINT('',(20.,326.58094358827,376.83017361824));
#163 = CARTESIAN_POINT('',(20.,331.33,376.69478837424));
#164 = PCURVE('',#31,#165);
#165 = DEFINITIONAL_REPRESENTATION('',(#166),#175);
#166 = B_SPLINE_CURVE_WITH_KNOTS('',4,(#167,#168,#169,#170,#171,#172,
    #173,#174),.UNSPECIFIED.,.F.,.F.,(5,3,5),(0.,0.500055007383,1.),
  .UNSPECIFIED.);
#167 = CARTESIAN_POINT('',(77.,0.));
#168 = CARTESIAN_POINT('',(77.078950338509,3.7501410792E-02));
#169 = CARTESIAN_POINT('',(77.158731536858,7.500271265818E-02));
#170 = CARTESIAN_POINT('',(77.2393632494,0.112503901306));
#171 = CARTESIAN_POINT('',(77.402351661303,0.187497792282));
#172 = CARTESIAN_POINT('',(77.484707975347,0.224990494661));
#173 = CARTESIAN_POINT('',(77.567956314086,0.262483074426));
#174 = CARTESIAN_POINT('',(77.652118979175,0.29997552638));
#175 = ( GEOMETRIC_REPRESENTATION_CONTEXT(2) 
PARAMETRIC_REPRESENTATION_CONTEXT() REPRESENTATION_CONTEXT('2D SPACE',''
  ) );
#176 = PCURVE('',#177,#182);
#177 = PLANE('',#178);
#178 = AXIS2_PLACEMENT_3D('',#179,#180,#181);
#179 = CARTESIAN_POINT('',(20.,263.33,314.03));
#180 = DIRECTION('',(1.,0.,-0.));
#181 = DIRECTION('',(0.,0.,1.));
#182 = DEFINITIONAL_REPRESENTATION('',(#183),#192);
#183 = B_SPLINE_CURVE_WITH_KNOTS('',4,(#184,#185,#186,#187,#188,#189,
    #190,#191),.UNSPECIFIED.,.F.,.F.,(5,3,5),(0.,0.500055007383,1.),
  .UNSPECIFIED.);
#184 = CARTESIAN_POINT('',(63.748,-30.003));
#185 = CARTESIAN_POINT('',(63.61258240563,-34.75319120079));
#186 = CARTESIAN_POINT('',(63.477165204591,-39.50336860427));
#187 = CARTESIAN_POINT('',(63.341748412385,-44.25353166668));
#188 = CARTESIAN_POINT('',(63.070945472071,-53.75278285494));
#189 = CARTESIAN_POINT('',(62.93555932378,-58.50187098718));
#190 = CARTESIAN_POINT('',(62.800173618249,-63.25094358827));
#191 = CARTESIAN_POINT('',(62.664788374241,-68.));
#192 = ( GEOMETRIC_REPRESENTATION_CONTEXT(2) 
PARAMETRIC_REPRESENTATION_CONTEXT() REPRESENTATION_CONTEXT('2D SPACE',''
  ) );
#193 = ORIENTED_EDGE('',*,*,#194,.T.);
#194 = EDGE_CURVE('',#152,#195,#197,.T.);
#195 = VERTEX_POINT('',#196);
#196 = CARTESIAN_POINT('',(57.,293.333,377.778));
#197 = SURFACE_CURVE('',#198,(#202,#209),.PCURVE_S1.);
#198 = LINE('',#199,#200);
#199 = CARTESIAN_POINT('',(-57.,293.333,377.778));
#200 = VECTOR('',#201,1.);
#201 = DIRECTION('',(1.,0.,0.));
#202 = PCURVE('',#31,#203);
#203 = DEFINITIONAL_REPRESENTATION('',(#204),#208);
#204 = LINE('',#205,#206);
#205 = CARTESIAN_POINT('',(0.,0.));
#206 = VECTOR('',#207,1.);
#207 = DIRECTION('',(1.,0.));
#208 = ( GEOMETRIC_REPRESENTATION_CONTEXT(2) 
PARAMETRIC_REPRESENTATION_CONTEXT() REPRESENTATION_CONTEXT('2D SPACE',''
  ) );
#209 = PCURVE('',#71,#210);
#210 = DEFINITIONAL_REPRESENTATION('',(#211),#215);
#211 = LINE('',#212,#213);
#212 = CARTESIAN_POINT('',(0.,0.));
#213 = VECTOR('',#214,1.);
#214 = DIRECTION('',(0.606800045294,0.794854518155));
#215 = ( GEOMETRIC_REPRESENTATION_CONTEXT(2) 
PARAMETRIC_REPRESENTATION_CONTEXT() REPRESENTATION_CONTEXT('2D SPACE',''
  ) );
#216 = ORIENTED_EDGE('',*,*,#217,.T.);
#217 = EDGE_CURVE('',#195,#218,#220,.T.);
#218 = VERTEX_POINT('',#219);
#219 = CARTESIAN_POINT('',(53.628940450157,364.5,375.74918399425));
#220 = SURFACE_CURVE('',#221,(#224,#231),.PCURVE_S1.);
#221 = B_SPLINE_CURVE_WITH_KNOTS('',1,(#222,#223),.UNSPECIFIED.,.F.,.F.,
  (2,2),(0.,1.),.PIECEWISE_BEZIER_KNOTS.);
#222 = CARTESIAN_POINT('',(57.,293.333,377.778));
#223 = CARTESIAN_POINT('',(51.,420.,374.167));
#224 = PCURVE('',#31,#225);
#225 = DEFINITIONAL_REPRESENTATION('',(#226),#230);
#226 = LINE('',#227,#228);
#227 = CARTESIAN_POINT('',(114.,0.));
#228 = VECTOR('',#229,1.);
#229 = DIRECTION('',(0.,1.));
#230 = ( GEOMETRIC_REPRESENTATION_CONTEXT(2) 
PARAMETRIC_REPRESENTATION_CONTEXT() REPRESENTATION_CONTEXT('2D SPACE',''
  ) );
#231 = PCURVE('',#232,#237);
#232 = B_SPLINE_SURFACE_WITH_KNOTS('',1,1,(
    (#233,#234)
    ,(#235,#236
    )),.UNSPECIFIED.,.F.,.F.,.F.,(2,2),(2,2),(0.,134.14879545117),(0.,1.
    ),.PIECEWISE_BEZIER_KNOTS.);
#233 = CARTESIAN_POINT('',(57.,293.333,377.778));
#234 = CARTESIAN_POINT('',(51.,420.,374.167));
#235 = CARTESIAN_POINT('',(45.,293.333,244.167));
#236 = CARTESIAN_POINT('',(39.,420.,265.834));
#237 = DEFINITIONAL_REPRESENTATION('',(#238),#242);
#238 = LINE('',#239,#240);
#239 = CARTESIAN_POINT('',(0.,0.));
#240 = VECTOR('',#241,1.);
#241 = DIRECTION('',(0.,1.));
#242 = ( GEOMETRIC_REPRESENTATION_CONTEXT(2) 
PARAMETRIC_REPRESENTATION_CONTEXT() REPRESENTATION_CONTEXT('2D SPACE',''
  ) );
#243 = ORIENTED_EDGE('',*,*,#244,.T.);
#244 = EDGE_CURVE('',#218,#24,#245,.T.);
#245 = SURFACE_CURVE('',#246,(#249,#255),.PCURVE_S1.);
#246 = B_SPLINE_CURVE_WITH_KNOTS('',1,(#247,#248),.UNSPECIFIED.,.F.,.F.,
  (2,2),(0.,1.),.PIECEWISE_BEZIER_KNOTS.);
#247 = CARTESIAN_POINT('',(53.628940450157,364.5,375.74918399425));
#248 = CARTESIAN_POINT('',(-53.62894045015,364.5,375.74918399425));
#249 = PCURVE('',#31,#250);
#250 = DEFINITIONAL_REPRESENTATION('',(#251),#254);
#251 = B_SPLINE_CURVE_WITH_KNOTS('',1,(#252,#253),.UNSPECIFIED.,.F.,.F.,
  (2,2),(0.,1.),.PIECEWISE_BEZIER_KNOTS.);
#252 = CARTESIAN_POINT('',(114.,0.561843258307));
#253 = CARTESIAN_POINT('',(0.,0.561843258307));
#254 = ( GEOMETRIC_REPRESENTATION_CONTEXT(2) 
PARAMETRIC_REPRESENTATION_CONTEXT() REPRESENTATION_CONTEXT('2D SPACE',''
  ) );
#255 = PCURVE('',#256,#261);
#256 = PLANE('',#257);
#257 = AXIS2_PLACEMENT_3D('',#258,#259,#260);
#258 = CARTESIAN_POINT('',(-53.62894045015,367.5,375.74918399425));
#259 = DIRECTION('',(0.,0.,1.));
#260 = DIRECTION('',(1.,0.,-0.));
#261 = DEFINITIONAL_REPRESENTATION('',(#262),#265);
#262 = B_SPLINE_CURVE_WITH_KNOTS('',1,(#263,#264),.UNSPECIFIED.,.F.,.F.,
  (2,2),(0.,1.),.PIECEWISE_BEZIER_KNOTS.);
#263 = CARTESIAN_POINT('',(107.25788090031,-3.));
#264 = CARTESIAN_POINT('',(-2.13162820728E-14,-3.));
#265 = ( GEOMETRIC_REPRESENTATION_CONTEXT(2) 
PARAMETRIC_REPRESENTATION_CONTEXT() REPRESENTATION_CONTEXT('2D SPACE',''
  ) );
#266 = ADVANCED_FACE('',(#267),#43,.T.);
#267 = FACE_BOUND('',#268,.T.);
#268 = EDGE_LOOP('',(#269,#298,#319,#320,#345,#622));
#269 = ORIENTED_EDGE('',*,*,#270,.F.);
#270 = EDGE_CURVE('',#271,#273,#275,.T.);
#271 = VERTEX_POINT('',#272);
#272 = CARTESIAN_POINT('',(-45.,293.333,244.167));
#273 = VERTEX_POINT('',#274);
#274 = CARTESIAN_POINT('',(-41.62894045015,364.5,256.34045787774));
#275 = SURFACE_CURVE('',#276,(#279,#286),.PCURVE_S1.);
#276 = B_SPLINE_CURVE_WITH_KNOTS('',1,(#277,#278),.UNSPECIFIED.,.F.,.F.,
  (2,2),(0.,1.),.PIECEWISE_BEZIER_KNOTS.);
#277 = CARTESIAN_POINT('',(-45.,293.333,244.167));
#278 = CARTESIAN_POINT('',(-39.,420.,265.834));
#279 = PCURVE('',#43,#280);
#280 = DEFINITIONAL_REPRESENTATION('',(#281),#285);
#281 = LINE('',#282,#283);
#282 = CARTESIAN_POINT('',(0.,0.));
#283 = VECTOR('',#284,1.);
#284 = DIRECTION('',(0.,1.));
#285 = ( GEOMETRIC_REPRESENTATION_CONTEXT(2) 
PARAMETRIC_REPRESENTATION_CONTEXT() REPRESENTATION_CONTEXT('2D SPACE',''
  ) );
#286 = PCURVE('',#287,#292);
#287 = B_SPLINE_SURFACE_WITH_KNOTS('',1,1,(
    (#288,#289)
    ,(#290,#291
  )),.UNSPECIFIED.,.F.,.F.,.F.,(2,2),(2,2),(0.,90.),(0.,1.),
  .PIECEWISE_BEZIER_KNOTS.);
#288 = CARTESIAN_POINT('',(45.,293.333,244.167));
#289 = CARTESIAN_POINT('',(39.,420.,265.834));
#290 = CARTESIAN_POINT('',(-45.,293.333,244.167));
#291 = CARTESIAN_POINT('',(-39.,420.,265.834));
#292 = DEFINITIONAL_REPRESENTATION('',(#293),#297);
#293 = LINE('',#294,#295);
#294 = CARTESIAN_POINT('',(90.,0.));
#295 = VECTOR('',#296,1.);
#296 = DIRECTION('',(0.,1.));
#297 = ( GEOMETRIC_REPRESENTATION_CONTEXT(2) 
PARAMETRIC_REPRESENTATION_CONTEXT() REPRESENTATION_CONTEXT('2D SPACE',''
  ) );
#298 = ORIENTED_EDGE('',*,*,#299,.T.);
#299 = EDGE_CURVE('',#271,#22,#300,.T.);
#300 = SURFACE_CURVE('',#301,(#305,#312),.PCURVE_S1.);
#301 = LINE('',#302,#303);
#302 = CARTESIAN_POINT('',(-45.,293.333,244.167));
#303 = VECTOR('',#304,1.);
#304 = DIRECTION('',(-8.945290905998E-02,0.,0.995991052701));
#305 = PCURVE('',#43,#306);
#306 = DEFINITIONAL_REPRESENTATION('',(#307),#311);
#307 = LINE('',#308,#309);
#308 = CARTESIAN_POINT('',(0.,0.));
#309 = VECTOR('',#310,1.);
#310 = DIRECTION('',(1.,0.));
#311 = ( GEOMETRIC_REPRESENTATION_CONTEXT(2) 
PARAMETRIC_REPRESENTATION_CONTEXT() REPRESENTATION_CONTEXT('2D SPACE',''
  ) );
#312 = PCURVE('',#71,#313);
#313 = DEFINITIONAL_REPRESENTATION('',(#314),#318);
#314 = LINE('',#315,#316);
#315 = CARTESIAN_POINT('',(113.4829075687,-71.53690663393));
#316 = VECTOR('',#317,1.);
#317 = DIRECTION('',(-0.845948017551,0.533265366963));
#318 = ( GEOMETRIC_REPRESENTATION_CONTEXT(2) 
PARAMETRIC_REPRESENTATION_CONTEXT() REPRESENTATION_CONTEXT('2D SPACE',''
  ) );
#319 = ORIENTED_EDGE('',*,*,#21,.T.);
#320 = ORIENTED_EDGE('',*,*,#321,.T.);
#321 = EDGE_CURVE('',#24,#322,#324,.T.);
#322 = VERTEX_POINT('',#323);
#323 = CARTESIAN_POINT('',(-46.74007868365,364.5,307.2));
#324 = SURFACE_CURVE('',#325,(#328,#334),.PCURVE_S1.);
#325 = B_SPLINE_CURVE_WITH_KNOTS('',1,(#326,#327),.UNSPECIFIED.,.F.,.F.,
  (2,2),(0.,1.),.PIECEWISE_BEZIER_KNOTS.);
#326 = CARTESIAN_POINT('',(-53.62894045015,364.5,375.74918399425));
#327 = CARTESIAN_POINT('',(-41.62894045015,364.5,256.34045787774));
#328 = PCURVE('',#43,#329);
#329 = DEFINITIONAL_REPRESENTATION('',(#330),#333);
#330 = B_SPLINE_CURVE_WITH_KNOTS('',1,(#331,#332),.UNSPECIFIED.,.F.,.F.,
  (2,2),(0.,1.),.PIECEWISE_BEZIER_KNOTS.);
#331 = CARTESIAN_POINT('',(134.14879545117,0.561843258307));
#332 = CARTESIAN_POINT('',(0.,0.561843258307));
#333 = ( GEOMETRIC_REPRESENTATION_CONTEXT(2) 
PARAMETRIC_REPRESENTATION_CONTEXT() REPRESENTATION_CONTEXT('2D SPACE',''
  ) );
#334 = PCURVE('',#335,#340);
#335 = PLANE('',#336);
#336 = AXIS2_PLACEMENT_3D('',#337,#338,#339);
#337 = CARTESIAN_POINT('',(-41.62894045015,367.5,256.34045787774));
#338 = DIRECTION('',(-0.994988289803,0.,-9.999151541061E-02));
#339 = DIRECTION('',(-9.999151541061E-02,0.,0.994988289803));
#340 = DEFINITIONAL_REPRESENTATION('',(#341),#344);
#341 = B_SPLINE_CURVE_WITH_KNOTS('',1,(#342,#343),.UNSPECIFIED.,.F.,.F.,
  (2,2),(0.,1.),.PIECEWISE_BEZIER_KNOTS.);
#342 = CARTESIAN_POINT('',(120.01018237119,-3.));
#343 = CARTESIAN_POINT('',(0.,-3.));
#344 = ( GEOMETRIC_REPRESENTATION_CONTEXT(2) 
PARAMETRIC_REPRESENTATION_CONTEXT() REPRESENTATION_CONTEXT('2D SPACE',''
  ) );
#345 = ORIENTED_EDGE('',*,*,#346,.T.);
#346 = EDGE_CURVE('',#322,#347,#349,.T.);
#347 = VERTEX_POINT('',#348);
#348 = CARTESIAN_POINT('',(-44.42868981806,364.5,284.2));
#349 = SURFACE_CURVE('',#350,(#437,#527),.PCURVE_S1.);
#350 = B_SPLINE_CURVE_WITH_KNOTS('',8,(#351,#352,#353,#354,#355,#356,
    #357,#358,#359,#360,#361,#362,#363,#364,#365,#366,#367,#368,#369,
    #370,#371,#372,#373,#374,#375,#376,#377,#378,#379,#380,#381,#382,
    #383,#384,#385,#386,#387,#388,#389,#390,#391,#392,#393,#394,#395,
    #396,#397,#398,#399,#400,#401,#402,#403,#404,#405,#406,#407,#408,
    #409,#410,#411,#412,#413,#414,#415,#416,#417,#418,#419,#420,#421,
    #422,#423,#424,#425,#426,#427,#428,#429,#430,#431,#432,#433,#434,
    #435,#436),.UNSPECIFIED.,.F.,.F.,(9,7,7,7,7,7,7,7,7,7,7,7,9),(0.,
    0.107950757,0.165115179917,0.2452583083,0.316215937698,0.52823718975
    ,0.684734922821,0.806065715986,0.885136667441,0.945869669289,
    0.972675277013,0.985812039261,1.),.UNSPECIFIED.);
#351 = CARTESIAN_POINT('',(-46.74007442636,364.5000760002,
    307.19999999974));
#352 = CARTESIAN_POINT('',(-46.77445567271,363.88631281894,
    307.20000405593));
#353 = CARTESIAN_POINT('',(-46.80535165313,363.26738362888,
    307.16257146993));
#354 = CARTESIAN_POINT('',(-46.83225476335,362.6506427882,
    307.08660013414));
#355 = CARTESIAN_POINT('',(-46.85490350493,362.0423387338,
    306.97280212861));
#356 = CARTESIAN_POINT('',(-46.87320914755,361.44779845204,
    306.82311046764));
#357 = CARTESIAN_POINT('',(-46.88721525635,360.87152678188,
    306.64035130488));
#358 = CARTESIAN_POINT('',(-46.89707558503,360.31725820922,
    306.4280614456));
#359 = CARTESIAN_POINT('',(-46.90619203717,359.50773391073,
    306.06444284747));
#360 = CARTESIAN_POINT('',(-46.90825796332,359.23418321549,
    305.93128658708));
#361 = CARTESIAN_POINT('',(-46.90926829495,358.96762113963,
    305.79135441328));
#362 = CARTESIAN_POINT('',(-46.90926153679,358.70823904212,
    305.6451328834));
#363 = CARTESIAN_POINT('',(-46.90827823584,358.45615819439,
    305.49309209911));
#364 = CARTESIAN_POINT('',(-46.90635950041,358.2114406615,305.3356766577
    ));
#365 = CARTESIAN_POINT('',(-46.90354581987,357.97409809603,
    305.17329838718));
#366 = CARTESIAN_POINT('',(-46.89473144693,357.4216445367,304.7722464673
    ));
#367 = CARTESIAN_POINT('',(-46.8879050576,357.11366969978,
    304.52917549997));
#368 = CARTESIAN_POINT('',(-46.87950456001,356.82004286333,
    304.27812450395));
#369 = CARTESIAN_POINT('',(-46.86963187565,356.54056667629,
    304.02001163473));
#370 = CARTESIAN_POINT('',(-46.85838222644,356.27498898568,
    303.75566110046));
#371 = CARTESIAN_POINT('',(-46.84584305619,356.02301431501,
    303.48579759971));
#372 = CARTESIAN_POINT('',(-46.83209295226,355.78431534277,
    303.21104075916));
#373 = CARTESIAN_POINT('',(-46.804015053,355.35864985998,302.68475178273
    ));
#374 = CARTESIAN_POINT('',(-46.78993563929,355.16891363507,
    302.4341963391));
#375 = CARTESIAN_POINT('',(-46.77501106955,354.98910306975,
    302.18060269139));
#376 = CARTESIAN_POINT('',(-46.75928603195,354.81899854688,
    301.92430778004));
#377 = CARTESIAN_POINT('',(-46.74280146814,354.65838995768,
    301.66561686373));
#378 = CARTESIAN_POINT('',(-46.72559473124,354.50707498806,
    301.40480389692));
#379 = CARTESIAN_POINT('',(-46.70769959264,354.36485920197,
    301.14211145615));
#380 = CARTESIAN_POINT('',(-46.63370829332,353.83325396902,
    300.08783936575));
#381 = CARTESIAN_POINT('',(-46.57243860184,353.51486893387,
    299.28368389122));
#382 = CARTESIAN_POINT('',(-46.50610757708,353.27090441758,
    298.47026523895));
#383 = CARTESIAN_POINT('',(-46.43529868596,353.09800385214,
    297.6519105366));
#384 = CARTESIAN_POINT('',(-46.36050541519,352.99343682147,
    296.83240009537));
#385 = CARTESIAN_POINT('',(-46.28212242006,352.95526532721,
    296.01496362756));
#386 = CARTESIAN_POINT('',(-46.20045750377,352.98219477728,
    295.20231486799));
#387 = CARTESIAN_POINT('',(-46.05314086597,353.14192894201,
    293.80198536024));
#388 = CARTESIAN_POINT('',(-45.98893810099,353.24511463447,
    293.2115197626));
#389 = CARTESIAN_POINT('',(-45.92318994003,353.38349952473,
    292.62629447424));
#390 = CARTESIAN_POINT('',(-45.8559937161,353.55717983332,292.0474904466
    ));
#391 = CARTESIAN_POINT('',(-45.78744931103,353.7664518842,
    291.47643081445));
#392 = CARTESIAN_POINT('',(-45.71766008836,354.01179136309,
    290.91457756288));
#393 = CARTESIAN_POINT('',(-45.64673142145,354.293899453,290.36354290294
    ));
#394 = CARTESIAN_POINT('',(-45.51897136588,354.86191199795,
    289.40770014071));
#395 = CARTESIAN_POINT('',(-45.46257249611,355.1326347427,
    288.99799836583));
#396 = CARTESIAN_POINT('',(-45.4056118906,355.42652462051,
    288.59681179489));
#397 = CARTESIAN_POINT('',(-45.34815064414,355.74414226732,
    288.20514777969));
#398 = CARTESIAN_POINT('',(-45.29026851775,356.08609284315,
    287.82422624804));
#399 = CARTESIAN_POINT('',(-45.23206429972,356.45301352786,
    287.45547382194));
#400 = CARTESIAN_POINT('',(-45.17365570857,356.84559676474,
    287.10053386755));
#401 = CARTESIAN_POINT('',(-45.07706904876,357.53780061572,
    286.54023768998));
#402 = CARTESIAN_POINT('',(-45.03893901059,357.82211301125,
    286.32589016211));
#403 = CARTESIAN_POINT('',(-45.00082636451,358.11784155694,
    286.11879064362));
#404 = CARTESIAN_POINT('',(-44.96278070356,358.42517359466,
    285.91955782919));
#405 = CARTESIAN_POINT('',(-44.92486315211,358.74425284535,
    285.72889776004));
#406 = CARTESIAN_POINT('',(-44.8871463196,359.07517132605,
    285.54759749694));
#407 = CARTESIAN_POINT('',(-44.84971428345,359.41796292384,
    285.37651996446));
#408 = CARTESIAN_POINT('',(-44.78420385822,360.04498804941,
    285.09376823981));
#409 = CARTESIAN_POINT('',(-44.75597264169,360.32433482148,
    284.97753240817));
#410 = CARTESIAN_POINT('',(-44.72801358401,360.61060992528,
    284.86831987692));
#411 = CARTESIAN_POINT('',(-44.70037890588,360.90372437305,
    284.76659637044));
#412 = CARTESIAN_POINT('',(-44.67312805108,361.20352245238,
    284.6728576707));
#413 = CARTESIAN_POINT('',(-44.64632716115,361.5097727857,
    284.58761855712));
#414 = CARTESIAN_POINT('',(-44.62004838966,361.8221572038,284.5113989481
    ));
#415 = CARTESIAN_POINT('',(-44.58303501847,362.28065671755,
    284.41527165557));
#416 = CARTESIAN_POINT('',(-44.57181802545,362.42216611714,
    284.38769285902));
#417 = CARTESIAN_POINT('',(-44.56072487138,362.564747553,284.36201476579
    ));
#418 = CARTESIAN_POINT('',(-44.54976257001,362.70835867961,
    284.33828080261));
#419 = CARTESIAN_POINT('',(-44.5389383226,362.85295266617,284.3165334608
    ));
#420 = CARTESIAN_POINT('',(-44.52825948574,362.99847797765,
    284.29681384535));
#421 = CARTESIAN_POINT('',(-44.51773353923,363.1448781558,
    284.27916122406));
#422 = CARTESIAN_POINT('',(-44.50228818719,363.36423725102,
    284.25599257089));
#423 = CARTESIAN_POINT('',(-44.49725854476,363.43641230105,
    284.24889543641));
#424 = CARTESIAN_POINT('',(-44.49227893352,363.50861882733,
    284.24232024209));
#425 = CARTESIAN_POINT('',(-44.48734915329,363.58085940753,
    284.23626628561));
#426 = CARTESIAN_POINT('',(-44.4824689968,363.65313711981,
    284.23073309341));
#427 = CARTESIAN_POINT('',(-44.47763824978,363.72545554285,
    284.2257204207));
#428 = CARTESIAN_POINT('',(-44.47285669087,363.79781875584,
    284.22122825146));
#429 = CARTESIAN_POINT('',(-44.46301279179,363.94843834716,
    284.21296755132));
#430 = CARTESIAN_POINT('',(-44.45795135682,364.0268138338,
    284.20927964395));
#431 = CARTESIAN_POINT('',(-44.45294086563,364.10534739644,
    284.20619733631));
#432 = CARTESIAN_POINT('',(-44.44798239083,364.18402832598,
    284.20372463493));
#433 = CARTESIAN_POINT('',(-44.44307699753,364.26284559218,
    284.20186527235));
#434 = CARTESIAN_POINT('',(-44.43822574204,364.34178782983,
    284.20062268646));
#435 = CARTESIAN_POINT('',(-44.43342967059,364.42084332477,
    284.20000000001));
#436 = CARTESIAN_POINT('',(-44.42868981806,364.5,284.2));
#437 = PCURVE('',#43,#438);
#438 = DEFINITIONAL_REPRESENTATION('',(#439),#526);
#439 = B_SPLINE_CURVE_WITH_KNOTS('',8,(#440,#441,#442,#443,#444,#445,
    #446,#447,#448,#449,#450,#451,#452,#453,#454,#455,#456,#457,#458,
    #459,#460,#461,#462,#463,#464,#465,#466,#467,#468,#469,#470,#471,
    #472,#473,#474,#475,#476,#477,#478,#479,#480,#481,#482,#483,#484,
    #485,#486,#487,#488,#489,#490,#491,#492,#493,#494,#495,#496,#497,
    #498,#499,#500,#501,#502,#503,#504,#505,#506,#507,#508,#509,#510,
    #511,#512,#513,#514,#515,#516,#517,#518,#519,#520,#521,#522,#523,
    #524,#525),.UNSPECIFIED.,.F.,.F.,(9,7,7,7,7,7,7,7,7,7,7,7,9),(0.,
    0.107950757,0.165115179917,0.2452583083,0.316215937698,0.52823718975
    ,0.684734922821,0.806065715986,0.885136667441,0.945869669289,
    0.972675277013,0.985812039261,1.),.UNSPECIFIED.);
#440 = CARTESIAN_POINT('',(57.137745769465,0.561843858307));
#441 = CARTESIAN_POINT('',(57.197087943137,0.556998372259));
#442 = CARTESIAN_POINT('',(57.214732524039,0.552112102038));
#443 = CARTESIAN_POINT('',(57.188899348269,0.547243108214));
#444 = CARTESIAN_POINT('',(57.119973862906,0.542440720423));
#445 = CARTESIAN_POINT('',(57.0097849628,0.537746993708));
#446 = CARTESIAN_POINT('',(56.861205127646,0.533197492495));
#447 = CARTESIAN_POINT('',(56.677930715193,0.528821699489));
#448 = CARTESIAN_POINT('',(56.351174044188,0.522430735004));
#449 = CARTESIAN_POINT('',(56.22941496022,0.520271129935));
#450 = CARTESIAN_POINT('',(56.099556022115,0.518166698032));
#451 = CARTESIAN_POINT('',(55.962129007477,0.51611895002));
#452 = CARTESIAN_POINT('',(55.817651411447,0.514128843301));
#453 = CARTESIAN_POINT('',(55.666615651964,0.512196867862));
#454 = CARTESIAN_POINT('',(55.509480532753,0.510323115697));
#455 = CARTESIAN_POINT('',(55.118401502889,0.505961651706));
#456 = CARTESIAN_POINT('',(54.879005904607,0.503530277813));
#457 = CARTESIAN_POINT('',(54.629610989994,0.50121217731));
#458 = CARTESIAN_POINT('',(54.37125164249,0.499005792166));
#459 = CARTESIAN_POINT('',(54.104858830523,0.496909131705));
#460 = CARTESIAN_POINT('',(53.831253629881,0.494919863224));
#461 = CARTESIAN_POINT('',(53.551141246085,0.493035402613));
#462 = CARTESIAN_POINT('',(53.011852490407,0.489674894487));
#463 = CARTESIAN_POINT('',(52.753986137108,0.488176980864));
#464 = CARTESIAN_POINT('',(52.491927696127,0.486757427505));
#465 = CARTESIAN_POINT('',(52.226060444711,0.485414500595));
#466 = CARTESIAN_POINT('',(51.956730812903,0.484146541386));
#467 = CARTESIAN_POINT('',(51.684249241436,0.482951952664));
#468 = CARTESIAN_POINT('',(51.408890302694,0.481829199412));
#469 = CARTESIAN_POINT('',(50.300233976025,0.477632327039));
#470 = CARTESIAN_POINT('',(49.446700547212,0.475118767586));
#471 = CARTESIAN_POINT('',(48.575994282853,0.473192737));
#472 = CARTESIAN_POINT('',(47.692860383962,0.471827736128));
#473 = CARTESIAN_POINT('',(46.801369724633,0.471002209111));
#474 = CARTESIAN_POINT('',(45.904907948031,0.470700856002));
#475 = CARTESIAN_POINT('',(45.006230476588,0.470913456364));
#476 = CARTESIAN_POINT('',(43.44395258084,0.472174512241));
#477 = CARTESIAN_POINT('',(42.780865878175,0.472989133985));
#478 = CARTESIAN_POINT('',(42.119142239595,0.474081643401));
#479 = CARTESIAN_POINT('',(41.45992070942,0.475452800124));
#480 = CARTESIAN_POINT('',(40.804474786484,0.477104943546));
#481 = CARTESIAN_POINT('',(40.154211870147,0.479041829072));
#482 = CARTESIAN_POINT('',(39.510681236019,0.481268992342));
#483 = CARTESIAN_POINT('',(38.383224677687,0.485753290107));
#484 = CARTESIAN_POINT('',(37.896094689354,0.487890569309));
#485 = CARTESIAN_POINT('',(37.414952788798,0.490210746449));
#486 = CARTESIAN_POINT('',(36.94077883443,0.492718247589));
#487 = CARTESIAN_POINT('',(36.4747849321,0.495417850294));
#488 = CARTESIAN_POINT('',(36.018412850899,0.498314584918));
#489 = CARTESIAN_POINT('',(35.573345245613,0.501413918106));
#490 = CARTESIAN_POINT('',(34.860141580086,0.50687867097));
#491 = CARTESIAN_POINT('',(34.584436244049,0.509123236607));
#492 = CARTESIAN_POINT('',(34.314970567426,0.511457929508));
#493 = CARTESIAN_POINT('',(34.052398157602,0.513884228684));
#494 = CARTESIAN_POINT('',(33.797478433105,0.51640326877));
#495 = CARTESIAN_POINT('',(33.551071825825,0.519015776217));
#496 = CARTESIAN_POINT('',(33.31413618722,0.521722018551));
#497 = CARTESIAN_POINT('',(32.913821500785,0.526672203884));
#498 = CARTESIAN_POINT('',(32.746146284965,0.528877567334));
#499 = CARTESIAN_POINT('',(32.585182333607,0.531137627995));
#500 = CARTESIAN_POINT('',(32.431466303096,0.533451683335));
#501 = CARTESIAN_POINT('',(32.285580264804,0.535818504049));
#502 = CARTESIAN_POINT('',(32.148141097123,0.538236263476));
#503 = CARTESIAN_POINT('',(32.019786928363,0.54070244976));
#504 = CARTESIAN_POINT('',(31.848802770529,0.544322173238));
#505 = CARTESIAN_POINT('',(31.798341204997,0.545439349769));
#506 = CARTESIAN_POINT('',(31.749831722106,0.546564989721));
#507 = CARTESIAN_POINT('',(31.703330305912,0.54769875879));
#508 = CARTESIAN_POINT('',(31.658892661168,0.548840287258));
#509 = CARTESIAN_POINT('',(31.616573738155,0.549989168273));
#510 = CARTESIAN_POINT('',(31.576427257526,0.551144956112));
#511 = CARTESIAN_POINT('',(31.519920594305,0.552876733885));
#512 = CARTESIAN_POINT('',(31.50191298246,0.553446535412));
#513 = CARTESIAN_POINT('',(31.484481340357,0.554016585435));
#514 = CARTESIAN_POINT('',(31.467624794965,0.554586904304));
#515 = CARTESIAN_POINT('',(31.45134265948,0.555157516321));
#516 = CARTESIAN_POINT('',(31.435634433318,0.555728449737));
#517 = CARTESIAN_POINT('',(31.420499802117,0.556299736757));
#518 = CARTESIAN_POINT('',(31.390212294784,0.557488835665));
#519 = CARTESIAN_POINT('',(31.375132704484,0.558107587859));
#520 = CARTESIAN_POINT('',(31.360706194333,0.558727588045));
#521 = CARTESIAN_POINT('',(31.346939118606,0.55934875167));
#522 = CARTESIAN_POINT('',(31.333837693548,0.559970991624));
#523 = CARTESIAN_POINT('',(31.321407832551,0.560594218156));
#524 = CARTESIAN_POINT('',(31.309654981335,0.561218338795));
#525 = CARTESIAN_POINT('',(31.298583953135,0.561843258271));
#526 = ( GEOMETRIC_REPRESENTATION_CONTEXT(2) 
PARAMETRIC_REPRESENTATION_CONTEXT() REPRESENTATION_CONTEXT('2D SPACE',''
  ) );
#527 = PCURVE('',#528,#533);
#528 = CYLINDRICAL_SURFACE('',#529,11.5);
#529 = AXIS2_PLACEMENT_3D('',#530,#531,#532);
#530 = CARTESIAN_POINT('',(-41.58438425085,364.5,295.7));
#531 = DIRECTION('',(-1.,0.,0.));
#532 = DIRECTION('',(0.,0.,-1.));
#533 = DEFINITIONAL_REPRESENTATION('',(#534),#621);
#534 = B_SPLINE_CURVE_WITH_KNOTS('',8,(#535,#536,#537,#538,#539,#540,
    #541,#542,#543,#544,#545,#546,#547,#548,#549,#550,#551,#552,#553,
    #554,#555,#556,#557,#558,#559,#560,#561,#562,#563,#564,#565,#566,
    #567,#568,#569,#570,#571,#572,#573,#574,#575,#576,#577,#578,#579,
    #580,#581,#582,#583,#584,#585,#586,#587,#588,#589,#590,#591,#592,
    #593,#594,#595,#596,#597,#598,#599,#600,#601,#602,#603,#604,#605,
    #606,#607,#608,#609,#610,#611,#612,#613,#614,#615,#616,#617,#618,
    #619,#620),.UNSPECIFIED.,.F.,.F.,(9,7,7,7,7,7,7,7,7,7,7,7,9),(0.,
    0.107950757,0.165115179917,0.2452583083,0.316215937698,0.52823718975
    ,0.684734922821,0.806065715986,0.885136667441,0.945869669289,
    0.972675277013,0.985812039261,1.),.UNSPECIFIED.);
#535 = CARTESIAN_POINT('',(3.141599262303,5.155690175508));
#536 = CARTESIAN_POINT('',(3.088228550888,5.190071421862));
#537 = CARTESIAN_POINT('',(3.034408665088,5.220967402277));
#538 = CARTESIAN_POINT('',(2.980547326019,5.247870512497));
#539 = CARTESIAN_POINT('',(2.926940202584,5.270519254073));
#540 = CARTESIAN_POINT('',(2.873824273231,5.2888248967));
#541 = CARTESIAN_POINT('',(2.821406076666,5.302831005496));
#542 = CARTESIAN_POINT('',(2.769876590146,5.312691334181));
#543 = CARTESIAN_POINT('',(2.692707976745,5.321807786318));
#544 = CARTESIAN_POINT('',(2.666265107463,5.323873712465));
#545 = CARTESIAN_POINT('',(2.640106098993,5.324884044102));
#546 = CARTESIAN_POINT('',(2.614236930268,5.324877285935));
#547 = CARTESIAN_POINT('',(2.588660083111,5.323893984987));
#548 = CARTESIAN_POINT('',(2.563375027095,5.321975249562));
#549 = CARTESIAN_POINT('',(2.538378432468,5.319161569022));
#550 = CARTESIAN_POINT('',(2.479015234735,5.310347196073));
#551 = CARTESIAN_POINT('',(2.444926182556,5.30352080675));
#552 = CARTESIAN_POINT('',(2.411375715126,5.295120309153));
#553 = CARTESIAN_POINT('',(2.378342090932,5.2852476248));
#554 = CARTESIAN_POINT('',(2.345802350541,5.273997975583));
#555 = CARTESIAN_POINT('',(2.313731600689,5.261458805336));
#556 = CARTESIAN_POINT('',(2.28210229837,5.247708701409));
#557 = CARTESIAN_POINT('',(2.223242868894,5.219630802147));
#558 = CARTESIAN_POINT('',(2.195927300058,5.205551388434));
#559 = CARTESIAN_POINT('',(2.16891691639,5.190626818699));
#560 = CARTESIAN_POINT('',(2.142193470808,5.174901781094));
#561 = CARTESIAN_POINT('',(2.115739733088,5.15841721729));
#562 = CARTESIAN_POINT('',(2.089538962183,5.141210480388));
#563 = CARTESIAN_POINT('',(2.063574498994,5.12331534179));
#564 = CARTESIAN_POINT('',(1.960903413898,5.049324042463));
#565 = CARTESIAN_POINT('',(1.886000208034,4.98805435099));
#566 = CARTESIAN_POINT('',(1.812598138223,4.921723326225));
#567 = CARTESIAN_POINT('',(1.740359493814,4.85091443511));
#568 = CARTESIAN_POINT('',(1.668986002653,4.776121164337));
#569 = CARTESIAN_POINT('',(1.598204900513,4.697738169213));
#570 = CARTESIAN_POINT('',(1.527729632688,4.616073252913));
#571 = CARTESIAN_POINT('',(1.405172204811,4.468756615118));
#572 = CARTESIAN_POINT('',(1.353141293195,4.404553850141));
#573 = CARTESIAN_POINT('',(1.301001334525,4.338805689177));
#574 = CARTESIAN_POINT('',(1.248639305463,4.271609465252));
#575 = CARTESIAN_POINT('',(1.195943691278,4.20306506018));
#576 = CARTESIAN_POINT('',(1.142798522591,4.133275837505));
#577 = CARTESIAN_POINT('',(1.089074823708,4.062347170593));
#578 = CARTESIAN_POINT('',(0.992389743065,3.934587115024));
#579 = CARTESIAN_POINT('',(0.949736952494,3.878188245262));
#580 = CARTESIAN_POINT('',(0.906576801541,3.821227639746));
#581 = CARTESIAN_POINT('',(0.862835341474,3.763766393292));
#582 = CARTESIAN_POINT('',(0.818438145473,3.705884266894));
#583 = CARTESIAN_POINT('',(0.773306988606,3.647680048868));
#584 = CARTESIAN_POINT('',(0.727353989505,3.589271457722));
#585 = CARTESIAN_POINT('',(0.649914923738,3.492684797906));
#586 = CARTESIAN_POINT('',(0.61897160954,3.454554759733));
#587 = CARTESIAN_POINT('',(0.587609765267,3.416442113661));
#588 = CARTESIAN_POINT('',(0.555802438107,3.378396452708));
#589 = CARTESIAN_POINT('',(0.52352477637,3.340478901253));
#590 = CARTESIAN_POINT('',(0.490753282733,3.302762068743));
#591 = CARTESIAN_POINT('',(0.457465010155,3.265330032602));
#592 = CARTESIAN_POINT('',(0.397653773001,3.199819607363));
#593 = CARTESIAN_POINT('',(0.371355120227,3.171588390833));
#594 = CARTESIAN_POINT('',(0.3447315718,3.143629333162));
#595 = CARTESIAN_POINT('',(0.317777400781,3.115994655023));
#596 = CARTESIAN_POINT('',(0.290490191477,3.088743800225));
#597 = CARTESIAN_POINT('',(0.262871060081,3.061942910296));
#598 = CARTESIAN_POINT('',(0.234925228105,3.035664138803));
#599 = CARTESIAN_POINT('',(0.194188880886,2.998650767615));
#600 = CARTESIAN_POINT('',(0.181653465302,2.9874337746));
#601 = CARTESIAN_POINT('',(0.16905777156,2.976340620523));
#602 = CARTESIAN_POINT('',(0.156403096208,2.965378319158));
#603 = CARTESIAN_POINT('',(0.143690983395,2.954554071751));
#604 = CARTESIAN_POINT('',(0.130923245622,2.943875234891));
#605 = CARTESIAN_POINT('',(0.118101984508,2.933349288379));
#606 = CARTESIAN_POINT('',(9.89211814187E-02,2.917903936333));
#607 = CARTESIAN_POINT('',(9.261498380534E-02,2.912874293906));
#608 = CARTESIAN_POINT('',(8.631044967102E-02,2.907894682671));
#609 = CARTESIAN_POINT('',(8.000696835215E-02,2.902964902434));
#610 = CARTESIAN_POINT('',(7.370388755193E-02,2.89808474595));
#611 = CARTESIAN_POINT('',(6.740051334032E-02,2.893253998926));
#612 = CARTESIAN_POINT('',(6.109611015407E-02,2.888472440017));
#613 = CARTESIAN_POINT('',(4.797907107422E-02,2.878628540932));
#614 = CARTESIAN_POINT('',(4.115647660855E-02,2.87356710597));
#615 = CARTESIAN_POINT('',(3.432255949421E-02,2.868556614779));
#616 = CARTESIAN_POINT('',(2.747778017107E-02,2.863598139978));
#617 = CARTESIAN_POINT('',(2.062261935875E-02,2.858692746676));
#618 = CARTESIAN_POINT('',(1.375757999095E-02,2.853841491184));
#619 = CARTESIAN_POINT('',(6.883189149762E-03,2.849045419738));
#620 = CARTESIAN_POINT('',(0.,2.844305567205));
#621 = ( GEOMETRIC_REPRESENTATION_CONTEXT(2) 
PARAMETRIC_REPRESENTATION_CONTEXT() REPRESENTATION_CONTEXT('2D SPACE',''
  ) );
#622 = ORIENTED_EDGE('',*,*,#623,.T.);
#623 = EDGE_CURVE('',#347,#273,#624,.T.);
#624 = SURFACE_CURVE('',#625,(#628,#634),.PCURVE_S1.);
#625 = B_SPLINE_CURVE_WITH_KNOTS('',1,(#626,#627),.UNSPECIFIED.,.F.,.F.,
  (2,2),(0.,1.),.PIECEWISE_BEZIER_KNOTS.);
#626 = CARTESIAN_POINT('',(-53.62894045015,364.5,375.74918399425));
#627 = CARTESIAN_POINT('',(-41.62894045015,364.5,256.34045787774));
#628 = PCURVE('',#43,#629);
#629 = DEFINITIONAL_REPRESENTATION('',(#630),#633);
#630 = B_SPLINE_CURVE_WITH_KNOTS('',1,(#631,#632),.UNSPECIFIED.,.F.,.F.,
  (2,2),(0.,1.),.PIECEWISE_BEZIER_KNOTS.);
#631 = CARTESIAN_POINT('',(134.14879545117,0.561843258307));
#632 = CARTESIAN_POINT('',(0.,0.561843258307));
#633 = ( GEOMETRIC_REPRESENTATION_CONTEXT(2) 
PARAMETRIC_REPRESENTATION_CONTEXT() REPRESENTATION_CONTEXT('2D SPACE',''
  ) );
#634 = PCURVE('',#635,#640);
#635 = PLANE('',#636);
#636 = AXIS2_PLACEMENT_3D('',#637,#638,#639);
#637 = CARTESIAN_POINT('',(-41.62894045015,367.5,256.34045787774));
#638 = DIRECTION('',(-0.994988289803,0.,-9.999151541061E-02));
#639 = DIRECTION('',(-9.999151541061E-02,0.,0.994988289803));
#640 = DEFINITIONAL_REPRESENTATION('',(#641),#644);
#641 = B_SPLINE_CURVE_WITH_KNOTS('',1,(#642,#643),.UNSPECIFIED.,.F.,.F.,
  (2,2),(0.,1.),.PIECEWISE_BEZIER_KNOTS.);
#642 = CARTESIAN_POINT('',(120.01018237119,-3.));
#643 = CARTESIAN_POINT('',(0.,-3.));
#644 = ( GEOMETRIC_REPRESENTATION_CONTEXT(2) 
PARAMETRIC_REPRESENTATION_CONTEXT() REPRESENTATION_CONTEXT('2D SPACE',''
  ) );
#645 = ADVANCED_FACE('',(#646),#256,.T.);
#646 = FACE_BOUND('',#647,.T.);
#647 = EDGE_LOOP('',(#648,#668,#669,#694));
#648 = ORIENTED_EDGE('',*,*,#649,.F.);
#649 = EDGE_CURVE('',#24,#650,#652,.T.);
#650 = VERTEX_POINT('',#651);
#651 = CARTESIAN_POINT('',(-53.62894045015,367.5,375.74918399425));
#652 = SURFACE_CURVE('',#653,(#656,#662),.PCURVE_S1.);
#653 = B_SPLINE_CURVE_WITH_KNOTS('',1,(#654,#655),.UNSPECIFIED.,.F.,.F.,
  (2,2),(0.,1.),.PIECEWISE_BEZIER_KNOTS.);
#654 = CARTESIAN_POINT('',(-53.62894045015,361.5,375.74918399425));
#655 = CARTESIAN_POINT('',(-53.62894045015,367.5,375.74918399425));
#656 = PCURVE('',#256,#657);
#657 = DEFINITIONAL_REPRESENTATION('',(#658),#661);
#658 = B_SPLINE_CURVE_WITH_KNOTS('',1,(#659,#660),.UNSPECIFIED.,.F.,.F.,
  (2,2),(0.,1.),.PIECEWISE_BEZIER_KNOTS.);
#659 = CARTESIAN_POINT('',(0.,-6.));
#660 = CARTESIAN_POINT('',(0.,0.));
#661 = ( GEOMETRIC_REPRESENTATION_CONTEXT(2) 
PARAMETRIC_REPRESENTATION_CONTEXT() REPRESENTATION_CONTEXT('2D SPACE',''
  ) );
#662 = PCURVE('',#335,#663);
#663 = DEFINITIONAL_REPRESENTATION('',(#664),#667);
#664 = B_SPLINE_CURVE_WITH_KNOTS('',1,(#665,#666),.UNSPECIFIED.,.F.,.F.,
  (2,2),(0.,1.),.PIECEWISE_BEZIER_KNOTS.);
#665 = CARTESIAN_POINT('',(120.01018237119,-6.));
#666 = CARTESIAN_POINT('',(120.01018237119,0.));
#667 = ( GEOMETRIC_REPRESENTATION_CONTEXT(2) 
PARAMETRIC_REPRESENTATION_CONTEXT() REPRESENTATION_CONTEXT('2D SPACE',''
  ) );
#668 = ORIENTED_EDGE('',*,*,#244,.F.);
#669 = ORIENTED_EDGE('',*,*,#670,.T.);
#670 = EDGE_CURVE('',#218,#671,#673,.T.);
#671 = VERTEX_POINT('',#672);
#672 = CARTESIAN_POINT('',(53.628940450157,367.5,375.74918399425));
#673 = SURFACE_CURVE('',#674,(#677,#683),.PCURVE_S1.);
#674 = B_SPLINE_CURVE_WITH_KNOTS('',1,(#675,#676),.UNSPECIFIED.,.F.,.F.,
  (2,2),(0.,1.),.PIECEWISE_BEZIER_KNOTS.);
#675 = CARTESIAN_POINT('',(53.628940450157,361.5,375.74918399425));
#676 = CARTESIAN_POINT('',(53.628940450157,367.5,375.74918399425));
#677 = PCURVE('',#256,#678);
#678 = DEFINITIONAL_REPRESENTATION('',(#679),#682);
#679 = B_SPLINE_CURVE_WITH_KNOTS('',1,(#680,#681),.UNSPECIFIED.,.F.,.F.,
  (2,2),(0.,1.),.PIECEWISE_BEZIER_KNOTS.);
#680 = CARTESIAN_POINT('',(107.25788090031,-6.));
#681 = CARTESIAN_POINT('',(107.25788090031,0.));
#682 = ( GEOMETRIC_REPRESENTATION_CONTEXT(2) 
PARAMETRIC_REPRESENTATION_CONTEXT() REPRESENTATION_CONTEXT('2D SPACE',''
  ) );
#683 = PCURVE('',#684,#689);
#684 = PLANE('',#685);
#685 = AXIS2_PLACEMENT_3D('',#686,#687,#688);
#686 = CARTESIAN_POINT('',(53.628940450157,367.5,375.74918399425));
#687 = DIRECTION('',(0.994988289803,0.,-9.999151541061E-02));
#688 = DIRECTION('',(-9.999151541061E-02,0.,-0.994988289803));
#689 = DEFINITIONAL_REPRESENTATION('',(#690),#693);
#690 = B_SPLINE_CURVE_WITH_KNOTS('',1,(#691,#692),.UNSPECIFIED.,.F.,.F.,
  (2,2),(0.,1.),.PIECEWISE_BEZIER_KNOTS.);
#691 = CARTESIAN_POINT('',(0.,-6.));
#692 = CARTESIAN_POINT('',(0.,0.));
#693 = ( GEOMETRIC_REPRESENTATION_CONTEXT(2) 
PARAMETRIC_REPRESENTATION_CONTEXT() REPRESENTATION_CONTEXT('2D SPACE',''
  ) );
#694 = ORIENTED_EDGE('',*,*,#695,.F.);
#695 = EDGE_CURVE('',#650,#671,#696,.T.);
#696 = SURFACE_CURVE('',#697,(#701,#708),.PCURVE_S1.);
#697 = LINE('',#698,#699);
#698 = CARTESIAN_POINT('',(-53.62894045015,367.5,375.74918399425));
#699 = VECTOR('',#700,1.);
#700 = DIRECTION('',(1.,0.,0.));
#701 = PCURVE('',#256,#702);
#702 = DEFINITIONAL_REPRESENTATION('',(#703),#707);
#703 = LINE('',#704,#705);
#704 = CARTESIAN_POINT('',(0.,0.));
#705 = VECTOR('',#706,1.);
#706 = DIRECTION('',(1.,0.));
#707 = ( GEOMETRIC_REPRESENTATION_CONTEXT(2) 
PARAMETRIC_REPRESENTATION_CONTEXT() REPRESENTATION_CONTEXT('2D SPACE',''
  ) );
#708 = PCURVE('',#709,#714);
#709 = PLANE('',#710);
#710 = AXIS2_PLACEMENT_3D('',#711,#712,#713);
#711 = CARTESIAN_POINT('',(-53.62894045015,367.5,375.74918399425));
#712 = DIRECTION('',(0.,-1.,0.));
#713 = DIRECTION('',(0.623620246609,0.,-0.781727438446));
#714 = DEFINITIONAL_REPRESENTATION('',(#715),#719);
#715 = LINE('',#716,#717);
#716 = CARTESIAN_POINT('',(0.,0.));
#717 = VECTOR('',#718,1.);
#718 = DIRECTION('',(0.623620246609,0.781727438446));
#719 = ( GEOMETRIC_REPRESENTATION_CONTEXT(2) 
PARAMETRIC_REPRESENTATION_CONTEXT() REPRESENTATION_CONTEXT('2D SPACE',''
  ) );
#720 = ADVANCED_FACE('',(#721),#232,.T.);
#721 = FACE_BOUND('',#722,.T.);
#722 = EDGE_LOOP('',(#723,#724,#747,#769,#794,#1092));
#723 = ORIENTED_EDGE('',*,*,#217,.F.);
#724 = ORIENTED_EDGE('',*,*,#725,.T.);
#725 = EDGE_CURVE('',#195,#726,#728,.T.);
#726 = VERTEX_POINT('',#727);
#727 = CARTESIAN_POINT('',(45.,293.333,244.167));
#728 = SURFACE_CURVE('',#729,(#733,#740),.PCURVE_S1.);
#729 = LINE('',#730,#731);
#730 = CARTESIAN_POINT('',(57.,293.333,377.778));
#731 = VECTOR('',#732,1.);
#732 = DIRECTION('',(-8.945290905998E-02,0.,-0.995991052701));
#733 = PCURVE('',#232,#734);
#734 = DEFINITIONAL_REPRESENTATION('',(#735),#739);
#735 = LINE('',#736,#737);
#736 = CARTESIAN_POINT('',(0.,0.));
#737 = VECTOR('',#738,1.);
#738 = DIRECTION('',(1.,0.));
#739 = ( GEOMETRIC_REPRESENTATION_CONTEXT(2) 
PARAMETRIC_REPRESENTATION_CONTEXT() REPRESENTATION_CONTEXT('2D SPACE',''
  ) );
#740 = PCURVE('',#71,#741);
#741 = DEFINITIONAL_REPRESENTATION('',(#742),#746);
#742 = LINE('',#743,#744);
#743 = CARTESIAN_POINT('',(69.175205163526,90.613415069646));
#744 = VECTOR('',#745,1.);
#745 = DIRECTION('',(0.737387959012,-0.67546946482));
#746 = ( GEOMETRIC_REPRESENTATION_CONTEXT(2) 
PARAMETRIC_REPRESENTATION_CONTEXT() REPRESENTATION_CONTEXT('2D SPACE',''
  ) );
#747 = ORIENTED_EDGE('',*,*,#748,.T.);
#748 = EDGE_CURVE('',#726,#749,#751,.T.);
#749 = VERTEX_POINT('',#750);
#750 = CARTESIAN_POINT('',(41.628940450157,364.5,256.34045787774));
#751 = SURFACE_CURVE('',#752,(#755,#762),.PCURVE_S1.);
#752 = B_SPLINE_CURVE_WITH_KNOTS('',1,(#753,#754),.UNSPECIFIED.,.F.,.F.,
  (2,2),(0.,1.),.PIECEWISE_BEZIER_KNOTS.);
#753 = CARTESIAN_POINT('',(45.,293.333,244.167));
#754 = CARTESIAN_POINT('',(39.,420.,265.834));
#755 = PCURVE('',#232,#756);
#756 = DEFINITIONAL_REPRESENTATION('',(#757),#761);
#757 = LINE('',#758,#759);
#758 = CARTESIAN_POINT('',(134.14879545117,0.));
#759 = VECTOR('',#760,1.);
#760 = DIRECTION('',(0.,1.));
#761 = ( GEOMETRIC_REPRESENTATION_CONTEXT(2) 
PARAMETRIC_REPRESENTATION_CONTEXT() REPRESENTATION_CONTEXT('2D SPACE',''
  ) );
#762 = PCURVE('',#287,#763);
#763 = DEFINITIONAL_REPRESENTATION('',(#764),#768);
#764 = LINE('',#765,#766);
#765 = CARTESIAN_POINT('',(0.,0.));
#766 = VECTOR('',#767,1.);
#767 = DIRECTION('',(0.,1.));
#768 = ( GEOMETRIC_REPRESENTATION_CONTEXT(2) 
PARAMETRIC_REPRESENTATION_CONTEXT() REPRESENTATION_CONTEXT('2D SPACE',''
  ) );
#769 = ORIENTED_EDGE('',*,*,#770,.T.);
#770 = EDGE_CURVE('',#749,#771,#773,.T.);
#771 = VERTEX_POINT('',#772);
#772 = CARTESIAN_POINT('',(44.428689818062,364.5,284.2));
#773 = SURFACE_CURVE('',#774,(#777,#783),.PCURVE_S1.);
#774 = B_SPLINE_CURVE_WITH_KNOTS('',1,(#775,#776),.UNSPECIFIED.,.F.,.F.,
  (2,2),(0.,1.),.PIECEWISE_BEZIER_KNOTS.);
#775 = CARTESIAN_POINT('',(41.628940450157,364.5,256.34045787774));
#776 = CARTESIAN_POINT('',(53.628940450157,364.5,375.74918399425));
#777 = PCURVE('',#232,#778);
#778 = DEFINITIONAL_REPRESENTATION('',(#779),#782);
#779 = B_SPLINE_CURVE_WITH_KNOTS('',1,(#780,#781),.UNSPECIFIED.,.F.,.F.,
  (2,2),(0.,1.),.PIECEWISE_BEZIER_KNOTS.);
#780 = CARTESIAN_POINT('',(134.14879545117,0.561843258307));
#781 = CARTESIAN_POINT('',(0.,0.561843258307));
#782 = ( GEOMETRIC_REPRESENTATION_CONTEXT(2) 
PARAMETRIC_REPRESENTATION_CONTEXT() REPRESENTATION_CONTEXT('2D SPACE',''
  ) );
#783 = PCURVE('',#784,#789);
#784 = PLANE('',#785);
#785 = AXIS2_PLACEMENT_3D('',#786,#787,#788);
#786 = CARTESIAN_POINT('',(53.628940450157,367.5,375.74918399425));
#787 = DIRECTION('',(0.994988289803,0.,-9.999151541061E-02));
#788 = DIRECTION('',(-9.999151541061E-02,0.,-0.994988289803));
#789 = DEFINITIONAL_REPRESENTATION('',(#790),#793);
#790 = B_SPLINE_CURVE_WITH_KNOTS('',1,(#791,#792),.UNSPECIFIED.,.F.,.F.,
  (2,2),(0.,1.),.PIECEWISE_BEZIER_KNOTS.);
#791 = CARTESIAN_POINT('',(120.01018237119,-3.));
#792 = CARTESIAN_POINT('',(0.,-3.));
#793 = ( GEOMETRIC_REPRESENTATION_CONTEXT(2) 
PARAMETRIC_REPRESENTATION_CONTEXT() REPRESENTATION_CONTEXT('2D SPACE',''
  ) );
#794 = ORIENTED_EDGE('',*,*,#795,.T.);
#795 = EDGE_CURVE('',#771,#796,#798,.T.);
#796 = VERTEX_POINT('',#797);
#797 = CARTESIAN_POINT('',(46.740078683652,364.5,307.19999999999));
#798 = SURFACE_CURVE('',#799,(#893,#990),.PCURVE_S1.);
#799 = B_SPLINE_CURVE_WITH_KNOTS('',8,(#800,#801,#802,#803,#804,#805,
    #806,#807,#808,#809,#810,#811,#812,#813,#814,#815,#816,#817,#818,
    #819,#820,#821,#822,#823,#824,#825,#826,#827,#828,#829,#830,#831,
    #832,#833,#834,#835,#836,#837,#838,#839,#840,#841,#842,#843,#844,
    #845,#846,#847,#848,#849,#850,#851,#852,#853,#854,#855,#856,#857,
    #858,#859,#860,#861,#862,#863,#864,#865,#866,#867,#868,#869,#870,
    #871,#872,#873,#874,#875,#876,#877,#878,#879,#880,#881,#882,#883,
    #884,#885,#886,#887,#888,#889,#890,#891,#892),.UNSPECIFIED.,.F.,.F.,
  (9,7,7,7,7,7,7,7,7,7,7,7,7,9),(0.,0.114210829601,0.194527806684,
    0.261425309508,0.318043202622,0.470498464241,0.628878800035,
    0.75243896242,0.834553030338,0.892794712646,0.949451418193,
    0.97747492212,0.986956536871,1.),.UNSPECIFIED.);
#800 = CARTESIAN_POINT('',(44.428685267242,364.5000760002,
    284.20000000025));
#801 = CARTESIAN_POINT('',(44.46735344793,363.85430097122,284.1999957325
    ));
#802 = CARTESIAN_POINT('',(44.509740944439,363.21563433481,
    284.24143515736));
#803 = CARTESIAN_POINT('',(44.555282790318,362.59054365759,
    284.32272054059));
#804 = CARTESIAN_POINT('',(44.60338379946,361.98360233777,
    284.44079601392));
#805 = CARTESIAN_POINT('',(44.653487622882,361.39803944041,
    284.59214101629));
#806 = CARTESIAN_POINT('',(44.705098709554,360.83593361869,
    284.7731100676));
#807 = CARTESIAN_POINT('',(44.757804615175,360.29839958788,
    284.98027687329));
#808 = CARTESIAN_POINT('',(44.848904146119,359.42521645082,
    285.37271567324));
#809 = CARTESIAN_POINT('',(44.88691242999,359.07690851325,
    285.54627922424));
#810 = CARTESIAN_POINT('',(44.925215370226,358.7408453784,
    285.73039503678));
#811 = CARTESIAN_POINT('',(44.963724850871,358.41699183712,
    285.92415894175));
#812 = CARTESIAN_POINT('',(45.002364919721,358.10525112111,
    286.12674728039));
#813 = CARTESIAN_POINT('',(45.041071804619,357.80547176275,
    286.33742240051));
#814 = CARTESIAN_POINT('',(45.079793962062,357.51745628771,
    286.55553944911));
#815 = CARTESIAN_POINT('',(45.150724604719,357.01068262214,
    286.96797364625));
#816 = CARTESIAN_POINT('',(45.182937051198,356.78841697544,
    287.16015852292));
#817 = CARTESIAN_POINT('',(45.215104928857,356.5740516872,
    287.35678241237));
#818 = CARTESIAN_POINT('',(45.247206064097,356.36746771103,
    287.55754421214));
#819 = CARTESIAN_POINT('',(45.279220669033,356.1685493466,287.7621680489
    ));
#820 = CARTESIAN_POINT('',(45.311131332163,355.97718351949,
    287.97040293142));
#821 = CARTESIAN_POINT('',(45.342923009015,355.79325906081,
    288.18202240346));
#822 = CARTESIAN_POINT('',(45.401378074444,355.46720857304,
    288.57861909865));
#823 = CARTESIAN_POINT('',(45.428078103793,355.32300664932,
    288.7626886608));
#824 = CARTESIAN_POINT('',(45.454675049791,355.18399576208,
    288.94890792188));
#825 = CARTESIAN_POINT('',(45.481161361716,355.05011596315,
    289.13715946351));
#826 = CARTESIAN_POINT('',(45.50752999519,354.92131141335,
    289.32733326336));
#827 = CARTESIAN_POINT('',(45.53377441819,354.79752998579,289.5193265484
    ));
#828 = CARTESIAN_POINT('',(45.559888617039,354.67872286919,
    289.71304364808));
#829 = CARTESIAN_POINT('',(45.655819489684,354.25820247658,
    290.4344216152));
#830 = CARTESIAN_POINT('',(45.724775750166,353.98734839662,
    290.97221196101));
#831 = CARTESIAN_POINT('',(45.792641916199,353.75131388774,
    291.52012530141));
#832 = CARTESIAN_POINT('',(45.859321254744,353.5494629266,
    292.07668518306));
#833 = CARTESIAN_POINT('',(45.924718619865,353.3813629608,292.6405484841
    ));
#834 = CARTESIAN_POINT('',(45.988741739572,353.24674490187,
    293.21049561912));
#835 = CARTESIAN_POINT('',(46.051300450464,353.14551989894,293.785433131
    ));
#836 = CARTESIAN_POINT('',(46.175680234522,353.00749129527,
    294.96586610599));
#837 = CARTESIAN_POINT('',(46.237356618453,352.97336812437,
    295.57147641477));
#838 = CARTESIAN_POINT('',(46.297236441898,352.9755594935,
    296.18015885348));
#839 = CARTESIAN_POINT('',(46.355195714187,353.01446459107,
    296.79074394795));
#840 = CARTESIAN_POINT('',(46.411086751728,353.09072041669,
    297.40195817044));
#841 = CARTESIAN_POINT('',(46.464739371234,353.20517781731,
    298.01242219642));
#842 = CARTESIAN_POINT('',(46.515957911279,353.35895073107,
    298.62064987193));
#843 = CARTESIAN_POINT('',(46.602390346141,353.70542381778,
    299.69656223986));
#844 = CARTESIAN_POINT('',(46.638633793384,353.88207927037,
    300.16557947568));
#845 = CARTESIAN_POINT('',(46.673137971406,354.08426852538,
    300.63139076505));
#846 = CARTESIAN_POINT('',(46.705770915524,354.31282408718,
    301.09306983406));
#847 = CARTESIAN_POINT('',(46.736373611975,354.56867292646,
    301.54947133598));
#848 = CARTESIAN_POINT('',(46.764761134494,354.85281937792,
    301.9992343224));
#849 = CARTESIAN_POINT('',(46.79072044071,355.16637062865,
    302.44077727594));
#850 = CARTESIAN_POINT('',(46.829473310859,355.73944074055,
    303.15903338651));
#851 = CARTESIAN_POINT('',(46.843758270281,355.98174548117,
    303.44128137579));
#852 = CARTESIAN_POINT('',(46.856783872691,356.2379338758,
    303.71848382598));
#853 = CARTESIAN_POINT('',(46.868466499413,356.5083603128,
    303.98998462187));
#854 = CARTESIAN_POINT('',(46.878712817916,356.79334550535,
    304.25501299452));
#855 = CARTESIAN_POINT('',(46.887421032609,357.09316329305,
    304.51268986809));
#856 = CARTESIAN_POINT('',(46.894481972526,357.40802896641,
    304.76203364747));
#857 = CARTESIAN_POINT('',(46.903537800217,357.97219343668,
    305.17214373603));
#858 = CARTESIAN_POINT('',(46.906408304979,358.21391569004,
    305.33756824331));
#859 = CARTESIAN_POINT('',(46.908350347221,358.46329052923,
    305.49784481603));
#860 = CARTESIAN_POINT('',(46.909321120163,358.72030558066,
    305.65253802053));
#861 = CARTESIAN_POINT('',(46.909277152595,358.98489413177,305.80117713)
  );
#862 = CARTESIAN_POINT('',(46.908175606777,359.25692548139,
    305.94326412446));
#863 = CARTESIAN_POINT('',(46.905975914859,359.53619295072,
    306.07828370257));
#864 = CARTESIAN_POINT('',(46.899398327909,360.10081739324,
    306.32967901141));
#865 = CARTESIAN_POINT('',(46.895081196844,360.3858153265,
    306.44646827362));
#866 = CARTESIAN_POINT('',(46.889657193145,360.67708155212,
    306.55558499351));
#867 = CARTESIAN_POINT('',(46.883097886828,360.97422542369,
    306.65653690563));
#868 = CARTESIAN_POINT('',(46.875381076074,361.27677051455,
    306.74884883721));
#869 = CARTESIAN_POINT('',(46.866492851047,361.58414533033,
    306.83207809095));
#870 = CARTESIAN_POINT('',(46.856430230831,361.89567167029,
    306.90583395104));
#871 = CARTESIAN_POINT('',(46.839651847039,362.3662958735,307.001440808)
  );
#872 = CARTESIAN_POINT('',(46.833814574881,362.52286588374,
    307.03068649869));
#873 = CARTESIAN_POINT('',(46.82769383289,362.68016557258,
    307.05750038823));
#874 = CARTESIAN_POINT('',(46.82129156884,362.83809710664,
    307.08184977447));
#875 = CARTESIAN_POINT('',(46.814610433326,362.99655986665,
    307.10370750374));
#876 = CARTESIAN_POINT('',(46.807653810673,363.15545039917,
    307.12305222542));
#877 = CARTESIAN_POINT('',(46.800425849835,363.31466236837,
    307.13986864649));
#878 = CARTESIAN_POINT('',(46.790395817302,363.52802688147,
    307.15897906281));
#879 = CARTESIAN_POINT('',(46.787829638392,363.5819916513,
    307.16351988956));
#880 = CARTESIAN_POINT('',(46.785233143065,363.63597673007,
    307.1677699296));
#881 = CARTESIAN_POINT('',(46.782606525095,363.68997801184,
    307.17172892819));
#882 = CARTESIAN_POINT('',(46.779949987539,363.74399137208,
    307.17539671266));
#883 = CARTESIAN_POINT('',(46.777263742738,363.79801266759,
    307.17877319243));
#884 = CARTESIAN_POINT('',(46.774548012316,363.85203773655,
    307.18185835896));
#885 = CARTESIAN_POINT('',(46.768026865284,363.98038187931,
    307.18849577474));
#886 = CARTESIAN_POINT('',(46.764195339482,364.05470061828,
    307.19178811449));
#887 = CARTESIAN_POINT('',(46.760309043249,364.1290078862,307.1945295054
    ));
#888 = CARTESIAN_POINT('',(46.756368598776,364.20329298109,
    307.19672044807));
#889 = CARTESIAN_POINT('',(46.752374655126,364.27754525418,
    307.19836173876));
#890 = CARTESIAN_POINT('',(46.748327886363,364.35175413596,
    307.19945446479));
#891 = CARTESIAN_POINT('',(46.744228989704,364.42590916221,
    307.19999999998));
#892 = CARTESIAN_POINT('',(46.740078683652,364.5,307.2));
#893 = PCURVE('',#232,#894);
#894 = DEFINITIONAL_REPRESENTATION('',(#895),#989);
#895 = B_SPLINE_CURVE_WITH_KNOTS('',8,(#896,#897,#898,#899,#900,#901,
    #902,#903,#904,#905,#906,#907,#908,#909,#910,#911,#912,#913,#914,
    #915,#916,#917,#918,#919,#920,#921,#922,#923,#924,#925,#926,#927,
    #928,#929,#930,#931,#932,#933,#934,#935,#936,#937,#938,#939,#940,
    #941,#942,#943,#944,#945,#946,#947,#948,#949,#950,#951,#952,#953,
    #954,#955,#956,#957,#958,#959,#960,#961,#962,#963,#964,#965,#966,
    #967,#968,#969,#970,#971,#972,#973,#974,#975,#976,#977,#978,#979,
    #980,#981,#982,#983,#984,#985,#986,#987,#988),.UNSPECIFIED.,.F.,.F.,
  (9,7,7,7,7,7,7,7,7,7,7,7,7,9),(0.,0.114210829601,0.194527806684,
    0.261425309508,0.318043202622,0.470498464241,0.628878800035,
    0.75243896242,0.834553030338,0.892794712646,0.949451418193,
    0.97747492212,0.986956536871,1.),.UNSPECIFIED.);
#896 = CARTESIAN_POINT('',(102.85022230797,0.561843858307));
#897 = CARTESIAN_POINT('',(102.75990755138,0.556745647811));
#898 = CARTESIAN_POINT('',(102.62425018593,0.551703556055));
#899 = CARTESIAN_POINT('',(102.44614121696,0.546768642642));
#900 = CARTESIAN_POINT('',(102.22981250265,0.541977013254));
#901 = CARTESIAN_POINT('',(101.97977360762,0.53735416044));
#902 = CARTESIAN_POINT('',(101.70046361352,0.532916494578));
#903 = CARTESIAN_POINT('',(101.39590298368,0.528672816028));
#904 = CARTESIAN_POINT('',(100.83987485871,0.521779283087));
#905 = CARTESIAN_POINT('',(100.59941839427,0.519029490817));
#906 = CARTESIAN_POINT('',(100.34918391571,0.516376367786));
#907 = CARTESIAN_POINT('',(100.09017512152,0.513819636031));
#908 = CARTESIAN_POINT('',(99.823292328505,0.511358531592));
#909 = CARTESIAN_POINT('',(99.549328656946,0.508991858675));
#910 = CARTESIAN_POINT('',(99.268964884357,0.506718058277));
#911 = CARTESIAN_POINT('',(98.744380072615,0.502717224077));
#912 = CARTESIAN_POINT('',(98.501972065155,0.500962499905));
#913 = CARTESIAN_POINT('',(98.255878792391,0.49927014682));
#914 = CARTESIAN_POINT('',(98.00641117352,0.497639224984));
#915 = CARTESIAN_POINT('',(97.753851685753,0.496068820976));
#916 = CARTESIAN_POINT('',(97.498454850145,0.494558042106));
#917 = CARTESIAN_POINT('',(97.240447717439,0.493106010727));
#918 = CARTESIAN_POINT('',(96.759629265198,0.490531934703));
#919 = CARTESIAN_POINT('',(96.537507591413,0.489393501459));
#920 = CARTESIAN_POINT('',(96.313789466432,0.488296049974));
#921 = CARTESIAN_POINT('',(96.088591044843,0.487239106975));
#922 = CARTESIAN_POINT('',(95.862020644898,0.486222231626));
#923 = CARTESIAN_POINT('',(95.634178891467,0.485245012401));
#924 = CARTESIAN_POINT('',(95.405158859005,0.484307063949));
#925 = CARTESIAN_POINT('',(94.555420836578,0.480987174849));
#926 = CARTESIAN_POINT('',(93.92798049136,0.478848858792));
#927 = CARTESIAN_POINT('',(93.294288260976,0.476985433363));
#928 = CARTESIAN_POINT('',(92.655762326048,0.475391877337));
#929 = CARTESIAN_POINT('',(92.013695380219,0.474064775836));
#930 = CARTESIAN_POINT('',(91.369261429471,0.473002004483));
#931 = CARTESIAN_POINT('',(90.723515465963,0.472202861826));
#932 = CARTESIAN_POINT('',(89.406156360642,0.471113165191));
#933 = CARTESIAN_POINT('',(88.734741332446,0.470843772446));
#934 = CARTESIAN_POINT('',(88.064180413886,0.470861072683));
#935 = CARTESIAN_POINT('',(87.395648321298,0.471168217382));
#936 = CARTESIAN_POINT('',(86.730458706826,0.471770235473));
#937 = CARTESIAN_POINT('',(86.070063508902,0.472673844153));
#938 = CARTESIAN_POINT('',(85.416060172203,0.473887837646));
#939 = CARTESIAN_POINT('',(84.266357207726,0.47662314429));
#940 = CARTESIAN_POINT('',(83.76764435925,0.47801778893));
#941 = CARTESIAN_POINT('',(83.274853917379,0.47961401569));
#942 = CARTESIAN_POINT('',(82.789020285248,0.481418396956));
#943 = CARTESIAN_POINT('',(82.31143022639,0.483438250898));
#944 = CARTESIAN_POINT('',(81.843619215075,0.485681506453));
#945 = CARTESIAN_POINT('',(81.387382573632,0.48815690455));
#946 = CARTESIAN_POINT('',(80.650701947372,0.49268113037));
#947 = CARTESIAN_POINT('',(80.362701004015,0.494594057499));
#948 = CARTESIAN_POINT('',(80.081426638717,0.496616592134));
#949 = CARTESIAN_POINT('',(79.807625969718,0.498751532071));
#950 = CARTESIAN_POINT('',(79.542172539282,0.501001409249));
#951 = CARTESIAN_POINT('',(79.286059319852,0.503368385555));
#952 = CARTESIAN_POINT('',(79.040392737406,0.505854160645));
#953 = CARTESIAN_POINT('',(78.640413151354,0.510308078953));
#954 = CARTESIAN_POINT('',(78.480323599694,0.51221640751));
#955 = CARTESIAN_POINT('',(78.326561092884,0.514185151059));
#956 = CARTESIAN_POINT('',(78.179610722954,0.516214211915));
#957 = CARTESIAN_POINT('',(78.039993783986,0.518303063401));
#958 = CARTESIAN_POINT('',(77.908258372532,0.520450673667));
#959 = CARTESIAN_POINT('',(77.784967442595,0.522655411044));
#960 = CARTESIAN_POINT('',(77.55951126449,0.527112960702));
#961 = CARTESIAN_POINT('',(77.456856855506,0.529362938465));
#962 = CARTESIAN_POINT('',(77.363256979375,0.531662402616));
#963 = CARTESIAN_POINT('',(77.279236317076,0.534008269113));
#964 = CARTESIAN_POINT('',(77.205295347982,0.536396776702));
#965 = CARTESIAN_POINT('',(77.141892196398,0.538823413599));
#966 = CARTESIAN_POINT('',(77.089419316073,0.5412828256));
#967 = CARTESIAN_POINT('',(77.027774781361,0.544998270059));
#968 = CARTESIAN_POINT('',(77.010120995569,0.546234345834));
#969 = CARTESIAN_POINT('',(76.995249748708,0.547476182215));
#970 = CARTESIAN_POINT('',(76.983191072503,0.548723006834));
#971 = CARTESIAN_POINT('',(76.973968617027,0.549974025331));
#972 = CARTESIAN_POINT('',(76.967599330753,0.551228420971));
#973 = CARTESIAN_POINT('',(76.964093140596,0.552485354263));
#974 = CARTESIAN_POINT('',(76.963235919006,0.554169806512));
#975 = CARTESIAN_POINT('',(76.963347259121,0.554595843048));
#976 = CARTESIAN_POINT('',(76.963786754219,0.555022039916));
#977 = CARTESIAN_POINT('',(76.964554412308,0.555448364703));
#978 = CARTESIAN_POINT('',(76.965650147483,0.555874784846));
#979 = CARTESIAN_POINT('',(76.967073779926,0.556301267636));
#980 = CARTESIAN_POINT('',(76.968825035907,0.556727780215));
#981 = CARTESIAN_POINT('',(76.973762870144,0.557741020781));
#982 = CARTESIAN_POINT('',(76.977241607586,0.558327746103));
#983 = CARTESIAN_POINT('',(76.981338555996,0.558914380893));
#984 = CARTESIAN_POINT('',(76.986052465489,0.559500840654));
#985 = CARTESIAN_POINT('',(76.991381887241,0.560087041285));
#986 = CARTESIAN_POINT('',(76.99732502033,0.560672899314));
#987 = CARTESIAN_POINT('',(77.003879558563,0.561258332139));
#988 = CARTESIAN_POINT('',(77.011042537316,0.561843258266));
#989 = ( GEOMETRIC_REPRESENTATION_CONTEXT(2) 
PARAMETRIC_REPRESENTATION_CONTEXT() REPRESENTATION_CONTEXT('2D SPACE',''
  ) );
#990 = PCURVE('',#991,#996);
#991 = CYLINDRICAL_SURFACE('',#992,11.5);
#992 = AXIS2_PLACEMENT_3D('',#993,#994,#995);
#993 = CARTESIAN_POINT('',(41.584384250857,364.5,295.7));
#994 = DIRECTION('',(1.,0.,0.));
#995 = DIRECTION('',(-0.,0.,1.));
#996 = DEFINITIONAL_REPRESENTATION('',(#997),#1091);
#997 = B_SPLINE_CURVE_WITH_KNOTS('',8,(#998,#999,#1000,#1001,#1002,#1003
    ,#1004,#1005,#1006,#1007,#1008,#1009,#1010,#1011,#1012,#1013,#1014,
    #1015,#1016,#1017,#1018,#1019,#1020,#1021,#1022,#1023,#1024,#1025,
    #1026,#1027,#1028,#1029,#1030,#1031,#1032,#1033,#1034,#1035,#1036,
    #1037,#1038,#1039,#1040,#1041,#1042,#1043,#1044,#1045,#1046,#1047,
    #1048,#1049,#1050,#1051,#1052,#1053,#1054,#1055,#1056,#1057,#1058,
    #1059,#1060,#1061,#1062,#1063,#1064,#1065,#1066,#1067,#1068,#1069,
    #1070,#1071,#1072,#1073,#1074,#1075,#1076,#1077,#1078,#1079,#1080,
    #1081,#1082,#1083,#1084,#1085,#1086,#1087,#1088,#1089,#1090),
  .UNSPECIFIED.,.F.,.F.,(9,7,7,7,7,7,7,7,7,7,7,7,7,9),(0.,0.114210829601
    ,0.194527806684,0.261425309508,0.318043202622,0.470498464241,
    0.628878800035,0.75243896242,0.834553030338,0.892794712646,
    0.949451418193,0.97747492212,0.986956536871,1.),.UNSPECIFIED.);
#998 = CARTESIAN_POINT('',(3.141599262303,2.844301016385));
#999 = CARTESIAN_POINT('',(3.085444911956,2.882969197073));
#1000 = CARTESIAN_POINT('',(3.029908714405,2.925356693581));
#1001 = CARTESIAN_POINT('',(2.975283176394,2.970898539461));
#1002 = CARTESIAN_POINT('',(2.921721379639,3.018999548602));
#1003 = CARTESIAN_POINT('',(2.869314432379,3.069103372024));
#1004 = CARTESIAN_POINT('',(2.818102509177,3.120714458696));
#1005 = CARTESIAN_POINT('',(2.768083598093,3.173420364317));
#1006 = CARTESIAN_POINT('',(2.684838588704,3.264519895262));
#1007 = CARTESIAN_POINT('',(2.651025837866,3.302528179133));
#1008 = CARTESIAN_POINT('',(2.617746266229,3.340831119369));
#1009 = CARTESIAN_POINT('',(2.584975841198,3.379340600014));
#1010 = CARTESIAN_POINT('',(2.552689974808,3.417980668863));
#1011 = CARTESIAN_POINT('',(2.52086265244,3.456687553762));
#1012 = CARTESIAN_POINT('',(2.48946562635,3.495409711205));
#1013 = CARTESIAN_POINT('',(2.432648903454,3.566340353862));
#1014 = CARTESIAN_POINT('',(2.407109673867,3.59855280034));
#1015 = CARTESIAN_POINT('',(2.381833421268,3.630720678));
#1016 = CARTESIAN_POINT('',(2.356804768992,3.662821813239));
#1017 = CARTESIAN_POINT('',(2.332009183656,3.694836418176));
#1018 = CARTESIAN_POINT('',(2.307432631121,3.726747081305));
#1019 = CARTESIAN_POINT('',(2.283061232449,3.758538758158));
#1020 = CARTESIAN_POINT('',(2.238416204512,3.816993823586));
#1021 = CARTESIAN_POINT('',(2.218088917136,3.843693852936));
#1022 = CARTESIAN_POINT('',(2.197890841061,3.870290798934));
#1023 = CARTESIAN_POINT('',(2.177814221106,3.896777110859));
#1024 = CARTESIAN_POINT('',(2.157851660621,3.923145744333));
#1025 = CARTESIAN_POINT('',(2.137996018514,3.949390167332));
#1026 = CARTESIAN_POINT('',(2.118240306282,3.975504366182));
#1027 = CARTESIAN_POINT('',(2.045631684983,4.071435238827));
#1028 = CARTESIAN_POINT('',(1.993369215872,4.140391499308));
#1029 = CARTESIAN_POINT('',(1.941644993186,4.208257665342));
#1030 = CARTESIAN_POINT('',(1.890340270047,4.274937003887));
#1031 = CARTESIAN_POINT('',(1.839347857507,4.340334369008));
#1032 = CARTESIAN_POINT('',(1.788564611377,4.404357488715));
#1033 = CARTESIAN_POINT('',(1.737886094616,4.466916199607));
#1034 = CARTESIAN_POINT('',(1.634540402995,4.591295983664));
#1035 = CARTESIAN_POINT('',(1.581890405399,4.652972367596));
#1036 = CARTESIAN_POINT('',(1.529119247816,4.712852191041));
#1037 = CARTESIAN_POINT('',(1.476109968781,4.77081146333));
#1038 = CARTESIAN_POINT('',(1.422747337397,4.826702500871));
#1039 = CARTESIAN_POINT('',(1.368911600564,4.880355120377));
#1040 = CARTESIAN_POINT('',(1.314469468213,4.931573660422));
#1041 = CARTESIAN_POINT('',(1.216180475574,5.018006095284));
#1042 = CARTESIAN_POINT('',(1.172650983365,5.054249542527));
#1043 = CARTESIAN_POINT('',(1.128584413082,5.088753720549));
#1044 = CARTESIAN_POINT('',(1.083902841224,5.121386664667));
#1045 = CARTESIAN_POINT('',(1.038528071238,5.151989361118));
#1046 = CARTESIAN_POINT('',(0.992378070203,5.180376883637));
#1047 = CARTESIAN_POINT('',(0.94536058384,5.206336189853));
#1048 = CARTESIAN_POINT('',(0.865459832856,5.245089060002));
#1049 = CARTESIAN_POINT('',(0.833133908216,5.259374019424));
#1050 = CARTESIAN_POINT('',(0.800348539929,5.272399621833));
#1051 = CARTESIAN_POINT('',(0.767074067126,5.284082248556));
#1052 = CARTESIAN_POINT('',(0.733283685388,5.294328567058));
#1053 = CARTESIAN_POINT('',(0.698952611598,5.303036781751));
#1054 = CARTESIAN_POINT('',(0.664057258493,5.310097721669));
#1055 = CARTESIAN_POINT('',(0.603407229904,5.31915354936));
#1056 = CARTESIAN_POINT('',(0.577947287745,5.322024054122));
#1057 = CARTESIAN_POINT('',(0.552188001512,5.323966096364));
#1058 = CARTESIAN_POINT('',(0.526125866218,5.324936869306));
#1059 = CARTESIAN_POINT('',(0.499760391631,5.324892901738));
#1060 = CARTESIAN_POINT('',(0.473094336369,5.32379135592));
#1061 = CARTESIAN_POINT('',(0.446134247298,5.321591664002));
#1062 = CARTESIAN_POINT('',(0.392389744796,5.315014077051));
#1063 = CARTESIAN_POINT('',(0.365619235078,5.310696945987));
#1064 = CARTESIAN_POINT('',(0.338593773754,5.305272942288));
#1065 = CARTESIAN_POINT('',(0.311331064391,5.298713635971));
#1066 = CARTESIAN_POINT('',(0.283852817254,5.290996825217));
#1067 = CARTESIAN_POINT('',(0.256185524494,5.28210860019));
#1068 = CARTESIAN_POINT('',(0.228361708723,5.272045979974));
#1069 = CARTESIAN_POINT('',(0.186601948265,5.255267596182));
#1070 = CARTESIAN_POINT('',(0.172753407494,5.249430324024));
#1071 = CARTESIAN_POINT('',(0.158880764193,5.243309582033));
#1072 = CARTESIAN_POINT('',(0.144988827637,5.236907317983));
#1073 = CARTESIAN_POINT('',(0.131082509075,5.230226182469));
#1074 = CARTESIAN_POINT('',(0.117166855978,5.223269559816));
#1075 = CARTESIAN_POINT('',(0.103247086286,5.216041598977));
#1076 = CARTESIAN_POINT('',(8.461937891903E-02,5.206011566445));
#1077 = CARTESIAN_POINT('',(7.991027551851E-02,5.203445387535));
#1078 = CARTESIAN_POINT('',(7.520150961367E-02,5.200848892208));
#1079 = CARTESIAN_POINT('',(7.049327969284E-02,5.198222274238));
#1080 = CARTESIAN_POINT('',(6.578578556583E-02,5.195565736682));
#1081 = CARTESIAN_POINT('',(6.107922836402E-02,5.19287949188));
#1082 = CARTESIAN_POINT('',(5.637381054027E-02,5.190163761459));
#1083 = CARTESIAN_POINT('',(4.519853595885E-02,5.183642614427));
#1084 = CARTESIAN_POINT('',(3.872987570249E-02,5.179811088625));
#1085 = CARTESIAN_POINT('',(3.226427296901E-02,5.175924792391));
#1086 = CARTESIAN_POINT('',(2.580224331171E-02,5.171984347919));
#1087 = CARTESIAN_POINT('',(1.934429844208E-02,5.167990404268));
#1088 = CARTESIAN_POINT('',(1.289094470372E-02,5.163943635506));
#1089 = CARTESIAN_POINT('',(6.442681546412E-03,5.159844738847));
#1090 = CARTESIAN_POINT('',(0.,5.155694432795));
#1091 = ( GEOMETRIC_REPRESENTATION_CONTEXT(2) 
PARAMETRIC_REPRESENTATION_CONTEXT() REPRESENTATION_CONTEXT('2D SPACE',''
  ) );
#1092 = ORIENTED_EDGE('',*,*,#1093,.T.);
#1093 = EDGE_CURVE('',#796,#218,#1094,.T.);
#1094 = SURFACE_CURVE('',#1095,(#1098,#1104),.PCURVE_S1.);
#1095 = B_SPLINE_CURVE_WITH_KNOTS('',1,(#1096,#1097),.UNSPECIFIED.,.F.,
  .F.,(2,2),(0.,1.),.PIECEWISE_BEZIER_KNOTS.);
#1096 = CARTESIAN_POINT('',(41.628940450157,364.5,256.34045787774));
#1097 = CARTESIAN_POINT('',(53.628940450157,364.5,375.74918399425));
#1098 = PCURVE('',#232,#1099);
#1099 = DEFINITIONAL_REPRESENTATION('',(#1100),#1103);
#1100 = B_SPLINE_CURVE_WITH_KNOTS('',1,(#1101,#1102),.UNSPECIFIED.,.F.,
  .F.,(2,2),(0.,1.),.PIECEWISE_BEZIER_KNOTS.);
#1101 = CARTESIAN_POINT('',(134.14879545117,0.561843258307));
#1102 = CARTESIAN_POINT('',(0.,0.561843258307));
#1103 = ( GEOMETRIC_REPRESENTATION_CONTEXT(2) 
PARAMETRIC_REPRESENTATION_CONTEXT() REPRESENTATION_CONTEXT('2D SPACE',''
  ) );
#1104 = PCURVE('',#684,#1105);
#1105 = DEFINITIONAL_REPRESENTATION('',(#1106),#1109);
#1106 = B_SPLINE_CURVE_WITH_KNOTS('',1,(#1107,#1108),.UNSPECIFIED.,.F.,
  .F.,(2,2),(0.,1.),.PIECEWISE_BEZIER_KNOTS.);
#1107 = CARTESIAN_POINT('',(120.01018237119,-3.));
#1108 = CARTESIAN_POINT('',(0.,-3.));
#1109 = ( GEOMETRIC_REPRESENTATION_CONTEXT(2) 
PARAMETRIC_REPRESENTATION_CONTEXT() REPRESENTATION_CONTEXT('2D SPACE',''
  ) );
#1110 = ADVANCED_FACE('',(#1111),#71,.T.);
#1111 = FACE_BOUND('',#1112,.T.);
#1112 = EDGE_LOOP('',(#1113,#1114,#1115,#1136,#1137,#1138,#1159,#1185,
    #1400,#1573,#1782,#1803));
#1113 = ORIENTED_EDGE('',*,*,#55,.F.);
#1114 = ORIENTED_EDGE('',*,*,#299,.F.);
#1115 = ORIENTED_EDGE('',*,*,#1116,.F.);
#1116 = EDGE_CURVE('',#726,#271,#1117,.T.);
#1117 = SURFACE_CURVE('',#1118,(#1122,#1129),.PCURVE_S1.);
#1118 = LINE('',#1119,#1120);
#1119 = CARTESIAN_POINT('',(45.,293.333,244.167));
#1120 = VECTOR('',#1121,1.);
#1121 = DIRECTION('',(-1.,0.,0.));
#1122 = PCURVE('',#71,#1123);
#1123 = DEFINITIONAL_REPRESENTATION('',(#1124),#1128);
#1124 = LINE('',#1125,#1126);
#1125 = CARTESIAN_POINT('',(168.09491164517,1.42108547152E-14));
#1126 = VECTOR('',#1127,1.);
#1127 = DIRECTION('',(-0.606800045294,-0.794854518155));
#1128 = ( GEOMETRIC_REPRESENTATION_CONTEXT(2) 
PARAMETRIC_REPRESENTATION_CONTEXT() REPRESENTATION_CONTEXT('2D SPACE',''
  ) );
#1129 = PCURVE('',#287,#1130);
#1130 = DEFINITIONAL_REPRESENTATION('',(#1131),#1135);
#1131 = LINE('',#1132,#1133);
#1132 = CARTESIAN_POINT('',(0.,0.));
#1133 = VECTOR('',#1134,1.);
#1134 = DIRECTION('',(1.,0.));
#1135 = ( GEOMETRIC_REPRESENTATION_CONTEXT(2) 
PARAMETRIC_REPRESENTATION_CONTEXT() REPRESENTATION_CONTEXT('2D SPACE',''
  ) );
#1136 = ORIENTED_EDGE('',*,*,#725,.F.);
#1137 = ORIENTED_EDGE('',*,*,#194,.F.);
#1138 = ORIENTED_EDGE('',*,*,#1139,.F.);
#1139 = EDGE_CURVE('',#1140,#152,#1142,.T.);
#1140 = VERTEX_POINT('',#1141);
#1141 = CARTESIAN_POINT('',(20.,293.333,374.27657807121));
#1142 = SURFACE_CURVE('',#1143,(#1147,#1153),.PCURVE_S1.);
#1143 = LINE('',#1144,#1145);
#1144 = CARTESIAN_POINT('',(20.,293.333,345.904));
#1145 = VECTOR('',#1146,1.);
#1146 = DIRECTION('',(0.,0.,1.));
#1147 = PCURVE('',#71,#1148);
#1148 = DEFINITIONAL_REPRESENTATION('',(#1149),#1152);
#1149 = B_SPLINE_CURVE_WITH_KNOTS('',1,(#1150,#1151),.UNSPECIFIED.,.F.,
  .F.,(2,2),(-31.874,37.374),.PIECEWISE_BEZIER_KNOTS.);
#1150 = CARTESIAN_POINT('',(97.393989310977,22.521508610511));
#1151 = CARTESIAN_POINT('',(42.351903637794,64.541198147037));
#1152 = ( GEOMETRIC_REPRESENTATION_CONTEXT(2) 
PARAMETRIC_REPRESENTATION_CONTEXT() REPRESENTATION_CONTEXT('2D SPACE',''
  ) );
#1153 = PCURVE('',#177,#1154);
#1154 = DEFINITIONAL_REPRESENTATION('',(#1155),#1158);
#1155 = B_SPLINE_CURVE_WITH_KNOTS('',1,(#1156,#1157),.UNSPECIFIED.,.F.,
  .F.,(2,2),(-31.874,37.374),.PIECEWISE_BEZIER_KNOTS.);
#1156 = CARTESIAN_POINT('',(0.,-30.003));
#1157 = CARTESIAN_POINT('',(69.248,-30.003));
#1158 = ( GEOMETRIC_REPRESENTATION_CONTEXT(2) 
PARAMETRIC_REPRESENTATION_CONTEXT() REPRESENTATION_CONTEXT('2D SPACE',''
  ) );
#1159 = ORIENTED_EDGE('',*,*,#1160,.T.);
#1160 = EDGE_CURVE('',#1140,#1161,#1163,.T.);
#1161 = VERTEX_POINT('',#1162);
#1162 = CARTESIAN_POINT('',(53.167861167355,293.33300000036,
    374.27657807114));
#1163 = SURFACE_CURVE('',#1164,(#1168,#1174),.PCURVE_S1.);
#1164 = LINE('',#1165,#1166);
#1165 = CARTESIAN_POINT('',(-28.5,293.333,374.27657807121));
#1166 = VECTOR('',#1167,1.);
#1167 = DIRECTION('',(1.,0.,1.098462835488E-16));
#1168 = PCURVE('',#71,#1169);
#1169 = DEFINITIONAL_REPRESENTATION('',(#1170),#1173);
#1170 = B_SPLINE_CURVE_WITH_KNOTS('',1,(#1171,#1172),.UNSPECIFIED.,.F.,
  .F.,(2,2),(-9.9999715E+06,1.00000285E+07),.PIECEWISE_BEZIER_KNOTS.);
#1171 = CARTESIAN_POINT('',(-6.067963082217E+06,-7.948501999503E+06));
#1172 = CARTESIAN_POINT('',(6.068037823665E+06,7.948588363592E+06));
#1173 = ( GEOMETRIC_REPRESENTATION_CONTEXT(2) 
PARAMETRIC_REPRESENTATION_CONTEXT() REPRESENTATION_CONTEXT('2D SPACE',''
  ) );
#1174 = PCURVE('',#1175,#1180);
#1175 = PLANE('',#1176);
#1176 = AXIS2_PLACEMENT_3D('',#1177,#1178,#1179);
#1177 = CARTESIAN_POINT('',(2.668607819678E-16,356.56676315062,
    372.47392135133));
#1178 = DIRECTION('',(-1.098016749311E-16,2.849624267978E-02,
    0.999593899618));
#1179 = DIRECTION('',(1.,-2.54571656767E-16,1.171035664448E-16));
#1180 = DEFINITIONAL_REPRESENTATION('',(#1181),#1184);
#1181 = B_SPLINE_CURVE_WITH_KNOTS('',1,(#1182,#1183),.UNSPECIFIED.,.F.,
  .F.,(2,2),(-9.9999715E+06,1.00000285E+07),.PIECEWISE_BEZIER_KNOTS.);
#1182 = CARTESIAN_POINT('',(-1.E+07,-63.25945284114));
#1183 = CARTESIAN_POINT('',(1.E+07,-63.25945283604));
#1184 = ( GEOMETRIC_REPRESENTATION_CONTEXT(2) 
PARAMETRIC_REPRESENTATION_CONTEXT() REPRESENTATION_CONTEXT('2D SPACE',''
  ) );
#1185 = ORIENTED_EDGE('',*,*,#1186,.F.);
#1186 = EDGE_CURVE('',#1187,#1161,#1189,.T.);
#1187 = VERTEX_POINT('',#1188);
#1188 = CARTESIAN_POINT('',(41.798064369556,293.333,247.71783538423));
#1189 = SURFACE_CURVE('',#1190,(#1249,#1311),.PCURVE_S1.);
#1190 = B_SPLINE_CURVE_WITH_KNOTS('',8,(#1191,#1192,#1193,#1194,#1195,
    #1196,#1197,#1198,#1199,#1200,#1201,#1202,#1203,#1204,#1205,#1206,
    #1207,#1208,#1209,#1210,#1211,#1212,#1213,#1214,#1215,#1216,#1217,
    #1218,#1219,#1220,#1221,#1222,#1223,#1224,#1225,#1226,#1227,#1228,
    #1229,#1230,#1231,#1232,#1233,#1234,#1235,#1236,#1237,#1238,#1239,
    #1240,#1241,#1242,#1243,#1244,#1245,#1246,#1247,#1248),
  .UNSPECIFIED.,.F.,.F.,(9,7,7,7,7,7,7,7,9),(0.,8.301167942133E-02,
    0.125012473833,0.146011678112,0.167010117277,0.499987491241,
    0.831980192743,0.85298052332,1.),.UNSPECIFIED.);
#1191 = CARTESIAN_POINT('',(38.509530918736,293.333,211.11751034229));
#1192 = CARTESIAN_POINT('',(38.696404850004,293.333,213.19713412122));
#1193 = CARTESIAN_POINT('',(38.883271101406,293.333,215.27670388332));
#1194 = CARTESIAN_POINT('',(39.070129851683,293.333,217.35622104752));
#1195 = CARTESIAN_POINT('',(39.256981271098,293.333,219.43568695614));
#1196 = CARTESIAN_POINT('',(39.443825521441,293.333,221.51510287483));
#1197 = CARTESIAN_POINT('',(39.630662756025,293.333,223.59446999264));
#1198 = CARTESIAN_POINT('',(39.817493119688,293.333,225.67378942199));
#1199 = CARTESIAN_POINT('',(40.09884249375,293.333,228.80509618988));
#1200 = CARTESIAN_POINT('',(40.193366514666,293.333,229.85711823805));
#1201 = CARTESIAN_POINT('',(40.287888829202,293.333,230.90912847729));
#1202 = CARTESIAN_POINT('',(40.382409454456,293.333,231.96112703668));
#1203 = CARTESIAN_POINT('',(40.476928406968,293.333,233.01311404022));
#1204 = CARTESIAN_POINT('',(40.57144570272,293.333,234.06508960688));
#1205 = CARTESIAN_POINT('',(40.665961357134,293.333,235.11705385055));
#1206 = CARTESIAN_POINT('',(40.807729714607,293.333,236.69495351675));
#1207 = CARTESIAN_POINT('',(40.854983637569,293.333,237.22089735021));
#1208 = CARTESIAN_POINT('',(40.902237155816,293.333,237.74683839405));
#1209 = CARTESIAN_POINT('',(40.94949027117,293.333,238.27277666156));
#1210 = CARTESIAN_POINT('',(40.996742985419,293.333,238.79871216571));
#1211 = CARTESIAN_POINT('',(41.043995300314,293.333,239.32464491915));
#1212 = CARTESIAN_POINT('',(41.091247217573,293.333,239.85057493422));
#1213 = CARTESIAN_POINT('',(41.185748538557,293.333,240.90241034929));
#1214 = CARTESIAN_POINT('',(41.232997978072,293.333,241.42831606527));
#1215 = CARTESIAN_POINT('',(41.280246807384,293.333,241.95421715894));
#1216 = CARTESIAN_POINT('',(41.327495842327,293.333,242.48012084087));
#1217 = CARTESIAN_POINT('',(41.374743494434,293.333,243.00601304799));
#1218 = CARTESIAN_POINT('',(41.421991827891,293.333,243.53191207718));
#1219 = CARTESIAN_POINT('',(41.469239010071,293.333,244.05780163891));
#1220 = CARTESIAN_POINT('',(42.265695563764,293.333,252.92285738885));
#1221 = CARTESIAN_POINT('',(43.014904974172,293.333,261.26207836013));
#1222 = CARTESIAN_POINT('',(43.764114381116,293.333,269.60135455619));
#1223 = CARTESIAN_POINT('',(44.513323785252,293.333,277.94068599797));
#1224 = CARTESIAN_POINT('',(45.262533187199,293.333,286.28007270554));
#1225 = CARTESIAN_POINT('',(46.011742587536,293.333,294.61951469813));
#1226 = CARTESIAN_POINT('',(46.760951986804,293.333,302.95901199409));
#1227 = CARTESIAN_POINT('',(48.257155240683,293.333,319.6134557088));
#1228 = CARTESIAN_POINT('',(49.004149095298,293.333,327.92840180084));
#1229 = CARTESIAN_POINT('',(49.751142949847,293.333,336.24340290439));
#1230 = CARTESIAN_POINT('',(50.49813680479,293.333,344.55845903592));
#1231 = CARTESIAN_POINT('',(51.245130660547,293.333,352.87357021106));
#1232 = CARTESIAN_POINT('',(51.992124517502,293.333,361.18873644458));
#1233 = CARTESIAN_POINT('',(52.739118375998,293.333,369.50395775038));
#1234 = CARTESIAN_POINT('',(53.533363630528,293.333,378.34522026187));
#1235 = CARTESIAN_POINT('',(53.580614995516,293.333,378.87120651158));
#1236 = CARTESIAN_POINT('',(53.627867063123,293.333,379.3971982973));
#1237 = CARTESIAN_POINT('',(53.675119193092,293.333,379.92319075145));
#1238 = CARTESIAN_POINT('',(53.722371515146,293.333,380.44918491094));
#1239 = CARTESIAN_POINT('',(53.76962434997,293.333,380.97518322212));
#1240 = CARTESIAN_POINT('',(53.816877327005,293.333,381.50118282093));
#1241 = CARTESIAN_POINT('',(54.194942264575,293.333,385.70963042748));
#1242 = CARTESIAN_POINT('',(54.525767683313,293.333,389.39219186068));
#1243 = CARTESIAN_POINT('',(54.856606292212,293.333,393.07486518966));
#1244 = CARTESIAN_POINT('',(55.187457425652,293.333,396.75764550323));
#1245 = CARTESIAN_POINT('',(55.518320333346,293.333,400.44052712595));
#1246 = CARTESIAN_POINT('',(55.849194180337,293.333,404.12350361812));
#1247 = CARTESIAN_POINT('',(56.180078047002,293.333,407.80656777576));
#1248 = CARTESIAN_POINT('',(56.510970929046,293.333,411.48971163064));
#1249 = PCURVE('',#71,#1250);
#1250 = DEFINITIONAL_REPRESENTATION('',(#1251),#1310);
#1251 = B_SPLINE_CURVE_WITH_KNOTS('',8,(#1252,#1253,#1254,#1255,#1256,
    #1257,#1258,#1259,#1260,#1261,#1262,#1263,#1264,#1265,#1266,#1267,
    #1268,#1269,#1270,#1271,#1272,#1273,#1274,#1275,#1276,#1277,#1278,
    #1279,#1280,#1281,#1282,#1283,#1284,#1285,#1286,#1287,#1288,#1289,
    #1290,#1291,#1292,#1293,#1294,#1295,#1296,#1297,#1298,#1299,#1300,
    #1301,#1302,#1303,#1304,#1305,#1306,#1307,#1308,#1309),
  .UNSPECIFIED.,.F.,.F.,(9,7,7,7,7,7,7,7,9),(0.,8.301167942133E-02,
    0.125012473833,0.146011678112,0.167010117277,0.499987491241,
    0.831980192743,0.85298052332,1.),.UNSPECIFIED.);
#1252 = CARTESIAN_POINT('',(190.42603088982,-25.21341049542));
#1253 = CARTESIAN_POINT('',(188.88642764303,-23.80295710358));
#1254 = CARTESIAN_POINT('',(187.34686267162,-22.39254259353));
#1255 = CARTESIAN_POINT('',(185.80733495621,-20.98216596219));
#1256 = CARTESIAN_POINT('',(184.26784353316,-19.57182625971));
#1257 = CARTESIAN_POINT('',(182.72838749464,-18.16152258948));
#1258 = CARTESIAN_POINT('',(181.18896598855,-16.75125410814));
#1259 = CARTESIAN_POINT('',(179.64957821858,-15.34102002555));
#1260 = CARTESIAN_POINT('',(177.33136769932,-13.21731111581));
#1261 = CARTESIAN_POINT('',(176.55252040131,-12.50381124423));
#1262 = CARTESIAN_POINT('',(175.77368145424,-11.79031989463));
#1263 = CARTESIAN_POINT('',(174.9948507659,-11.0768369751));
#1264 = CARTESIAN_POINT('',(174.21602824776,-10.36336239725));
#1265 = CARTESIAN_POINT('',(173.43721381496,-9.649896076188));
#1266 = CARTESIAN_POINT('',(172.65840738632,-8.936437930535));
#1267 = CARTESIAN_POINT('',(171.49023175318,-7.866283122145));
#1268 = CARTESIAN_POINT('',(171.10085660346,-7.509580386013));
#1269 = CARTESIAN_POINT('',(170.71148342549,-7.15287966431));
#1270 = CARTESIAN_POINT('',(170.32211220982,-6.796180947526));
#1271 = CARTESIAN_POINT('',(169.93274294724,-6.43948422637));
#1272 = CARTESIAN_POINT('',(169.54337562874,-6.082789491772));
#1273 = CARTESIAN_POINT('',(169.15401024556,-5.726096734882));
#1274 = CARTESIAN_POINT('',(168.37529751939,-5.012728155419));
#1275 = CARTESIAN_POINT('',(167.98594994696,-4.656052112667));
#1276 = CARTESIAN_POINT('',(167.59660567832,-4.299379359753));
#1277 = CARTESIAN_POINT('',(167.20725947716,-3.942704872828));
#1278 = CARTESIAN_POINT('',(166.81792155772,-3.586038447984));
#1279 = CARTESIAN_POINT('',(166.42857862915,-3.229367341926));
#1280 = CARTESIAN_POINT('',(166.03924252724,-2.87270289582));
#1281 = CARTESIAN_POINT('',(159.47610278357,3.139680424991));
#1282 = CARTESIAN_POINT('',(153.30225562082,8.795432572992));
#1283 = CARTESIAN_POINT('',(147.12836456031,14.451218228634));
#1284 = CARTESIAN_POINT('',(140.95442958579,20.107037405147));
#1285 = CARTESIAN_POINT('',(134.78045068167,25.762890115207));
#1286 = CARTESIAN_POINT('',(128.60642783304,31.418776370939));
#1287 = CARTESIAN_POINT('',(122.43236102561,37.07469618391));
#1288 = CARTESIAN_POINT('',(110.10239739384,48.369877300768));
#1289 = CARTESIAN_POINT('',(103.94650082918,54.009138406413));
#1290 = CARTESIAN_POINT('',(97.790560538347,59.648432892987));
#1291 = CARTESIAN_POINT('',(91.634576508501,65.287760770859));
#1292 = CARTESIAN_POINT('',(85.478548727489,70.927122049843));
#1293 = CARTESIAN_POINT('',(79.322477183805,76.566516739202));
#1294 = CARTESIAN_POINT('',(73.166361866603,82.205944847651));
#1295 = CARTESIAN_POINT('',(66.620792469571,88.202132769171));
#1296 = CARTESIAN_POINT('',(66.231382052918,88.558859210268));
#1297 = CARTESIAN_POINT('',(65.841967662293,88.915589569094));
#1298 = CARTESIAN_POINT('',(65.452552778197,89.272320383099));
#1299 = CARTESIAN_POINT('',(65.063136655165,89.62905238458));
#1300 = CARTESIAN_POINT('',(64.673717543293,89.985787312885));
#1301 = CARTESIAN_POINT('',(64.284297494237,90.342523135559));
#1302 = CARTESIAN_POINT('',(61.168603721,93.196715957612));
#1303 = CARTESIAN_POINT('',(58.442248006508,95.694252480883));
#1304 = CARTESIAN_POINT('',(55.715811354947,98.191867386773));
#1305 = CARTESIAN_POINT('',(52.989297266092,100.6895571661));
#1306 = CARTESIAN_POINT('',(50.262709795818,103.18731777865));
#1307 = CARTESIAN_POINT('',(47.536053556104,105.68514465314));
#1308 = CARTESIAN_POINT('',(44.809333715028,108.18303268722));
#1309 = CARTESIAN_POINT('',(42.08255599677,110.6809762475));
#1310 = ( GEOMETRIC_REPRESENTATION_CONTEXT(2) 
PARAMETRIC_REPRESENTATION_CONTEXT() REPRESENTATION_CONTEXT('2D SPACE',''
  ) );
#1311 = PCURVE('',#1312,#1339);
#1312 = OFFSET_SURFACE('',#1313,-3.5,.F.);
#1313 = B_SPLINE_SURFACE_WITH_KNOTS('',2,2,(
    (#1314,#1315,#1316,#1317,#1318)
    ,(#1319,#1320,#1321,#1322,#1323)
    ,(#1324,#1325,#1326,#1327,#1328)
    ,(#1329,#1330,#1331,#1332,#1333)
    ,(#1334,#1335,#1336,#1337,#1338
    )),.UNSPECIFIED.,.F.,.F.,.F.,(3,1,1,3),(3,1,1,3),(-33.53719886279,0.
    ,134.14879545117,167.68599431396),(-0.245441674319,0.,1.,
    1.245441674319),.UNSPECIFIED.);
#1314 = CARTESIAN_POINT('',(61.327222458657,261.65904362603,
    412.1010658644));
#1315 = CARTESIAN_POINT('',(60.651363174759,277.78831971949,
    411.63241494833));
#1316 = CARTESIAN_POINT('',(57.346159014904,356.6665,409.3405370468));
#1317 = CARTESIAN_POINT('',(54.040954855049,435.5446802805,
    407.04865914526));
#1318 = CARTESIAN_POINT('',(53.365095571151,451.67395637396,
    406.58000822919));
#1319 = CARTESIAN_POINT('',(59.998473598073,261.69847412548,
    396.17034001902));
#1320 = CARTESIAN_POINT('',(59.236325022958,277.78831971949,
    395.31028710819));
#1321 = CARTESIAN_POINT('',(55.5,356.6665,391.094));
#1322 = CARTESIAN_POINT('',(51.763674977042,435.5446802805,
    386.8777128918));
#1323 = CARTESIAN_POINT('',(51.001526401927,451.63452587451,
    386.01765998097));
#1324 = CARTESIAN_POINT('',(52.496819484792,261.73339438664,
    308.72028561521));
#1325 = CARTESIAN_POINT('',(51.736325022958,277.78831971949,
    309.86457628212));
#1326 = CARTESIAN_POINT('',(48.,356.6665,315.4865));
#1327 = CARTESIAN_POINT('',(44.263674977042,435.5446802805,
    321.10842371787));
#1328 = CARTESIAN_POINT('',(43.503180515208,451.59960561336,
    322.25271438478));
#1329 = CARTESIAN_POINT('',(44.972650045916,262.24363943898,
    221.37210591209));
#1330 = CARTESIAN_POINT('',(44.236325022958,277.78831971949,
    224.41886545604));
#1331 = CARTESIAN_POINT('',(40.5,356.6665,239.879));
#1332 = CARTESIAN_POINT('',(36.763674977042,435.5446802805,
    255.33913454395));
#1333 = CARTESIAN_POINT('',(36.027349954084,451.08936056101,
    258.3858940879));
#1334 = CARTESIAN_POINT('',(43.649260048834,262.11708622018,
    205.40750833109));
#1335 = CARTESIAN_POINT('',(42.821286871157,277.78831971949,
    208.0967376159));
#1336 = CARTESIAN_POINT('',(38.653840985096,356.6665,221.63246295319));
#1337 = CARTESIAN_POINT('',(34.486395099035,435.5446802805,
    235.16818829048));
#1338 = CARTESIAN_POINT('',(33.658421921358,451.21591377981,
    237.8574175753));
#1339 = DEFINITIONAL_REPRESENTATION('',(#1340),#1399);
#1340 = B_SPLINE_CURVE_WITH_KNOTS('',8,(#1341,#1342,#1343,#1344,#1345,
    #1346,#1347,#1348,#1349,#1350,#1351,#1352,#1353,#1354,#1355,#1356,
    #1357,#1358,#1359,#1360,#1361,#1362,#1363,#1364,#1365,#1366,#1367,
    #1368,#1369,#1370,#1371,#1372,#1373,#1374,#1375,#1376,#1377,#1378,
    #1379,#1380,#1381,#1382,#1383,#1384,#1385,#1386,#1387,#1388,#1389,
    #1390,#1391,#1392,#1393,#1394,#1395,#1396,#1397,#1398),
  .UNSPECIFIED.,.F.,.F.,(9,7,7,7,7,7,7,7,9),(0.,8.301167942133E-02,
    0.125012473833,0.146011678112,0.167010117277,0.499987491241,
    0.831980192743,0.85298052332,1.),.UNSPECIFIED.);
#1341 = CARTESIAN_POINT('',(167.68599431396,1.874069756671E-03));
#1342 = CARTESIAN_POINT('',(165.59848508254,1.862927172519E-03));
#1343 = CARTESIAN_POINT('',(163.5109213509,1.852032825506E-03));
#1344 = CARTESIAN_POINT('',(161.42330455184,1.841386896668E-03));
#1345 = CARTESIAN_POINT('',(159.33563604084,1.830989559639E-03));
#1346 = CARTESIAN_POINT('',(157.24791709605,1.82084098065E-03));
#1347 = CARTESIAN_POINT('',(155.16014891827,1.81094131853E-03));
#1348 = CARTESIAN_POINT('',(153.07233263098,1.801290724706E-03));
#1349 = CARTESIAN_POINT('',(149.92808878102,1.787132596989E-03));
#1350 = CARTESIAN_POINT('',(148.87169623357,1.782439648743E-03));
#1351 = CARTESIAN_POINT('',(147.81529177342,1.777810517189E-03));
#1352 = CARTESIAN_POINT('',(146.75887553094,1.773245220639E-03));
#1353 = CARTESIAN_POINT('',(145.70244763141,1.768743776993E-03));
#1354 = CARTESIAN_POINT('',(144.64600819501,1.764306203736E-03));
#1355 = CARTESIAN_POINT('',(143.58955733683,1.759932517938E-03));
#1356 = CARTESIAN_POINT('',(142.00489408804,1.753467967825E-03));
#1357 = CARTESIAN_POINT('',(141.47669018159,1.75132917361E-03));
#1358 = CARTESIAN_POINT('',(140.94848346126,1.749206355698E-03));
#1359 = CARTESIAN_POINT('',(140.42027394047,1.747099516147E-03));
#1360 = CARTESIAN_POINT('',(139.89206163234,1.745008656996E-03));
#1361 = CARTESIAN_POINT('',(139.36384654965,1.742933780256E-03));
#1362 = CARTESIAN_POINT('',(138.83562870487,1.740874887918E-03));
#1363 = CARTESIAN_POINT('',(137.77920676135,1.736789150411E-03));
#1364 = CARTESIAN_POINT('',(137.25100298028,1.734761758663E-03));
#1365 = CARTESIAN_POINT('',(136.72279454273,1.732753624246E-03));
#1366 = CARTESIAN_POINT('',(136.19458870001,1.730752513798E-03));
#1367 = CARTESIAN_POINT('',(135.66637130965,1.7287820343E-03));
#1368 = CARTESIAN_POINT('',(135.13816077192,1.726812113484E-03));
#1369 = CARTESIAN_POINT('',(134.60994070566,1.724868744149E-03));
#1370 = CARTESIAN_POINT('',(125.70561312973,1.692305421898E-03));
#1371 = CARTESIAN_POINT('',(117.32956016514,1.661667125698E-03));
#1372 = CARTESIAN_POINT('',(108.9535621823,1.631022315458E-03));
#1373 = CARTESIAN_POINT('',(100.57761920296,1.600371162227E-03));
#1374 = CARTESIAN_POINT('',(92.201731248014,1.569713837285E-03));
#1375 = CARTESIAN_POINT('',(83.825898337494,1.53905051214E-03));
#1376 = CARTESIAN_POINT('',(75.45012049058,1.508381358529E-03));
#1377 = CARTESIAN_POINT('',(58.723443441007,1.4471224491E-03));
#1378 = CARTESIAN_POINT('',(50.372543913054,1.416532726666E-03));
#1379 = CARTESIAN_POINT('',(42.021699159875,1.385937551564E-03));
#1380 = CARTESIAN_POINT('',(33.670909198764,1.355337094424E-03));
#1381 = CARTESIAN_POINT('',(25.32017404616,1.324731526066E-03));
#1382 = CARTESIAN_POINT('',(16.969493717642,1.294121017495E-03));
#1383 = CARTESIAN_POINT('',(8.618868227934,1.263505739903E-03));
#1384 = CARTESIAN_POINT('',(-0.25992108105,1.230948992263E-03));
#1385 = CARTESIAN_POINT('',(-0.788139626703,1.229015595733E-03));
#1386 = CARTESIAN_POINT('',(-1.316352596989,1.227042644925E-03));
#1387 = CARTESIAN_POINT('',(-1.844564895962,1.225065651524E-03));
#1388 = CARTESIAN_POINT('',(-2.372775479573,1.223078017127E-03));
#1389 = CARTESIAN_POINT('',(-2.900981883176,1.221061920446E-03));
#1390 = CARTESIAN_POINT('',(-3.429186991623,1.219037203801E-03));
#1391 = CARTESIAN_POINT('',(-7.655238461639,1.202695656319E-03));
#1392 = CARTESIAN_POINT('',(-11.35297066647,1.187608076648E-03));
#1393 = CARTESIAN_POINT('',(-15.05059025287,1.171731998858E-03));
#1394 = CARTESIAN_POINT('',(-18.74810216362,1.155067405116E-03));
#1395 = CARTESIAN_POINT('',(-22.4455121117,1.137614240902E-03));
#1396 = CARTESIAN_POINT('',(-26.14282658029,1.11937241501E-03));
#1397 = CARTESIAN_POINT('',(-29.84005282279,1.100341799548E-03));
#1398 = CARTESIAN_POINT('',(-33.53719886279,1.080522229936E-03));
#1399 = ( GEOMETRIC_REPRESENTATION_CONTEXT(2) 
PARAMETRIC_REPRESENTATION_CONTEXT() REPRESENTATION_CONTEXT('2D SPACE',''
  ) );
#1400 = ORIENTED_EDGE('',*,*,#1401,.F.);
#1401 = EDGE_CURVE('',#1402,#1187,#1404,.T.);
#1402 = VERTEX_POINT('',#1403);
#1403 = CARTESIAN_POINT('',(-41.79806436957,293.33300000067,
    247.71783538434));
#1404 = SURFACE_CURVE('',#1405,(#1450,#1498),.PCURVE_S1.);
#1405 = B_SPLINE_CURVE_WITH_KNOTS('',8,(#1406,#1407,#1408,#1409,#1410,
    #1411,#1412,#1413,#1414,#1415,#1416,#1417,#1418,#1419,#1420,#1421,
    #1422,#1423,#1424,#1425,#1426,#1427,#1428,#1429,#1430,#1431,#1432,
    #1433,#1434,#1435,#1436,#1437,#1438,#1439,#1440,#1441,#1442,#1443,
    #1444,#1445,#1446,#1447,#1448,#1449),.UNSPECIFIED.,.F.,.F.,(9,7,7,7,
    7,7,9),(0.,0.165034680849,0.185032615216,0.499999999967,
    0.83196562453,0.852964170902,1.),.UNSPECIFIED.);
#1406 = CARTESIAN_POINT('',(-67.47204698781,293.333,247.71783538423));
#1407 = CARTESIAN_POINT('',(-64.68679889971,293.333,247.71783538423));
#1408 = CARTESIAN_POINT('',(-61.90179512325,293.333,247.71783538423));
#1409 = CARTESIAN_POINT('',(-59.11703575855,293.333,247.71783538423));
#1410 = CARTESIAN_POINT('',(-56.3325209058,293.333,247.71783538423));
#1411 = CARTESIAN_POINT('',(-53.54825066527,293.333,247.71783538423));
#1412 = CARTESIAN_POINT('',(-50.76422513726,293.333,247.71783538423));
#1413 = CARTESIAN_POINT('',(-47.98044442216,293.333,247.71783538423));
#1414 = CARTESIAN_POINT('',(-44.85961608295,293.333,247.71783538423));
#1415 = CARTESIAN_POINT('',(-44.52232859403,293.333,247.71783538423));
#1416 = CARTESIAN_POINT('',(-44.18503598788,293.333,247.71783538423));
#1417 = CARTESIAN_POINT('',(-43.84774561359,293.333,247.71783538423));
#1418 = CARTESIAN_POINT('',(-43.51045649134,293.333,247.71783538423));
#1419 = CARTESIAN_POINT('',(-43.17316498705,293.333,247.71783538423));
#1420 = CARTESIAN_POINT('',(-42.83587484319,293.333,247.71783538423));
#1421 = CARTESIAN_POINT('',(-37.18626135304,293.333,247.71783538423));
#1422 = CARTESIAN_POINT('',(-31.87393830261,293.333,247.71783538423));
#1423 = CARTESIAN_POINT('',(-26.56161525217,293.333,247.71783538423));
#1424 = CARTESIAN_POINT('',(-21.24929220174,293.333,247.71783538423));
#1425 = CARTESIAN_POINT('',(-15.9369691513,293.333,247.71783538423));
#1426 = CARTESIAN_POINT('',(-10.62464610086,293.333,247.71783538423));
#1427 = CARTESIAN_POINT('',(-5.312323050434,293.333,247.71783538423));
#1428 = CARTESIAN_POINT('',(5.599019849984,293.333,247.71783538423));
#1429 = CARTESIAN_POINT('',(11.198039699967,293.333,247.71783538423));
#1430 = CARTESIAN_POINT('',(16.797059549949,293.333,247.71783538423));
#1431 = CARTESIAN_POINT('',(22.396079399932,293.333,247.71783538423));
#1432 = CARTESIAN_POINT('',(27.995099249915,293.333,247.71783538423));
#1433 = CARTESIAN_POINT('',(33.594119099898,293.333,247.71783538423));
#1434 = CARTESIAN_POINT('',(39.19313894988,293.333,247.71783538423));
#1435 = CARTESIAN_POINT('',(45.146325825782,293.333,247.71783538423));
#1436 = CARTESIAN_POINT('',(45.5004912435,293.333,247.71783538423));
#1437 = CARTESIAN_POINT('',(45.854670036859,293.333,247.71783538423));
#1438 = CARTESIAN_POINT('',(46.208841599528,293.333,247.71783538423));
#1439 = CARTESIAN_POINT('',(46.563026422926,293.333,247.71783538423));
#1440 = CARTESIAN_POINT('',(46.917210021056,293.333,247.71783538423));
#1441 = CARTESIAN_POINT('',(47.271399353705,293.333,247.71783538423));
#1442 = CARTESIAN_POINT('',(50.105719456638,293.333,247.71783538423));
#1443 = CARTESIAN_POINT('',(52.586040897566,293.333,247.71783538423));
#1444 = CARTESIAN_POINT('',(55.066556620743,293.333,247.71783538423));
#1445 = CARTESIAN_POINT('',(57.547266555199,293.333,247.71783538423));
#1446 = CARTESIAN_POINT('',(60.028170630006,293.333,247.71783538423));
#1447 = CARTESIAN_POINT('',(62.509268774272,293.333,247.71783538423));
#1448 = CARTESIAN_POINT('',(64.990560917145,293.333,247.71783538423));
#1449 = CARTESIAN_POINT('',(67.472046987813,293.333,247.71783538423));
#1450 = PCURVE('',#71,#1451);
#1451 = DEFINITIONAL_REPRESENTATION('',(#1452),#1497);
#1452 = B_SPLINE_CURVE_WITH_KNOTS('',8,(#1453,#1454,#1455,#1456,#1457,
    #1458,#1459,#1460,#1461,#1462,#1463,#1464,#1465,#1466,#1467,#1468,
    #1469,#1470,#1471,#1472,#1473,#1474,#1475,#1476,#1477,#1478,#1479,
    #1480,#1481,#1482,#1483,#1484,#1485,#1486,#1487,#1488,#1489,#1490,
    #1491,#1492,#1493,#1494,#1495,#1496),.UNSPECIFIED.,.F.,.F.,(9,7,7,7,
    7,7,9),(0.,0.165034680849,0.185032615216,0.499999999967,
    0.83196562453,0.852964170902,1.),.UNSPECIFIED.);
#1453 = CARTESIAN_POINT('',(97.024470890272,-87.24426764239));
#1454 = CARTESIAN_POINT('',(98.714559556283,-85.03040061539));
#1455 = CARTESIAN_POINT('',(100.40449997398,-82.81672778059));
#1456 = CARTESIAN_POINT('',(102.09429208261,-80.60324921758));
#1457 = CARTESIAN_POINT('',(103.78393582138,-78.38996500601));
#1458 = CARTESIAN_POINT('',(105.47343112945,-76.17687522555));
#1459 = CARTESIAN_POINT('',(107.16277794595,-73.96397995596));
#1460 = CARTESIAN_POINT('',(108.85197620996,-71.75127927701));
#1461 = CARTESIAN_POINT('',(110.74569498755,-69.2706747712));
#1462 = CARTESIAN_POINT('',(110.9503610511,-69.00258028671));
#1463 = CARTESIAN_POINT('',(111.15503021979,-68.73448173478));
#1464 = CARTESIAN_POINT('',(111.35969803418,-68.46638495684));
#1465 = CARTESIAN_POINT('',(111.56436508884,-68.1982891741));
#1466 = CARTESIAN_POINT('',(111.76903358892,-67.93019149798));
#1467 = CARTESIAN_POINT('',(111.97370126349,-67.6620949032));
#1468 = CARTESIAN_POINT('',(115.40188698521,-63.17147409473));
#1469 = CARTESIAN_POINT('',(118.62540485283,-58.94895011619));
#1470 = CARTESIAN_POINT('',(121.84892272045,-54.72642613766));
#1471 = CARTESIAN_POINT('',(125.07244058807,-50.50390215912));
#1472 = CARTESIAN_POINT('',(128.29595845569,-46.28137818058));
#1473 = CARTESIAN_POINT('',(131.51947632332,-42.05885420205));
#1474 = CARTESIAN_POINT('',(134.74299419094,-37.83633022351));
#1475 = CARTESIAN_POINT('',(141.36399755713,-29.16340001998));
#1476 = CARTESIAN_POINT('',(144.7614830557,-24.71299379498));
#1477 = CARTESIAN_POINT('',(148.15896855427,-20.26258756998));
#1478 = CARTESIAN_POINT('',(151.55645405285,-15.81218134499));
#1479 = CARTESIAN_POINT('',(154.95393955142,-11.36177511999));
#1480 = CARTESIAN_POINT('',(158.35142504999,-6.911368894997));
#1481 = CARTESIAN_POINT('',(161.74891054856,-2.46096267));
#1482 = CARTESIAN_POINT('',(165.3613046145,2.27095481573));
#1483 = CARTESIAN_POINT('',(165.57621220602,2.552464798177));
#1484 = CARTESIAN_POINT('',(165.79112791387,2.833985412315));
#1485 = CARTESIAN_POINT('',(166.00603923414,3.115500279103));
#1486 = CARTESIAN_POINT('',(166.22095860102,3.397025686244));
#1487 = CARTESIAN_POINT('',(166.43587722441,3.678550119473));
#1488 = CARTESIAN_POINT('',(166.6507993275,3.960079110811));
#1489 = CARTESIAN_POINT('',(168.37066489434,6.212951250525));
#1490 = CARTESIAN_POINT('',(169.87572405704,8.184445954323));
#1491 = CARTESIAN_POINT('',(171.38090111021,10.156095084243));
#1492 = CARTESIAN_POINT('',(172.8861960108,12.127898583878));
#1493 = CARTESIAN_POINT('',(174.39160871577,14.099856396846));
#1494 = CARTESIAN_POINT('',(175.89713918209,16.071968466802));
#1495 = CARTESIAN_POINT('',(177.40278736677,18.044234737426));
#1496 = CARTESIAN_POINT('',(178.90855322685,20.016655152434));
#1497 = ( GEOMETRIC_REPRESENTATION_CONTEXT(2) 
PARAMETRIC_REPRESENTATION_CONTEXT() REPRESENTATION_CONTEXT('2D SPACE',''
  ) );
#1498 = PCURVE('',#1499,#1526);
#1499 = OFFSET_SURFACE('',#1500,-3.5,.F.);
#1500 = B_SPLINE_SURFACE_WITH_KNOTS('',2,2,(
    (#1501,#1502,#1503,#1504,#1505)
    ,(#1506,#1507,#1508,#1509,#1510)
    ,(#1511,#1512,#1513,#1514,#1515)
    ,(#1516,#1517,#1518,#1519,#1520)
    ,(#1521,#1522,#1523,#1524,#1525
    )),.UNSPECIFIED.,.F.,.F.,.F.,(3,1,1,3),(3,1,1,3),(-22.5,0.,90.,112.5
    ),(-0.249847194479,0.,1.,1.249847194479),.UNSPECIFIED.);
#1501 = CARTESIAN_POINT('',(69.,261.66625,238.75025));
#1502 = CARTESIAN_POINT('',(68.249541583437,277.50930270845,
    241.46028041861));
#1503 = CARTESIAN_POINT('',(64.5,356.6665,255.0005));
#1504 = CARTESIAN_POINT('',(60.750458416563,435.82369729154,
    268.54071958139));
#1505 = CARTESIAN_POINT('',(60.,451.66675,271.25075));
#1506 = CARTESIAN_POINT('',(58.123853958594,261.68560541691,
    238.75356083722));
#1507 = CARTESIAN_POINT('',(57.186926979297,277.50930270845,
    241.46028041861));
#1508 = CARTESIAN_POINT('',(52.5,356.6665,255.0005));
#1509 = CARTESIAN_POINT('',(47.813073020703,435.82369729154,
    268.54071958139));
#1510 = CARTESIAN_POINT('',(46.876146041406,451.64739458308,
    271.24743916278));
#1511 = CARTESIAN_POINT('',(0.,261.63175250616,238.74434903764));
#1512 = CARTESIAN_POINT('',(0.,277.50930270845,241.46028041861));
#1513 = CARTESIAN_POINT('',(0.,356.6665,255.0005));
#1514 = CARTESIAN_POINT('',(0.,435.82369729154,268.54071958139));
#1515 = CARTESIAN_POINT('',(0.,451.70124749383,271.25665096235));
#1516 = CARTESIAN_POINT('',(-58.12385395859,261.68560541691,
    238.75356083722));
#1517 = CARTESIAN_POINT('',(-57.18692697929,277.50930270845,
    241.46028041861));
#1518 = CARTESIAN_POINT('',(-52.5,356.6665,255.0005));
#1519 = CARTESIAN_POINT('',(-47.8130730207,435.82369729154,
    268.54071958139));
#1520 = CARTESIAN_POINT('',(-46.8761460414,451.64739458308,
    271.24743916278));
#1521 = CARTESIAN_POINT('',(-69.,261.66625,238.75025));
#1522 = CARTESIAN_POINT('',(-68.24954158343,277.50930270845,
    241.46028041861));
#1523 = CARTESIAN_POINT('',(-64.5,356.6665,255.0005));
#1524 = CARTESIAN_POINT('',(-60.75045841656,435.82369729154,
    268.54071958139));
#1525 = CARTESIAN_POINT('',(-60.,451.66675,271.25075));
#1526 = DEFINITIONAL_REPRESENTATION('',(#1527),#1572);
#1527 = B_SPLINE_CURVE_WITH_KNOTS('',8,(#1528,#1529,#1530,#1531,#1532,
    #1533,#1534,#1535,#1536,#1537,#1538,#1539,#1540,#1541,#1542,#1543,
    #1544,#1545,#1546,#1547,#1548,#1549,#1550,#1551,#1552,#1553,#1554,
    #1555,#1556,#1557,#1558,#1559,#1560,#1561,#1562,#1563,#1564,#1565,
    #1566,#1567,#1568,#1569,#1570,#1571),.UNSPECIFIED.,.F.,.F.,(9,7,7,7,
    7,7,9),(0.,0.165034680849,0.185032615216,0.499999999967,
    0.83196562453,0.852964170902,1.),.UNSPECIFIED.);
#1528 = CARTESIAN_POINT('',(112.5,4.658835364568E-03));
#1529 = CARTESIAN_POINT('',(109.71648097282,4.658835364568E-03));
#1530 = CARTESIAN_POINT('',(106.93271748225,4.658835364568E-03));
#1531 = CARTESIAN_POINT('',(104.14870947816,4.658835364568E-03));
#1532 = CARTESIAN_POINT('',(101.36445691041,4.658835364568E-03));
#1533 = CARTESIAN_POINT('',(98.579959728879,4.658835364568E-03));
#1534 = CARTESIAN_POINT('',(95.795217883399,4.658835364568E-03));
#1535 = CARTESIAN_POINT('',(93.010231323825,4.658835364568E-03));
#1536 = CARTESIAN_POINT('',(89.887502009131,4.658835364568E-03));
#1537 = CARTESIAN_POINT('',(89.549998972782,4.658835364568E-03));
#1538 = CARTESIAN_POINT('',(89.212501050514,4.658835364568E-03));
#1539 = CARTESIAN_POINT('',(88.875000897774,4.658835364568E-03));
#1540 = CARTESIAN_POINT('',(88.537499493783,4.658835364568E-03));
#1541 = CARTESIAN_POINT('',(88.200000470373,4.658835364568E-03));
#1542 = CARTESIAN_POINT('',(87.862500087357,4.658835364568E-03));
#1543 = CARTESIAN_POINT('',(82.209374999999,4.658835364568E-03));
#1544 = CARTESIAN_POINT('',(76.893749999999,4.658835364568E-03));
#1545 = CARTESIAN_POINT('',(71.578124999999,4.658835364568E-03));
#1546 = CARTESIAN_POINT('',(66.262499999999,4.658835364568E-03));
#1547 = CARTESIAN_POINT('',(60.946874999999,4.658835364568E-03));
#1548 = CARTESIAN_POINT('',(55.631249999999,4.658835364568E-03));
#1549 = CARTESIAN_POINT('',(50.315624999998,4.658835364568E-03));
#1550 = CARTESIAN_POINT('',(39.397499999998,4.658835364568E-03));
#1551 = CARTESIAN_POINT('',(33.794999999998,4.658835364568E-03));
#1552 = CARTESIAN_POINT('',(28.192499999998,4.658835364568E-03));
#1553 = CARTESIAN_POINT('',(22.589999999998,4.658835364568E-03));
#1554 = CARTESIAN_POINT('',(16.987499999998,4.658835364568E-03));
#1555 = CARTESIAN_POINT('',(11.384999999998,4.658835364568E-03));
#1556 = CARTESIAN_POINT('',(5.782499999998,4.658835364568E-03));
#1557 = CARTESIAN_POINT('',(-0.174387163447,4.658835364568E-03));
#1558 = CARTESIAN_POINT('',(-0.528775933656,4.658835364568E-03));
#1559 = CARTESIAN_POINT('',(-0.883151336894,4.658835364568E-03));
#1560 = CARTESIAN_POINT('',(-1.237533965591,4.658835364568E-03));
#1561 = CARTESIAN_POINT('',(-1.591903342481,4.658835364568E-03));
#1562 = CARTESIAN_POINT('',(-1.946273942737,4.658835364568E-03));
#1563 = CARTESIAN_POINT('',(-2.300638811998,4.658835364568E-03));
#1564 = CARTESIAN_POINT('',(-5.136304665314,4.658835364568E-03));
#1565 = CARTESIAN_POINT('',(-7.617415069607,4.658835364568E-03));
#1566 = CARTESIAN_POINT('',(-10.09833124835,4.658835364568E-03));
#1567 = CARTESIAN_POINT('',(-12.57905323701,4.658835364568E-03));
#1568 = CARTESIAN_POINT('',(-15.05958107104,4.658835364568E-03));
#1569 = CARTESIAN_POINT('',(-17.53991478592,4.658835364568E-03));
#1570 = CARTESIAN_POINT('',(-20.02005441709,4.658835364568E-03));
#1571 = CARTESIAN_POINT('',(-22.5,4.658835364568E-03));
#1572 = ( GEOMETRIC_REPRESENTATION_CONTEXT(2) 
PARAMETRIC_REPRESENTATION_CONTEXT() REPRESENTATION_CONTEXT('2D SPACE',''
  ) );
#1573 = ORIENTED_EDGE('',*,*,#1574,.F.);
#1574 = EDGE_CURVE('',#1575,#1402,#1577,.T.);
#1575 = VERTEX_POINT('',#1576);
#1576 = CARTESIAN_POINT('',(-53.16786116734,293.33300000036,
    374.27657807114));
#1577 = SURFACE_CURVE('',#1578,(#1635,#1695),.PCURVE_S1.);
#1578 = B_SPLINE_CURVE_WITH_KNOTS('',7,(#1579,#1580,#1581,#1582,#1583,
    #1584,#1585,#1586,#1587,#1588,#1589,#1590,#1591,#1592,#1593,#1594,
    #1595,#1596,#1597,#1598,#1599,#1600,#1601,#1602,#1603,#1604,#1605,
    #1606,#1607,#1608,#1609,#1610,#1611,#1612,#1613,#1614,#1615,#1616,
    #1617,#1618,#1619,#1620,#1621,#1622,#1623,#1624,#1625,#1626,#1627,
    #1628,#1629,#1630,#1631,#1632,#1633,#1634),.UNSPECIFIED.,.F.,.F.,(8,
    6,6,6,6,6,6,6,6,8),(0.,0.16601980434,0.186019802709,0.501012463741,
    0.667003075724,0.749996954562,0.791993494822,0.812991673689,
    0.833989791657,1.),.UNSPECIFIED.);
#1579 = CARTESIAN_POINT('',(-56.51097092904,293.333,411.48971163064));
#1580 = CARTESIAN_POINT('',(-56.08393501884,293.333,406.73640693956));
#1581 = CARTESIAN_POINT('',(-55.65691443688,293.333,401.98323775226));
#1582 = CARTESIAN_POINT('',(-55.22991149704,293.333,397.23022242754));
#1583 = CARTESIAN_POINT('',(-54.80292823783,293.333,392.47737683851));
#1584 = CARTESIAN_POINT('',(-54.37596642237,293.333,387.72471437257));
#1585 = CARTESIAN_POINT('',(-53.94902753844,293.333,382.97224593147));
#1586 = CARTESIAN_POINT('',(-53.47068342748,293.333,377.64748610959));
#1587 = CARTESIAN_POINT('',(-53.41925441156,293.333,377.07499554514));
#1588 = CARTESIAN_POINT('',(-53.36782475188,293.333,376.50249988875));
#1589 = CARTESIAN_POINT('',(-53.31639581625,293.333,375.93001048752));
#1590 = CARTESIAN_POINT('',(-53.26496637023,293.333,375.35751714769));
#1591 = CARTESIAN_POINT('',(-53.21353713359,293.333,374.78502579489));
#1592 = CARTESIAN_POINT('',(-52.35211558178,293.333,365.19600415646));
#1593 = CARTESIAN_POINT('',(-51.54212330716,293.333,356.17954003236));
#1594 = CARTESIAN_POINT('',(-50.73213103419,293.333,347.16314200279));
#1595 = CARTESIAN_POINT('',(-49.9221387624,293.333,338.1468100482));
#1596 = CARTESIAN_POINT('',(-49.11214649122,293.333,329.13054414766));
#1597 = CARTESIAN_POINT('',(-48.30215422003,293.333,320.11434427885));
#1598 = CARTESIAN_POINT('',(-47.06532307365,293.333,306.34700900157));
#1599 = CARTESIAN_POINT('',(-46.63848419897,293.333,301.59582591511));
#1600 = CARTESIAN_POINT('',(-46.21164532399,293.333,296.84466115519));
#1601 = CARTESIAN_POINT('',(-45.78480644861,293.333,292.09351471825));
#1602 = CARTESIAN_POINT('',(-45.35796757273,293.333,287.34238660059));
#1603 = CARTESIAN_POINT('',(-44.93112869624,293.333,282.59127679842));
#1604 = CARTESIAN_POINT('',(-44.29087405026,293.333,275.46468041147));
#1605 = CARTESIAN_POINT('',(-44.07745828133,293.333,273.08918009283));
#1606 = CARTESIAN_POINT('',(-43.8640425122,293.333,270.71368435144));
#1607 = CARTESIAN_POINT('',(-43.65062674286,293.333,268.33819318681));
#1608 = CARTESIAN_POINT('',(-43.43721097329,293.333,265.96270659845));
#1609 = CARTESIAN_POINT('',(-43.22379520347,293.333,263.58722458584));
#1610 = CARTESIAN_POINT('',(-42.90238684279,293.333,260.00970869418));
#1611 = CARTESIAN_POINT('',(-42.79439425211,293.333,258.80767141141));
#1612 = CARTESIAN_POINT('',(-42.68640166137,293.333,257.60563530009));
#1613 = CARTESIAN_POINT('',(-42.57840907056,293.333,256.40360036016));
#1614 = CARTESIAN_POINT('',(-42.47041647967,293.333,255.20156659154));
#1615 = CARTESIAN_POINT('',(-42.36242388871,293.333,253.99953399417));
#1616 = CARTESIAN_POINT('',(-42.20043523683,293.333,252.19648946702));
#1617 = CARTESIAN_POINT('',(-42.14643917597,293.333,251.59547665885));
#1618 = CARTESIAN_POINT('',(-42.09244311509,293.333,250.99446414347));
#1619 = CARTESIAN_POINT('',(-42.03844705419,293.333,250.39345192085));
#1620 = CARTESIAN_POINT('',(-41.98445099327,293.333,249.79243999101));
#1621 = CARTESIAN_POINT('',(-41.93045493233,293.333,249.19142835393));
#1622 = CARTESIAN_POINT('',(-41.82246296701,293.333,247.98940740832));
#1623 = CARTESIAN_POINT('',(-41.76846709819,293.333,247.38839832673));
#1624 = CARTESIAN_POINT('',(-41.71447103822,293.333,246.78738832517));
#1625 = CARTESIAN_POINT('',(-41.66047543512,293.333,246.18638149023));
#1626 = CARTESIAN_POINT('',(-41.60647920336,293.333,245.58537104862));
#1627 = CARTESIAN_POINT('',(-41.55248350205,293.333,244.98436410799));
#1628 = CARTESIAN_POINT('',(-41.07159779309,293.333,239.63181167772));
#1629 = CARTESIAN_POINT('',(-40.64467581516,293.333,234.88004557491));
#1630 = CARTESIAN_POINT('',(-40.21772040483,293.333,230.12804933219));
#1631 = CARTESIAN_POINT('',(-39.7907300903,293.333,225.37581216525));
#1632 = CARTESIAN_POINT('',(-39.36370312745,293.333,220.62332082754));
#1633 = CARTESIAN_POINT('',(-38.93663749984,293.333,215.87055961025));
#1634 = CARTESIAN_POINT('',(-38.50953091873,293.333,211.11751034229));
#1635 = PCURVE('',#71,#1636);
#1636 = DEFINITIONAL_REPRESENTATION('',(#1637),#1694);
#1637 = B_SPLINE_CURVE_WITH_KNOTS('',7,(#1638,#1639,#1640,#1641,#1642,
    #1643,#1644,#1645,#1646,#1647,#1648,#1649,#1650,#1651,#1652,#1653,
    #1654,#1655,#1656,#1657,#1658,#1659,#1660,#1661,#1662,#1663,#1664,
    #1665,#1666,#1667,#1668,#1669,#1670,#1671,#1672,#1673,#1674,#1675,
    #1676,#1677,#1678,#1679,#1680,#1681,#1682,#1683,#1684,#1685,#1686,
    #1687,#1688,#1689,#1690,#1691,#1692,#1693),.UNSPECIFIED.,.F.,.F.,(8,
    6,6,6,6,6,6,6,6,8),(0.,0.16601980434,0.186019802709,0.501012463741,
    0.667003075724,0.749996954562,0.791993494822,0.812991673689,
    0.833989791657,1.),.UNSPECIFIED.);
#1638 = CARTESIAN_POINT('',(-26.49916344194,20.844975110975));
#1639 = CARTESIAN_POINT('',(-22.46185232242,18.300101031764));
#1640 = CARTESIAN_POINT('',(-18.42465820986,15.755296992535));
#1641 = CARTESIAN_POINT('',(-14.38759710092,13.21057229421));
#1642 = CARTESIAN_POINT('',(-10.35068284935,10.665934948274));
#1643 = CARTESIAN_POINT('',(-6.313927166083,8.121391676774));
#1644 = CARTESIAN_POINT('',(-2.277339619173,5.576947912318));
#1645 = CARTESIAN_POINT('',(2.245329011528,2.726097389054));
#1646 = CARTESIAN_POINT('',(2.731582852473,2.419588674289));
#1647 = CARTESIAN_POINT('',(3.217841131407,2.113077381419));
#1648 = CARTESIAN_POINT('',(3.704093999037,1.806569308676));
#1649 = CARTESIAN_POINT('',(4.190350306983,1.500059251668));
#1650 = CARTESIAN_POINT('',(4.676604908489,1.193550233969));
#1651 = CARTESIAN_POINT('',(12.821192719136,-3.940363718072));
#1652 = CARTESIAN_POINT('',(20.479473314887,-8.767728537809));
#1653 = CARTESIAN_POINT('',(28.137701374095,-13.5950532527));
#1654 = CARTESIAN_POINT('',(35.795876912596,-18.42233787423));
#1655 = CARTESIAN_POINT('',(43.453999947365,-23.24958241464));
#1656 = CARTESIAN_POINT('',(51.112070496521,-28.07678688699));
#1657 = CARTESIAN_POINT('',(62.805608340257,-35.44770573193));
#1658 = CARTESIAN_POINT('',(66.841113531607,-37.99144903593));
#1659 = CARTESIAN_POINT('',(70.876604156196,-40.53518121914));
#1660 = CARTESIAN_POINT('',(74.912080216928,-43.07890228366));
#1661 = CARTESIAN_POINT('',(78.947541716799,-45.62261223164));
#1662 = CARTESIAN_POINT('',(82.98298865889,-48.16631106528));
#1663 = CARTESIAN_POINT('',(89.036102544302,-51.98182077755));
#1664 = CARTESIAN_POINT('',(91.053780403707,-53.25363999032));
#1665 = CARTESIAN_POINT('',(93.07145462498,-54.52545642546));
#1666 = CARTESIAN_POINT('',(95.089125208524,-55.79727008324));
#1667 = CARTESIAN_POINT('',(97.106792154745,-57.06908096397));
#1668 = CARTESIAN_POINT('',(99.124455464055,-58.34088906793));
#1669 = CARTESIAN_POINT('',(102.16309074213,-60.25625298536));
#1670 = CARTESIAN_POINT('',(103.18406541624,-60.89981086437));
#1671 = CARTESIAN_POINT('',(104.20503915926,-61.54336803249));
#1672 = CARTESIAN_POINT('',(105.22601197124,-62.18692448975));
#1673 = CARTESIAN_POINT('',(106.24698385224,-62.8304802362));
#1674 = CARTESIAN_POINT('',(107.26795480232,-63.47403527187));
#1675 = CARTESIAN_POINT('',(108.79940761245,-64.43936536078));
#1676 = CARTESIAN_POINT('',(109.30989017067,-64.76114094706));
#1677 = CARTESIAN_POINT('',(109.82037249618,-65.08291635567));
#1678 = CARTESIAN_POINT('',(110.33085458899,-65.4046915866));
#1679 = CARTESIAN_POINT('',(110.8413364491,-65.72646663987));
#1680 = CARTESIAN_POINT('',(111.35181807653,-66.04824151547));
#1681 = CARTESIAN_POINT('',(112.37277938551,-66.69178997815));
#1682 = CARTESIAN_POINT('',(112.88325886511,-67.01356345579));
#1683 = CARTESIAN_POINT('',(113.39373919194,-67.33533733973));
#1684 = CARTESIAN_POINT('',(113.90421672454,-67.6571096653));
#1685 = CARTESIAN_POINT('',(114.41469750539,-67.97888367972));
#1686 = CARTESIAN_POINT('',(114.92517518159,-68.30065599137));
#1687 = CARTESIAN_POINT('',(119.47147713443,-71.16635087001));
#1688 = CARTESIAN_POINT('',(123.50749616601,-73.71038189336));
#1689 = CARTESIAN_POINT('',(127.54371841212,-76.25452599174));
#1690 = CARTESIAN_POINT('',(131.5801533378,-78.79878853917));
#1691 = CARTESIAN_POINT('',(135.61681253047,-81.34317618735));
#1692 = CARTESIAN_POINT('',(139.65370969992,-83.88769686563));
#1693 = CARTESIAN_POINT('',(143.69086067833,-86.43235978098));
#1694 = ( GEOMETRIC_REPRESENTATION_CONTEXT(2) 
PARAMETRIC_REPRESENTATION_CONTEXT() REPRESENTATION_CONTEXT('2D SPACE',''
  ) );
#1695 = PCURVE('',#1696,#1723);
#1696 = OFFSET_SURFACE('',#1697,-3.5,.F.);
#1697 = B_SPLINE_SURFACE_WITH_KNOTS('',2,2,(
    (#1698,#1699,#1700,#1701,#1702)
    ,(#1703,#1704,#1705,#1706,#1707)
    ,(#1708,#1709,#1710,#1711,#1712)
    ,(#1713,#1714,#1715,#1716,#1717)
    ,(#1718,#1719,#1720,#1721,#1722
    )),.UNSPECIFIED.,.F.,.F.,.F.,(3,1,1,3),(3,1,1,3),(-33.53719886279,0.
    ,134.14879545117,167.68599431396),(-0.248897750228,0.,1.,
    1.248897750228),.UNSPECIFIED.);
#1698 = CARTESIAN_POINT('',(-43.67248335814,261.6775334512,
    205.33207979647));
#1699 = CARTESIAN_POINT('',(-42.83285145071,277.56943433595,
    208.05917624695));
#1700 = CARTESIAN_POINT('',(-38.65384098509,356.6665,221.63246295319));
#1701 = CARTESIAN_POINT('',(-34.47483051947,435.76356566404,
    235.20574965944));
#1702 = CARTESIAN_POINT('',(-33.63519861204,451.65546654879,
    237.93284610992));
#1703 = CARTESIAN_POINT('',(-44.99338650136,261.80586867191,
    221.28630277953));
#1704 = CARTESIAN_POINT('',(-44.24669325068,277.56943433595,
    224.37596388976));
#1705 = CARTESIAN_POINT('',(-40.5,356.6665,239.879));
#1706 = CARTESIAN_POINT('',(-36.75330674931,435.76356566404,
    255.38203611023));
#1707 = CARTESIAN_POINT('',(-36.00661349863,451.52713132808,
    258.47169722046));
#1708 = CARTESIAN_POINT('',(-52.51789627126,261.28843883467,
    308.68857207717));
#1709 = CARTESIAN_POINT('',(-51.74669325068,277.56943433595,
    309.84897555547));
#1710 = CARTESIAN_POINT('',(-48.,356.6665,315.4865));
#1711 = CARTESIAN_POINT('',(-44.25330674931,435.76356566404,
    321.12402444452));
#1712 = CARTESIAN_POINT('',(-43.48210372873,452.04456116532,
    322.28442792282));
#1713 = CARTESIAN_POINT('',(-60.01957367619,261.25302685966,
    396.19415057801));
#1714 = CARTESIAN_POINT('',(-59.24669325068,277.56943433595,
    395.32198722117));
#1715 = CARTESIAN_POINT('',(-55.5,356.6665,391.094));
#1716 = CARTESIAN_POINT('',(-51.75330674931,435.76356566404,
    386.86601277882));
#1717 = CARTESIAN_POINT('',(-50.98042632381,452.07997314033,
    385.99384942198));
#1718 = CARTESIAN_POINT('',(-61.34591114132,261.21304113747,
    412.11402487593));
#1719 = CARTESIAN_POINT('',(-60.66053505065,277.56943433595,
    411.63877486399));
#1720 = CARTESIAN_POINT('',(-57.3461590149,356.6665,409.3405370468));
#1721 = CARTESIAN_POINT('',(-54.03178297915,435.76356566404,
    407.04229922961));
#1722 = CARTESIAN_POINT('',(-53.34640688848,452.11995886253,
    406.56704921766));
#1723 = DEFINITIONAL_REPRESENTATION('',(#1724),#1781);
#1724 = B_SPLINE_CURVE_WITH_KNOTS('',7,(#1725,#1726,#1727,#1728,#1729,
    #1730,#1731,#1732,#1733,#1734,#1735,#1736,#1737,#1738,#1739,#1740,
    #1741,#1742,#1743,#1744,#1745,#1746,#1747,#1748,#1749,#1750,#1751,
    #1752,#1753,#1754,#1755,#1756,#1757,#1758,#1759,#1760,#1761,#1762,
    #1763,#1764,#1765,#1766,#1767,#1768,#1769,#1770,#1771,#1772,#1773,
    #1774,#1775,#1776,#1777,#1778,#1779,#1780),.UNSPECIFIED.,.F.,.F.,(8,
    6,6,6,6,6,6,6,6,8),(0.,0.16601980434,0.186019802709,0.501012463741,
    0.667003075724,0.749996954562,0.791993494822,0.812991673689,
    0.833989791657,1.),.UNSPECIFIED.);
#1725 = CARTESIAN_POINT('',(167.68599431396,1.080522229936E-03));
#1726 = CARTESIAN_POINT('',(162.91461901396,1.106100501359E-03));
#1727 = CARTESIAN_POINT('',(158.14310735091,1.130337367368E-03));
#1728 = CARTESIAN_POINT('',(153.37144083871,1.153233204544E-03));
#1729 = CARTESIAN_POINT('',(148.59960349614,1.174788271885E-03));
#1730 = CARTESIAN_POINT('',(143.82758184681,1.195002710804E-03));
#1731 = CARTESIAN_POINT('',(139.05536491919,1.21387654513E-03));
#1732 = CARTESIAN_POINT('',(133.70802244108,1.233521854968E-03));
#1733 = CARTESIAN_POINT('',(133.1330973604,1.235618351017E-03));
#1734 = CARTESIAN_POINT('',(132.55817740758,1.237744126153E-03));
#1735 = CARTESIAN_POINT('',(131.98325116155,1.239836384683E-03));
#1736 = CARTESIAN_POINT('',(131.40832888283,1.241952463294E-03));
#1737 = CARTESIAN_POINT('',(130.83340460695,1.244058676848E-03));
#1738 = CARTESIAN_POINT('',(121.20363408616,1.2793670102E-03));
#1739 = CARTESIAN_POINT('',(112.14872195614,1.312561751973E-03));
#1740 = CARTESIAN_POINT('',(103.09374401228,1.345750674248E-03));
#1741 = CARTESIAN_POINT('',(94.038700275237,1.378933543192E-03));
#1742 = CARTESIAN_POINT('',(84.983590767056,1.412110125275E-03));
#1743 = CARTESIAN_POINT('',(75.928415511172,1.445280187273E-03));
#1744 = CARTESIAN_POINT('',(62.10136497089,1.495919452489E-03));
#1745 = CARTESIAN_POINT('',(57.329537158537,1.513393533448E-03));
#1746 = CARTESIAN_POINT('',(52.557691098978,1.53086570506E-03));
#1747 = CARTESIAN_POINT('',(47.785826795954,1.548335933271E-03));
#1748 = CARTESIAN_POINT('',(43.013944253308,1.565804184053E-03));
#1749 = CARTESIAN_POINT('',(38.242043474992,1.583270423405E-03));
#1750 = CARTESIAN_POINT('',(31.084205988067,1.609466564174E-03));
#1751 = CARTESIAN_POINT('',(28.698282953323,1.618197999662E-03));
#1752 = CARTESIAN_POINT('',(26.31235536134,1.62692891957E-03));
#1753 = CARTESIAN_POINT('',(23.926423212631,1.635659319654E-03));
#1754 = CARTESIAN_POINT('',(21.540486507718,1.64438919567E-03));
#1755 = CARTESIAN_POINT('',(19.154545247128,1.653118543379E-03));
#1756 = CARTESIAN_POINT('',(15.561263771101,1.666264311243E-03));
#1757 = CARTESIAN_POINT('',(14.353926944436,1.670681127583E-03));
#1758 = CARTESIAN_POINT('',(13.146588951468,1.675097807012E-03));
#1759 = CARTESIAN_POINT('',(11.939249792268,1.67951434898E-03));
#1760 = CARTESIAN_POINT('',(10.731909466904,1.683930752939E-03));
#1761 = CARTESIAN_POINT('',(9.524567975448,1.68834701834E-03));
#1762 = CARTESIAN_POINT('',(7.713556612905,1.694971198185E-03));
#1763 = CARTESIAN_POINT('',(7.109887616336,1.697179216959E-03));
#1764 = CARTESIAN_POINT('',(6.506218328273,1.699387200888E-03));
#1765 = CARTESIAN_POINT('',(5.902548748724,1.701595149903E-03));
#1766 = CARTESIAN_POINT('',(5.2988788777,1.703803063936E-03));
#1767 = CARTESIAN_POINT('',(4.695208715209,1.706010942919E-03));
#1768 = CARTESIAN_POINT('',(3.48786955809,1.710426624242E-03));
#1769 = CARTESIAN_POINT('',(2.884200334359,1.712632230822E-03));
#1770 = CARTESIAN_POINT('',(2.280532043634,1.714849734399E-03));
#1771 = CARTESIAN_POINT('',(1.676860559374,1.717038205596E-03));
#1772 = CARTESIAN_POINT('',(1.073192722129,1.719267577188E-03));
#1773 = CARTESIAN_POINT('',(0.469521351891,1.721460809439E-03));
#1774 = CARTESIAN_POINT('',(-4.906738752522,1.741167879991E-03));
#1775 = CARTESIAN_POINT('',(-9.67910498484,1.759995197474E-03));
#1776 = CARTESIAN_POINT('',(-14.45123907779,1.7801541241E-03));
#1777 = CARTESIAN_POINT('',(-19.22313013387,1.801643011827E-03));
#1778 = CARTESIAN_POINT('',(-23.99476477272,1.824459998979E-03));
#1779 = CARTESIAN_POINT('',(-28.76612713107,1.848603010242E-03));
#1780 = CARTESIAN_POINT('',(-33.53719886279,1.87406975667E-03));
#1781 = ( GEOMETRIC_REPRESENTATION_CONTEXT(2) 
PARAMETRIC_REPRESENTATION_CONTEXT() REPRESENTATION_CONTEXT('2D SPACE',''
  ) );
#1782 = ORIENTED_EDGE('',*,*,#1783,.T.);
#1783 = EDGE_CURVE('',#1575,#1784,#1786,.T.);
#1784 = VERTEX_POINT('',#1785);
#1785 = CARTESIAN_POINT('',(-20.,293.333,374.27657807121));
#1786 = SURFACE_CURVE('',#1787,(#1791,#1797),.PCURVE_S1.);
#1787 = LINE('',#1788,#1789);
#1788 = CARTESIAN_POINT('',(-28.5,293.333,374.27657807121));
#1789 = VECTOR('',#1790,1.);
#1790 = DIRECTION('',(1.,0.,1.098462835488E-16));
#1791 = PCURVE('',#71,#1792);
#1792 = DEFINITIONAL_REPRESENTATION('',(#1793),#1796);
#1793 = B_SPLINE_CURVE_WITH_KNOTS('',1,(#1794,#1795),.UNSPECIFIED.,.F.,
  .F.,(2,2),(-9.9999715E+06,1.00000285E+07),.PIECEWISE_BEZIER_KNOTS.);
#1794 = CARTESIAN_POINT('',(-6.067963082217E+06,-7.948501999503E+06));
#1795 = CARTESIAN_POINT('',(6.068037823665E+06,7.948588363592E+06));
#1796 = ( GEOMETRIC_REPRESENTATION_CONTEXT(2) 
PARAMETRIC_REPRESENTATION_CONTEXT() REPRESENTATION_CONTEXT('2D SPACE',''
  ) );
#1797 = PCURVE('',#1175,#1798);
#1798 = DEFINITIONAL_REPRESENTATION('',(#1799),#1802);
#1799 = B_SPLINE_CURVE_WITH_KNOTS('',1,(#1800,#1801),.UNSPECIFIED.,.F.,
  .F.,(2,2),(-9.9999715E+06,1.00000285E+07),.PIECEWISE_BEZIER_KNOTS.);
#1800 = CARTESIAN_POINT('',(-1.E+07,-63.25945284114));
#1801 = CARTESIAN_POINT('',(1.E+07,-63.25945283604));
#1802 = ( GEOMETRIC_REPRESENTATION_CONTEXT(2) 
PARAMETRIC_REPRESENTATION_CONTEXT() REPRESENTATION_CONTEXT('2D SPACE',''
  ) );
#1803 = ORIENTED_EDGE('',*,*,#1804,.T.);
#1804 = EDGE_CURVE('',#1784,#56,#1805,.T.);
#1805 = SURFACE_CURVE('',#1806,(#1810,#1816),.PCURVE_S1.);
#1806 = LINE('',#1807,#1808);
#1807 = CARTESIAN_POINT('',(-20.,293.333,345.904));
#1808 = VECTOR('',#1809,1.);
#1809 = DIRECTION('',(0.,0.,1.));
#1810 = PCURVE('',#71,#1811);
#1811 = DEFINITIONAL_REPRESENTATION('',(#1812),#1815);
#1812 = B_SPLINE_CURVE_WITH_KNOTS('',1,(#1813,#1814),.UNSPECIFIED.,.F.,
  .F.,(2,2),(-31.874,37.374),.PIECEWISE_BEZIER_KNOTS.);
#1813 = CARTESIAN_POINT('',(73.121987499213,-9.27267211568));
#1814 = CARTESIAN_POINT('',(18.07990182603,32.747017420845));
#1815 = ( GEOMETRIC_REPRESENTATION_CONTEXT(2) 
PARAMETRIC_REPRESENTATION_CONTEXT() REPRESENTATION_CONTEXT('2D SPACE',''
  ) );
#1816 = PCURVE('',#109,#1817);
#1817 = DEFINITIONAL_REPRESENTATION('',(#1818),#1821);
#1818 = B_SPLINE_CURVE_WITH_KNOTS('',1,(#1819,#1820),.UNSPECIFIED.,.F.,
  .F.,(2,2),(-31.874,37.374),.PIECEWISE_BEZIER_KNOTS.);
#1819 = CARTESIAN_POINT('',(0.,-30.003));
#1820 = CARTESIAN_POINT('',(69.248,-30.003));
#1821 = ( GEOMETRIC_REPRESENTATION_CONTEXT(2) 
PARAMETRIC_REPRESENTATION_CONTEXT() REPRESENTATION_CONTEXT('2D SPACE',''
  ) );
#1822 = ADVANCED_FACE('',(#1823,#2087,#2118),#177,.T.);
#1823 = FACE_BOUND('',#1824,.T.);
#1824 = EDGE_LOOP('',(#1825,#1848,#1876,#1904,#1932,#1958,#1984,#2010,
    #2038,#2066,#2085,#2086));
#1825 = ORIENTED_EDGE('',*,*,#1826,.T.);
#1826 = EDGE_CURVE('',#127,#1827,#1829,.T.);
#1827 = VERTEX_POINT('',#1828);
#1828 = CARTESIAN_POINT('',(20.,331.33,383.278));
#1829 = SURFACE_CURVE('',#1830,(#1834,#1841),.PCURVE_S1.);
#1830 = LINE('',#1831,#1832);
#1831 = CARTESIAN_POINT('',(20.,331.33,314.03));
#1832 = VECTOR('',#1833,1.);
#1833 = DIRECTION('',(0.,0.,1.));
#1834 = PCURVE('',#177,#1835);
#1835 = DEFINITIONAL_REPRESENTATION('',(#1836),#1840);
#1836 = LINE('',#1837,#1838);
#1837 = CARTESIAN_POINT('',(0.,-68.));
#1838 = VECTOR('',#1839,1.);
#1839 = DIRECTION('',(1.,0.));
#1840 = ( GEOMETRIC_REPRESENTATION_CONTEXT(2) 
PARAMETRIC_REPRESENTATION_CONTEXT() REPRESENTATION_CONTEXT('2D SPACE',''
  ) );
#1841 = PCURVE('',#140,#1842);
#1842 = DEFINITIONAL_REPRESENTATION('',(#1843),#1847);
#1843 = LINE('',#1844,#1845);
#1844 = CARTESIAN_POINT('',(0.,40.));
#1845 = VECTOR('',#1846,1.);
#1846 = DIRECTION('',(1.,0.));
#1847 = ( GEOMETRIC_REPRESENTATION_CONTEXT(2) 
PARAMETRIC_REPRESENTATION_CONTEXT() REPRESENTATION_CONTEXT('2D SPACE',''
  ) );
#1848 = ORIENTED_EDGE('',*,*,#1849,.F.);
#1849 = EDGE_CURVE('',#1850,#1827,#1852,.T.);
#1850 = VERTEX_POINT('',#1851);
#1851 = CARTESIAN_POINT('',(20.,263.33,383.278));
#1852 = SURFACE_CURVE('',#1853,(#1857,#1864),.PCURVE_S1.);
#1853 = LINE('',#1854,#1855);
#1854 = CARTESIAN_POINT('',(20.,263.33,383.278));
#1855 = VECTOR('',#1856,1.);
#1856 = DIRECTION('',(-0.,1.,0.));
#1857 = PCURVE('',#177,#1858);
#1858 = DEFINITIONAL_REPRESENTATION('',(#1859),#1863);
#1859 = LINE('',#1860,#1861);
#1860 = CARTESIAN_POINT('',(69.248,0.));
#1861 = VECTOR('',#1862,1.);
#1862 = DIRECTION('',(0.,-1.));
#1863 = ( GEOMETRIC_REPRESENTATION_CONTEXT(2) 
PARAMETRIC_REPRESENTATION_CONTEXT() REPRESENTATION_CONTEXT('2D SPACE',''
  ) );
#1864 = PCURVE('',#1865,#1870);
#1865 = PLANE('',#1866);
#1866 = AXIS2_PLACEMENT_3D('',#1867,#1868,#1869);
#1867 = CARTESIAN_POINT('',(-20.,263.33,383.278));
#1868 = DIRECTION('',(0.,0.,1.));
#1869 = DIRECTION('',(1.,0.,-0.));
#1870 = DEFINITIONAL_REPRESENTATION('',(#1871),#1875);
#1871 = LINE('',#1872,#1873);
#1872 = CARTESIAN_POINT('',(40.,0.));
#1873 = VECTOR('',#1874,1.);
#1874 = DIRECTION('',(0.,1.));
#1875 = ( GEOMETRIC_REPRESENTATION_CONTEXT(2) 
PARAMETRIC_REPRESENTATION_CONTEXT() REPRESENTATION_CONTEXT('2D SPACE',''
  ) );
#1876 = ORIENTED_EDGE('',*,*,#1877,.F.);
#1877 = EDGE_CURVE('',#1878,#1850,#1880,.T.);
#1878 = VERTEX_POINT('',#1879);
#1879 = CARTESIAN_POINT('',(20.,263.33,314.03));
#1880 = SURFACE_CURVE('',#1881,(#1885,#1892),.PCURVE_S1.);
#1881 = LINE('',#1882,#1883);
#1882 = CARTESIAN_POINT('',(20.,263.33,314.03));
#1883 = VECTOR('',#1884,1.);
#1884 = DIRECTION('',(0.,0.,1.));
#1885 = PCURVE('',#177,#1886);
#1886 = DEFINITIONAL_REPRESENTATION('',(#1887),#1891);
#1887 = LINE('',#1888,#1889);
#1888 = CARTESIAN_POINT('',(0.,0.));
#1889 = VECTOR('',#1890,1.);
#1890 = DIRECTION('',(1.,0.));
#1891 = ( GEOMETRIC_REPRESENTATION_CONTEXT(2) 
PARAMETRIC_REPRESENTATION_CONTEXT() REPRESENTATION_CONTEXT('2D SPACE',''
  ) );
#1892 = PCURVE('',#1893,#1898);
#1893 = PLANE('',#1894);
#1894 = AXIS2_PLACEMENT_3D('',#1895,#1896,#1897);
#1895 = CARTESIAN_POINT('',(-20.,263.33,314.03));
#1896 = DIRECTION('',(-0.,1.,0.));
#1897 = DIRECTION('',(0.,0.,1.));
#1898 = DEFINITIONAL_REPRESENTATION('',(#1899),#1903);
#1899 = LINE('',#1900,#1901);
#1900 = CARTESIAN_POINT('',(0.,40.));
#1901 = VECTOR('',#1902,1.);
#1902 = DIRECTION('',(1.,0.));
#1903 = ( GEOMETRIC_REPRESENTATION_CONTEXT(2) 
PARAMETRIC_REPRESENTATION_CONTEXT() REPRESENTATION_CONTEXT('2D SPACE',''
  ) );
#1904 = ORIENTED_EDGE('',*,*,#1905,.T.);
#1905 = EDGE_CURVE('',#1878,#1906,#1908,.T.);
#1906 = VERTEX_POINT('',#1907);
#1907 = CARTESIAN_POINT('',(20.,278.33,314.03));
#1908 = SURFACE_CURVE('',#1909,(#1913,#1920),.PCURVE_S1.);
#1909 = LINE('',#1910,#1911);
#1910 = CARTESIAN_POINT('',(20.,263.33,314.03));
#1911 = VECTOR('',#1912,1.);
#1912 = DIRECTION('',(-0.,1.,0.));
#1913 = PCURVE('',#177,#1914);
#1914 = DEFINITIONAL_REPRESENTATION('',(#1915),#1919);
#1915 = LINE('',#1916,#1917);
#1916 = CARTESIAN_POINT('',(0.,0.));
#1917 = VECTOR('',#1918,1.);
#1918 = DIRECTION('',(0.,-1.));
#1919 = ( GEOMETRIC_REPRESENTATION_CONTEXT(2) 
PARAMETRIC_REPRESENTATION_CONTEXT() REPRESENTATION_CONTEXT('2D SPACE',''
  ) );
#1920 = PCURVE('',#1921,#1926);
#1921 = PLANE('',#1922);
#1922 = AXIS2_PLACEMENT_3D('',#1923,#1924,#1925);
#1923 = CARTESIAN_POINT('',(-20.,263.33,314.03));
#1924 = DIRECTION('',(0.,0.,1.));
#1925 = DIRECTION('',(1.,0.,-0.));
#1926 = DEFINITIONAL_REPRESENTATION('',(#1927),#1931);
#1927 = LINE('',#1928,#1929);
#1928 = CARTESIAN_POINT('',(40.,0.));
#1929 = VECTOR('',#1930,1.);
#1930 = DIRECTION('',(0.,1.));
#1931 = ( GEOMETRIC_REPRESENTATION_CONTEXT(2) 
PARAMETRIC_REPRESENTATION_CONTEXT() REPRESENTATION_CONTEXT('2D SPACE',''
  ) );
#1932 = ORIENTED_EDGE('',*,*,#1933,.T.);
#1933 = EDGE_CURVE('',#1906,#1934,#1936,.T.);
#1934 = VERTEX_POINT('',#1935);
#1935 = CARTESIAN_POINT('',(20.,278.33,345.03));
#1936 = SURFACE_CURVE('',#1937,(#1941,#1947),.PCURVE_S1.);
#1937 = LINE('',#1938,#1939);
#1938 = CARTESIAN_POINT('',(20.,278.33,313.53));
#1939 = VECTOR('',#1940,1.);
#1940 = DIRECTION('',(0.,0.,1.));
#1941 = PCURVE('',#177,#1942);
#1942 = DEFINITIONAL_REPRESENTATION('',(#1943),#1946);
#1943 = B_SPLINE_CURVE_WITH_KNOTS('',1,(#1944,#1945),.UNSPECIFIED.,.F.,
  .F.,(2,2),(0.5,31.5),.PIECEWISE_BEZIER_KNOTS.);
#1944 = CARTESIAN_POINT('',(0.,-15.));
#1945 = CARTESIAN_POINT('',(31.,-15.));
#1946 = ( GEOMETRIC_REPRESENTATION_CONTEXT(2) 
PARAMETRIC_REPRESENTATION_CONTEXT() REPRESENTATION_CONTEXT('2D SPACE',''
  ) );
#1947 = PCURVE('',#1948,#1953);
#1948 = PLANE('',#1949);
#1949 = AXIS2_PLACEMENT_3D('',#1950,#1951,#1952);
#1950 = CARTESIAN_POINT('',(-21.,278.33,313.03));
#1951 = DIRECTION('',(-0.,1.,0.));
#1952 = DIRECTION('',(0.,0.,1.));
#1953 = DEFINITIONAL_REPRESENTATION('',(#1954),#1957);
#1954 = B_SPLINE_CURVE_WITH_KNOTS('',1,(#1955,#1956),.UNSPECIFIED.,.F.,
  .F.,(2,2),(0.5,31.5),.PIECEWISE_BEZIER_KNOTS.);
#1955 = CARTESIAN_POINT('',(1.,41.));
#1956 = CARTESIAN_POINT('',(32.,41.));
#1957 = ( GEOMETRIC_REPRESENTATION_CONTEXT(2) 
PARAMETRIC_REPRESENTATION_CONTEXT() REPRESENTATION_CONTEXT('2D SPACE',''
  ) );
#1958 = ORIENTED_EDGE('',*,*,#1959,.F.);
#1959 = EDGE_CURVE('',#1960,#1934,#1962,.T.);
#1960 = VERTEX_POINT('',#1961);
#1961 = CARTESIAN_POINT('',(20.,308.33,345.03));
#1962 = SURFACE_CURVE('',#1963,(#1967,#1973),.PCURVE_S1.);
#1963 = LINE('',#1964,#1965);
#1964 = CARTESIAN_POINT('',(20.,270.83,345.03));
#1965 = VECTOR('',#1966,1.);
#1966 = DIRECTION('',(0.,-1.,0.));
#1967 = PCURVE('',#177,#1968);
#1968 = DEFINITIONAL_REPRESENTATION('',(#1969),#1972);
#1969 = B_SPLINE_CURVE_WITH_KNOTS('',1,(#1970,#1971),.UNSPECIFIED.,.F.,
  .F.,(2,2),(-37.5,-7.5),.PIECEWISE_BEZIER_KNOTS.);
#1970 = CARTESIAN_POINT('',(31.,-45.));
#1971 = CARTESIAN_POINT('',(31.,-15.));
#1972 = ( GEOMETRIC_REPRESENTATION_CONTEXT(2) 
PARAMETRIC_REPRESENTATION_CONTEXT() REPRESENTATION_CONTEXT('2D SPACE',''
  ) );
#1973 = PCURVE('',#1974,#1979);
#1974 = PLANE('',#1975);
#1975 = AXIS2_PLACEMENT_3D('',#1976,#1977,#1978);
#1976 = CARTESIAN_POINT('',(-21.,278.33,345.03));
#1977 = DIRECTION('',(0.,0.,1.));
#1978 = DIRECTION('',(1.,0.,-0.));
#1979 = DEFINITIONAL_REPRESENTATION('',(#1980),#1983);
#1980 = B_SPLINE_CURVE_WITH_KNOTS('',1,(#1981,#1982),.UNSPECIFIED.,.F.,
  .F.,(2,2),(-37.5,-7.5),.PIECEWISE_BEZIER_KNOTS.);
#1981 = CARTESIAN_POINT('',(41.,30.));
#1982 = CARTESIAN_POINT('',(41.,0.));
#1983 = ( GEOMETRIC_REPRESENTATION_CONTEXT(2) 
PARAMETRIC_REPRESENTATION_CONTEXT() REPRESENTATION_CONTEXT('2D SPACE',''
  ) );
#1984 = ORIENTED_EDGE('',*,*,#1985,.F.);
#1985 = EDGE_CURVE('',#1986,#1960,#1988,.T.);
#1986 = VERTEX_POINT('',#1987);
#1987 = CARTESIAN_POINT('',(20.,308.33,314.03));
#1988 = SURFACE_CURVE('',#1989,(#1993,#1999),.PCURVE_S1.);
#1989 = LINE('',#1990,#1991);
#1990 = CARTESIAN_POINT('',(20.,308.33,313.53));
#1991 = VECTOR('',#1992,1.);
#1992 = DIRECTION('',(0.,0.,1.));
#1993 = PCURVE('',#177,#1994);
#1994 = DEFINITIONAL_REPRESENTATION('',(#1995),#1998);
#1995 = B_SPLINE_CURVE_WITH_KNOTS('',1,(#1996,#1997),.UNSPECIFIED.,.F.,
  .F.,(2,2),(0.5,31.5),.PIECEWISE_BEZIER_KNOTS.);
#1996 = CARTESIAN_POINT('',(0.,-45.));
#1997 = CARTESIAN_POINT('',(31.,-45.));
#1998 = ( GEOMETRIC_REPRESENTATION_CONTEXT(2) 
PARAMETRIC_REPRESENTATION_CONTEXT() REPRESENTATION_CONTEXT('2D SPACE',''
  ) );
#1999 = PCURVE('',#2000,#2005);
#2000 = PLANE('',#2001);
#2001 = AXIS2_PLACEMENT_3D('',#2002,#2003,#2004);
#2002 = CARTESIAN_POINT('',(-21.,308.33,313.03));
#2003 = DIRECTION('',(-0.,1.,0.));
#2004 = DIRECTION('',(0.,0.,1.));
#2005 = DEFINITIONAL_REPRESENTATION('',(#2006),#2009);
#2006 = B_SPLINE_CURVE_WITH_KNOTS('',1,(#2007,#2008),.UNSPECIFIED.,.F.,
  .F.,(2,2),(0.5,31.5),.PIECEWISE_BEZIER_KNOTS.);
#2007 = CARTESIAN_POINT('',(1.,41.));
#2008 = CARTESIAN_POINT('',(32.,41.));
#2009 = ( GEOMETRIC_REPRESENTATION_CONTEXT(2) 
PARAMETRIC_REPRESENTATION_CONTEXT() REPRESENTATION_CONTEXT('2D SPACE',''
  ) );
#2010 = ORIENTED_EDGE('',*,*,#2011,.T.);
#2011 = EDGE_CURVE('',#1986,#2012,#2014,.T.);
#2012 = VERTEX_POINT('',#2013);
#2013 = CARTESIAN_POINT('',(20.,331.33,314.03));
#2014 = SURFACE_CURVE('',#2015,(#2019,#2026),.PCURVE_S1.);
#2015 = LINE('',#2016,#2017);
#2016 = CARTESIAN_POINT('',(20.,263.33,314.03));
#2017 = VECTOR('',#2018,1.);
#2018 = DIRECTION('',(-0.,1.,0.));
#2019 = PCURVE('',#177,#2020);
#2020 = DEFINITIONAL_REPRESENTATION('',(#2021),#2025);
#2021 = LINE('',#2022,#2023);
#2022 = CARTESIAN_POINT('',(0.,0.));
#2023 = VECTOR('',#2024,1.);
#2024 = DIRECTION('',(0.,-1.));
#2025 = ( GEOMETRIC_REPRESENTATION_CONTEXT(2) 
PARAMETRIC_REPRESENTATION_CONTEXT() REPRESENTATION_CONTEXT('2D SPACE',''
  ) );
#2026 = PCURVE('',#2027,#2032);
#2027 = PLANE('',#2028);
#2028 = AXIS2_PLACEMENT_3D('',#2029,#2030,#2031);
#2029 = CARTESIAN_POINT('',(-20.,263.33,314.03));
#2030 = DIRECTION('',(0.,0.,1.));
#2031 = DIRECTION('',(1.,0.,-0.));
#2032 = DEFINITIONAL_REPRESENTATION('',(#2033),#2037);
#2033 = LINE('',#2034,#2035);
#2034 = CARTESIAN_POINT('',(40.,0.));
#2035 = VECTOR('',#2036,1.);
#2036 = DIRECTION('',(0.,1.));
#2037 = ( GEOMETRIC_REPRESENTATION_CONTEXT(2) 
PARAMETRIC_REPRESENTATION_CONTEXT() REPRESENTATION_CONTEXT('2D SPACE',''
  ) );
#2038 = ORIENTED_EDGE('',*,*,#2039,.T.);
#2039 = EDGE_CURVE('',#2012,#2040,#2042,.T.);
#2040 = VERTEX_POINT('',#2041);
#2041 = CARTESIAN_POINT('',(20.,331.33,373.19336644545));
#2042 = SURFACE_CURVE('',#2043,(#2047,#2054),.PCURVE_S1.);
#2043 = LINE('',#2044,#2045);
#2044 = CARTESIAN_POINT('',(20.,331.33,314.03));
#2045 = VECTOR('',#2046,1.);
#2046 = DIRECTION('',(0.,0.,1.));
#2047 = PCURVE('',#177,#2048);
#2048 = DEFINITIONAL_REPRESENTATION('',(#2049),#2053);
#2049 = LINE('',#2050,#2051);
#2050 = CARTESIAN_POINT('',(0.,-68.));
#2051 = VECTOR('',#2052,1.);
#2052 = DIRECTION('',(1.,0.));
#2053 = ( GEOMETRIC_REPRESENTATION_CONTEXT(2) 
PARAMETRIC_REPRESENTATION_CONTEXT() REPRESENTATION_CONTEXT('2D SPACE',''
  ) );
#2054 = PCURVE('',#2055,#2060);
#2055 = PLANE('',#2056);
#2056 = AXIS2_PLACEMENT_3D('',#2057,#2058,#2059);
#2057 = CARTESIAN_POINT('',(-20.,331.33,314.03));
#2058 = DIRECTION('',(-0.,1.,0.));
#2059 = DIRECTION('',(0.,0.,1.));
#2060 = DEFINITIONAL_REPRESENTATION('',(#2061),#2065);
#2061 = LINE('',#2062,#2063);
#2062 = CARTESIAN_POINT('',(0.,40.));
#2063 = VECTOR('',#2064,1.);
#2064 = DIRECTION('',(1.,0.));
#2065 = ( GEOMETRIC_REPRESENTATION_CONTEXT(2) 
PARAMETRIC_REPRESENTATION_CONTEXT() REPRESENTATION_CONTEXT('2D SPACE',''
  ) );
#2066 = ORIENTED_EDGE('',*,*,#2067,.F.);
#2067 = EDGE_CURVE('',#1140,#2040,#2068,.T.);
#2068 = SURFACE_CURVE('',#2069,(#2073,#2079),.PCURVE_S1.);
#2069 = LINE('',#2070,#2071);
#2070 = CARTESIAN_POINT('',(20.,310.81861528894,373.77810130293));
#2071 = VECTOR('',#2072,1.);
#2072 = DIRECTION('',(-0.,0.999593899618,-2.849624267978E-02));
#2073 = PCURVE('',#177,#2074);
#2074 = DEFINITIONAL_REPRESENTATION('',(#2075),#2078);
#2075 = B_SPLINE_CURVE_WITH_KNOTS('',1,(#2076,#2077),.UNSPECIFIED.,.F.,
  .F.,(2,2),(-17.49271908885,20.519717776286),.PIECEWISE_BEZIER_KNOTS.);
#2076 = CARTESIAN_POINT('',(60.246578071217,-30.003));
#2077 = CARTESIAN_POINT('',(59.163366445458,-68.));
#2078 = ( GEOMETRIC_REPRESENTATION_CONTEXT(2) 
PARAMETRIC_REPRESENTATION_CONTEXT() REPRESENTATION_CONTEXT('2D SPACE',''
  ) );
#2079 = PCURVE('',#1175,#2080);
#2080 = DEFINITIONAL_REPRESENTATION('',(#2081),#2084);
#2081 = B_SPLINE_CURVE_WITH_KNOTS('',1,(#2082,#2083),.UNSPECIFIED.,.F.,
  .F.,(2,2),(-17.49271908885,20.519717776286),.PIECEWISE_BEZIER_KNOTS.);
#2082 = CARTESIAN_POINT('',(20.,-63.25945283859));
#2083 = CARTESIAN_POINT('',(20.,-25.24701597345));
#2084 = ( GEOMETRIC_REPRESENTATION_CONTEXT(2) 
PARAMETRIC_REPRESENTATION_CONTEXT() REPRESENTATION_CONTEXT('2D SPACE',''
  ) );
#2085 = ORIENTED_EDGE('',*,*,#1139,.T.);
#2086 = ORIENTED_EDGE('',*,*,#151,.T.);
#2087 = FACE_BOUND('',#2088,.T.);
#2088 = EDGE_LOOP('',(#2089));
#2089 = ORIENTED_EDGE('',*,*,#2090,.F.);
#2090 = EDGE_CURVE('',#2091,#2091,#2093,.T.);
#2091 = VERTEX_POINT('',#2092);
#2092 = CARTESIAN_POINT('',(20.,315.83,335.03));
#2093 = SURFACE_CURVE('',#2094,(#2099,#2106),.PCURVE_S1.);
#2094 = CIRCLE('',#2095,6.);
#2095 = AXIS2_PLACEMENT_3D('',#2096,#2097,#2098);
#2096 = CARTESIAN_POINT('',(20.,315.83,329.03));
#2097 = DIRECTION('',(1.,0.,0.));
#2098 = DIRECTION('',(-0.,0.,1.));
#2099 = PCURVE('',#177,#2100);
#2100 = DEFINITIONAL_REPRESENTATION('',(#2101),#2105);
#2101 = CIRCLE('',#2102,6.);
#2102 = AXIS2_PLACEMENT_2D('',#2103,#2104);
#2103 = CARTESIAN_POINT('',(15.,-52.5));
#2104 = DIRECTION('',(1.,0.));
#2105 = ( GEOMETRIC_REPRESENTATION_CONTEXT(2) 
PARAMETRIC_REPRESENTATION_CONTEXT() REPRESENTATION_CONTEXT('2D SPACE',''
  ) );
#2106 = PCURVE('',#2107,#2112);
#2107 = CYLINDRICAL_SURFACE('',#2108,6.);
#2108 = AXIS2_PLACEMENT_3D('',#2109,#2110,#2111);
#2109 = CARTESIAN_POINT('',(-21.,315.83,329.03));
#2110 = DIRECTION('',(1.,0.,0.));
#2111 = DIRECTION('',(-0.,0.,1.));
#2112 = DEFINITIONAL_REPRESENTATION('',(#2113),#2117);
#2113 = LINE('',#2114,#2115);
#2114 = CARTESIAN_POINT('',(0.,41.));
#2115 = VECTOR('',#2116,1.);
#2116 = DIRECTION('',(1.,0.));
#2117 = ( GEOMETRIC_REPRESENTATION_CONTEXT(2) 
PARAMETRIC_REPRESENTATION_CONTEXT() REPRESENTATION_CONTEXT('2D SPACE',''
  ) );
#2118 = FACE_BOUND('',#2119,.T.);
#2119 = EDGE_LOOP('',(#2120));
#2120 = ORIENTED_EDGE('',*,*,#2121,.F.);
#2121 = EDGE_CURVE('',#2122,#2122,#2124,.T.);
#2122 = VERTEX_POINT('',#2123);
#2123 = CARTESIAN_POINT('',(20.,270.83,335.03));
#2124 = SURFACE_CURVE('',#2125,(#2130,#2137),.PCURVE_S1.);
#2125 = CIRCLE('',#2126,6.);
#2126 = AXIS2_PLACEMENT_3D('',#2127,#2128,#2129);
#2127 = CARTESIAN_POINT('',(20.,270.83,329.03));
#2128 = DIRECTION('',(1.,0.,0.));
#2129 = DIRECTION('',(-0.,0.,1.));
#2130 = PCURVE('',#177,#2131);
#2131 = DEFINITIONAL_REPRESENTATION('',(#2132),#2136);
#2132 = CIRCLE('',#2133,6.);
#2133 = AXIS2_PLACEMENT_2D('',#2134,#2135);
#2134 = CARTESIAN_POINT('',(15.,-7.5));
#2135 = DIRECTION('',(1.,0.));
#2136 = ( GEOMETRIC_REPRESENTATION_CONTEXT(2) 
PARAMETRIC_REPRESENTATION_CONTEXT() REPRESENTATION_CONTEXT('2D SPACE',''
  ) );
#2137 = PCURVE('',#2138,#2143);
#2138 = CYLINDRICAL_SURFACE('',#2139,6.);
#2139 = AXIS2_PLACEMENT_3D('',#2140,#2141,#2142);
#2140 = CARTESIAN_POINT('',(-21.,270.83,329.03));
#2141 = DIRECTION('',(1.,0.,0.));
#2142 = DIRECTION('',(-0.,0.,1.));
#2143 = DEFINITIONAL_REPRESENTATION('',(#2144),#2148);
#2144 = LINE('',#2145,#2146);
#2145 = CARTESIAN_POINT('',(0.,41.));
#2146 = VECTOR('',#2147,1.);
#2147 = DIRECTION('',(1.,0.));
#2148 = ( GEOMETRIC_REPRESENTATION_CONTEXT(2) 
PARAMETRIC_REPRESENTATION_CONTEXT() REPRESENTATION_CONTEXT('2D SPACE',''
  ) );
#2149 = ADVANCED_FACE('',(#2150),#140,.T.);
#2150 = FACE_BOUND('',#2151,.T.);
#2151 = EDGE_LOOP('',(#2152,#2153,#2154,#2177));
#2152 = ORIENTED_EDGE('',*,*,#1826,.F.);
#2153 = ORIENTED_EDGE('',*,*,#126,.T.);
#2154 = ORIENTED_EDGE('',*,*,#2155,.T.);
#2155 = EDGE_CURVE('',#84,#2156,#2158,.T.);
#2156 = VERTEX_POINT('',#2157);
#2157 = CARTESIAN_POINT('',(-20.,331.33,383.278));
#2158 = SURFACE_CURVE('',#2159,(#2163,#2170),.PCURVE_S1.);
#2159 = LINE('',#2160,#2161);
#2160 = CARTESIAN_POINT('',(-20.,331.33,314.03));
#2161 = VECTOR('',#2162,1.);
#2162 = DIRECTION('',(0.,0.,1.));
#2163 = PCURVE('',#140,#2164);
#2164 = DEFINITIONAL_REPRESENTATION('',(#2165),#2169);
#2165 = LINE('',#2166,#2167);
#2166 = CARTESIAN_POINT('',(0.,0.));
#2167 = VECTOR('',#2168,1.);
#2168 = DIRECTION('',(1.,0.));
#2169 = ( GEOMETRIC_REPRESENTATION_CONTEXT(2) 
PARAMETRIC_REPRESENTATION_CONTEXT() REPRESENTATION_CONTEXT('2D SPACE',''
  ) );
#2170 = PCURVE('',#109,#2171);
#2171 = DEFINITIONAL_REPRESENTATION('',(#2172),#2176);
#2172 = LINE('',#2173,#2174);
#2173 = CARTESIAN_POINT('',(0.,-68.));
#2174 = VECTOR('',#2175,1.);
#2175 = DIRECTION('',(1.,0.));
#2176 = ( GEOMETRIC_REPRESENTATION_CONTEXT(2) 
PARAMETRIC_REPRESENTATION_CONTEXT() REPRESENTATION_CONTEXT('2D SPACE',''
  ) );
#2177 = ORIENTED_EDGE('',*,*,#2178,.T.);
#2178 = EDGE_CURVE('',#2156,#1827,#2179,.T.);
#2179 = SURFACE_CURVE('',#2180,(#2184,#2191),.PCURVE_S1.);
#2180 = LINE('',#2181,#2182);
#2181 = CARTESIAN_POINT('',(-20.,331.33,383.278));
#2182 = VECTOR('',#2183,1.);
#2183 = DIRECTION('',(1.,0.,-0.));
#2184 = PCURVE('',#140,#2185);
#2185 = DEFINITIONAL_REPRESENTATION('',(#2186),#2190);
#2186 = LINE('',#2187,#2188);
#2187 = CARTESIAN_POINT('',(69.248,0.));
#2188 = VECTOR('',#2189,1.);
#2189 = DIRECTION('',(0.,1.));
#2190 = ( GEOMETRIC_REPRESENTATION_CONTEXT(2) 
PARAMETRIC_REPRESENTATION_CONTEXT() REPRESENTATION_CONTEXT('2D SPACE',''
  ) );
#2191 = PCURVE('',#1865,#2192);
#2192 = DEFINITIONAL_REPRESENTATION('',(#2193),#2197);
#2193 = LINE('',#2194,#2195);
#2194 = CARTESIAN_POINT('',(0.,68.));
#2195 = VECTOR('',#2196,1.);
#2196 = DIRECTION('',(1.,0.));
#2197 = ( GEOMETRIC_REPRESENTATION_CONTEXT(2) 
PARAMETRIC_REPRESENTATION_CONTEXT() REPRESENTATION_CONTEXT('2D SPACE',''
  ) );
#2198 = ADVANCED_FACE('',(#2199,#2401,#2427),#109,.F.);
#2199 = FACE_BOUND('',#2200,.F.);
#2200 = EDGE_LOOP('',(#2201,#2202,#2225,#2248,#2271,#2292,#2313,#2334,
    #2357,#2380,#2399,#2400));
#2201 = ORIENTED_EDGE('',*,*,#2155,.T.);
#2202 = ORIENTED_EDGE('',*,*,#2203,.F.);
#2203 = EDGE_CURVE('',#2204,#2156,#2206,.T.);
#2204 = VERTEX_POINT('',#2205);
#2205 = CARTESIAN_POINT('',(-20.,263.33,383.278));
#2206 = SURFACE_CURVE('',#2207,(#2211,#2218),.PCURVE_S1.);
#2207 = LINE('',#2208,#2209);
#2208 = CARTESIAN_POINT('',(-20.,263.33,383.278));
#2209 = VECTOR('',#2210,1.);
#2210 = DIRECTION('',(-0.,1.,0.));
#2211 = PCURVE('',#109,#2212);
#2212 = DEFINITIONAL_REPRESENTATION('',(#2213),#2217);
#2213 = LINE('',#2214,#2215);
#2214 = CARTESIAN_POINT('',(69.248,0.));
#2215 = VECTOR('',#2216,1.);
#2216 = DIRECTION('',(0.,-1.));
#2217 = ( GEOMETRIC_REPRESENTATION_CONTEXT(2) 
PARAMETRIC_REPRESENTATION_CONTEXT() REPRESENTATION_CONTEXT('2D SPACE',''
  ) );
#2218 = PCURVE('',#1865,#2219);
#2219 = DEFINITIONAL_REPRESENTATION('',(#2220),#2224);
#2220 = LINE('',#2221,#2222);
#2221 = CARTESIAN_POINT('',(0.,0.));
#2222 = VECTOR('',#2223,1.);
#2223 = DIRECTION('',(0.,1.));
#2224 = ( GEOMETRIC_REPRESENTATION_CONTEXT(2) 
PARAMETRIC_REPRESENTATION_CONTEXT() REPRESENTATION_CONTEXT('2D SPACE',''
  ) );
#2225 = ORIENTED_EDGE('',*,*,#2226,.F.);
#2226 = EDGE_CURVE('',#2227,#2204,#2229,.T.);
#2227 = VERTEX_POINT('',#2228);
#2228 = CARTESIAN_POINT('',(-20.,263.33,314.03));
#2229 = SURFACE_CURVE('',#2230,(#2234,#2241),.PCURVE_S1.);
#2230 = LINE('',#2231,#2232);
#2231 = CARTESIAN_POINT('',(-20.,263.33,314.03));
#2232 = VECTOR('',#2233,1.);
#2233 = DIRECTION('',(0.,0.,1.));
#2234 = PCURVE('',#109,#2235);
#2235 = DEFINITIONAL_REPRESENTATION('',(#2236),#2240);
#2236 = LINE('',#2237,#2238);
#2237 = CARTESIAN_POINT('',(0.,0.));
#2238 = VECTOR('',#2239,1.);
#2239 = DIRECTION('',(1.,0.));
#2240 = ( GEOMETRIC_REPRESENTATION_CONTEXT(2) 
PARAMETRIC_REPRESENTATION_CONTEXT() REPRESENTATION_CONTEXT('2D SPACE',''
  ) );
#2241 = PCURVE('',#1893,#2242);
#2242 = DEFINITIONAL_REPRESENTATION('',(#2243),#2247);
#2243 = LINE('',#2244,#2245);
#2244 = CARTESIAN_POINT('',(0.,0.));
#2245 = VECTOR('',#2246,1.);
#2246 = DIRECTION('',(1.,0.));
#2247 = ( GEOMETRIC_REPRESENTATION_CONTEXT(2) 
PARAMETRIC_REPRESENTATION_CONTEXT() REPRESENTATION_CONTEXT('2D SPACE',''
  ) );
#2248 = ORIENTED_EDGE('',*,*,#2249,.T.);
#2249 = EDGE_CURVE('',#2227,#2250,#2252,.T.);
#2250 = VERTEX_POINT('',#2251);
#2251 = CARTESIAN_POINT('',(-20.,278.33,314.03));
#2252 = SURFACE_CURVE('',#2253,(#2257,#2264),.PCURVE_S1.);
#2253 = LINE('',#2254,#2255);
#2254 = CARTESIAN_POINT('',(-20.,263.33,314.03));
#2255 = VECTOR('',#2256,1.);
#2256 = DIRECTION('',(-0.,1.,0.));
#2257 = PCURVE('',#109,#2258);
#2258 = DEFINITIONAL_REPRESENTATION('',(#2259),#2263);
#2259 = LINE('',#2260,#2261);
#2260 = CARTESIAN_POINT('',(0.,0.));
#2261 = VECTOR('',#2262,1.);
#2262 = DIRECTION('',(0.,-1.));
#2263 = ( GEOMETRIC_REPRESENTATION_CONTEXT(2) 
PARAMETRIC_REPRESENTATION_CONTEXT() REPRESENTATION_CONTEXT('2D SPACE',''
  ) );
#2264 = PCURVE('',#1921,#2265);
#2265 = DEFINITIONAL_REPRESENTATION('',(#2266),#2270);
#2266 = LINE('',#2267,#2268);
#2267 = CARTESIAN_POINT('',(0.,0.));
#2268 = VECTOR('',#2269,1.);
#2269 = DIRECTION('',(0.,1.));
#2270 = ( GEOMETRIC_REPRESENTATION_CONTEXT(2) 
PARAMETRIC_REPRESENTATION_CONTEXT() REPRESENTATION_CONTEXT('2D SPACE',''
  ) );
#2271 = ORIENTED_EDGE('',*,*,#2272,.T.);
#2272 = EDGE_CURVE('',#2250,#2273,#2275,.T.);
#2273 = VERTEX_POINT('',#2274);
#2274 = CARTESIAN_POINT('',(-20.,278.33,345.03));
#2275 = SURFACE_CURVE('',#2276,(#2280,#2286),.PCURVE_S1.);
#2276 = LINE('',#2277,#2278);
#2277 = CARTESIAN_POINT('',(-20.,278.33,313.53));
#2278 = VECTOR('',#2279,1.);
#2279 = DIRECTION('',(0.,0.,1.));
#2280 = PCURVE('',#109,#2281);
#2281 = DEFINITIONAL_REPRESENTATION('',(#2282),#2285);
#2282 = B_SPLINE_CURVE_WITH_KNOTS('',1,(#2283,#2284),.UNSPECIFIED.,.F.,
  .F.,(2,2),(0.5,31.5),.PIECEWISE_BEZIER_KNOTS.);
#2283 = CARTESIAN_POINT('',(0.,-15.));
#2284 = CARTESIAN_POINT('',(31.,-15.));
#2285 = ( GEOMETRIC_REPRESENTATION_CONTEXT(2) 
PARAMETRIC_REPRESENTATION_CONTEXT() REPRESENTATION_CONTEXT('2D SPACE',''
  ) );
#2286 = PCURVE('',#1948,#2287);
#2287 = DEFINITIONAL_REPRESENTATION('',(#2288),#2291);
#2288 = B_SPLINE_CURVE_WITH_KNOTS('',1,(#2289,#2290),.UNSPECIFIED.,.F.,
  .F.,(2,2),(0.5,31.5),.PIECEWISE_BEZIER_KNOTS.);
#2289 = CARTESIAN_POINT('',(1.,1.));
#2290 = CARTESIAN_POINT('',(32.,1.));
#2291 = ( GEOMETRIC_REPRESENTATION_CONTEXT(2) 
PARAMETRIC_REPRESENTATION_CONTEXT() REPRESENTATION_CONTEXT('2D SPACE',''
  ) );
#2292 = ORIENTED_EDGE('',*,*,#2293,.F.);
#2293 = EDGE_CURVE('',#2294,#2273,#2296,.T.);
#2294 = VERTEX_POINT('',#2295);
#2295 = CARTESIAN_POINT('',(-20.,308.33,345.03));
#2296 = SURFACE_CURVE('',#2297,(#2301,#2307),.PCURVE_S1.);
#2297 = LINE('',#2298,#2299);
#2298 = CARTESIAN_POINT('',(-20.,270.83,345.03));
#2299 = VECTOR('',#2300,1.);
#2300 = DIRECTION('',(0.,-1.,0.));
#2301 = PCURVE('',#109,#2302);
#2302 = DEFINITIONAL_REPRESENTATION('',(#2303),#2306);
#2303 = B_SPLINE_CURVE_WITH_KNOTS('',1,(#2304,#2305),.UNSPECIFIED.,.F.,
  .F.,(2,2),(-37.5,-7.5),.PIECEWISE_BEZIER_KNOTS.);
#2304 = CARTESIAN_POINT('',(31.,-45.));
#2305 = CARTESIAN_POINT('',(31.,-15.));
#2306 = ( GEOMETRIC_REPRESENTATION_CONTEXT(2) 
PARAMETRIC_REPRESENTATION_CONTEXT() REPRESENTATION_CONTEXT('2D SPACE',''
  ) );
#2307 = PCURVE('',#1974,#2308);
#2308 = DEFINITIONAL_REPRESENTATION('',(#2309),#2312);
#2309 = B_SPLINE_CURVE_WITH_KNOTS('',1,(#2310,#2311),.UNSPECIFIED.,.F.,
  .F.,(2,2),(-37.5,-7.5),.PIECEWISE_BEZIER_KNOTS.);
#2310 = CARTESIAN_POINT('',(1.,30.));
#2311 = CARTESIAN_POINT('',(1.,0.));
#2312 = ( GEOMETRIC_REPRESENTATION_CONTEXT(2) 
PARAMETRIC_REPRESENTATION_CONTEXT() REPRESENTATION_CONTEXT('2D SPACE',''
  ) );
#2313 = ORIENTED_EDGE('',*,*,#2314,.F.);
#2314 = EDGE_CURVE('',#2315,#2294,#2317,.T.);
#2315 = VERTEX_POINT('',#2316);
#2316 = CARTESIAN_POINT('',(-20.,308.33,314.03));
#2317 = SURFACE_CURVE('',#2318,(#2322,#2328),.PCURVE_S1.);
#2318 = LINE('',#2319,#2320);
#2319 = CARTESIAN_POINT('',(-20.,308.33,313.53));
#2320 = VECTOR('',#2321,1.);
#2321 = DIRECTION('',(0.,0.,1.));
#2322 = PCURVE('',#109,#2323);
#2323 = DEFINITIONAL_REPRESENTATION('',(#2324),#2327);
#2324 = B_SPLINE_CURVE_WITH_KNOTS('',1,(#2325,#2326),.UNSPECIFIED.,.F.,
  .F.,(2,2),(0.5,31.5),.PIECEWISE_BEZIER_KNOTS.);
#2325 = CARTESIAN_POINT('',(0.,-45.));
#2326 = CARTESIAN_POINT('',(31.,-45.));
#2327 = ( GEOMETRIC_REPRESENTATION_CONTEXT(2) 
PARAMETRIC_REPRESENTATION_CONTEXT() REPRESENTATION_CONTEXT('2D SPACE',''
  ) );
#2328 = PCURVE('',#2000,#2329);
#2329 = DEFINITIONAL_REPRESENTATION('',(#2330),#2333);
#2330 = B_SPLINE_CURVE_WITH_KNOTS('',1,(#2331,#2332),.UNSPECIFIED.,.F.,
  .F.,(2,2),(0.5,31.5),.PIECEWISE_BEZIER_KNOTS.);
#2331 = CARTESIAN_POINT('',(1.,1.));
#2332 = CARTESIAN_POINT('',(32.,1.));
#2333 = ( GEOMETRIC_REPRESENTATION_CONTEXT(2) 
PARAMETRIC_REPRESENTATION_CONTEXT() REPRESENTATION_CONTEXT('2D SPACE',''
  ) );
#2334 = ORIENTED_EDGE('',*,*,#2335,.T.);
#2335 = EDGE_CURVE('',#2315,#2336,#2338,.T.);
#2336 = VERTEX_POINT('',#2337);
#2337 = CARTESIAN_POINT('',(-20.,331.33,314.03));
#2338 = SURFACE_CURVE('',#2339,(#2343,#2350),.PCURVE_S1.);
#2339 = LINE('',#2340,#2341);
#2340 = CARTESIAN_POINT('',(-20.,263.33,314.03));
#2341 = VECTOR('',#2342,1.);
#2342 = DIRECTION('',(-0.,1.,0.));
#2343 = PCURVE('',#109,#2344);
#2344 = DEFINITIONAL_REPRESENTATION('',(#2345),#2349);
#2345 = LINE('',#2346,#2347);
#2346 = CARTESIAN_POINT('',(0.,0.));
#2347 = VECTOR('',#2348,1.);
#2348 = DIRECTION('',(0.,-1.));
#2349 = ( GEOMETRIC_REPRESENTATION_CONTEXT(2) 
PARAMETRIC_REPRESENTATION_CONTEXT() REPRESENTATION_CONTEXT('2D SPACE',''
  ) );
#2350 = PCURVE('',#2027,#2351);
#2351 = DEFINITIONAL_REPRESENTATION('',(#2352),#2356);
#2352 = LINE('',#2353,#2354);
#2353 = CARTESIAN_POINT('',(0.,0.));
#2354 = VECTOR('',#2355,1.);
#2355 = DIRECTION('',(0.,1.));
#2356 = ( GEOMETRIC_REPRESENTATION_CONTEXT(2) 
PARAMETRIC_REPRESENTATION_CONTEXT() REPRESENTATION_CONTEXT('2D SPACE',''
  ) );
#2357 = ORIENTED_EDGE('',*,*,#2358,.T.);
#2358 = EDGE_CURVE('',#2336,#2359,#2361,.T.);
#2359 = VERTEX_POINT('',#2360);
#2360 = CARTESIAN_POINT('',(-20.,331.33,373.19336644545));
#2361 = SURFACE_CURVE('',#2362,(#2366,#2373),.PCURVE_S1.);
#2362 = LINE('',#2363,#2364);
#2363 = CARTESIAN_POINT('',(-20.,331.33,314.03));
#2364 = VECTOR('',#2365,1.);
#2365 = DIRECTION('',(0.,0.,1.));
#2366 = PCURVE('',#109,#2367);
#2367 = DEFINITIONAL_REPRESENTATION('',(#2368),#2372);
#2368 = LINE('',#2369,#2370);
#2369 = CARTESIAN_POINT('',(0.,-68.));
#2370 = VECTOR('',#2371,1.);
#2371 = DIRECTION('',(1.,0.));
#2372 = ( GEOMETRIC_REPRESENTATION_CONTEXT(2) 
PARAMETRIC_REPRESENTATION_CONTEXT() REPRESENTATION_CONTEXT('2D SPACE',''
  ) );
#2373 = PCURVE('',#2055,#2374);
#2374 = DEFINITIONAL_REPRESENTATION('',(#2375),#2379);
#2375 = LINE('',#2376,#2377);
#2376 = CARTESIAN_POINT('',(0.,0.));
#2377 = VECTOR('',#2378,1.);
#2378 = DIRECTION('',(1.,0.));
#2379 = ( GEOMETRIC_REPRESENTATION_CONTEXT(2) 
PARAMETRIC_REPRESENTATION_CONTEXT() REPRESENTATION_CONTEXT('2D SPACE',''
  ) );
#2380 = ORIENTED_EDGE('',*,*,#2381,.F.);
#2381 = EDGE_CURVE('',#1784,#2359,#2382,.T.);
#2382 = SURFACE_CURVE('',#2383,(#2387,#2393),.PCURVE_S1.);
#2383 = LINE('',#2384,#2385);
#2384 = CARTESIAN_POINT('',(-20.,310.81861528894,373.77810130293));
#2385 = VECTOR('',#2386,1.);
#2386 = DIRECTION('',(-0.,0.999593899618,-2.849624267978E-02));
#2387 = PCURVE('',#109,#2388);
#2388 = DEFINITIONAL_REPRESENTATION('',(#2389),#2392);
#2389 = B_SPLINE_CURVE_WITH_KNOTS('',1,(#2390,#2391),.UNSPECIFIED.,.F.,
  .F.,(2,2),(-17.49271908885,20.519717776286),.PIECEWISE_BEZIER_KNOTS.);
#2390 = CARTESIAN_POINT('',(60.246578071217,-30.003));
#2391 = CARTESIAN_POINT('',(59.163366445458,-68.));
#2392 = ( GEOMETRIC_REPRESENTATION_CONTEXT(2) 
PARAMETRIC_REPRESENTATION_CONTEXT() REPRESENTATION_CONTEXT('2D SPACE',''
  ) );
#2393 = PCURVE('',#1175,#2394);
#2394 = DEFINITIONAL_REPRESENTATION('',(#2395),#2398);
#2395 = B_SPLINE_CURVE_WITH_KNOTS('',1,(#2396,#2397),.UNSPECIFIED.,.F.,
  .F.,(2,2),(-17.49271908885,20.519717776286),.PIECEWISE_BEZIER_KNOTS.);
#2396 = CARTESIAN_POINT('',(-20.,-63.25945283859));
#2397 = CARTESIAN_POINT('',(-20.,-25.24701597345));
#2398 = ( GEOMETRIC_REPRESENTATION_CONTEXT(2) 
PARAMETRIC_REPRESENTATION_CONTEXT() REPRESENTATION_CONTEXT('2D SPACE',''
  ) );
#2399 = ORIENTED_EDGE('',*,*,#1804,.T.);
#2400 = ORIENTED_EDGE('',*,*,#83,.T.);
#2401 = FACE_BOUND('',#2402,.F.);
#2402 = EDGE_LOOP('',(#2403));
#2403 = ORIENTED_EDGE('',*,*,#2404,.F.);
#2404 = EDGE_CURVE('',#2405,#2405,#2407,.T.);
#2405 = VERTEX_POINT('',#2406);
#2406 = CARTESIAN_POINT('',(-20.,315.83,335.03));
#2407 = SURFACE_CURVE('',#2408,(#2413,#2420),.PCURVE_S1.);
#2408 = CIRCLE('',#2409,6.);
#2409 = AXIS2_PLACEMENT_3D('',#2410,#2411,#2412);
#2410 = CARTESIAN_POINT('',(-20.,315.83,329.03));
#2411 = DIRECTION('',(1.,0.,0.));
#2412 = DIRECTION('',(-0.,0.,1.));
#2413 = PCURVE('',#109,#2414);
#2414 = DEFINITIONAL_REPRESENTATION('',(#2415),#2419);
#2415 = CIRCLE('',#2416,6.);
#2416 = AXIS2_PLACEMENT_2D('',#2417,#2418);
#2417 = CARTESIAN_POINT('',(15.,-52.5));
#2418 = DIRECTION('',(1.,0.));
#2419 = ( GEOMETRIC_REPRESENTATION_CONTEXT(2) 
PARAMETRIC_REPRESENTATION_CONTEXT() REPRESENTATION_CONTEXT('2D SPACE',''
  ) );
#2420 = PCURVE('',#2107,#2421);
#2421 = DEFINITIONAL_REPRESENTATION('',(#2422),#2426);
#2422 = LINE('',#2423,#2424);
#2423 = CARTESIAN_POINT('',(0.,1.));
#2424 = VECTOR('',#2425,1.);
#2425 = DIRECTION('',(1.,0.));
#2426 = ( GEOMETRIC_REPRESENTATION_CONTEXT(2) 
PARAMETRIC_REPRESENTATION_CONTEXT() REPRESENTATION_CONTEXT('2D SPACE',''
  ) );
#2427 = FACE_BOUND('',#2428,.F.);
#2428 = EDGE_LOOP('',(#2429));
#2429 = ORIENTED_EDGE('',*,*,#2430,.F.);
#2430 = EDGE_CURVE('',#2431,#2431,#2433,.T.);
#2431 = VERTEX_POINT('',#2432);
#2432 = CARTESIAN_POINT('',(-20.,270.83,335.03));
#2433 = SURFACE_CURVE('',#2434,(#2439,#2446),.PCURVE_S1.);
#2434 = CIRCLE('',#2435,6.);
#2435 = AXIS2_PLACEMENT_3D('',#2436,#2437,#2438);
#2436 = CARTESIAN_POINT('',(-20.,270.83,329.03));
#2437 = DIRECTION('',(1.,0.,0.));
#2438 = DIRECTION('',(-0.,0.,1.));
#2439 = PCURVE('',#109,#2440);
#2440 = DEFINITIONAL_REPRESENTATION('',(#2441),#2445);
#2441 = CIRCLE('',#2442,6.);
#2442 = AXIS2_PLACEMENT_2D('',#2443,#2444);
#2443 = CARTESIAN_POINT('',(15.,-7.5));
#2444 = DIRECTION('',(1.,0.));
#2445 = ( GEOMETRIC_REPRESENTATION_CONTEXT(2) 
PARAMETRIC_REPRESENTATION_CONTEXT() REPRESENTATION_CONTEXT('2D SPACE',''
  ) );
#2446 = PCURVE('',#2138,#2447);
#2447 = DEFINITIONAL_REPRESENTATION('',(#2448),#2452);
#2448 = LINE('',#2449,#2450);
#2449 = CARTESIAN_POINT('',(0.,1.));
#2450 = VECTOR('',#2451,1.);
#2451 = DIRECTION('',(1.,0.));
#2452 = ( GEOMETRIC_REPRESENTATION_CONTEXT(2) 
PARAMETRIC_REPRESENTATION_CONTEXT() REPRESENTATION_CONTEXT('2D SPACE',''
  ) );
#2453 = ADVANCED_FACE('',(#2454),#287,.T.);
#2454 = FACE_BOUND('',#2455,.T.);
#2455 = EDGE_LOOP('',(#2456,#2457,#2458,#2459));
#2456 = ORIENTED_EDGE('',*,*,#748,.F.);
#2457 = ORIENTED_EDGE('',*,*,#1116,.T.);
#2458 = ORIENTED_EDGE('',*,*,#270,.T.);
#2459 = ORIENTED_EDGE('',*,*,#2460,.T.);
#2460 = EDGE_CURVE('',#273,#749,#2461,.T.);
#2461 = SURFACE_CURVE('',#2462,(#2465,#2471),.PCURVE_S1.);
#2462 = B_SPLINE_CURVE_WITH_KNOTS('',1,(#2463,#2464),.UNSPECIFIED.,.F.,
  .F.,(2,2),(0.,1.),.PIECEWISE_BEZIER_KNOTS.);
#2463 = CARTESIAN_POINT('',(-41.62894045015,364.5,256.34045787774));
#2464 = CARTESIAN_POINT('',(41.628940450157,364.5,256.34045787774));
#2465 = PCURVE('',#287,#2466);
#2466 = DEFINITIONAL_REPRESENTATION('',(#2467),#2470);
#2467 = B_SPLINE_CURVE_WITH_KNOTS('',1,(#2468,#2469),.UNSPECIFIED.,.F.,
  .F.,(2,2),(0.,1.),.PIECEWISE_BEZIER_KNOTS.);
#2468 = CARTESIAN_POINT('',(90.,0.561843258307));
#2469 = CARTESIAN_POINT('',(0.,0.561843258307));
#2470 = ( GEOMETRIC_REPRESENTATION_CONTEXT(2) 
PARAMETRIC_REPRESENTATION_CONTEXT() REPRESENTATION_CONTEXT('2D SPACE',''
  ) );
#2471 = PCURVE('',#2472,#2477);
#2472 = PLANE('',#2473);
#2473 = AXIS2_PLACEMENT_3D('',#2474,#2475,#2476);
#2474 = CARTESIAN_POINT('',(41.628940450157,367.5,256.34045787774));
#2475 = DIRECTION('',(0.,0.,-1.));
#2476 = DIRECTION('',(-1.,0.,0.));
#2477 = DEFINITIONAL_REPRESENTATION('',(#2478),#2481);
#2478 = B_SPLINE_CURVE_WITH_KNOTS('',1,(#2479,#2480),.UNSPECIFIED.,.F.,
  .F.,(2,2),(0.,1.),.PIECEWISE_BEZIER_KNOTS.);
#2479 = CARTESIAN_POINT('',(83.257880900313,-3.));
#2480 = CARTESIAN_POINT('',(0.,-3.));
#2481 = ( GEOMETRIC_REPRESENTATION_CONTEXT(2) 
PARAMETRIC_REPRESENTATION_CONTEXT() REPRESENTATION_CONTEXT('2D SPACE',''
  ) );
#2482 = ADVANCED_FACE('',(#2483),#635,.T.);
#2483 = FACE_BOUND('',#2484,.T.);
#2484 = EDGE_LOOP('',(#2485,#2505,#2506,#2533));
#2485 = ORIENTED_EDGE('',*,*,#2486,.F.);
#2486 = EDGE_CURVE('',#273,#2487,#2489,.T.);
#2487 = VERTEX_POINT('',#2488);
#2488 = CARTESIAN_POINT('',(-41.62894045015,367.5,256.34045787774));
#2489 = SURFACE_CURVE('',#2490,(#2493,#2499),.PCURVE_S1.);
#2490 = B_SPLINE_CURVE_WITH_KNOTS('',1,(#2491,#2492),.UNSPECIFIED.,.F.,
  .F.,(2,2),(0.,1.),.PIECEWISE_BEZIER_KNOTS.);
#2491 = CARTESIAN_POINT('',(-41.62894045015,361.5,256.34045787774));
#2492 = CARTESIAN_POINT('',(-41.62894045015,367.5,256.34045787774));
#2493 = PCURVE('',#635,#2494);
#2494 = DEFINITIONAL_REPRESENTATION('',(#2495),#2498);
#2495 = B_SPLINE_CURVE_WITH_KNOTS('',1,(#2496,#2497),.UNSPECIFIED.,.F.,
  .F.,(2,2),(0.,1.),.PIECEWISE_BEZIER_KNOTS.);
#2496 = CARTESIAN_POINT('',(0.,-6.));
#2497 = CARTESIAN_POINT('',(0.,0.));
#2498 = ( GEOMETRIC_REPRESENTATION_CONTEXT(2) 
PARAMETRIC_REPRESENTATION_CONTEXT() REPRESENTATION_CONTEXT('2D SPACE',''
  ) );
#2499 = PCURVE('',#2472,#2500);
#2500 = DEFINITIONAL_REPRESENTATION('',(#2501),#2504);
#2501 = B_SPLINE_CURVE_WITH_KNOTS('',1,(#2502,#2503),.UNSPECIFIED.,.F.,
  .F.,(2,2),(0.,1.),.PIECEWISE_BEZIER_KNOTS.);
#2502 = CARTESIAN_POINT('',(83.257880900313,-6.));
#2503 = CARTESIAN_POINT('',(83.257880900313,0.));
#2504 = ( GEOMETRIC_REPRESENTATION_CONTEXT(2) 
PARAMETRIC_REPRESENTATION_CONTEXT() REPRESENTATION_CONTEXT('2D SPACE',''
  ) );
#2505 = ORIENTED_EDGE('',*,*,#623,.F.);
#2506 = ORIENTED_EDGE('',*,*,#2507,.F.);
#2507 = EDGE_CURVE('',#2508,#347,#2510,.T.);
#2508 = VERTEX_POINT('',#2509);
#2509 = CARTESIAN_POINT('',(-44.4687068276,367.5,284.59819834441));
#2510 = SURFACE_CURVE('',#2511,(#2516,#2523),.PCURVE_S1.);
#2511 = ELLIPSE('',#2512,11.557924970426,11.5);
#2512 = AXIS2_PLACEMENT_3D('',#2513,#2514,#2515);
#2513 = CARTESIAN_POINT('',(-45.58438425085,364.5,295.7));
#2514 = DIRECTION('',(-0.994988289803,0.,-9.999151541061E-02));
#2515 = DIRECTION('',(-9.999151541061E-02,0.,0.994988289803));
#2516 = PCURVE('',#635,#2517);
#2517 = DEFINITIONAL_REPRESENTATION('',(#2518),#2522);
#2518 = ELLIPSE('',#2519,11.557924970426,11.5);
#2519 = AXIS2_PLACEMENT_2D('',#2520,#2521);
#2520 = CARTESIAN_POINT('',(39.557794323423,-3.));
#2521 = DIRECTION('',(1.,0.));
#2522 = ( GEOMETRIC_REPRESENTATION_CONTEXT(2) 
PARAMETRIC_REPRESENTATION_CONTEXT() REPRESENTATION_CONTEXT('2D SPACE',''
  ) );
#2523 = PCURVE('',#528,#2524);
#2524 = DEFINITIONAL_REPRESENTATION('',(#2525),#2532);
#2525 = B_SPLINE_CURVE_WITH_KNOTS('',5,(#2526,#2527,#2528,#2529,#2530,
    #2531),.UNSPECIFIED.,.F.,.F.,(6,6),(2.850544429915,3.14159265359),
  .PIECEWISE_BEZIER_KNOTS.);
#2526 = CARTESIAN_POINT('',(5.992137083505,2.892909906194));
#2527 = CARTESIAN_POINT('',(6.05034672824,2.873605605692));
#2528 = CARTESIAN_POINT('',(6.108556372975,2.858990312662));
#2529 = CARTESIAN_POINT('',(6.16676601771,2.84920043599));
#2530 = CARTESIAN_POINT('',(6.224975662445,2.844305567205));
#2531 = CARTESIAN_POINT('',(6.28318530718,2.844305567205));
#2532 = ( GEOMETRIC_REPRESENTATION_CONTEXT(2) 
PARAMETRIC_REPRESENTATION_CONTEXT() REPRESENTATION_CONTEXT('2D SPACE',''
  ) );
#2533 = ORIENTED_EDGE('',*,*,#2534,.F.);
#2534 = EDGE_CURVE('',#2487,#2508,#2535,.T.);
#2535 = SURFACE_CURVE('',#2536,(#2540,#2547),.PCURVE_S1.);
#2536 = LINE('',#2537,#2538);
#2537 = CARTESIAN_POINT('',(-41.62894045015,367.5,256.34045787774));
#2538 = VECTOR('',#2539,1.);
#2539 = DIRECTION('',(-9.999151541061E-02,0.,0.994988289803));
#2540 = PCURVE('',#635,#2541);
#2541 = DEFINITIONAL_REPRESENTATION('',(#2542),#2546);
#2542 = LINE('',#2543,#2544);
#2543 = CARTESIAN_POINT('',(0.,0.));
#2544 = VECTOR('',#2545,1.);
#2545 = DIRECTION('',(1.,0.));
#2546 = ( GEOMETRIC_REPRESENTATION_CONTEXT(2) 
PARAMETRIC_REPRESENTATION_CONTEXT() REPRESENTATION_CONTEXT('2D SPACE',''
  ) );
#2547 = PCURVE('',#2548,#2553);
#2548 = PLANE('',#2549);
#2549 = AXIS2_PLACEMENT_3D('',#2550,#2551,#2552);
#2550 = CARTESIAN_POINT('',(-53.62894045015,367.5,375.74918399425));
#2551 = DIRECTION('',(0.,-1.,0.));
#2552 = DIRECTION('',(0.623620246609,0.,-0.781727438446));
#2553 = DEFINITIONAL_REPRESENTATION('',(#2554),#2558);
#2554 = LINE('',#2555,#2556);
#2555 = CARTESIAN_POINT('',(100.82852055448,-65.08496996666));
#2556 = VECTOR('',#2557,1.);
#2557 = DIRECTION('',(-0.840166380571,0.542328731452));
#2558 = ( GEOMETRIC_REPRESENTATION_CONTEXT(2) 
PARAMETRIC_REPRESENTATION_CONTEXT() REPRESENTATION_CONTEXT('2D SPACE',''
  ) );
#2559 = ADVANCED_FACE('',(#2560),#528,.T.);
#2560 = FACE_BOUND('',#2561,.T.);
#2561 = EDGE_LOOP('',(#2562,#2585,#2612,#2613,#2614,#2641,#2662,#2855,
    #2874));
#2562 = ORIENTED_EDGE('',*,*,#2563,.T.);
#2563 = EDGE_CURVE('',#347,#2564,#2566,.T.);
#2564 = VERTEX_POINT('',#2565);
#2565 = CARTESIAN_POINT('',(-63.5,364.5,284.2));
#2566 = SEAM_CURVE('',#2567,(#2571,#2578),.PCURVE_S1.);
#2567 = LINE('',#2568,#2569);
#2568 = CARTESIAN_POINT('',(-41.58438425085,364.5,284.2));
#2569 = VECTOR('',#2570,1.);
#2570 = DIRECTION('',(-1.,0.,0.));
#2571 = PCURVE('',#528,#2572);
#2572 = DEFINITIONAL_REPRESENTATION('',(#2573),#2577);
#2573 = LINE('',#2574,#2575);
#2574 = CARTESIAN_POINT('',(6.28318530718,-0.));
#2575 = VECTOR('',#2576,1.);
#2576 = DIRECTION('',(0.,1.));
#2577 = ( GEOMETRIC_REPRESENTATION_CONTEXT(2) 
PARAMETRIC_REPRESENTATION_CONTEXT() REPRESENTATION_CONTEXT('2D SPACE',''
  ) );
#2578 = PCURVE('',#528,#2579);
#2579 = DEFINITIONAL_REPRESENTATION('',(#2580),#2584);
#2580 = LINE('',#2581,#2582);
#2581 = CARTESIAN_POINT('',(0.,-0.));
#2582 = VECTOR('',#2583,1.);
#2583 = DIRECTION('',(0.,1.));
#2584 = ( GEOMETRIC_REPRESENTATION_CONTEXT(2) 
PARAMETRIC_REPRESENTATION_CONTEXT() REPRESENTATION_CONTEXT('2D SPACE',''
  ) );
#2585 = ORIENTED_EDGE('',*,*,#2586,.F.);
#2586 = EDGE_CURVE('',#2564,#2564,#2587,.T.);
#2587 = SURFACE_CURVE('',#2588,(#2593,#2600),.PCURVE_S1.);
#2588 = CIRCLE('',#2589,11.5);
#2589 = AXIS2_PLACEMENT_3D('',#2590,#2591,#2592);
#2590 = CARTESIAN_POINT('',(-63.5,364.5,295.7));
#2591 = DIRECTION('',(-1.,0.,0.));
#2592 = DIRECTION('',(0.,0.,-1.));
#2593 = PCURVE('',#528,#2594);
#2594 = DEFINITIONAL_REPRESENTATION('',(#2595),#2599);
#2595 = LINE('',#2596,#2597);
#2596 = CARTESIAN_POINT('',(0.,21.915615749143));
#2597 = VECTOR('',#2598,1.);
#2598 = DIRECTION('',(1.,0.));
#2599 = ( GEOMETRIC_REPRESENTATION_CONTEXT(2) 
PARAMETRIC_REPRESENTATION_CONTEXT() REPRESENTATION_CONTEXT('2D SPACE',''
  ) );
#2600 = PCURVE('',#2601,#2606);
#2601 = PLANE('',#2602);
#2602 = AXIS2_PLACEMENT_3D('',#2603,#2604,#2605);
#2603 = CARTESIAN_POINT('',(-63.5,364.5,295.7));
#2604 = DIRECTION('',(-1.,0.,0.));
#2605 = DIRECTION('',(0.,0.,-1.));
#2606 = DEFINITIONAL_REPRESENTATION('',(#2607),#2611);
#2607 = CIRCLE('',#2608,11.5);
#2608 = AXIS2_PLACEMENT_2D('',#2609,#2610);
#2609 = CARTESIAN_POINT('',(0.,0.));
#2610 = DIRECTION('',(1.,0.));
#2611 = ( GEOMETRIC_REPRESENTATION_CONTEXT(2) 
PARAMETRIC_REPRESENTATION_CONTEXT() REPRESENTATION_CONTEXT('2D SPACE',''
  ) );
#2612 = ORIENTED_EDGE('',*,*,#2563,.F.);
#2613 = ORIENTED_EDGE('',*,*,#346,.F.);
#2614 = ORIENTED_EDGE('',*,*,#2615,.T.);
#2615 = EDGE_CURVE('',#322,#2616,#2618,.T.);
#2616 = VERTEX_POINT('',#2617);
#2617 = CARTESIAN_POINT('',(-46.7000616741,367.5,306.80180165558));
#2618 = SURFACE_CURVE('',#2619,(#2624,#2634),.PCURVE_S1.);
#2619 = ELLIPSE('',#2620,11.557924970426,11.5);
#2620 = AXIS2_PLACEMENT_3D('',#2621,#2622,#2623);
#2621 = CARTESIAN_POINT('',(-45.58438425085,364.5,295.7));
#2622 = DIRECTION('',(-0.994988289803,0.,-9.999151541061E-02));
#2623 = DIRECTION('',(-9.999151541061E-02,0.,0.994988289803));
#2624 = PCURVE('',#528,#2625);
#2625 = DEFINITIONAL_REPRESENTATION('',(#2626),#2633);
#2626 = B_SPLINE_CURVE_WITH_KNOTS('',5,(#2627,#2628,#2629,#2630,#2631,
    #2632),.UNSPECIFIED.,.F.,.F.,(6,6),(6.257095390928,6.574233530854),
  .PIECEWISE_BEZIER_KNOTS.);
#2627 = CARTESIAN_POINT('',(3.115502737339,5.155301123907));
#2628 = CARTESIAN_POINT('',(3.178930365324,5.157213374947));
#2629 = CARTESIAN_POINT('',(3.242357993309,5.15331584852));
#2630 = CARTESIAN_POINT('',(3.305785621294,5.143592284132));
#2631 = CARTESIAN_POINT('',(3.369213249279,5.128124855251));
#2632 = CARTESIAN_POINT('',(3.432640877265,5.107090093806));
#2633 = ( GEOMETRIC_REPRESENTATION_CONTEXT(2) 
PARAMETRIC_REPRESENTATION_CONTEXT() REPRESENTATION_CONTEXT('2D SPACE',''
  ) );
#2634 = PCURVE('',#335,#2635);
#2635 = DEFINITIONAL_REPRESENTATION('',(#2636),#2640);
#2636 = ELLIPSE('',#2637,11.557924970426,11.5);
#2637 = AXIS2_PLACEMENT_2D('',#2638,#2639);
#2638 = CARTESIAN_POINT('',(39.557794323423,-3.));
#2639 = DIRECTION('',(1.,0.));
#2640 = ( GEOMETRIC_REPRESENTATION_CONTEXT(2) 
PARAMETRIC_REPRESENTATION_CONTEXT() REPRESENTATION_CONTEXT('2D SPACE',''
  ) );
#2641 = ORIENTED_EDGE('',*,*,#2642,.F.);
#2642 = EDGE_CURVE('',#2643,#2616,#2645,.T.);
#2643 = VERTEX_POINT('',#2644);
#2644 = CARTESIAN_POINT('',(-46.5316799281,367.5,306.80180165558));
#2645 = SURFACE_CURVE('',#2646,(#2650,#2656),.PCURVE_S1.);
#2646 = LINE('',#2647,#2648);
#2647 = CARTESIAN_POINT('',(-41.58438425085,367.5,306.80180165558));
#2648 = VECTOR('',#2649,1.);
#2649 = DIRECTION('',(-1.,0.,0.));
#2650 = PCURVE('',#528,#2651);
#2651 = DEFINITIONAL_REPRESENTATION('',(#2652),#2655);
#2652 = B_SPLINE_CURVE_WITH_KNOTS('',1,(#2653,#2654),.UNSPECIFIED.,.F.,
  .F.,(2,2),(-5.999999999062E-07,21.915616349143),
  .PIECEWISE_BEZIER_KNOTS.);
#2653 = CARTESIAN_POINT('',(3.40551550172,-5.999999999062E-07));
#2654 = CARTESIAN_POINT('',(3.40551550172,21.915616349143));
#2655 = ( GEOMETRIC_REPRESENTATION_CONTEXT(2) 
PARAMETRIC_REPRESENTATION_CONTEXT() REPRESENTATION_CONTEXT('2D SPACE',''
  ) );
#2656 = PCURVE('',#709,#2657);
#2657 = DEFINITIONAL_REPRESENTATION('',(#2658),#2661);
#2658 = B_SPLINE_CURVE_WITH_KNOTS('',1,(#2659,#2660),.UNSPECIFIED.,.F.,
  .F.,(2,2),(-5.999999999062E-07,21.915616349143),
  .PIECEWISE_BEZIER_KNOTS.);
#2659 = CARTESIAN_POINT('',(61.409290064647,-33.58142304313));
#2660 = CARTESIAN_POINT('',(47.74226761824,-50.71346214275));
#2661 = ( GEOMETRIC_REPRESENTATION_CONTEXT(2) 
PARAMETRIC_REPRESENTATION_CONTEXT() REPRESENTATION_CONTEXT('2D SPACE',''
  ) );
#2662 = ORIENTED_EDGE('',*,*,#2663,.F.);
#2663 = EDGE_CURVE('',#2664,#2643,#2666,.T.);
#2664 = VERTEX_POINT('',#2665);
#2665 = CARTESIAN_POINT('',(-44.28908120723,367.5,284.59819834441));
#2666 = SURFACE_CURVE('',#2667,(#2726,#2788),.PCURVE_S1.);
#2667 = B_SPLINE_CURVE_WITH_KNOTS('',8,(#2668,#2669,#2670,#2671,#2672,
    #2673,#2674,#2675,#2676,#2677,#2678,#2679,#2680,#2681,#2682,#2683,
    #2684,#2685,#2686,#2687,#2688,#2689,#2690,#2691,#2692,#2693,#2694,
    #2695,#2696,#2697,#2698,#2699,#2700,#2701,#2702,#2703,#2704,#2705,
    #2706,#2707,#2708,#2709,#2710,#2711,#2712,#2713,#2714,#2715,#2716,
    #2717,#2718,#2719,#2720,#2721,#2722,#2723,#2724,#2725),
  .UNSPECIFIED.,.F.,.F.,(9,7,7,7,7,7,7,7,9),(0.,0.13483186411,
    0.223050383371,0.299962072534,0.533059463235,0.740631060838,
    0.81126061081,0.895795207293,1.),.UNSPECIFIED.);
#2668 = CARTESIAN_POINT('',(-44.28908368828,367.4999239998,
    284.59817780743));
#2669 = CARTESIAN_POINT('',(-44.26819152252,368.13989115254,
    284.77110913233));
#2670 = CARTESIAN_POINT('',(-44.25250561731,368.76105614247,
    284.98419966816));
#2671 = CARTESIAN_POINT('',(-44.24207157014,369.35687842964,
    285.23384749271));
#2672 = CARTESIAN_POINT('',(-44.2366671397,369.92341165346,
    285.51537815476));
#2673 = CARTESIAN_POINT('',(-44.23595724109,370.45834662275,
    285.82403295766));
#2674 = CARTESIAN_POINT('',(-44.23954713674,370.96067857716,
    286.1552860025));
#2675 = CARTESIAN_POINT('',(-44.24703628821,371.43037940585,
    286.50516776243));
#2676 = CARTESIAN_POINT('',(-44.26526747699,372.15457698166,
    287.10950394431));
#2677 = CARTESIAN_POINT('',(-44.27399235037,372.42743393008,
    287.35521429286));
#2678 = CARTESIAN_POINT('',(-44.28413214514,372.68697191125,
    287.60678748498));
#2679 = CARTESIAN_POINT('',(-44.29559344211,372.9334776242,
    287.86348016449));
#2680 = CARTESIAN_POINT('',(-44.30828937527,373.16726741057,
    288.12463394455));
#2681 = CARTESIAN_POINT('',(-44.32214037302,373.38867997529,
    288.38967742528));
#2682 = CARTESIAN_POINT('',(-44.33707501397,373.59806786444,
    288.65812877885));
#2683 = CARTESIAN_POINT('',(-44.36694192729,373.96816609319,
    289.16627512246));
#2684 = CARTESIAN_POINT('',(-44.38162773559,374.13165857544,
    289.40522184354));
#2685 = CARTESIAN_POINT('',(-44.39704619163,374.28649431106,
    289.64616786105));
#2686 = CARTESIAN_POINT('',(-44.41315837228,374.43288950722,
    289.88886740268));
#2687 = CARTESIAN_POINT('',(-44.42992858628,374.57104833809,
    290.13309978295));
#2688 = CARTESIAN_POINT('',(-44.44732429849,374.70116386859,
    290.37866905826));
#2689 = CARTESIAN_POINT('',(-44.4653160542,374.82341897806,
    290.62540368203));
#2690 = CARTESIAN_POINT('',(-44.54013155837,375.28521113858,
    291.6240232477));
#2691 = CARTESIAN_POINT('',(-44.60157692601,375.56157596013,
    292.38369542172));
#2692 = CARTESIAN_POINT('',(-44.66750977443,375.77233421523,
    293.14863089877));
#2693 = CARTESIAN_POINT('',(-44.73739308789,375.92076677168,
    293.9157780196));
#2694 = CARTESIAN_POINT('',(-44.8107769568,376.00943677798,
    294.68252136081));
#2695 = CARTESIAN_POINT('',(-44.88730328206,376.04010542125,
    295.44667353909));
#2696 = CARTESIAN_POINT('',(-44.96669580385,376.01386030275,
    296.20645305036));
#2697 = CARTESIAN_POINT('',(-45.12188004867,375.85666963186,
    297.63194016333));
#2698 = CARTESIAN_POINT('',(-45.1970475988,375.73757270392,
    298.29822866675));
#2699 = CARTESIAN_POINT('',(-45.27414528145,375.57358047739,
    298.95828156564));
#2700 = CARTESIAN_POINT('',(-45.35303011812,375.36431060482,
    299.61069164827));
#2701 = CARTESIAN_POINT('',(-45.43355067185,375.10894936601,
    300.2537251227));
#2702 = CARTESIAN_POINT('',(-45.5155443567,374.8063213156,300.8853334652
    ));
#2703 = CARTESIAN_POINT('',(-45.59884105553,374.45477507301,
    301.5031221226));
#2704 = CARTESIAN_POINT('',(-45.71200732809,373.91460310631,
    302.30877381125));
#2705 = CARTESIAN_POINT('',(-45.74086587206,373.77152203668,
    302.51135363573));
#2706 = CARTESIAN_POINT('',(-45.76984441262,373.62240628405,
    302.71185273813));
#2707 = CARTESIAN_POINT('',(-45.79893379024,373.46715948496,
    302.91013473587));
#2708 = CARTESIAN_POINT('',(-45.82812365412,373.30568042121,
    303.10604867263));
#2709 = CARTESIAN_POINT('',(-45.85740247227,373.13786236193,
    303.29942867581));
#2710 = CARTESIAN_POINT('',(-45.88675754164,372.96359240562,
    303.49009361375));
#2711 = CARTESIAN_POINT('',(-45.95138395579,372.56630642621,
    303.90256340346));
#2712 = CARTESIAN_POINT('',(-45.98667972225,372.34046366265,
    304.12309241369));
#2713 = CARTESIAN_POINT('',(-46.02204020409,372.10500857794,
    304.33910802311));
#2714 = CARTESIAN_POINT('',(-46.05743727952,371.85973138545,
    304.55022684367));
#2715 = CARTESIAN_POINT('',(-46.09283680966,371.6044307446,
    304.75600994562));
#2716 = CARTESIAN_POINT('',(-46.12819864872,371.33891612165,
    304.95596378477));
#2717 = CARTESIAN_POINT('',(-46.16347665319,371.06300823214,
    305.14953997163));
#2718 = CARTESIAN_POINT('',(-46.24193786168,370.42340857702,
    305.56614597886));
#2719 = CARTESIAN_POINT('',(-46.28504150185,370.05430186523,
    305.7855008952));
#2720 = CARTESIAN_POINT('',(-46.32783696087,369.66887205519,
    305.99309959805));
#2721 = CARTESIAN_POINT('',(-46.37019754671,369.2669490817,
    306.18759935834));
#2722 = CARTESIAN_POINT('',(-46.41196463781,368.84858800413,
    306.36745917313));
#2723 = CARTESIAN_POINT('',(-46.45294960025,368.41411557049,
    306.53098082418));
#2724 = CARTESIAN_POINT('',(-46.49293645883,367.96419419327,
    306.67636753552));
#2725 = CARTESIAN_POINT('',(-46.5316862714,367.4999239998,
    306.80182219256));
#2726 = PCURVE('',#528,#2727);
#2727 = DEFINITIONAL_REPRESENTATION('',(#2728),#2787);
#2728 = B_SPLINE_CURVE_WITH_KNOTS('',8,(#2729,#2730,#2731,#2732,#2733,
    #2734,#2735,#2736,#2737,#2738,#2739,#2740,#2741,#2742,#2743,#2744,
    #2745,#2746,#2747,#2748,#2749,#2750,#2751,#2752,#2753,#2754,#2755,
    #2756,#2757,#2758,#2759,#2760,#2761,#2762,#2763,#2764,#2765,#2766,
    #2767,#2768,#2769,#2770,#2771,#2772,#2773,#2774,#2775,#2776,#2777,
    #2778,#2779,#2780,#2781,#2782,#2783,#2784,#2785,#2786),
  .UNSPECIFIED.,.F.,.F.,(9,7,7,7,7,7,7,7,9),(0.,0.13483186411,
    0.223050383371,0.299962072534,0.533059463235,0.740631060838,
    0.81126061081,0.895795207293,1.),.UNSPECIFIED.);
#2729 = CARTESIAN_POINT('',(6.019269304797,2.704699437431));
#2730 = CARTESIAN_POINT('',(5.96162406948,2.68380727167));
#2731 = CARTESIAN_POINT('',(5.904646244388,2.66812136646));
#2732 = CARTESIAN_POINT('',(5.84867461128,2.657687319289));
#2733 = CARTESIAN_POINT('',(5.793883324353,2.652282888843));
#2734 = CARTESIAN_POINT('',(5.740375744922,2.651572990234));
#2735 = CARTESIAN_POINT('',(5.688196968329,2.655162885885));
#2736 = CARTESIAN_POINT('',(5.637344713854,2.662652037358));
#2737 = CARTESIAN_POINT('',(5.555324643944,2.680883226136));
#2738 = CARTESIAN_POINT('',(5.523418208959,2.689608099516));
#2739 = CARTESIAN_POINT('',(5.492022348399,2.699747894287));
#2740 = CARTESIAN_POINT('',(5.461114479185,2.711209191255));
#2741 = CARTESIAN_POINT('',(5.430671418318,2.723905124418));
#2742 = CARTESIAN_POINT('',(5.400668710603,2.737756122168));
#2743 = CARTESIAN_POINT('',(5.371079998714,2.752690763119));
#2744 = CARTESIAN_POINT('',(5.316415847597,2.782557676437));
#2745 = CARTESIAN_POINT('',(5.291250560955,2.797243484741));
#2746 = CARTESIAN_POINT('',(5.266362795321,2.812661940779));
#2747 = CARTESIAN_POINT('',(5.241736020452,2.828774121432));
#2748 = CARTESIAN_POINT('',(5.217354597799,2.845544335427));
#2749 = CARTESIAN_POINT('',(5.193203422116,2.862940047634));
#2750 = CARTESIAN_POINT('',(5.169267563073,2.880931803351));
#2751 = CARTESIAN_POINT('',(5.073595903537,2.95574730752));
#2752 = CARTESIAN_POINT('',(5.003551114804,3.017192675155));
#2753 = CARTESIAN_POINT('',(4.934918445316,3.083125523581));
#2754 = CARTESIAN_POINT('',(4.867375711944,3.153008837039));
#2755 = CARTESIAN_POINT('',(4.800638772505,3.22639270595));
#2756 = CARTESIAN_POINT('',(4.734446280038,3.302919031204));
#2757 = CARTESIAN_POINT('',(4.668526365917,3.382311552999));
#2758 = CARTESIAN_POINT('',(4.543819604656,3.537495797816));
#2759 = CARTESIAN_POINT('',(4.485095493219,3.61266334795));
#2760 = CARTESIAN_POINT('',(4.426173284825,3.6897610306));
#2761 = CARTESIAN_POINT('',(4.366863727218,3.768645867265));
#2762 = CARTESIAN_POINT('',(4.306980262505,3.849166420996));
#2763 = CARTESIAN_POINT('',(4.246327985843,3.931160105848));
#2764 = CARTESIAN_POINT('',(4.184684523973,4.014456804679));
#2765 = CARTESIAN_POINT('',(4.100338473027,4.127623077238));
#2766 = CARTESIAN_POINT('',(4.078778442353,4.156481621208));
#2767 = CARTESIAN_POINT('',(4.057061483562,4.185460161767));
#2768 = CARTESIAN_POINT('',(4.035176972843,4.214549539391));
#2769 = CARTESIAN_POINT('',(4.0131140866,4.243739403268));
#2770 = CARTESIAN_POINT('',(3.99086160033,4.273018221416));
#2771 = CARTESIAN_POINT('',(3.968407687502,4.302373290792));
#2772 = CARTESIAN_POINT('',(3.918609039859,4.366999704937));
#2773 = CARTESIAN_POINT('',(3.891173680723,4.402295471394));
#2774 = CARTESIAN_POINT('',(3.863410721031,4.437655953233));
#2775 = CARTESIAN_POINT('',(3.835298191798,4.473053028668));
#2776 = CARTESIAN_POINT('',(3.806814665021,4.508452558812));
#2777 = CARTESIAN_POINT('',(3.777938702281,4.543814397865));
#2778 = CARTESIAN_POINT('',(3.748648161951,4.579092402342));
#2779 = CARTESIAN_POINT('',(3.682273030292,4.657553610831));
#2780 = CARTESIAN_POINT('',(3.644968290054,4.700657250993));
#2781 = CARTESIAN_POINT('',(3.606957183374,4.743452710016));
#2782 = CARTESIAN_POINT('',(3.568204635842,4.785813295862));
#2783 = CARTESIAN_POINT('',(3.528687671704,4.827580386961));
#2784 = CARTESIAN_POINT('',(3.488394819663,4.868565349399));
#2785 = CARTESIAN_POINT('',(3.447327934413,4.908552207978));
#2786 = CARTESIAN_POINT('',(3.405508655972,4.947302020548));
#2787 = ( GEOMETRIC_REPRESENTATION_CONTEXT(2) 
PARAMETRIC_REPRESENTATION_CONTEXT() REPRESENTATION_CONTEXT('2D SPACE',''
  ) );
#2788 = PCURVE('',#2789,#2794);
#2789 = B_SPLINE_SURFACE_WITH_KNOTS('',1,1,(
    (#2790,#2791)
    ,(#2792,#2793
    )),.UNSPECIFIED.,.F.,.F.,.F.,(2,2),(2,2),(0.,134.14879545117),(0.,1.
    ),.PIECEWISE_BEZIER_KNOTS.);
#2790 = CARTESIAN_POINT('',(-45.,293.333,244.167));
#2791 = CARTESIAN_POINT('',(-39.,420.,265.834));
#2792 = CARTESIAN_POINT('',(-57.,293.333,377.778));
#2793 = CARTESIAN_POINT('',(-51.,420.,374.167));
#2794 = DEFINITIONAL_REPRESENTATION('',(#2795),#2854);
#2795 = B_SPLINE_CURVE_WITH_KNOTS('',8,(#2796,#2797,#2798,#2799,#2800,
    #2801,#2802,#2803,#2804,#2805,#2806,#2807,#2808,#2809,#2810,#2811,
    #2812,#2813,#2814,#2815,#2816,#2817,#2818,#2819,#2820,#2821,#2822,
    #2823,#2824,#2825,#2826,#2827,#2828,#2829,#2830,#2831,#2832,#2833,
    #2834,#2835,#2836,#2837,#2838,#2839,#2840,#2841,#2842,#2843,#2844,
    #2845,#2846,#2847,#2848,#2849,#2850,#2851,#2852,#2853),
  .UNSPECIFIED.,.F.,.F.,(9,7,7,7,7,7,7,7,9),(0.,0.13483186411,
    0.223050383371,0.299962072534,0.533059463235,0.740631060838,
    0.81126061081,0.895795207293,1.),.UNSPECIFIED.);
#2796 = CARTESIAN_POINT('',(31.326477325073,0.585526806507));
#2797 = CARTESIAN_POINT('',(31.431806353666,0.59057916547));
#2798 = CARTESIAN_POINT('',(31.585380142264,0.595483086696));
#2799 = CARTESIAN_POINT('',(31.784244994352,0.600186934479));
#2800 = CARTESIAN_POINT('',(32.023826730092,0.604659553423));
#2801 = CARTESIAN_POINT('',(32.299156619636,0.60888271312));
#2802 = CARTESIAN_POINT('',(32.605289811348,0.612848481271));
#2803 = CARTESIAN_POINT('',(32.937733773849,0.61655663595));
#2804 = CARTESIAN_POINT('',(33.525028192248,0.622273970187));
#2805 = CARTESIAN_POINT('',(33.767050977365,0.624428098321));
#2806 = CARTESIAN_POINT('',(34.017838425478,0.626477076991));
#2807 = CARTESIAN_POINT('',(34.276498013936,0.628423169604));
#2808 = CARTESIAN_POINT('',(34.54222617536,0.630268873586));
#2809 = CARTESIAN_POINT('',(34.81431272903,0.632016862918));
#2810 = CARTESIAN_POINT('',(35.092145935438,0.633669920851));
#2811 = CARTESIAN_POINT('',(35.62200948501,0.636591741284));
#2812 = CARTESIAN_POINT('',(35.87275782734,0.63788246801));
#2813 = CARTESIAN_POINT('',(36.127112451407,0.63910485218));
#2814 = CARTESIAN_POINT('',(36.384752721995,0.640260600687));
#2815 = CARTESIAN_POINT('',(36.645387761052,0.641351325429));
#2816 = CARTESIAN_POINT('',(36.90875609048,0.642378550598));
#2817 = CARTESIAN_POINT('',(37.174625274928,0.643343719975));
#2818 = CARTESIAN_POINT('',(38.255527093772,0.646989437964));
#2819 = CARTESIAN_POINT('',(39.088773314599,0.649171259761));
#2820 = CARTESIAN_POINT('',(39.937444517365,0.650835136344));
#2821 = CARTESIAN_POINT('',(40.797274696119,0.652006969232));
#2822 = CARTESIAN_POINT('',(41.664591554411,0.652706993755));
#2823 = CARTESIAN_POINT('',(42.536324485831,0.652949113986));
#2824 = CARTESIAN_POINT('',(43.40996108484,0.652741916227));
#2825 = CARTESIAN_POINT('',(45.061538345757,0.651500940512));
#2826 = CARTESIAN_POINT('',(45.838775579094,0.650560704082));
#2827 = CARTESIAN_POINT('',(46.613816335002,0.649266032016));
#2828 = CARTESIAN_POINT('',(47.384859781647,0.647613905791));
#2829 = CARTESIAN_POINT('',(48.149782103366,0.645597901316));
#2830 = CARTESIAN_POINT('',(48.906143303606,0.643208738784));
#2831 = CARTESIAN_POINT('',(49.651167170503,0.640433381015));
#2832 = CARTESIAN_POINT('',(50.630221375165,0.636168876711));
#2833 = CARTESIAN_POINT('',(50.877066756567,0.635039292291));
#2834 = CARTESIAN_POINT('',(51.122058022035,0.633862065763));
#2835 = CARTESIAN_POINT('',(51.365041748981,0.632636436364));
#2836 = CARTESIAN_POINT('',(51.60584862659,0.631361605005));
#2837 = CARTESIAN_POINT('',(51.844293220496,0.630036729077));
#2838 = CARTESIAN_POINT('',(52.080173737448,0.628660917253));
#2839 = CARTESIAN_POINT('',(52.592260539303,0.625524457248));
#2840 = CARTESIAN_POINT('',(52.86724298259,0.623741492754));
#2841 = CARTESIAN_POINT('',(53.137858839053,0.621882641714));
#2842 = CARTESIAN_POINT('',(53.403682644347,0.619946247921));
#2843 = CARTESIAN_POINT('',(53.664226141056,0.61793072185));
#2844 = CARTESIAN_POINT('',(53.918939642658,0.615834559291));
#2845 = CARTESIAN_POINT('',(54.16721237097,0.613656344842));
#2846 = CARTESIAN_POINT('',(54.70564608939,0.608606887169));
#2847 = CARTESIAN_POINT('',(54.992050235479,0.605692894481));
#2848 = CARTESIAN_POINT('',(55.266365579698,0.602650035567));
#2849 = CARTESIAN_POINT('',(55.527085768152,0.599476967811));
#2850 = CARTESIAN_POINT('',(55.772466715573,0.59617412589));
#2851 = CARTESIAN_POINT('',(56.000572694897,0.592744089388));
#2852 = CARTESIAN_POINT('',(56.209340074547,0.589192087862));
#2853 = CARTESIAN_POINT('',(56.396680258468,0.585526806507));
#2854 = ( GEOMETRIC_REPRESENTATION_CONTEXT(2) 
PARAMETRIC_REPRESENTATION_CONTEXT() REPRESENTATION_CONTEXT('2D SPACE',''
  ) );
#2855 = ORIENTED_EDGE('',*,*,#2856,.T.);
#2856 = EDGE_CURVE('',#2664,#2508,#2857,.T.);
#2857 = SURFACE_CURVE('',#2858,(#2862,#2868),.PCURVE_S1.);
#2858 = LINE('',#2859,#2860);
#2859 = CARTESIAN_POINT('',(-41.58438425085,367.5,284.59819834441));
#2860 = VECTOR('',#2861,1.);
#2861 = DIRECTION('',(-1.,0.,0.));
#2862 = PCURVE('',#528,#2863);
#2863 = DEFINITIONAL_REPRESENTATION('',(#2864),#2867);
#2864 = B_SPLINE_CURVE_WITH_KNOTS('',1,(#2865,#2866),.UNSPECIFIED.,.F.,
  .F.,(2,2),(-5.999999999062E-07,21.915616349143),
  .PIECEWISE_BEZIER_KNOTS.);
#2865 = CARTESIAN_POINT('',(6.01926245905,-5.999999999062E-07));
#2866 = CARTESIAN_POINT('',(6.01926245905,21.915616349143));
#2867 = ( GEOMETRIC_REPRESENTATION_CONTEXT(2) 
PARAMETRIC_REPRESENTATION_CONTEXT() REPRESENTATION_CONTEXT('2D SPACE',''
  ) );
#2868 = PCURVE('',#2548,#2869);
#2869 = DEFINITIONAL_REPRESENTATION('',(#2870),#2873);
#2870 = B_SPLINE_CURVE_WITH_KNOTS('',1,(#2871,#2872),.UNSPECIFIED.,.F.,
  .F.,(2,2),(-5.999999999062E-07,21.915616349143),
  .PIECEWISE_BEZIER_KNOTS.);
#2871 = CARTESIAN_POINT('',(78.766456005367,-47.42803961564));
#2872 = CARTESIAN_POINT('',(65.09943355896,-64.56007871526));
#2873 = ( GEOMETRIC_REPRESENTATION_CONTEXT(2) 
PARAMETRIC_REPRESENTATION_CONTEXT() REPRESENTATION_CONTEXT('2D SPACE',''
  ) );
#2874 = ORIENTED_EDGE('',*,*,#2507,.T.);
#2875 = ADVANCED_FACE('',(#2876),#335,.T.);
#2876 = FACE_BOUND('',#2877,.T.);
#2877 = EDGE_LOOP('',(#2878,#2879,#2880,#2881));
#2878 = ORIENTED_EDGE('',*,*,#2615,.F.);
#2879 = ORIENTED_EDGE('',*,*,#321,.F.);
#2880 = ORIENTED_EDGE('',*,*,#649,.T.);
#2881 = ORIENTED_EDGE('',*,*,#2882,.F.);
#2882 = EDGE_CURVE('',#2616,#650,#2883,.T.);
#2883 = SURFACE_CURVE('',#2884,(#2888,#2895),.PCURVE_S1.);
#2884 = LINE('',#2885,#2886);
#2885 = CARTESIAN_POINT('',(-41.62894045015,367.5,256.34045787774));
#2886 = VECTOR('',#2887,1.);
#2887 = DIRECTION('',(-9.999151541061E-02,0.,0.994988289803));
#2888 = PCURVE('',#335,#2889);
#2889 = DEFINITIONAL_REPRESENTATION('',(#2890),#2894);
#2890 = LINE('',#2891,#2892);
#2891 = CARTESIAN_POINT('',(0.,0.));
#2892 = VECTOR('',#2893,1.);
#2893 = DIRECTION('',(1.,0.));
#2894 = ( GEOMETRIC_REPRESENTATION_CONTEXT(2) 
PARAMETRIC_REPRESENTATION_CONTEXT() REPRESENTATION_CONTEXT('2D SPACE',''
  ) );
#2895 = PCURVE('',#709,#2896);
#2896 = DEFINITIONAL_REPRESENTATION('',(#2897),#2901);
#2897 = LINE('',#2898,#2899);
#2898 = CARTESIAN_POINT('',(100.82852055448,-65.08496996666));
#2899 = VECTOR('',#2900,1.);
#2900 = DIRECTION('',(-0.840166380571,0.542328731452));
#2901 = ( GEOMETRIC_REPRESENTATION_CONTEXT(2) 
PARAMETRIC_REPRESENTATION_CONTEXT() REPRESENTATION_CONTEXT('2D SPACE',''
  ) );
#2902 = ADVANCED_FACE('',(#2903),#709,.F.);
#2903 = FACE_BOUND('',#2904,.F.);
#2904 = EDGE_LOOP('',(#2905,#2906,#2907,#2908,#2928,#2953,#2978,#2999));
#2905 = ORIENTED_EDGE('',*,*,#695,.F.);
#2906 = ORIENTED_EDGE('',*,*,#2882,.F.);
#2907 = ORIENTED_EDGE('',*,*,#2642,.F.);
#2908 = ORIENTED_EDGE('',*,*,#2909,.F.);
#2909 = EDGE_CURVE('',#2910,#2643,#2912,.T.);
#2910 = VERTEX_POINT('',#2911);
#2911 = CARTESIAN_POINT('',(-53.48683556095,367.5,375.6636605351));
#2912 = SURFACE_CURVE('',#2913,(#2916,#2922),.PCURVE_S1.);
#2913 = B_SPLINE_CURVE_WITH_KNOTS('',1,(#2914,#2915),.UNSPECIFIED.,.F.,
  .F.,(2,2),(0.,1.),.PIECEWISE_BEZIER_KNOTS.);
#2914 = CARTESIAN_POINT('',(-53.48683556095,367.5,375.6636605351));
#2915 = CARTESIAN_POINT('',(-41.48683556095,367.5,256.85362231678));
#2916 = PCURVE('',#709,#2917);
#2917 = DEFINITIONAL_REPRESENTATION('',(#2918),#2921);
#2918 = B_SPLINE_CURVE_WITH_KNOTS('',1,(#2919,#2920),.UNSPECIFIED.,.F.,
  .F.,(2,2),(0.,1.),.PIECEWISE_BEZIER_KNOTS.);
#2919 = CARTESIAN_POINT('',(0.155475520693,5.7753130338E-02));
#2920 = CARTESIAN_POINT('',(100.5159853181,-64.65386294161));
#2921 = ( GEOMETRIC_REPRESENTATION_CONTEXT(2) 
PARAMETRIC_REPRESENTATION_CONTEXT() REPRESENTATION_CONTEXT('2D SPACE',''
  ) );
#2922 = PCURVE('',#2789,#2923);
#2923 = DEFINITIONAL_REPRESENTATION('',(#2924),#2927);
#2924 = B_SPLINE_CURVE_WITH_KNOTS('',1,(#2925,#2926),.UNSPECIFIED.,.F.,
  .F.,(2,2),(0.,1.),.PIECEWISE_BEZIER_KNOTS.);
#2925 = CARTESIAN_POINT('',(134.14879545117,0.585527406507));
#2926 = CARTESIAN_POINT('',(0.,0.585527406507));
#2927 = ( GEOMETRIC_REPRESENTATION_CONTEXT(2) 
PARAMETRIC_REPRESENTATION_CONTEXT() REPRESENTATION_CONTEXT('2D SPACE',''
  ) );
#2928 = ORIENTED_EDGE('',*,*,#2929,.F.);
#2929 = EDGE_CURVE('',#2930,#2910,#2932,.T.);
#2930 = VERTEX_POINT('',#2931);
#2931 = CARTESIAN_POINT('',(53.486835560959,367.5,375.6636605351));
#2932 = SURFACE_CURVE('',#2933,(#2936,#2942),.PCURVE_S1.);
#2933 = B_SPLINE_CURVE_WITH_KNOTS('',1,(#2934,#2935),.UNSPECIFIED.,.F.,
  .F.,(2,2),(0.,1.),.PIECEWISE_BEZIER_KNOTS.);
#2934 = CARTESIAN_POINT('',(53.486835560959,367.5,375.6636605351));
#2935 = CARTESIAN_POINT('',(-53.48683556095,367.5,375.6636605351));
#2936 = PCURVE('',#709,#2937);
#2937 = DEFINITIONAL_REPRESENTATION('',(#2938),#2941);
#2938 = B_SPLINE_CURVE_WITH_KNOTS('',1,(#2939,#2940),.UNSPECIFIED.,.F.,
  .F.,(2,2),(0.,1.),.PIECEWISE_BEZIER_KNOTS.);
#2939 = CARTESIAN_POINT('',(66.866422686387,83.68200703766));
#2940 = CARTESIAN_POINT('',(0.155475520693,5.775313033794E-02));
#2941 = ( GEOMETRIC_REPRESENTATION_CONTEXT(2) 
PARAMETRIC_REPRESENTATION_CONTEXT() REPRESENTATION_CONTEXT('2D SPACE',''
  ) );
#2942 = PCURVE('',#2943,#2948);
#2943 = B_SPLINE_SURFACE_WITH_KNOTS('',1,1,(
    (#2944,#2945)
    ,(#2946,#2947
    )),.UNSPECIFIED.,.F.,.F.,.F.,(2,2),(2,2),(0.,114.),(0.,1.),
  .PIECEWISE_BEZIER_KNOTS.);
#2944 = CARTESIAN_POINT('',(-57.,293.333,377.778));
#2945 = CARTESIAN_POINT('',(-51.,420.,374.167));
#2946 = CARTESIAN_POINT('',(57.,293.333,377.778));
#2947 = CARTESIAN_POINT('',(51.,420.,374.167));
#2948 = DEFINITIONAL_REPRESENTATION('',(#2949),#2952);
#2949 = B_SPLINE_CURVE_WITH_KNOTS('',1,(#2950,#2951),.UNSPECIFIED.,.F.,
  .F.,(2,2),(0.,1.),.PIECEWISE_BEZIER_KNOTS.);
#2950 = CARTESIAN_POINT('',(114.,0.585527406507));
#2951 = CARTESIAN_POINT('',(0.,0.585527406507));
#2952 = ( GEOMETRIC_REPRESENTATION_CONTEXT(2) 
PARAMETRIC_REPRESENTATION_CONTEXT() REPRESENTATION_CONTEXT('2D SPACE',''
  ) );
#2953 = ORIENTED_EDGE('',*,*,#2954,.F.);
#2954 = EDGE_CURVE('',#2955,#2930,#2957,.T.);
#2955 = VERTEX_POINT('',#2956);
#2956 = CARTESIAN_POINT('',(46.531679928101,367.5,306.80180165558));
#2957 = SURFACE_CURVE('',#2958,(#2961,#2967),.PCURVE_S1.);
#2958 = B_SPLINE_CURVE_WITH_KNOTS('',1,(#2959,#2960),.UNSPECIFIED.,.F.,
  .F.,(2,2),(0.,1.),.PIECEWISE_BEZIER_KNOTS.);
#2959 = CARTESIAN_POINT('',(41.486835560959,367.5,256.85362231678));
#2960 = CARTESIAN_POINT('',(53.486835560959,367.5,375.6636605351));
#2961 = PCURVE('',#709,#2962);
#2962 = DEFINITIONAL_REPRESENTATION('',(#2963),#2966);
#2963 = B_SPLINE_CURVE_WITH_KNOTS('',1,(#2964,#2965),.UNSPECIFIED.,.F.,
  .F.,(2,2),(0.,1.),.PIECEWISE_BEZIER_KNOTS.);
#2964 = CARTESIAN_POINT('',(152.26004656518,0.208932443002));
#2965 = CARTESIAN_POINT('',(66.866422686387,83.68200703766));
#2966 = ( GEOMETRIC_REPRESENTATION_CONTEXT(2) 
PARAMETRIC_REPRESENTATION_CONTEXT() REPRESENTATION_CONTEXT('2D SPACE',''
  ) );
#2967 = PCURVE('',#2968,#2973);
#2968 = B_SPLINE_SURFACE_WITH_KNOTS('',1,1,(
    (#2969,#2970)
    ,(#2971,#2972
    )),.UNSPECIFIED.,.F.,.F.,.F.,(2,2),(2,2),(0.,134.14879545117),(0.,1.
    ),.PIECEWISE_BEZIER_KNOTS.);
#2969 = CARTESIAN_POINT('',(57.,293.333,377.778));
#2970 = CARTESIAN_POINT('',(51.,420.,374.167));
#2971 = CARTESIAN_POINT('',(45.,293.333,244.167));
#2972 = CARTESIAN_POINT('',(39.,420.,265.834));
#2973 = DEFINITIONAL_REPRESENTATION('',(#2974),#2977);
#2974 = B_SPLINE_CURVE_WITH_KNOTS('',1,(#2975,#2976),.UNSPECIFIED.,.F.,
  .F.,(2,2),(0.,1.),.PIECEWISE_BEZIER_KNOTS.);
#2975 = CARTESIAN_POINT('',(134.14879545117,0.585527406507));
#2976 = CARTESIAN_POINT('',(0.,0.585527406507));
#2977 = ( GEOMETRIC_REPRESENTATION_CONTEXT(2) 
PARAMETRIC_REPRESENTATION_CONTEXT() REPRESENTATION_CONTEXT('2D SPACE',''
  ) );
#2978 = ORIENTED_EDGE('',*,*,#2979,.T.);
#2979 = EDGE_CURVE('',#2955,#2980,#2982,.T.);
#2980 = VERTEX_POINT('',#2981);
#2981 = CARTESIAN_POINT('',(46.700061674106,367.5,306.80180165558));
#2982 = SURFACE_CURVE('',#2983,(#2987,#2993),.PCURVE_S1.);
#2983 = LINE('',#2984,#2985);
#2984 = CARTESIAN_POINT('',(41.584384250857,367.5,306.80180165558));
#2985 = VECTOR('',#2986,1.);
#2986 = DIRECTION('',(1.,0.,0.));
#2987 = PCURVE('',#709,#2988);
#2988 = DEFINITIONAL_REPRESENTATION('',(#2989),#2992);
#2989 = B_SPLINE_CURVE_WITH_KNOTS('',1,(#2990,#2991),.UNSPECIFIED.,.F.,
  .F.,(2,2),(-5.999999999062E-07,21.915616349143),
  .PIECEWISE_BEZIER_KNOTS.);
#2990 = CARTESIAN_POINT('',(113.27501723948,31.433884378367));
#2991 = CARTESIAN_POINT('',(126.94203968589,48.565923477988));
#2992 = ( GEOMETRIC_REPRESENTATION_CONTEXT(2) 
PARAMETRIC_REPRESENTATION_CONTEXT() REPRESENTATION_CONTEXT('2D SPACE',''
  ) );
#2993 = PCURVE('',#991,#2994);
#2994 = DEFINITIONAL_REPRESENTATION('',(#2995),#2998);
#2995 = B_SPLINE_CURVE_WITH_KNOTS('',1,(#2996,#2997),.UNSPECIFIED.,.F.,
  .F.,(2,2),(-5.999999999062E-07,21.915616349143),
  .PIECEWISE_BEZIER_KNOTS.);
#2996 = CARTESIAN_POINT('',(6.01926245905,-5.999999999062E-07));
#2997 = CARTESIAN_POINT('',(6.01926245905,21.915616349143));
#2998 = ( GEOMETRIC_REPRESENTATION_CONTEXT(2) 
PARAMETRIC_REPRESENTATION_CONTEXT() REPRESENTATION_CONTEXT('2D SPACE',''
  ) );
#2999 = ORIENTED_EDGE('',*,*,#3000,.F.);
#3000 = EDGE_CURVE('',#671,#2980,#3001,.T.);
#3001 = SURFACE_CURVE('',#3002,(#3006,#3013),.PCURVE_S1.);
#3002 = LINE('',#3003,#3004);
#3003 = CARTESIAN_POINT('',(53.628940450157,367.5,375.74918399425));
#3004 = VECTOR('',#3005,1.);
#3005 = DIRECTION('',(-9.999151541061E-02,0.,-0.994988289803));
#3006 = PCURVE('',#709,#3007);
#3007 = DEFINITIONAL_REPRESENTATION('',(#3008),#3012);
#3008 = LINE('',#3009,#3010);
#3009 = CARTESIAN_POINT('',(66.888186137785,83.846428489369));
#3010 = VECTOR('',#3011,1.);
#3011 = DIRECTION('',(0.715452913573,-0.698660953868));
#3012 = ( GEOMETRIC_REPRESENTATION_CONTEXT(2) 
PARAMETRIC_REPRESENTATION_CONTEXT() REPRESENTATION_CONTEXT('2D SPACE',''
  ) );
#3013 = PCURVE('',#684,#3014);
#3014 = DEFINITIONAL_REPRESENTATION('',(#3015),#3019);
#3015 = LINE('',#3016,#3017);
#3016 = CARTESIAN_POINT('',(0.,0.));
#3017 = VECTOR('',#3018,1.);
#3018 = DIRECTION('',(1.,0.));
#3019 = ( GEOMETRIC_REPRESENTATION_CONTEXT(2) 
PARAMETRIC_REPRESENTATION_CONTEXT() REPRESENTATION_CONTEXT('2D SPACE',''
  ) );
#3020 = ADVANCED_FACE('',(#3021),#684,.T.);
#3021 = FACE_BOUND('',#3022,.T.);
#3022 = EDGE_LOOP('',(#3023,#3024,#3025,#3050));
#3023 = ORIENTED_EDGE('',*,*,#670,.F.);
#3024 = ORIENTED_EDGE('',*,*,#1093,.F.);
#3025 = ORIENTED_EDGE('',*,*,#3026,.F.);
#3026 = EDGE_CURVE('',#2980,#796,#3027,.T.);
#3027 = SURFACE_CURVE('',#3028,(#3033,#3040),.PCURVE_S1.);
#3028 = ELLIPSE('',#3029,11.557924970426,11.5);
#3029 = AXIS2_PLACEMENT_3D('',#3030,#3031,#3032);
#3030 = CARTESIAN_POINT('',(45.584384250857,364.5,295.7));
#3031 = DIRECTION('',(0.994988289803,0.,-9.999151541061E-02));
#3032 = DIRECTION('',(9.999151541061E-02,0.,0.994988289803));
#3033 = PCURVE('',#684,#3034);
#3034 = DEFINITIONAL_REPRESENTATION('',(#3035),#3039);
#3035 = ELLIPSE('',#3036,11.557924970426,11.5);
#3036 = AXIS2_PLACEMENT_2D('',#3037,#3038);
#3037 = CARTESIAN_POINT('',(80.452388047773,-3.));
#3038 = DIRECTION('',(-1.,0.));
#3039 = ( GEOMETRIC_REPRESENTATION_CONTEXT(2) 
PARAMETRIC_REPRESENTATION_CONTEXT() REPRESENTATION_CONTEXT('2D SPACE',''
  ) );
#3040 = PCURVE('',#991,#3041);
#3041 = DEFINITIONAL_REPRESENTATION('',(#3042),#3049);
#3042 = B_SPLINE_CURVE_WITH_KNOTS('',5,(#3043,#3044,#3045,#3046,#3047,
    #3048),.UNSPECIFIED.,.F.,.F.,(6,6),(5.992137083505,6.28318530718),
  .PIECEWISE_BEZIER_KNOTS.);
#3043 = CARTESIAN_POINT('',(5.992137083505,5.107090093807));
#3044 = CARTESIAN_POINT('',(6.05034672824,5.126394394308));
#3045 = CARTESIAN_POINT('',(6.108556372975,5.141009687338));
#3046 = CARTESIAN_POINT('',(6.16676601771,5.15079956401));
#3047 = CARTESIAN_POINT('',(6.224975662445,5.155694432795));
#3048 = CARTESIAN_POINT('',(6.28318530718,5.155694432795));
#3049 = ( GEOMETRIC_REPRESENTATION_CONTEXT(2) 
PARAMETRIC_REPRESENTATION_CONTEXT() REPRESENTATION_CONTEXT('2D SPACE',''
  ) );
#3050 = ORIENTED_EDGE('',*,*,#3000,.F.);
#3051 = ADVANCED_FACE('',(#3052),#991,.T.);
#3052 = FACE_BOUND('',#3053,.T.);
#3053 = EDGE_LOOP('',(#3054,#3077,#3104,#3105,#3106,#3133,#3154,#3340,
    #3341));
#3054 = ORIENTED_EDGE('',*,*,#3055,.T.);
#3055 = EDGE_CURVE('',#796,#3056,#3058,.T.);
#3056 = VERTEX_POINT('',#3057);
#3057 = CARTESIAN_POINT('',(63.5,364.5,307.2));
#3058 = SEAM_CURVE('',#3059,(#3063,#3070),.PCURVE_S1.);
#3059 = LINE('',#3060,#3061);
#3060 = CARTESIAN_POINT('',(41.584384250857,364.5,307.2));
#3061 = VECTOR('',#3062,1.);
#3062 = DIRECTION('',(1.,0.,0.));
#3063 = PCURVE('',#991,#3064);
#3064 = DEFINITIONAL_REPRESENTATION('',(#3065),#3069);
#3065 = LINE('',#3066,#3067);
#3066 = CARTESIAN_POINT('',(6.28318530718,-0.));
#3067 = VECTOR('',#3068,1.);
#3068 = DIRECTION('',(0.,1.));
#3069 = ( GEOMETRIC_REPRESENTATION_CONTEXT(2) 
PARAMETRIC_REPRESENTATION_CONTEXT() REPRESENTATION_CONTEXT('2D SPACE',''
  ) );
#3070 = PCURVE('',#991,#3071);
#3071 = DEFINITIONAL_REPRESENTATION('',(#3072),#3076);
#3072 = LINE('',#3073,#3074);
#3073 = CARTESIAN_POINT('',(0.,-0.));
#3074 = VECTOR('',#3075,1.);
#3075 = DIRECTION('',(0.,1.));
#3076 = ( GEOMETRIC_REPRESENTATION_CONTEXT(2) 
PARAMETRIC_REPRESENTATION_CONTEXT() REPRESENTATION_CONTEXT('2D SPACE',''
  ) );
#3077 = ORIENTED_EDGE('',*,*,#3078,.F.);
#3078 = EDGE_CURVE('',#3056,#3056,#3079,.T.);
#3079 = SURFACE_CURVE('',#3080,(#3085,#3092),.PCURVE_S1.);
#3080 = CIRCLE('',#3081,11.5);
#3081 = AXIS2_PLACEMENT_3D('',#3082,#3083,#3084);
#3082 = CARTESIAN_POINT('',(63.5,364.5,295.7));
#3083 = DIRECTION('',(1.,0.,0.));
#3084 = DIRECTION('',(-0.,0.,1.));
#3085 = PCURVE('',#991,#3086);
#3086 = DEFINITIONAL_REPRESENTATION('',(#3087),#3091);
#3087 = LINE('',#3088,#3089);
#3088 = CARTESIAN_POINT('',(0.,21.915615749143));
#3089 = VECTOR('',#3090,1.);
#3090 = DIRECTION('',(1.,0.));
#3091 = ( GEOMETRIC_REPRESENTATION_CONTEXT(2) 
PARAMETRIC_REPRESENTATION_CONTEXT() REPRESENTATION_CONTEXT('2D SPACE',''
  ) );
#3092 = PCURVE('',#3093,#3098);
#3093 = PLANE('',#3094);
#3094 = AXIS2_PLACEMENT_3D('',#3095,#3096,#3097);
#3095 = CARTESIAN_POINT('',(63.5,364.5,295.7));
#3096 = DIRECTION('',(1.,0.,0.));
#3097 = DIRECTION('',(-0.,0.,1.));
#3098 = DEFINITIONAL_REPRESENTATION('',(#3099),#3103);
#3099 = CIRCLE('',#3100,11.5);
#3100 = AXIS2_PLACEMENT_2D('',#3101,#3102);
#3101 = CARTESIAN_POINT('',(0.,0.));
#3102 = DIRECTION('',(1.,0.));
#3103 = ( GEOMETRIC_REPRESENTATION_CONTEXT(2) 
PARAMETRIC_REPRESENTATION_CONTEXT() REPRESENTATION_CONTEXT('2D SPACE',''
  ) );
#3104 = ORIENTED_EDGE('',*,*,#3055,.F.);
#3105 = ORIENTED_EDGE('',*,*,#795,.F.);
#3106 = ORIENTED_EDGE('',*,*,#3107,.T.);
#3107 = EDGE_CURVE('',#771,#3108,#3110,.T.);
#3108 = VERTEX_POINT('',#3109);
#3109 = CARTESIAN_POINT('',(44.468706827609,367.5,284.59819834441));
#3110 = SURFACE_CURVE('',#3111,(#3116,#3126),.PCURVE_S1.);
#3111 = ELLIPSE('',#3112,11.557924970426,11.5);
#3112 = AXIS2_PLACEMENT_3D('',#3113,#3114,#3115);
#3113 = CARTESIAN_POINT('',(45.584384250857,364.5,295.7));
#3114 = DIRECTION('',(0.994988289803,0.,-9.999151541061E-02));
#3115 = DIRECTION('',(9.999151541061E-02,0.,0.994988289803));
#3116 = PCURVE('',#991,#3117);
#3117 = DEFINITIONAL_REPRESENTATION('',(#3118),#3125);
#3118 = B_SPLINE_CURVE_WITH_KNOTS('',5,(#3119,#3120,#3121,#3122,#3123,
    #3124),.UNSPECIFIED.,.F.,.F.,(6,6),(3.115502737339,3.432640877264),
  .PIECEWISE_BEZIER_KNOTS.);
#3119 = CARTESIAN_POINT('',(3.115502737339,2.844698876093));
#3120 = CARTESIAN_POINT('',(3.178930365324,2.842786625053));
#3121 = CARTESIAN_POINT('',(3.242357993309,2.84668415148));
#3122 = CARTESIAN_POINT('',(3.305785621294,2.856407715868));
#3123 = CARTESIAN_POINT('',(3.369213249279,2.871875144749));
#3124 = CARTESIAN_POINT('',(3.432640877264,2.892909906194));
#3125 = ( GEOMETRIC_REPRESENTATION_CONTEXT(2) 
PARAMETRIC_REPRESENTATION_CONTEXT() REPRESENTATION_CONTEXT('2D SPACE',''
  ) );
#3126 = PCURVE('',#784,#3127);
#3127 = DEFINITIONAL_REPRESENTATION('',(#3128),#3132);
#3128 = ELLIPSE('',#3129,11.557924970426,11.5);
#3129 = AXIS2_PLACEMENT_2D('',#3130,#3131);
#3130 = CARTESIAN_POINT('',(80.452388047773,-3.));
#3131 = DIRECTION('',(-1.,0.));
#3132 = ( GEOMETRIC_REPRESENTATION_CONTEXT(2) 
PARAMETRIC_REPRESENTATION_CONTEXT() REPRESENTATION_CONTEXT('2D SPACE',''
  ) );
#3133 = ORIENTED_EDGE('',*,*,#3134,.F.);
#3134 = EDGE_CURVE('',#3135,#3108,#3137,.T.);
#3135 = VERTEX_POINT('',#3136);
#3136 = CARTESIAN_POINT('',(44.289081207238,367.5,284.59819834441));
#3137 = SURFACE_CURVE('',#3138,(#3142,#3148),.PCURVE_S1.);
#3138 = LINE('',#3139,#3140);
#3139 = CARTESIAN_POINT('',(41.584384250857,367.5,284.59819834441));
#3140 = VECTOR('',#3141,1.);
#3141 = DIRECTION('',(1.,0.,0.));
#3142 = PCURVE('',#991,#3143);
#3143 = DEFINITIONAL_REPRESENTATION('',(#3144),#3147);
#3144 = B_SPLINE_CURVE_WITH_KNOTS('',1,(#3145,#3146),.UNSPECIFIED.,.F.,
  .F.,(2,2),(-5.999999999062E-07,21.915616349143),
  .PIECEWISE_BEZIER_KNOTS.);
#3145 = CARTESIAN_POINT('',(3.40551550172,-5.999999999062E-07));
#3146 = CARTESIAN_POINT('',(3.40551550172,21.915616349143));
#3147 = ( GEOMETRIC_REPRESENTATION_CONTEXT(2) 
PARAMETRIC_REPRESENTATION_CONTEXT() REPRESENTATION_CONTEXT('2D SPACE',''
  ) );
#3148 = PCURVE('',#2548,#3149);
#3149 = DEFINITIONAL_REPRESENTATION('',(#3150),#3153);
#3150 = B_SPLINE_CURVE_WITH_KNOTS('',1,(#3151,#3152),.UNSPECIFIED.,.F.,
  .F.,(2,2),(-5.999999999062E-07,21.915616349143),
  .PIECEWISE_BEZIER_KNOTS.);
#3151 = CARTESIAN_POINT('',(130.6321831802,17.587267805849));
#3152 = CARTESIAN_POINT('',(144.29920562661,34.719306905471));
#3153 = ( GEOMETRIC_REPRESENTATION_CONTEXT(2) 
PARAMETRIC_REPRESENTATION_CONTEXT() REPRESENTATION_CONTEXT('2D SPACE',''
  ) );
#3154 = ORIENTED_EDGE('',*,*,#3155,.F.);
#3155 = EDGE_CURVE('',#2955,#3135,#3156,.T.);
#3156 = SURFACE_CURVE('',#3157,(#3216,#3278),.PCURVE_S1.);
#3157 = B_SPLINE_CURVE_WITH_KNOTS('',8,(#3158,#3159,#3160,#3161,#3162,
    #3163,#3164,#3165,#3166,#3167,#3168,#3169,#3170,#3171,#3172,#3173,
    #3174,#3175,#3176,#3177,#3178,#3179,#3180,#3181,#3182,#3183,#3184,
    #3185,#3186,#3187,#3188,#3189,#3190,#3191,#3192,#3193,#3194,#3195,
    #3196,#3197,#3198,#3199,#3200,#3201,#3202,#3203,#3204,#3205,#3206,
    #3207,#3208,#3209,#3210,#3211,#3212,#3213,#3214,#3215),
  .UNSPECIFIED.,.F.,.F.,(9,7,7,7,7,7,7,7,9),(0.,0.106570849321,
    0.190781416615,0.260908715307,0.467461005503,0.638917561456,
    0.7753055583,0.865197592226,1.),.UNSPECIFIED.);
#3158 = CARTESIAN_POINT('',(46.531686271405,367.4999239998,
    306.80182219256));
#3159 = CARTESIAN_POINT('',(46.492057980641,367.9747194375,
    306.67352341387));
#3160 = CARTESIAN_POINT('',(46.45113678332,368.43449772954,
    306.52438138841));
#3161 = CARTESIAN_POINT('',(46.409177610862,368.87809218411,
    306.35631750265));
#3162 = CARTESIAN_POINT('',(46.36641041815,369.30480948275,
    306.17125122202));
#3163 = CARTESIAN_POINT('',(46.323035423109,369.71431714814,
    305.97099244905));
#3164 = CARTESIAN_POINT('',(46.279220232326,370.10657359829,
    305.75717793464));
#3165 = CARTESIAN_POINT('',(46.235097789694,370.48177742301,
    305.53122700986));
#3166 = CARTESIAN_POINT('',(46.155732306286,371.12362117107,
    305.10706960559));
#3167 = CARTESIAN_POINT('',(46.120574653182,371.39647330762,
    304.91302119748));
#3168 = CARTESIAN_POINT('',(46.085341483088,371.6590410854,
    304.7127349531));
#3169 = CARTESIAN_POINT('',(46.050077394808,371.91150472354,
    304.50674435591));
#3170 = CARTESIAN_POINT('',(46.014821219893,372.15405418574,
    304.29552957303));
#3171 = CARTESIAN_POINT('',(45.979606014054,372.38688895441,
    304.07951778774));
#3172 = CARTESIAN_POINT('',(45.944459048694,372.61021589597,
    303.85908239257));
#3173 = CARTESIAN_POINT('',(45.880207485877,373.00248054615,
    303.44755170408));
#3174 = CARTESIAN_POINT('',(45.851077096653,373.17425777795,
    303.25772594657));
#3175 = CARTESIAN_POINT('',(45.822023973897,373.3396935041,
    303.0652536724));
#3176 = CARTESIAN_POINT('',(45.793060354482,373.49889760174,
    302.8703098459));
#3177 = CARTESIAN_POINT('',(45.764197363098,373.65197387331,
    302.67305482214));
#3178 = CARTESIAN_POINT('',(45.735445002195,373.7990206861,
    302.47363467533));
#3179 = CARTESIAN_POINT('',(45.706812141925,373.94013161175,
    302.27218152723));
#3180 = CARTESIAN_POINT('',(45.594346288461,374.47380272474,
    301.46981669517));
#3181 = CARTESIAN_POINT('',(45.511522494927,374.82133414097,
    300.85444362673));
#3182 = CARTESIAN_POINT('',(45.429995733917,375.12049635404,
    300.22548404581));
#3183 = CARTESIAN_POINT('',(45.349932772637,375.37290314081,
    299.58528138957));
#3184 = CARTESIAN_POINT('',(45.271493358038,375.57970139722,
    298.93584331965));
#3185 = CARTESIAN_POINT('',(45.194826695036,375.74168196963,
    298.27887193087));
#3186 = CARTESIAN_POINT('',(45.12007404303,375.85921290943,
    297.61575254335));
#3187 = CARTESIAN_POINT('',(44.987026368841,375.99266148202,
    296.3928641516));
#3188 = CARTESIAN_POINT('',(44.92812011497,376.02242380073,
    295.83492693973));
#3189 = CARTESIAN_POINT('',(44.870739485518,376.02136295247,
    295.27440193463));
#3190 = CARTESIAN_POINT('',(44.814991449121,375.98916152017,
    294.71203455959));
#3191 = CARTESIAN_POINT('',(44.761003824892,375.92527838924,
    294.14864431573));
#3192 = CARTESIAN_POINT('',(44.708924654759,375.82896226626,
    293.58512604367));
#3193 = CARTESIAN_POINT('',(44.658924707309,375.69920955607,
    293.02245019804));
#3194 = CARTESIAN_POINT('',(44.573245761202,375.40372145618,
    292.01557449941));
#3195 = CARTESIAN_POINT('',(44.536741303752,375.25081502223,
    291.57082182402));
#3196 = CARTESIAN_POINT('',(44.501787699026,375.07522816575,
    291.1278850598));
#3197 = CARTESIAN_POINT('',(44.468506421427,374.87615509604,
    290.68742535141));
#3198 = CARTESIAN_POINT('',(44.437043803909,374.65268259533,
    290.25028448013));
#3199 = CARTESIAN_POINT('',(44.407570352406,374.40379933076,
    289.81748474186));
#3200 = CARTESIAN_POINT('',(44.380282688526,374.12837023997,
    289.39023501082));
#3201 = CARTESIAN_POINT('',(44.339017935286,373.62512215679,
    288.69294310979));
#3202 = CARTESIAN_POINT('',(44.323678149349,373.41312697749,
    288.41902366242));
#3203 = CARTESIAN_POINT('',(44.309456577539,373.18868035073,
    288.14859558076));
#3204 = CARTESIAN_POINT('',(44.29642820961,372.95140911334,
    287.88216278862));
#3205 = CARTESIAN_POINT('',(44.284676810569,372.70095425171,
    287.62032516873));
#3206 = CARTESIAN_POINT('',(44.274293999464,372.43698009573,
    287.36377579945));
#3207 = CARTESIAN_POINT('',(44.265378462539,372.15918205984,
    287.11329884946));
#3208 = CARTESIAN_POINT('',(44.247023469742,371.42957497514,
    286.50456861484));
#3209 = CARTESIAN_POINT('',(44.239541869802,370.95994116067,
    286.1547997565));
#3210 = CARTESIAN_POINT('',(44.235958113896,370.45769226296,
    285.82365543842));
#3211 = CARTESIAN_POINT('',(44.236672434084,369.92285747482,
    285.51510283954));
#3212 = CARTESIAN_POINT('',(44.242079226694,369.35644170807,
    285.23366459266));
#3213 = CARTESIAN_POINT('',(44.252513274657,368.76075303461,
    284.984095718));
#3214 = CARTESIAN_POINT('',(44.268196613413,368.13973520896,
    284.7710669934));
#3215 = CARTESIAN_POINT('',(44.289083688288,367.4999239998,
    284.59817780743));
#3216 = PCURVE('',#991,#3217);
#3217 = DEFINITIONAL_REPRESENTATION('',(#3218),#3277);
#3218 = B_SPLINE_CURVE_WITH_KNOTS('',8,(#3219,#3220,#3221,#3222,#3223,
    #3224,#3225,#3226,#3227,#3228,#3229,#3230,#3231,#3232,#3233,#3234,
    #3235,#3236,#3237,#3238,#3239,#3240,#3241,#3242,#3243,#3244,#3245,
    #3246,#3247,#3248,#3249,#3250,#3251,#3252,#3253,#3254,#3255,#3256,
    #3257,#3258,#3259,#3260,#3261,#3262,#3263,#3264,#3265,#3266,#3267,
    #3268,#3269,#3270,#3271,#3272,#3273,#3274,#3275,#3276),
  .UNSPECIFIED.,.F.,.F.,(9,7,7,7,7,7,7,7,9),(0.,0.106570849321,
    0.190781416615,0.260908715307,0.467461005503,0.638917561456,
    0.7753055583,0.865197592226,1.),.UNSPECIFIED.);
#3219 = CARTESIAN_POINT('',(6.019269304797,4.947302020548));
#3220 = CARTESIAN_POINT('',(5.976501961791,4.907673729784));
#3221 = CARTESIAN_POINT('',(5.934522446843,4.866752532463));
#3222 = CARTESIAN_POINT('',(5.893353049367,4.824793360005));
#3223 = CARTESIAN_POINT('',(5.852994864849,4.782026167293));
#3224 = CARTESIAN_POINT('',(5.813434867572,4.738651172252));
#3225 = CARTESIAN_POINT('',(5.774647822715,4.694835981469));
#3226 = CARTESIAN_POINT('',(5.736595531926,4.650713538837));
#3227 = CARTESIAN_POINT('',(5.669697030778,4.571348055429));
#3228 = CARTESIAN_POINT('',(5.640599480861,4.536190402325));
#3229 = CARTESIAN_POINT('',(5.611909749007,4.500957232231));
#3230 = CARTESIAN_POINT('',(5.583605891312,4.465693143951));
#3231 = CARTESIAN_POINT('',(5.555666704123,4.430436969036));
#3232 = CARTESIAN_POINT('',(5.528071041863,4.395221763197));
#3233 = CARTESIAN_POINT('',(5.500797276218,4.360074797837));
#3234 = CARTESIAN_POINT('',(5.451359678245,4.29582323502));
#3235 = CARTESIAN_POINT('',(5.429105384063,4.266692845796));
#3236 = CARTESIAN_POINT('',(5.407047719339,4.23763972304));
#3237 = CARTESIAN_POINT('',(5.385175163755,4.208676103625));
#3238 = CARTESIAN_POINT('',(5.363476779192,4.179813112241));
#3239 = CARTESIAN_POINT('',(5.341942017414,4.151060751338));
#3240 = CARTESIAN_POINT('',(5.320560527769,4.122427891068));
#3241 = CARTESIAN_POINT('',(5.236766100202,4.009962037604));
#3242 = CARTESIAN_POINT('',(5.175474540576,3.92713824407));
#3243 = CARTESIAN_POINT('',(5.115155799593,3.84561148306));
#3244 = CARTESIAN_POINT('',(5.055591297388,3.765548521779));
#3245 = CARTESIAN_POINT('',(4.996589217451,3.687109107181));
#3246 = CARTESIAN_POINT('',(4.937965905832,3.610442444179));
#3247 = CARTESIAN_POINT('',(4.879535015009,3.535689792173));
#3248 = CARTESIAN_POINT('',(4.772565608213,3.402642117984));
#3249 = CARTESIAN_POINT('',(4.724054906906,3.343735864113));
#3250 = CARTESIAN_POINT('',(4.675437172701,3.286355234661));
#3251 = CARTESIAN_POINT('',(4.626606186216,3.230607198264));
#3252 = CARTESIAN_POINT('',(4.577456800578,3.176619574034));
#3253 = CARTESIAN_POINT('',(4.527879716229,3.124540403901));
#3254 = CARTESIAN_POINT('',(4.477754146275,3.074540456452));
#3255 = CARTESIAN_POINT('',(4.386507295242,2.988861510345));
#3256 = CARTESIAN_POINT('',(4.345654025955,2.952357052895));
#3257 = CARTESIAN_POINT('',(4.304296188571,2.917403448169));
#3258 = CARTESIAN_POINT('',(4.262359745726,2.884122170569));
#3259 = CARTESIAN_POINT('',(4.219769913337,2.852659553052));
#3260 = CARTESIAN_POINT('',(4.176448027727,2.823186101548));
#3261 = CARTESIAN_POINT('',(4.132306065377,2.795898437669));
#3262 = CARTESIAN_POINT('',(4.057529795247,2.754633684428));
#3263 = CARTESIAN_POINT('',(4.027427343705,2.739293898492));
#3264 = CARTESIAN_POINT('',(3.996897498593,2.725072326682));
#3265 = CARTESIAN_POINT('',(3.965912353269,2.712043958753));
#3266 = CARTESIAN_POINT('',(3.934446025724,2.700292559712));
#3267 = CARTESIAN_POINT('',(3.902473963977,2.689909748607));
#3268 = CARTESIAN_POINT('',(3.869972198229,2.680994211682));
#3269 = CARTESIAN_POINT('',(3.787346159016,2.662639218884));
#3270 = CARTESIAN_POINT('',(3.736504395961,2.655157618944));
#3271 = CARTESIAN_POINT('',(3.684336764601,2.651573863039));
#3272 = CARTESIAN_POINT('',(3.630841043302,2.652288183227));
#3273 = CARTESIAN_POINT('',(3.576062326403,2.657694975837));
#3274 = CARTESIAN_POINT('',(3.520103913782,2.6681290238));
#3275 = CARTESIAN_POINT('',(3.463139844624,2.683812362555));
#3276 = CARTESIAN_POINT('',(3.405508655972,2.704699437431));
#3277 = ( GEOMETRIC_REPRESENTATION_CONTEXT(2) 
PARAMETRIC_REPRESENTATION_CONTEXT() REPRESENTATION_CONTEXT('2D SPACE',''
  ) );
#3278 = PCURVE('',#2968,#3279);
#3279 = DEFINITIONAL_REPRESENTATION('',(#3280),#3339);
#3280 = B_SPLINE_CURVE_WITH_KNOTS('',8,(#3281,#3282,#3283,#3284,#3285,
    #3286,#3287,#3288,#3289,#3290,#3291,#3292,#3293,#3294,#3295,#3296,
    #3297,#3298,#3299,#3300,#3301,#3302,#3303,#3304,#3305,#3306,#3307,
    #3308,#3309,#3310,#3311,#3312,#3313,#3314,#3315,#3316,#3317,#3318,
    #3319,#3320,#3321,#3322,#3323,#3324,#3325,#3326,#3327,#3328,#3329,
    #3330,#3331,#3332,#3333,#3334,#3335,#3336,#3337,#3338),
  .UNSPECIFIED.,.F.,.F.,(9,7,7,7,7,7,7,7,9),(0.,0.106570849321,
    0.190781416615,0.260908715307,0.467461005503,0.638917561456,
    0.7753055583,0.865197592226,1.),.UNSPECIFIED.);
#3281 = CARTESIAN_POINT('',(77.752115192702,0.585526806507));
#3282 = CARTESIAN_POINT('',(77.94370247501,0.589275181677));
#3283 = CARTESIAN_POINT('',(78.15769532451,0.592905000746));
#3284 = CARTESIAN_POINT('',(78.391861648146,0.596407053014));
#3285 = CARTESIAN_POINT('',(78.643997900257,0.599775864927));
#3286 = CARTESIAN_POINT('',(78.912041889227,0.603008811673));
#3287 = CARTESIAN_POINT('',(79.194141948949,0.606105564972));
#3288 = CARTESIAN_POINT('',(79.488706730898,0.609067692635));
#3289 = CARTESIAN_POINT('',(80.036061076586,0.614134866785));
#3290 = CARTESIAN_POINT('',(80.284606511946,0.616288956931));
#3291 = CARTESIAN_POINT('',(80.539442067443,0.618361854985));
#3292 = CARTESIAN_POINT('',(80.799973738059,0.620354983725));
#3293 = CARTESIAN_POINT('',(81.06566683119,0.622269842862));
#3294 = CARTESIAN_POINT('',(81.336046182281,0.624108007251));
#3295 = CARTESIAN_POINT('',(81.610697379839,0.625871110044));
#3296 = CARTESIAN_POINT('',(82.121252655013,0.62896792808));
#3297 = CARTESIAN_POINT('',(82.355941438352,0.630324060552));
#3298 = CARTESIAN_POINT('',(82.593124493299,0.631630128637));
#3299 = CARTESIAN_POINT('',(82.832606839431,0.632886999785));
#3300 = CARTESIAN_POINT('',(83.074209146246,0.634095493485));
#3301 = CARTESIAN_POINT('',(83.317767506944,0.635256386321));
#3302 = CARTESIAN_POINT('',(83.5631332122,0.636370417013));
#3303 = CARTESIAN_POINT('',(84.537799804048,0.640583598923));
#3304 = CARTESIAN_POINT('',(85.279663015641,0.643327260778));
#3305 = CARTESIAN_POINT('',(86.032639719679,0.645689061508));
#3306 = CARTESIAN_POINT('',(86.794011065864,0.647681741423));
#3307 = CARTESIAN_POINT('',(87.561383912824,0.64931435494));
#3308 = CARTESIAN_POINT('',(88.33267150941,0.650593145568));
#3309 = CARTESIAN_POINT('',(89.106099811977,0.651521018967));
#3310 = CARTESIAN_POINT('',(90.522783114738,0.652574557557));
#3311 = CARTESIAN_POINT('',(91.165539891917,0.652809522612));
#3312 = CARTESIAN_POINT('',(91.807563506695,0.652801147516));
#3313 = CARTESIAN_POINT('',(92.447826232503,0.652546926352));
#3314 = CARTESIAN_POINT('',(93.085185709232,0.652042587171));
#3315 = CARTESIAN_POINT('',(93.718384801241,0.651282198728));
#3316 = CARTESIAN_POINT('',(94.346045912264,0.650257837922));
#3317 = CARTESIAN_POINT('',(95.460327326386,0.647925043272));
#3318 = CARTESIAN_POINT('',(95.949382128448,0.646717890392));
#3319 = CARTESIAN_POINT('',(96.433109884679,0.645331682015));
#3320 = CARTESIAN_POINT('',(96.910579317697,0.643760056653));
#3321 = CARTESIAN_POINT('',(97.380638140937,0.641995804711));
#3322 = CARTESIAN_POINT('',(97.841915791737,0.640030942004));
#3323 = CARTESIAN_POINT('',(98.292815277434,0.637856507535));
#3324 = CARTESIAN_POINT('',(99.02060332023,0.633883506808));
#3325 = CARTESIAN_POINT('',(99.304346316311,0.63220986506));
#3326 = CARTESIAN_POINT('',(99.582182178925,0.630437922669));
#3327 = CARTESIAN_POINT('',(99.853470194973,0.628564733619));
#3328 = CARTESIAN_POINT('',(100.11746405955,0.626587463599));
#3329 = CARTESIAN_POINT('',(100.37331730578,0.624503462589));
#3330 = CARTESIAN_POINT('',(100.62008800178,0.622310325972));
#3331 = CARTESIAN_POINT('',(101.21163094875,0.616550285198));
#3332 = CARTESIAN_POINT('',(101.5439550059,0.612842659577));
#3333 = CARTESIAN_POINT('',(101.8499755797,0.608877547135));
#3334 = CARTESIAN_POINT('',(102.12520299086,0.60465517834));
#3335 = CARTESIAN_POINT('',(102.36469612238,0.600183486686));
#3336 = CARTESIAN_POINT('',(102.56349021271,0.595480693745));
#3337 = CARTESIAN_POINT('',(102.71701476348,0.590577934339));
#3338 = CARTESIAN_POINT('',(102.82231812609,0.585526806507));
#3339 = ( GEOMETRIC_REPRESENTATION_CONTEXT(2) 
PARAMETRIC_REPRESENTATION_CONTEXT() REPRESENTATION_CONTEXT('2D SPACE',''
  ) );
#3340 = ORIENTED_EDGE('',*,*,#2979,.T.);
#3341 = ORIENTED_EDGE('',*,*,#3026,.T.);
#3342 = ADVANCED_FACE('',(#3343),#784,.T.);
#3343 = FACE_BOUND('',#3344,.T.);
#3344 = EDGE_LOOP('',(#3345,#3346,#3347,#3367));
#3345 = ORIENTED_EDGE('',*,*,#3107,.F.);
#3346 = ORIENTED_EDGE('',*,*,#770,.F.);
#3347 = ORIENTED_EDGE('',*,*,#3348,.T.);
#3348 = EDGE_CURVE('',#749,#3349,#3351,.T.);
#3349 = VERTEX_POINT('',#3350);
#3350 = CARTESIAN_POINT('',(41.628940450157,367.5,256.34045787774));
#3351 = SURFACE_CURVE('',#3352,(#3355,#3361),.PCURVE_S1.);
#3352 = B_SPLINE_CURVE_WITH_KNOTS('',1,(#3353,#3354),.UNSPECIFIED.,.F.,
  .F.,(2,2),(0.,1.),.PIECEWISE_BEZIER_KNOTS.);
#3353 = CARTESIAN_POINT('',(41.628940450157,361.5,256.34045787774));
#3354 = CARTESIAN_POINT('',(41.628940450157,367.5,256.34045787774));
#3355 = PCURVE('',#784,#3356);
#3356 = DEFINITIONAL_REPRESENTATION('',(#3357),#3360);
#3357 = B_SPLINE_CURVE_WITH_KNOTS('',1,(#3358,#3359),.UNSPECIFIED.,.F.,
  .F.,(2,2),(0.,1.),.PIECEWISE_BEZIER_KNOTS.);
#3358 = CARTESIAN_POINT('',(120.01018237119,-6.));
#3359 = CARTESIAN_POINT('',(120.01018237119,0.));
#3360 = ( GEOMETRIC_REPRESENTATION_CONTEXT(2) 
PARAMETRIC_REPRESENTATION_CONTEXT() REPRESENTATION_CONTEXT('2D SPACE',''
  ) );
#3361 = PCURVE('',#2472,#3362);
#3362 = DEFINITIONAL_REPRESENTATION('',(#3363),#3366);
#3363 = B_SPLINE_CURVE_WITH_KNOTS('',1,(#3364,#3365),.UNSPECIFIED.,.F.,
  .F.,(2,2),(0.,1.),.PIECEWISE_BEZIER_KNOTS.);
#3364 = CARTESIAN_POINT('',(0.,-6.));
#3365 = CARTESIAN_POINT('',(0.,0.));
#3366 = ( GEOMETRIC_REPRESENTATION_CONTEXT(2) 
PARAMETRIC_REPRESENTATION_CONTEXT() REPRESENTATION_CONTEXT('2D SPACE',''
  ) );
#3367 = ORIENTED_EDGE('',*,*,#3368,.F.);
#3368 = EDGE_CURVE('',#3108,#3349,#3369,.T.);
#3369 = SURFACE_CURVE('',#3370,(#3374,#3381),.PCURVE_S1.);
#3370 = LINE('',#3371,#3372);
#3371 = CARTESIAN_POINT('',(53.628940450157,367.5,375.74918399425));
#3372 = VECTOR('',#3373,1.);
#3373 = DIRECTION('',(-9.999151541061E-02,0.,-0.994988289803));
#3374 = PCURVE('',#784,#3375);
#3375 = DEFINITIONAL_REPRESENTATION('',(#3376),#3380);
#3376 = LINE('',#3377,#3378);
#3377 = CARTESIAN_POINT('',(0.,0.));
#3378 = VECTOR('',#3379,1.);
#3379 = DIRECTION('',(1.,0.));
#3380 = ( GEOMETRIC_REPRESENTATION_CONTEXT(2) 
PARAMETRIC_REPRESENTATION_CONTEXT() REPRESENTATION_CONTEXT('2D SPACE',''
  ) );
#3381 = PCURVE('',#2548,#3382);
#3382 = DEFINITIONAL_REPRESENTATION('',(#3383),#3387);
#3383 = LINE('',#3384,#3385);
#3384 = CARTESIAN_POINT('',(66.888186137785,83.846428489369));
#3385 = VECTOR('',#3386,1.);
#3386 = DIRECTION('',(0.715452913573,-0.698660953868));
#3387 = ( GEOMETRIC_REPRESENTATION_CONTEXT(2) 
PARAMETRIC_REPRESENTATION_CONTEXT() REPRESENTATION_CONTEXT('2D SPACE',''
  ) );
#3388 = ADVANCED_FACE('',(#3389),#1175,.F.);
#3389 = FACE_BOUND('',#3390,.F.);
#3390 = EDGE_LOOP('',(#3391,#3861,#3862,#3863,#3882,#3883,#3884,#4318));
#3391 = ORIENTED_EDGE('',*,*,#3392,.F.);
#3392 = EDGE_CURVE('',#1575,#3393,#3395,.T.);
#3393 = VERTEX_POINT('',#3394);
#3394 = CARTESIAN_POINT('',(-49.89992140983,361.5,372.33328552461));
#3395 = SURFACE_CURVE('',#3396,(#3549,#3705),.PCURVE_S1.);
#3396 = B_SPLINE_CURVE_WITH_KNOTS('',4,(#3397,#3398,#3399,#3400,#3401,
    #3402,#3403,#3404,#3405,#3406,#3407,#3408,#3409,#3410,#3411,#3412,
    #3413,#3414,#3415,#3416,#3417,#3418,#3419,#3420,#3421,#3422,#3423,
    #3424,#3425,#3426,#3427,#3428,#3429,#3430,#3431,#3432,#3433,#3434,
    #3435,#3436,#3437,#3438,#3439,#3440,#3441,#3442,#3443,#3444,#3445,
    #3446,#3447,#3448,#3449,#3450,#3451,#3452,#3453,#3454,#3455,#3456,
    #3457,#3458,#3459,#3460,#3461,#3462,#3463,#3464,#3465,#3466,#3467,
    #3468,#3469,#3470,#3471,#3472,#3473,#3474,#3475,#3476,#3477,#3478,
    #3479,#3480,#3481,#3482,#3483,#3484,#3485,#3486,#3487,#3488,#3489,
    #3490,#3491,#3492,#3493,#3494,#3495,#3496,#3497,#3498,#3499,#3500,
    #3501,#3502,#3503,#3504,#3505,#3506,#3507,#3508,#3509,#3510,#3511,
    #3512,#3513,#3514,#3515,#3516,#3517,#3518,#3519,#3520,#3521,#3522,
    #3523,#3524,#3525,#3526,#3527,#3528,#3529,#3530,#3531,#3532,#3533,
    #3534,#3535,#3536,#3537,#3538,#3539,#3540,#3541,#3542,#3543,#3544,
    #3545,#3546,#3547,#3548),.UNSPECIFIED.,.F.,.F.,(5,3,3,3,3,3,3,3,3,3,
    3,3,3,3,3,3,3,3,3,3,3,3,3,3,3,3,3,3,3,3,3,3,3,3,3,3,3,3,3,3,3,3,3,3,
    3,3,3,3,3,3,5),(0.,2.470005838638E-02,2.760171323094E-02,
    3.500593681645E-02,4.641244590653E-02,5.131524460576E-02,
    6.632381556828E-02,8.123233469063E-02,0.101844121632,0.108948186524,
    0.153873921804,0.168882530768,0.171984310681,0.183891145584,
    0.206804309001,0.229617428951,0.252430563178,0.275243711977,
    0.277144808378,0.301358782177,0.325472715299,0.328374393065,
    0.332676881252,0.364395241774,0.395913517412,0.415324788646,
    0.422428916745,0.424830312532,0.464953662234,0.504977008588,
    0.535294731279,0.539297073406,0.563911490541,0.588325813055,
    0.622345809243,0.656265792786,0.681880915153,0.707295947014,
    0.732711007152,0.758126096342,0.783641274968,0.809056424817,
    0.834471606214,0.859886820052,0.866490778677,0.890805373302,
    0.917921686937,0.944837920261,0.971854255345,0.997069540003,1.),
  .UNSPECIFIED.);
#3397 = CARTESIAN_POINT('',(-53.16786116737,293.333,374.27657807121));
#3398 = CARTESIAN_POINT('',(-53.13041049983,294.11518422135,
    374.25427970444));
#3399 = CARTESIAN_POINT('',(-53.092958543,294.89736828105,
    374.23198134229));
#3400 = CARTESIAN_POINT('',(-53.05550528751,295.67955217738,
    374.20968298478));
#3401 = CARTESIAN_POINT('',(-53.01365072547,296.55362343282,
    374.18476511902));
#3402 = CARTESIAN_POINT('',(-53.00925070907,296.64551095475,
    374.18214560611));
#3403 = CARTESIAN_POINT('',(-53.00485067459,296.73739847441,
    374.17952609326));
#3404 = CARTESIAN_POINT('',(-52.98922290038,297.06375761564,
    374.1702223057));
#3405 = CARTESIAN_POINT('',(-52.97799506096,297.29822922464,
    374.16353803134));
#3406 = CARTESIAN_POINT('',(-52.96676710354,297.53270081871,
    374.15685375741));
#3407 = CARTESIAN_POINT('',(-52.93824171827,298.12838544974,
    374.13987208734));
#3408 = CARTESIAN_POINT('',(-52.920944128,298.48959846613,
    374.12957469179));
#3409 = CARTESIAN_POINT('',(-52.90364625609,298.85081144683,
    374.11927729726));
#3410 = CARTESIAN_POINT('',(-52.8789129285,299.36728261676,
    374.10455383026));
#3411 = CARTESIAN_POINT('',(-52.8714777032,299.52254083525,
    374.10012775695));
#3412 = CARTESIAN_POINT('',(-52.86404242562,299.67779904709,
    374.09570168384));
#3413 = CARTESIAN_POINT('',(-52.83384587623,300.30833758356,
    374.07772640492));
#3414 = CARTESIAN_POINT('',(-52.81108416609,300.78361785247,
    374.0641772007));
#3415 = CARTESIAN_POINT('',(-52.78832196308,301.25889805861,
    374.05062799827));
#3416 = CARTESIAN_POINT('',(-52.74294831017,302.20628997804,
    374.02361992023));
#3417 = CARTESIAN_POINT('',(-52.72033686684,302.67840169217,
    374.0101610446));
#3418 = CARTESIAN_POINT('',(-52.69772493284,303.15051334355,
    373.99670217075));
#3419 = CARTESIAN_POINT('',(-52.6438496742,304.27534324599,
    373.96463572268));
#3420 = CARTESIAN_POINT('',(-52.61258590034,304.92806143947,
    373.9460281501));
#3421 = CARTESIAN_POINT('',(-52.58132117857,305.58077951114,
    373.92742058098));
#3422 = CARTESIAN_POINT('',(-52.53927946555,306.45846343093,
    373.90239972603));
#3423 = CARTESIAN_POINT('',(-52.52850331479,306.68342938738,
    373.8959864371));
#3424 = CARTESIAN_POINT('',(-52.51772705049,306.90839532917,
    373.88957314859));
#3425 = CARTESIAN_POINT('',(-52.43880142028,308.55603402764,
    373.84260256162));
#3426 = CARTESIAN_POINT('',(-52.37064761755,309.9787062114,
    373.80204527949));
#3427 = CARTESIAN_POINT('',(-52.3024892028,311.401377796,373.76148801444
    ));
#3428 = CARTESIAN_POINT('',(-52.21155446126,313.29932896645,
    373.70738156464));
#3429 = CARTESIAN_POINT('',(-52.18878228831,313.7746090954,
    373.69383236441));
#3430 = CARTESIAN_POINT('',(-52.16600959115,314.24988915566,
    373.68028316614));
#3431 = CARTESIAN_POINT('',(-52.13852990002,314.82339370131,
    373.66393380194));
#3432 = CARTESIAN_POINT('',(-52.13382341018,314.92161825288,
    373.66113363414));
#3433 = CARTESIAN_POINT('',(-52.12911689783,315.0198428015,
    373.65833346641));
#3434 = CARTESIAN_POINT('',(-52.10634333836,315.49512293502,
    373.64478426605));
#3435 = CARTESIAN_POINT('',(-52.08827598172,315.87217847924,
    373.63403523457));
#3436 = CARTESIAN_POINT('',(-52.07020829182,316.2492339796,
    373.62328620435));
#3437 = CARTESIAN_POINT('',(-52.0173706919,317.35188388283,
    373.59185205969));
#3438 = CARTESIAN_POINT('',(-51.98259987772,318.07747816648,
    373.57116694867));
#3439 = CARTESIAN_POINT('',(-51.94782781623,318.80307228514,
    373.55048184235));
#3440 = CARTESIAN_POINT('',(-51.87843300827,320.25109210035,
    373.50920195451));
#3441 = CARTESIAN_POINT('',(-51.84381027276,320.97351779834,
    373.48860717295));
#3442 = CARTESIAN_POINT('',(-51.80918628336,321.69594332939,
    373.46801239615));
#3443 = CARTESIAN_POINT('',(-51.7399357574,323.14079450619,
    373.42682283929));
#3444 = CARTESIAN_POINT('',(-51.70530922084,323.86322015193,
    373.40622805922));
#3445 = CARTESIAN_POINT('',(-51.67068141266,324.58564562725,
    373.38563328401));
#3446 = CARTESIAN_POINT('',(-51.6014232129,326.03049669497,
    373.34444373026));
#3447 = CARTESIAN_POINT('',(-51.56679282131,326.75292228738,
    373.32384895171));
#3448 = CARTESIAN_POINT('',(-51.53216114003,327.47534770579,
    373.30325417813));
#3449 = CARTESIAN_POINT('',(-51.49464207719,328.25797507306,
    373.28094317823));
#3450 = CARTESIAN_POINT('',(-51.49175598547,328.31817719652,
    373.27922694695));
#3451 = CARTESIAN_POINT('',(-51.48886988474,328.37837931876,
    373.2775107157));
#3452 = CARTESIAN_POINT('',(-51.4492238367,329.20536663828,
    373.25393511029));
#3453 = CARTESIAN_POINT('',(-51.41246243341,329.97215163837,
    373.23207574175));
#3454 = CARTESIAN_POINT('',(-51.37569955407,330.73893643783,
    373.21021637892));
#3455 = CARTESIAN_POINT('',(-51.30232271377,332.26933764,373.16658797736
    ));
#3456 = CARTESIAN_POINT('',(-51.26570876506,333.03295404438,
    373.14481893857));
#3457 = CARTESIAN_POINT('',(-51.22909333022,333.79657024532,
    373.12304990558));
#3458 = CARTESIAN_POINT('',(-51.18807020927,334.65207367936,
    373.09866136792));
#3459 = CARTESIAN_POINT('',(-51.18366399894,334.74396111522,
    373.09604185746));
#3460 = CARTESIAN_POINT('',(-51.17925776691,334.8358485481,
    373.09342234709));
#3461 = CARTESIAN_POINT('',(-51.1683181017,335.06398287154,
    373.08691873493));
#3462 = CARTESIAN_POINT('',(-51.1617846425,335.20022975852,
    373.08303463324));
#3463 = CARTESIAN_POINT('',(-51.15525113547,335.33647663893,
    373.07915053173));
#3464 = CARTESIAN_POINT('',(-51.10055157955,336.47714869071,
    373.04663245853));
#3465 = CARTESIAN_POINT('',(-51.05238297594,337.48157351035,
    373.01799849685));
#3466 = CARTESIAN_POINT('',(-51.00421174378,338.48599796638,
    372.98936454554));
#3467 = CARTESIAN_POINT('',(-50.90816785824,340.48851006009,
    372.93227729179));
#3468 = CARTESIAN_POINT('',(-50.86029523826,341.4865977024,
    372.90382398922));
#3469 = CARTESIAN_POINT('',(-50.81241997033,342.48468497491,
    372.8753706972));
#3470 = CARTESIAN_POINT('',(-50.73505527068,344.09746715855,
    372.82939379346));
#3471 = CARTESIAN_POINT('',(-50.7055674992,344.71216230269,
    372.81187017511));
#3472 = CARTESIAN_POINT('',(-50.67607870691,345.32685730315,
    372.79434656086));
#3473 = CARTESIAN_POINT('',(-50.63579621687,346.16651789841,
    372.77040966799));
#3474 = CARTESIAN_POINT('',(-50.62500340874,346.39148361883,
    372.76399638579));
#3475 = CARTESIAN_POINT('',(-50.61421046272,346.61644931975,
    372.75758310414));
#3476 = CARTESIAN_POINT('',(-50.59976901141,346.91745975032,
    372.74900195306));
#3477 = CARTESIAN_POINT('',(-50.59612062855,346.99350449729,
    372.74683408312));
#3478 = CARTESIAN_POINT('',(-50.59247222988,347.06954924203,
    372.74466621325));
#3479 = CARTESIAN_POINT('',(-50.52786484688,348.41617579034,
    372.70627682638));
#3480 = CARTESIAN_POINT('',(-50.46690146282,349.68675697092,
    372.67005532715));
#3481 = CARTESIAN_POINT('',(-50.40593360646,350.95733751433,
    372.63383384608));
#3482 = CARTESIAN_POINT('',(-50.28414079911,353.49533051126,
    372.56148119929));
#3483 = CARTESIAN_POINT('',(-50.22331587067,354.76274296802,
    372.52535003346));
#3484 = CARTESIAN_POINT('',(-50.16248637545,356.0301547659,
    372.48921888642));
#3485 = CARTESIAN_POINT('',(-50.05557034788,358.25763101771,
    372.42571839501));
#3486 = CARTESIAN_POINT('',(-50.0094857876,359.21769575799,
    372.39834904248));
#3487 = CARTESIAN_POINT('',(-49.96339854599,360.17776010704,
    372.3709797011));
#3488 = CARTESIAN_POINT('',(-49.9112241105,361.26456525382,
    372.33999725591));
#3489 = CARTESIAN_POINT('',(-49.90513957768,361.39130644173,
    372.33638414098));
#3490 = CARTESIAN_POINT('',(-49.89905499759,361.51804762272,
    372.33277102624));
#3491 = CARTESIAN_POINT('',(-49.85554989178,362.42424743061,
    372.30693724549));
#3492 = CARTESIAN_POINT('',(-49.81812762352,363.20370580167,
    372.28471658677));
#3493 = CARTESIAN_POINT('',(-49.78070355094,363.98316390676,
    372.26249593563));
#3494 = CARTESIAN_POINT('',(-49.70615600878,365.53574323829,
    372.21823528396));
#3495 = CARTESIAN_POINT('',(-49.66903256866,366.30886446907,
    372.19619528329));
#3496 = CARTESIAN_POINT('',(-49.63190732448,367.0819854318,
    372.17415529026));
#3497 = CARTESIAN_POINT('',(-49.54304577078,368.93240666915,
    372.12140381523));
#3498 = CARTESIAN_POINT('',(-49.49130774853,370.00970668825,
    372.09069234051));
#3499 = CARTESIAN_POINT('',(-49.43956615488,371.08700617157,
    372.05998088106));
#3500 = CARTESIAN_POINT('',(-49.33622786416,373.23843698369,
    371.99864827933));
#3501 = CARTESIAN_POINT('',(-49.28463118829,374.3125683157,
    371.96802713697));
#3502 = CARTESIAN_POINT('',(-49.23303088042,375.38669909662,
    371.93740601031));
#3503 = CARTESIAN_POINT('',(-49.14245747194,377.27197290111,
    371.88366096458));
#3504 = CARTESIAN_POINT('',(-49.10348595015,378.08311616563,
    371.86053703863));
#3505 = CARTESIAN_POINT('',(-49.06451231512,378.89425910625,
    371.83741312191));
#3506 = CARTESIAN_POINT('',(-48.98686523769,380.51020815462,
    371.79134593777));
#3507 = CARTESIAN_POINT('',(-48.94819182847,381.31501426749,
    371.7684026702));
#3508 = CARTESIAN_POINT('',(-48.90951630262,382.1198200531,
    371.74545941196));
#3509 = CARTESIAN_POINT('',(-48.83216093764,383.72943185658,
    371.69957288885));
#3510 = CARTESIAN_POINT('',(-48.7934810985,384.53423787446,
    371.67662962399));
#3511 = CARTESIAN_POINT('',(-48.75479910575,385.33904355643,
    371.6536863687));
#3512 = CARTESIAN_POINT('',(-48.67743073098,386.94865515956,
    371.6077998513));
#3513 = CARTESIAN_POINT('',(-48.63874434894,387.75346108071,
    371.5848565892));
#3514 = CARTESIAN_POINT('',(-48.60005577545,388.55826665702,
    371.56191333692));
#3515 = CARTESIAN_POINT('',(-48.5225218352,390.17104658616,
    371.51593649746));
#3516 = CARTESIAN_POINT('',(-48.48367645099,390.97902093623,
    371.49290291035));
#3517 = CARTESIAN_POINT('',(-48.44482881892,391.78699492939,
    371.46986933342));
#3518 = CARTESIAN_POINT('',(-48.36728132469,393.39977464178,
    371.42389250014));
#3519 = CARTESIAN_POINT('',(-48.32858148028,394.20458036384,
    371.4009492437));
#3520 = CARTESIAN_POINT('',(-48.28987936588,395.0093857222,
    371.37800599764));
#3521 = CARTESIAN_POINT('',(-48.21247050847,396.61899670063,
    371.33211949806));
#3522 = CARTESIAN_POINT('',(-48.17376376546,397.4238023207,
    371.30917624453));
#3523 = CARTESIAN_POINT('',(-48.13505471187,398.22860756718,
    371.28623300166));
#3524 = CARTESIAN_POINT('',(-48.05763189258,399.83821832995,
    371.24034650822));
#3525 = CARTESIAN_POINT('',(-48.01891812686,400.64302384624,
    371.21740325766));
#3526 = CARTESIAN_POINT('',(-47.98020200901,401.4478289787,
    371.19446001803));
#3527 = CARTESIAN_POINT('',(-47.93142279916,402.4617563861,
    371.1655551583));
#3528 = CARTESIAN_POINT('',(-47.92136192032,402.67087902392,
    371.15959352784));
#3529 = CARTESIAN_POINT('',(-47.91130088086,402.88000163536,
    371.15363189813));
#3530 = CARTESIAN_POINT('',(-47.86419613962,403.85907617942,
    371.12572061754));
#3531 = CARTESIAN_POINT('',(-47.8271504164,404.62902777979,
    371.10377097613));
#3532 = CARTESIAN_POINT('',(-47.79010249197,405.39897901678,
    371.08182134508));
#3533 = CARTESIAN_POINT('',(-47.711732993,407.02760055483,
    371.03539289588));
#3534 = CARTESIAN_POINT('',(-47.67041087728,407.88627076615,
    371.0109140803));
#3535 = CARTESIAN_POINT('',(-47.62908597339,408.74494051279,
    370.98643527797));
#3536 = CARTESIAN_POINT('',(-47.54673547524,410.45594328948,
    370.93765831928));
#3537 = CARTESIAN_POINT('',(-47.50570992236,411.30827632647,
    370.91336016272));
#3538 = CARTESIAN_POINT('',(-47.46468156873,412.16060889193,
    370.88906201961));
#3539 = CARTESIAN_POINT('',(-47.38246660979,413.86844289776,
    370.84037539566));
#3540 = CARTESIAN_POINT('',(-47.34127998339,414.72394433457,
    370.81598691494));
#3541 = CARTESIAN_POINT('',(-47.30009048009,415.57944528205,
    370.79159844816));
#3542 = CARTESIAN_POINT('',(-47.22045176456,417.23341404181,
    370.74444740494));
#3543 = CARTESIAN_POINT('',(-47.1820029268,418.03188191812,
    370.72168482667));
#3544 = CARTESIAN_POINT('',(-47.14355153505,418.83034935566,
    370.69892226091));
#3545 = CARTESIAN_POINT('',(-47.10062853741,419.72161226985,
    370.67351429843));
#3546 = CARTESIAN_POINT('',(-47.09615947411,419.81440818541,
    370.6708688892));
#3547 = CARTESIAN_POINT('',(-47.09169037598,419.90720409491,
    370.66822348014));
#3548 = CARTESIAN_POINT('',(-47.08722124623,420.,370.66557807121));
#3549 = PCURVE('',#1175,#3550);
#3550 = DEFINITIONAL_REPRESENTATION('',(#3551),#3704);
#3551 = B_SPLINE_CURVE_WITH_KNOTS('',4,(#3552,#3553,#3554,#3555,#3556,
    #3557,#3558,#3559,#3560,#3561,#3562,#3563,#3564,#3565,#3566,#3567,
    #3568,#3569,#3570,#3571,#3572,#3573,#3574,#3575,#3576,#3577,#3578,
    #3579,#3580,#3581,#3582,#3583,#3584,#3585,#3586,#3587,#3588,#3589,
    #3590,#3591,#3592,#3593,#3594,#3595,#3596,#3597,#3598,#3599,#3600,
    #3601,#3602,#3603,#3604,#3605,#3606,#3607,#3608,#3609,#3610,#3611,
    #3612,#3613,#3614,#3615,#3616,#3617,#3618,#3619,#3620,#3621,#3622,
    #3623,#3624,#3625,#3626,#3627,#3628,#3629,#3630,#3631,#3632,#3633,
    #3634,#3635,#3636,#3637,#3638,#3639,#3640,#3641,#3642,#3643,#3644,
    #3645,#3646,#3647,#3648,#3649,#3650,#3651,#3652,#3653,#3654,#3655,
    #3656,#3657,#3658,#3659,#3660,#3661,#3662,#3663,#3664,#3665,#3666,
    #3667,#3668,#3669,#3670,#3671,#3672,#3673,#3674,#3675,#3676,#3677,
    #3678,#3679,#3680,#3681,#3682,#3683,#3684,#3685,#3686,#3687,#3688,
    #3689,#3690,#3691,#3692,#3693,#3694,#3695,#3696,#3697,#3698,#3699,
    #3700,#3701,#3702,#3703),.UNSPECIFIED.,.F.,.F.,(5,3,3,3,3,3,3,3,3,3,
    3,3,3,3,3,3,3,3,3,3,3,3,3,3,3,3,3,3,3,3,3,3,3,3,3,3,3,3,3,3,3,3,3,3,
    3,3,3,3,3,3,5),(0.,2.470005838638E-02,2.760171323094E-02,
    3.500593681645E-02,4.641244590653E-02,5.131524460576E-02,
    6.632381556828E-02,8.123233469063E-02,0.101844121632,0.108948186524,
    0.153873921804,0.168882530768,0.171984310681,0.183891145584,
    0.206804309001,0.229617428951,0.252430563178,0.275243711977,
    0.277144808378,0.301358782177,0.325472715299,0.328374393065,
    0.332676881252,0.364395241774,0.395913517412,0.415324788646,
    0.422428916745,0.424830312532,0.464953662234,0.504977008588,
    0.535294731279,0.539297073406,0.563911490541,0.588325813055,
    0.622345809243,0.656265792786,0.681880915153,0.707295947014,
    0.732711007152,0.758126096342,0.783641274968,0.809056424817,
    0.834471606214,0.859886820052,0.866490778677,0.890805373302,
    0.917921686937,0.944837920261,0.971854255345,0.997069540003,1.),
  .UNSPECIFIED.);
#3552 = CARTESIAN_POINT('',(-53.16786116737,-63.25945283859));
#3553 = CARTESIAN_POINT('',(-53.13041049983,-62.47695084288));
#3554 = CARTESIAN_POINT('',(-53.092958543,-61.69444900888));
#3555 = CARTESIAN_POINT('',(-53.05550528751,-60.91194733832));
#3556 = CARTESIAN_POINT('',(-53.01365072547,-60.03752097801));
#3557 = CARTESIAN_POINT('',(-53.00925070907,-59.94559612535));
#3558 = CARTESIAN_POINT('',(-53.00485067459,-59.85367127498));
#3559 = CARTESIAN_POINT('',(-52.98922290038,-59.52717954533));
#3560 = CARTESIAN_POINT('',(-52.97799506096,-59.29261267864));
#3561 = CARTESIAN_POINT('',(-52.96676710354,-59.05804582688));
#3562 = CARTESIAN_POINT('',(-52.93824171827,-58.46211918982));
#3563 = CARTESIAN_POINT('',(-52.920944128,-58.10075942509));
#3564 = CARTESIAN_POINT('',(-52.90364625609,-57.73939969606));
#3565 = CARTESIAN_POINT('',(-52.8789129285,-57.22271870178));
#3566 = CARTESIAN_POINT('',(-52.8714777032,-57.06739740726));
#3567 = CARTESIAN_POINT('',(-52.86404242562,-56.91207611939));
#3568 = CARTESIAN_POINT('',(-52.83384587623,-56.28128141695));
#3569 = CARTESIAN_POINT('',(-52.81108416609,-55.80580805812));
#3570 = CARTESIAN_POINT('',(-52.78832196308,-55.3303347621));
#3571 = CARTESIAN_POINT('',(-52.74294831017,-54.38255795014));
#3572 = CARTESIAN_POINT('',(-52.72033686684,-53.91025443337));
#3573 = CARTESIAN_POINT('',(-52.69772493284,-53.43795097937));
#3574 = CARTESIAN_POINT('',(-52.6438496742,-52.31266409751));
#3575 = CARTESIAN_POINT('',(-52.61258590034,-51.65968072723));
#3576 = CARTESIAN_POINT('',(-52.58132117857,-51.00669747881));
#3577 = CARTESIAN_POINT('',(-52.53927946555,-50.12865698644));
#3578 = CARTESIAN_POINT('',(-52.52850331479,-49.90359963412));
#3579 = CARTESIAN_POINT('',(-52.51772705049,-49.67854229645));
#3580 = CARTESIAN_POINT('',(-52.43880142028,-48.03023421945));
#3581 = CARTESIAN_POINT('',(-52.37064761755,-46.60698405325));
#3582 = CARTESIAN_POINT('',(-52.3024892028,-45.18373448646));
#3583 = CARTESIAN_POINT('',(-52.21155446126,-43.28501224417));
#3584 = CARTESIAN_POINT('',(-52.18878228831,-42.80953902537));
#3585 = CARTESIAN_POINT('',(-52.16600959115,-42.33406587528));
#3586 = CARTESIAN_POINT('',(-52.13852990002,-41.7603283346));
#3587 = CARTESIAN_POINT('',(-52.13382341018,-41.66206387779));
#3588 = CARTESIAN_POINT('',(-52.12911689783,-41.56379942394));
#3589 = CARTESIAN_POINT('',(-52.10634333836,-41.08832620057));
#3590 = CARTESIAN_POINT('',(-52.08827598172,-40.71111747173));
#3591 = CARTESIAN_POINT('',(-52.07020829182,-40.33390878678));
#3592 = CARTESIAN_POINT('',(-52.0173706919,-39.23081091509));
#3593 = CARTESIAN_POINT('',(-51.98259987772,-38.50492184761));
#3594 = CARTESIAN_POINT('',(-51.94782781623,-37.77903294519));
#3595 = CARTESIAN_POINT('',(-51.87843300827,-36.33042484968));
#3596 = CARTESIAN_POINT('',(-51.84381027276,-35.60770565514));
#3597 = CARTESIAN_POINT('',(-51.80918628336,-34.88498662762));
#3598 = CARTESIAN_POINT('',(-51.7399357574,-33.43954845783));
#3599 = CARTESIAN_POINT('',(-51.70530922084,-32.71682931557));
#3600 = CARTESIAN_POINT('',(-51.67068141266,-31.9941103438));
#3601 = CARTESIAN_POINT('',(-51.6014232129,-30.54867228313));
#3602 = CARTESIAN_POINT('',(-51.56679282131,-29.82595319423));
#3603 = CARTESIAN_POINT('',(-51.53216114003,-29.10323427939));
#3604 = CARTESIAN_POINT('',(-51.49464207719,-28.32028895772));
#3605 = CARTESIAN_POINT('',(-51.49175598547,-28.26006237622));
#3606 = CARTESIAN_POINT('',(-51.48886988474,-28.19983579595));
#3607 = CARTESIAN_POINT('',(-51.4492238367,-27.37251250012));
#3608 = CARTESIAN_POINT('',(-51.41246243341,-26.60541598184));
#3609 = CARTESIAN_POINT('',(-51.37569955407,-25.83831966427));
#3610 = CARTESIAN_POINT('',(-51.30232271377,-24.3072967131));
#3611 = CARTESIAN_POINT('',(-51.26570876506,-23.54337007782));
#3612 = CARTESIAN_POINT('',(-51.22909333022,-22.77944364607));
#3613 = CARTESIAN_POINT('',(-51.18807020927,-21.92359265061));
#3614 = CARTESIAN_POINT('',(-51.18366399894,-21.83166788406));
#3615 = CARTESIAN_POINT('',(-51.17925776691,-21.7397431205));
#3616 = CARTESIAN_POINT('',(-51.1683181017,-21.51151611399));
#3617 = CARTESIAN_POINT('',(-51.1617846425,-21.37521387461));
#3618 = CARTESIAN_POINT('',(-51.15525113547,-21.23891164182));
#3619 = CARTESIAN_POINT('',(-51.10055157955,-20.09777617448));
#3620 = CARTESIAN_POINT('',(-51.05238297594,-19.09294329183));
#3621 = CARTESIAN_POINT('',(-51.00421174378,-18.08811077293));
#3622 = CARTESIAN_POINT('',(-50.90816785824,-16.08478512791));
#3623 = CARTESIAN_POINT('',(-50.86029523826,-15.08629199715));
#3624 = CARTESIAN_POINT('',(-50.81241997033,-14.08779923636));
#3625 = CARTESIAN_POINT('',(-50.73505527068,-12.47436183517));
#3626 = CARTESIAN_POINT('',(-50.7055674992,-11.85941696168));
#3627 = CARTESIAN_POINT('',(-50.67607870691,-11.24447223194));
#3628 = CARTESIAN_POINT('',(-50.63579621687,-10.40447051165));
#3629 = CARTESIAN_POINT('',(-50.62500340874,-10.17941339546));
#3630 = CARTESIAN_POINT('',(-50.61421046272,-9.954356298766));
#3631 = CARTESIAN_POINT('',(-50.59976901141,-9.65322357808));
#3632 = CARTESIAN_POINT('',(-50.59612062855,-9.57714793676));
#3633 = CARTESIAN_POINT('',(-50.59247222988,-9.501072297678));
#3634 = CARTESIAN_POINT('',(-50.52786484688,-8.153898661638));
#3635 = CARTESIAN_POINT('',(-50.46690146282,-6.882801287934));
#3636 = CARTESIAN_POINT('',(-50.40593360646,-5.611704551653));
#3637 = CARTESIAN_POINT('',(-50.28414079911,-3.072680456061));
#3638 = CARTESIAN_POINT('',(-50.22331587067,-1.804753093521));
#3639 = CARTESIAN_POINT('',(-50.16248637545,-0.536826390115));
#3640 = CARTESIAN_POINT('',(-50.05557034788,1.691554808143));
#3641 = CARTESIAN_POINT('',(-50.0094857876,2.652009589479));
#3642 = CARTESIAN_POINT('',(-49.96339854599,3.612463979431));
#3643 = CARTESIAN_POINT('',(-49.9112241105,4.699710657493));
#3644 = CARTESIAN_POINT('',(-49.90513957768,4.826503335967));
#3645 = CARTESIAN_POINT('',(-49.89905499759,4.953296007504));
#3646 = CARTESIAN_POINT('',(-49.85554989178,5.859863972989));
#3647 = CARTESIAN_POINT('',(-49.81812762352,6.63963901099));
#3648 = CARTESIAN_POINT('',(-49.78070355094,7.419413782918));
#3649 = CARTESIAN_POINT('',(-49.70615600878,8.972623873655));
#3650 = CARTESIAN_POINT('',(-49.66903256866,9.746059196823));
#3651 = CARTESIAN_POINT('',(-49.63190732448,10.51949425182));
#3652 = CARTESIAN_POINT('',(-49.54304577078,12.370667251234));
#3653 = CARTESIAN_POINT('',(-49.49130774853,13.448404940018));
#3654 = CARTESIAN_POINT('',(-49.43956615488,14.526142092805));
#3655 = CARTESIAN_POINT('',(-49.33622786416,16.678446956758));
#3656 = CARTESIAN_POINT('',(-49.28463118829,17.753014671128));
#3657 = CARTESIAN_POINT('',(-49.23303088042,18.827581834184));
#3658 = CARTESIAN_POINT('',(-49.14245747194,20.713621560126));
#3659 = CARTESIAN_POINT('',(-49.10348595015,21.525094364058));
#3660 = CARTESIAN_POINT('',(-49.06451231512,22.336566843962));
#3661 = CARTESIAN_POINT('',(-48.98686523769,23.953172396473));
#3662 = CARTESIAN_POINT('',(-48.94819182847,24.758305474188));
#3663 = CARTESIAN_POINT('',(-48.90951630262,25.563438224515));
#3664 = CARTESIAN_POINT('',(-48.83216093764,27.173703957531));
#3665 = CARTESIAN_POINT('',(-48.7934810985,27.978836940216));
#3666 = CARTESIAN_POINT('',(-48.75479910575,28.783969586863));
#3667 = CARTESIAN_POINT('',(-48.67743073098,30.394235119438));
#3668 = CARTESIAN_POINT('',(-48.63874434894,31.199368005369));
#3669 = CARTESIAN_POINT('',(-48.60005577545,32.004500546309));
#3670 = CARTESIAN_POINT('',(-48.5225218352,33.617935692076));
#3671 = CARTESIAN_POINT('',(-48.48367645099,34.426238294146));
#3672 = CARTESIAN_POINT('',(-48.44482881892,35.234540539155));
#3673 = CARTESIAN_POINT('',(-48.36728132469,36.847975468089));
#3674 = CARTESIAN_POINT('',(-48.32858148028,37.65310815484));
#3675 = CARTESIAN_POINT('',(-48.28987936588,38.458240477742));
#3676 = CARTESIAN_POINT('',(-48.21247050847,40.068505385368));
#3677 = CARTESIAN_POINT('',(-48.17376376546,40.873637970087));
#3678 = CARTESIAN_POINT('',(-48.13505471187,41.678770181059));
#3679 = CARTESIAN_POINT('',(-48.05763189258,43.289034872937));
#3680 = CARTESIAN_POINT('',(-48.01891812686,44.094167353839));
#3681 = CARTESIAN_POINT('',(-47.98020200901,44.899299450751));
#3682 = CARTESIAN_POINT('',(-47.93142279916,45.913638781743));
#3683 = CARTESIAN_POINT('',(-47.92136192032,46.122846378842));
#3684 = CARTESIAN_POINT('',(-47.91130088086,46.332053949565));
#3685 = CARTESIAN_POINT('',(-47.86419613962,47.311526257701));
#3686 = CARTESIAN_POINT('',(-47.8271504164,48.081790662737));
#3687 = CARTESIAN_POINT('',(-47.79010249197,48.852054704249));
#3688 = CARTESIAN_POINT('',(-47.711732993,50.481337894831));
#3689 = CARTESIAN_POINT('',(-47.67041087728,51.340356954118));
#3690 = CARTESIAN_POINT('',(-47.62908597339,52.199375548534));
#3691 = CARTESIAN_POINT('',(-47.54673547524,53.911073446397));
#3692 = CARTESIAN_POINT('',(-47.50570992236,54.763752756782));
#3693 = CARTESIAN_POINT('',(-47.46468156873,55.616431595441));
#3694 = CARTESIAN_POINT('',(-47.38246660979,57.32495943508));
#3695 = CARTESIAN_POINT('',(-47.34127998339,58.180808432494));
#3696 = CARTESIAN_POINT('',(-47.30009048009,59.036656940377));
#3697 = CARTESIAN_POINT('',(-47.22045176456,60.691297650368));
#3698 = CARTESIAN_POINT('',(-47.1820029268,61.490089916524));
#3699 = CARTESIAN_POINT('',(-47.14355153505,62.28888174373));
#3700 = CARTESIAN_POINT('',(-47.10062853741,63.180506747173));
#3701 = CARTESIAN_POINT('',(-47.09615947411,63.273340362503));
#3702 = CARTESIAN_POINT('',(-47.09169037598,63.366173971766));
#3703 = CARTESIAN_POINT('',(-47.08722124623,63.45900757661));
#3704 = ( GEOMETRIC_REPRESENTATION_CONTEXT(2) 
PARAMETRIC_REPRESENTATION_CONTEXT() REPRESENTATION_CONTEXT('2D SPACE',''
  ) );
#3705 = PCURVE('',#1696,#3706);
#3706 = DEFINITIONAL_REPRESENTATION('',(#3707),#3860);
#3707 = B_SPLINE_CURVE_WITH_KNOTS('',4,(#3708,#3709,#3710,#3711,#3712,
    #3713,#3714,#3715,#3716,#3717,#3718,#3719,#3720,#3721,#3722,#3723,
    #3724,#3725,#3726,#3727,#3728,#3729,#3730,#3731,#3732,#3733,#3734,
    #3735,#3736,#3737,#3738,#3739,#3740,#3741,#3742,#3743,#3744,#3745,
    #3746,#3747,#3748,#3749,#3750,#3751,#3752,#3753,#3754,#3755,#3756,
    #3757,#3758,#3759,#3760,#3761,#3762,#3763,#3764,#3765,#3766,#3767,
    #3768,#3769,#3770,#3771,#3772,#3773,#3774,#3775,#3776,#3777,#3778,
    #3779,#3780,#3781,#3782,#3783,#3784,#3785,#3786,#3787,#3788,#3789,
    #3790,#3791,#3792,#3793,#3794,#3795,#3796,#3797,#3798,#3799,#3800,
    #3801,#3802,#3803,#3804,#3805,#3806,#3807,#3808,#3809,#3810,#3811,
    #3812,#3813,#3814,#3815,#3816,#3817,#3818,#3819,#3820,#3821,#3822,
    #3823,#3824,#3825,#3826,#3827,#3828,#3829,#3830,#3831,#3832,#3833,
    #3834,#3835,#3836,#3837,#3838,#3839,#3840,#3841,#3842,#3843,#3844,
    #3845,#3846,#3847,#3848,#3849,#3850,#3851,#3852,#3853,#3854,#3855,
    #3856,#3857,#3858,#3859),.UNSPECIFIED.,.F.,.F.,(5,3,3,3,3,3,3,3,3,3,
    3,3,3,3,3,3,3,3,3,3,3,3,3,3,3,3,3,3,3,3,3,3,3,3,3,3,3,3,3,3,3,3,3,3,
    3,3,3,3,3,3,5),(0.,2.470005838638E-02,2.760171323094E-02,
    3.500593681645E-02,4.641244590653E-02,5.131524460576E-02,
    6.632381556828E-02,8.123233469063E-02,0.101844121632,0.108948186524,
    0.153873921804,0.168882530768,0.171984310681,0.183891145584,
    0.206804309001,0.229617428951,0.252430563178,0.275243711977,
    0.277144808378,0.301358782177,0.325472715299,0.328374393065,
    0.332676881252,0.364395241774,0.395913517412,0.415324788646,
    0.422428916745,0.424830312532,0.464953662234,0.504977008588,
    0.535294731279,0.539297073406,0.563911490541,0.588325813055,
    0.622345809243,0.656265792786,0.681880915153,0.707295947014,
    0.732711007152,0.758126096342,0.783641274968,0.809056424817,
    0.834471606214,0.859886820052,0.866490778677,0.890805373302,
    0.917921686937,0.944837920261,0.971854255345,0.997069540003,1.),
  .UNSPECIFIED.);
#3708 = CARTESIAN_POINT('',(130.32279621385,1.24593087234E-03));
#3709 = CARTESIAN_POINT('',(130.31796094158,7.420993594421E-03));
#3710 = CARTESIAN_POINT('',(130.31310948171,1.359605487801E-02));
#3711 = CARTESIAN_POINT('',(130.3082417119,1.97711147584E-02));
#3712 = CARTESIAN_POINT('',(130.3027837347,2.667159203983E-02));
#3713 = CARTESIAN_POINT('',(130.30220973317,2.739701087939E-02));
#3714 = CARTESIAN_POINT('',(130.30163550466,2.812242969895E-02));
#3715 = CARTESIAN_POINT('',(130.29959519632,3.069891737902E-02));
#3716 = CARTESIAN_POINT('',(130.29812786442,3.254998612915E-02));
#3717 = CARTESIAN_POINT('',(130.29665904992,3.44010547485E-02));
#3718 = CARTESIAN_POINT('',(130.2929236915,3.910376990733E-02));
#3719 = CARTESIAN_POINT('',(130.29065510696,4.195541626667E-02));
#3720 = CARTESIAN_POINT('',(130.28838298356,4.480706231322E-02));
#3721 = CARTESIAN_POINT('',(130.28512916786,4.888441565481E-02));
#3722 = CARTESIAN_POINT('',(130.28415037073,5.011012320603E-02));
#3723 = CARTESIAN_POINT('',(130.28317091652,5.133583069908E-02));
#3724 = CARTESIAN_POINT('',(130.27919045984,5.631370462943E-02));
#3725 = CARTESIAN_POINT('',(130.27618394866,6.00658705788E-02));
#3726 = CARTESIAN_POINT('',(130.27317124236,6.38180359786E-02));
#3727 = CARTESIAN_POINT('',(130.26715350726,7.129735256484E-02));
#3728 = CARTESIAN_POINT('',(130.26414856116,7.502450375864E-02));
#3729 = CARTESIAN_POINT('',(130.26113744582,7.875165440349E-02));
#3730 = CARTESIAN_POINT('',(130.25394854382,8.76317793136E-02));
#3731 = CARTESIAN_POINT('',(130.24976510828,9.278475307545E-02));
#3732 = CARTESIAN_POINT('',(130.24556975092,9.79377257726E-02));
#3733 = CARTESIAN_POINT('',(130.23991228671,0.104866722197));
#3734 = CARTESIAN_POINT('',(130.2384607529,0.10664274687));
#3735 = CARTESIAN_POINT('',(130.23700779066,0.108418771416));
#3736 = CARTESIAN_POINT('',(130.22635588638,0.121426281472));
#3737 = CARTESIAN_POINT('',(130.21710112392,0.132657761979));
#3738 = CARTESIAN_POINT('',(130.20778831268,0.143889237259));
#3739 = CARTESIAN_POINT('',(130.19528577032,0.158872871525));
#3740 = CARTESIAN_POINT('',(130.19214834393,0.162625035242));
#3741 = CARTESIAN_POINT('',(130.18900431579,0.166377198361));
#3742 = CARTESIAN_POINT('',(130.18520251788,0.170904807981));
#3743 = CARTESIAN_POINT('',(130.18455109779,0.171680255057));
#3744 = CARTESIAN_POINT('',(130.18389939412,0.172455702107));
#3745 = CARTESIAN_POINT('',(130.18074461531,0.176207865714));
#3746 = CARTESIAN_POINT('',(130.17823764124,0.179184581915));
#3747 = CARTESIAN_POINT('',(130.17572646875,0.182161297735));
#3748 = CARTESIAN_POINT('',(130.16837054577,0.190866316939));
#3749 = CARTESIAN_POINT('',(130.16351440344,0.196594619285));
#3750 = CARTESIAN_POINT('',(130.15864254259,0.202322920197));
#3751 = CARTESIAN_POINT('',(130.14888849515,0.213754508217));
#3752 = CARTESIAN_POINT('',(130.14400644653,0.219457795339));
#3753 = CARTESIAN_POINT('',(130.1391085895,0.22516108101));
#3754 = CARTESIAN_POINT('',(130.12928102485,0.236567652993));
#3755 = CARTESIAN_POINT('',(130.12435131721,0.242270939303));
#3756 = CARTESIAN_POINT('',(130.11940557043,0.247974224135));
#3757 = CARTESIAN_POINT('',(130.10948176021,0.259380794456));
#3758 = CARTESIAN_POINT('',(130.10450369676,0.265084079944));
#3759 = CARTESIAN_POINT('',(130.09950935895,0.270787363924));
#3760 = CARTESIAN_POINT('',(130.09408106573,0.276965920085));
#3761 = CARTESIAN_POINT('',(130.09366339073,0.277441193779));
#3762 = CARTESIAN_POINT('',(130.09324560181,0.277916467463));
#3763 = CARTESIAN_POINT('',(130.08750493354,0.284445229147));
#3764 = CARTESIAN_POINT('',(130.08216367622,0.290498715439));
#3765 = CARTESIAN_POINT('',(130.07680378334,0.296552199993));
#3766 = CARTESIAN_POINT('',(130.06606865541,0.308634155467));
#3767 = CARTESIAN_POINT('',(130.06069357524,0.314662626399));
#3768 = CARTESIAN_POINT('',(130.05529972301,0.320691095573));
#3769 = CARTESIAN_POINT('',(130.04923562122,0.327444980498));
#3770 = CARTESIAN_POINT('',(130.04858401758,0.328170398002));
#3771 = CARTESIAN_POINT('',(130.04793213973,0.328895815481));
#3772 = CARTESIAN_POINT('',(130.04631300282,0.330696852031));
#3773 = CARTESIAN_POINT('',(130.04534541479,0.331772471072));
#3774 = CARTESIAN_POINT('',(130.04437722247,0.332848090057));
#3775 = CARTESIAN_POINT('',(130.03626635617,0.341853276117));
#3776 = CARTESIAN_POINT('',(130.02909139971,0.349782840154));
#3777 = CARTESIAN_POINT('',(130.02188321719,0.357712401051));
#3778 = CARTESIAN_POINT('',(130.0074453866,0.373521495463));
#3779 = CARTESIAN_POINT('',(130.00021616076,0.381401029016));
#3780 = CARTESIAN_POINT('',(129.99295344197,0.389280559382));
#3781 = CARTESIAN_POINT('',(129.98116311982,0.402012878593));
#3782 = CARTESIAN_POINT('',(129.97665652327,0.406865669445));
#3783 = CARTESIAN_POINT('',(129.97213700784,0.41171845906));
#3784 = CARTESIAN_POINT('',(129.96594568145,0.418347268677));
#3785 = CARTESIAN_POINT('',(129.9642851312,0.42012328976));
#3786 = CARTESIAN_POINT('',(129.96262283533,0.421899310674));
#3787 = CARTESIAN_POINT('',(129.96039629535,0.424275676556));
#3788 = CARTESIAN_POINT('',(129.95983360105,0.424876021671));
#3789 = CARTESIAN_POINT('',(129.95927070665,0.425476366767));
#3790 = CARTESIAN_POINT('',(129.94929923241,0.436107484608));
#3791 = CARTESIAN_POINT('',(129.93983494999,0.446138251994));
#3792 = CARTESIAN_POINT('',(129.93031402263,0.456169013904));
#3793 = CARTESIAN_POINT('',(129.91118121344,0.476205525935));
#3794 = CARTESIAN_POINT('',(129.90156961741,0.486211276083));
#3795 = CARTESIAN_POINT('',(129.89190013033,0.49621702058));
#3796 = CARTESIAN_POINT('',(129.87480286443,0.513802115872));
#3797 = CARTESIAN_POINT('',(129.86740009529,0.521381469121));
#3798 = CARTESIAN_POINT('',(129.8599633104,0.52896081902));
#3799 = CARTESIAN_POINT('',(129.85150586503,0.537540739941));
#3800 = CARTESIAN_POINT('',(129.85051897451,0.538541314301));
#3801 = CARTESIAN_POINT('',(129.84953148422,0.539541888602));
#3802 = CARTESIAN_POINT('',(129.84246663118,0.546695997696));
#3803 = CARTESIAN_POINT('',(129.83636715306,0.552849530299));
#3804 = CARTESIAN_POINT('',(129.83024476932,0.559003060629));
#3805 = CARTESIAN_POINT('',(129.81800376031,0.571260093653));
#3806 = CARTESIAN_POINT('',(129.81188550908,0.577363596383));
#3807 = CARTESIAN_POINT('',(129.80574434306,0.583467096825));
#3808 = CARTESIAN_POINT('',(129.79099049648,0.598075479035));
#3809 = CARTESIAN_POINT('',(129.78235605516,0.606580358623));
#3810 = CARTESIAN_POINT('',(129.77367622133,0.615085233642));
#3811 = CARTESIAN_POINT('',(129.75625034096,0.632069971608));
#3812 = CARTESIAN_POINT('',(129.74750456405,0.640549834582));
#3813 = CARTESIAN_POINT('',(129.73871258914,0.649029692865));
#3814 = CARTESIAN_POINT('',(129.72319918441,0.663913219455));
#3815 = CARTESIAN_POINT('',(129.71649784447,0.670316889812));
#3816 = CARTESIAN_POINT('',(129.70976960644,0.676720557416));
#3817 = CARTESIAN_POINT('',(129.69631161635,0.689477865324));
#3818 = CARTESIAN_POINT('',(129.68958228666,0.695831505672));
#3819 = CARTESIAN_POINT('',(129.68282599992,0.702185143242));
#3820 = CARTESIAN_POINT('',(129.66925901777,0.714892419822));
#3821 = CARTESIAN_POINT('',(129.66244832229,0.721246058833));
#3822 = CARTESIAN_POINT('',(129.65561018265,0.727599694995));
#3823 = CARTESIAN_POINT('',(129.64187850845,0.740306968813));
#3824 = CARTESIAN_POINT('',(129.63498497381,0.746660606468));
#3825 = CARTESIAN_POINT('',(129.62806349618,0.753014241202));
#3826 = CARTESIAN_POINT('',(129.61413677493,0.765746526559));
#3827 = CARTESIAN_POINT('',(129.60713130878,0.772125177159));
#3828 = CARTESIAN_POINT('',(129.60009716321,0.778503824739));
#3829 = CARTESIAN_POINT('',(129.58599867359,0.791236107176));
#3830 = CARTESIAN_POINT('',(129.57893455602,0.797589742057));
#3831 = CARTESIAN_POINT('',(129.5718414591,0.803943373865));
#3832 = CARTESIAN_POINT('',(129.55759676154,0.816650639141));
#3833 = CARTESIAN_POINT('',(129.55044516083,0.82300427261));
#3834 = CARTESIAN_POINT('',(129.54326404452,0.829357902925));
#3835 = CARTESIAN_POINT('',(129.52884222215,0.842065165276));
#3836 = CARTESIAN_POINT('',(129.521601516,0.848418797313));
#3837 = CARTESIAN_POINT('',(129.51433074482,0.854772426113));
#3838 = CARTESIAN_POINT('',(129.50513248471,0.862776995057));
#3839 = CARTESIAN_POINT('',(129.50323329338,0.864427938256));
#3840 = CARTESIAN_POINT('',(129.50133204817,0.866078881233));
#3841 = CARTESIAN_POINT('',(129.49242111891,0.873808299959));
#3842 = CARTESIAN_POINT('',(129.48538558428,0.87988677291));
#3843 = CARTESIAN_POINT('',(129.47832189215,0.885965242803));
#3844 = CARTESIAN_POINT('',(129.4633204769,0.89882258519));
#3845 = CARTESIAN_POINT('',(129.45537582896,0.905601456929));
#3846 = CARTESIAN_POINT('',(129.44739549241,0.912380324762));
#3847 = CARTESIAN_POINT('',(129.43142186831,0.925888034007));
#3848 = CARTESIAN_POINT('',(129.42342911079,0.932616875479));
#3849 = CARTESIAN_POINT('',(129.41540047918,0.939345712991));
#3850 = CARTESIAN_POINT('',(129.39924074787,0.952828404587));
#3851 = CARTESIAN_POINT('',(129.39110937813,0.959582258642));
#3852 = CARTESIAN_POINT('',(129.38294113364,0.966336108593));
#3853 = CARTESIAN_POINT('',(129.36707716198,0.979393553428));
#3854 = CARTESIAN_POINT('',(129.35938623606,0.985697148849));
#3855 = CARTESIAN_POINT('',(129.35166255263,0.992000740595));
#3856 = CARTESIAN_POINT('',(129.34300432557,0.99903691652));
#3857 = CARTESIAN_POINT('',(129.34210240658,0.999769515076));
#3858 = CARTESIAN_POINT('',(129.34120003415,1.000502111347));
#3859 = CARTESIAN_POINT('',(129.34029725486,1.001234573365));
#3860 = ( GEOMETRIC_REPRESENTATION_CONTEXT(2) 
PARAMETRIC_REPRESENTATION_CONTEXT() REPRESENTATION_CONTEXT('2D SPACE',''
  ) );
#3861 = ORIENTED_EDGE('',*,*,#1783,.T.);
#3862 = ORIENTED_EDGE('',*,*,#2381,.T.);
#3863 = ORIENTED_EDGE('',*,*,#3864,.F.);
#3864 = EDGE_CURVE('',#2040,#2359,#3865,.T.);
#3865 = SURFACE_CURVE('',#3866,(#3870,#3876),.PCURVE_S1.);
#3866 = LINE('',#3867,#3868);
#3867 = CARTESIAN_POINT('',(-10.,331.33,373.19336644545));
#3868 = VECTOR('',#3869,1.);
#3869 = DIRECTION('',(-1.,0.,-1.098462835488E-16));
#3870 = PCURVE('',#1175,#3871);
#3871 = DEFINITIONAL_REPRESENTATION('',(#3872),#3875);
#3872 = B_SPLINE_CURVE_WITH_KNOTS('',1,(#3873,#3874),.UNSPECIFIED.,.F.,
  .F.,(2,2),(-30.,10.),.PIECEWISE_BEZIER_KNOTS.);
#3873 = CARTESIAN_POINT('',(20.,-25.24701597345));
#3874 = CARTESIAN_POINT('',(-20.,-25.24701597345));
#3875 = ( GEOMETRIC_REPRESENTATION_CONTEXT(2) 
PARAMETRIC_REPRESENTATION_CONTEXT() REPRESENTATION_CONTEXT('2D SPACE',''
  ) );
#3876 = PCURVE('',#2055,#3877);
#3877 = DEFINITIONAL_REPRESENTATION('',(#3878),#3881);
#3878 = B_SPLINE_CURVE_WITH_KNOTS('',1,(#3879,#3880),.UNSPECIFIED.,.F.,
  .F.,(2,2),(-30.,10.),.PIECEWISE_BEZIER_KNOTS.);
#3879 = CARTESIAN_POINT('',(59.163366445458,40.));
#3880 = CARTESIAN_POINT('',(59.163366445458,0.));
#3881 = ( GEOMETRIC_REPRESENTATION_CONTEXT(2) 
PARAMETRIC_REPRESENTATION_CONTEXT() REPRESENTATION_CONTEXT('2D SPACE',''
  ) );
#3882 = ORIENTED_EDGE('',*,*,#2067,.F.);
#3883 = ORIENTED_EDGE('',*,*,#1160,.T.);
#3884 = ORIENTED_EDGE('',*,*,#3885,.T.);
#3885 = EDGE_CURVE('',#1161,#3886,#3888,.T.);
#3886 = VERTEX_POINT('',#3887);
#3887 = CARTESIAN_POINT('',(49.899921409836,361.5,372.33328552461));
#3888 = SURFACE_CURVE('',#3889,(#4030,#4174),.PCURVE_S1.);
#3889 = B_SPLINE_CURVE_WITH_KNOTS('',4,(#3890,#3891,#3892,#3893,#3894,
    #3895,#3896,#3897,#3898,#3899,#3900,#3901,#3902,#3903,#3904,#3905,
    #3906,#3907,#3908,#3909,#3910,#3911,#3912,#3913,#3914,#3915,#3916,
    #3917,#3918,#3919,#3920,#3921,#3922,#3923,#3924,#3925,#3926,#3927,
    #3928,#3929,#3930,#3931,#3932,#3933,#3934,#3935,#3936,#3937,#3938,
    #3939,#3940,#3941,#3942,#3943,#3944,#3945,#3946,#3947,#3948,#3949,
    #3950,#3951,#3952,#3953,#3954,#3955,#3956,#3957,#3958,#3959,#3960,
    #3961,#3962,#3963,#3964,#3965,#3966,#3967,#3968,#3969,#3970,#3971,
    #3972,#3973,#3974,#3975,#3976,#3977,#3978,#3979,#3980,#3981,#3982,
    #3983,#3984,#3985,#3986,#3987,#3988,#3989,#3990,#3991,#3992,#3993,
    #3994,#3995,#3996,#3997,#3998,#3999,#4000,#4001,#4002,#4003,#4004,
    #4005,#4006,#4007,#4008,#4009,#4010,#4011,#4012,#4013,#4014,#4015,
    #4016,#4017,#4018,#4019,#4020,#4021,#4022,#4023,#4024,#4025,#4026,
    #4027,#4028,#4029),.UNSPECIFIED.,.F.,.F.,(5,3,3,3,3,3,3,3,3,3,3,3,3,
    3,3,3,3,3,3,3,3,3,3,3,3,3,3,3,3,3,3,3,3,3,3,3,3,3,3,3,3,3,3,3,3,3,5)
  ,(0.,3.410542276785E-02,4.411113211759E-02,5.171547278376E-02,
    5.972004337245E-02,6.18212434024E-02,8.793616684304E-02,
    9.123805488287E-02,0.102644579244,0.105746353962,0.10764744181,
    0.110949331441,0.128259242113,0.141466809059,0.169382817452,
    0.207604768708,0.230417889141,0.25313096622,0.275844057754,
    0.298557164046,0.316867740867,0.324472136344,0.363094487714,
    0.396113633033,0.407520254926,0.416825660114,0.449744804559,
    0.494070640575,0.526389521559,0.558308205989,0.590326987415,
    0.622245749713,0.647660718095,0.672975653954,0.705494880141,
    0.737814033795,0.746919438483,0.788744313626,0.830369152725,
    0.849680705813,0.876997080368,0.904113373816,0.927927716065,
    0.951541969012,0.975156253898,0.997069539125,1.),.UNSPECIFIED.);
#3890 = CARTESIAN_POINT('',(53.167861167378,293.333,374.27657807121));
#3891 = CARTESIAN_POINT('',(53.11614991919,294.41302674057,
    374.2457888636));
#3892 = CARTESIAN_POINT('',(53.06443621289,295.49305317293,
    374.21499966478));
#3893 = CARTESIAN_POINT('',(53.012720023831,296.57307929259,
    374.18421047487));
#3894 = CARTESIAN_POINT('',(52.945828306992,297.96995864462,
    374.14438849014));
#3895 = CARTESIAN_POINT('',(52.930655071424,298.28681216701,
    374.13535568705));
#3896 = CARTESIAN_POINT('',(52.915481619347,298.60366566197,
    374.12632288474));
#3897 = CARTESIAN_POINT('',(52.888775959137,299.16132781403,
    374.11042515264));
#3898 = CARTESIAN_POINT('',(52.877243842729,299.40213648277,
    374.10356022253));
#3899 = CARTESIAN_POINT('',(52.86571160061,299.64294513553,
    374.09669529287));
#3900 = CARTESIAN_POINT('',(52.842039895417,300.13723659425,
    374.08260412108));
#3901 = CARTESIAN_POINT('',(52.82990041873,300.39071939847,
    374.07537787899));
#3902 = CARTESIAN_POINT('',(52.817760802105,300.64420218487,
    374.06815163742));
#3903 = CARTESIAN_POINT('',(52.802434358641,300.96422418808,
    374.05902850784));
#3904 = CARTESIAN_POINT('',(52.79924766241,301.03076342152,
    374.05713161937));
#3905 = CARTESIAN_POINT('',(52.796060956507,301.09730265372,
    374.05523473094));
#3906 = CARTESIAN_POINT('',(52.75326790539,301.99082974777,
    374.02976222163));
#3907 = CARTESIAN_POINT('',(52.713660074936,302.81781742028,
    374.00618660615));
#3908 = CARTESIAN_POINT('',(52.674050737946,303.64480490007,
    373.98261099617));
#3909 = CARTESIAN_POINT('',(52.629431611713,304.57635383264,
    373.95605456715));
#3910 = CARTESIAN_POINT('',(52.624423316596,304.68091547724,
    373.95307374263));
#3911 = CARTESIAN_POINT('',(52.619414997181,304.78547711872,
    373.95009291821));
#3912 = CARTESIAN_POINT('',(52.597105099259,305.25125175422,
    373.93681469887));
#3913 = CARTESIAN_POINT('',(52.579803254823,305.61246471406,
    373.92651730493));
#3914 = CARTESIAN_POINT('',(52.562501119145,305.97367763643,
    373.91621991206));
#3915 = CARTESIAN_POINT('',(52.540493644202,306.43311509491,
    373.90312235182));
#3916 = CARTESIAN_POINT('',(52.535788575568,306.53133966592,
    373.90032218346));
#3917 = CARTESIAN_POINT('',(52.531083485304,306.62956423414,
    373.89752201518));
#3918 = CARTESIAN_POINT('',(52.523494594943,306.78799095626,
    373.89300561475));
#3919 = CARTESIAN_POINT('',(52.520610808363,306.84819311191,
    373.89128938255));
#3920 = CARTESIAN_POINT('',(52.517727013645,306.90839526651,
    373.88957315038));
#3921 = CARTESIAN_POINT('',(52.509834500234,307.07315906188,
    373.8848760938));
#3922 = CARTESIAN_POINT('',(52.50482576512,307.17772070053,
    373.88189526946));
#3923 = CARTESIAN_POINT('',(52.49981700542,307.282282336,373.87891444521
    ));
#3924 = CARTESIAN_POINT('',(52.468550042103,307.93500054433,
    373.8603068722));
#3925 = CARTESIAN_POINT('',(52.442291186716,308.48315703298,
    373.84468012584));
#3926 = CARTESIAN_POINT('',(52.416031651429,309.03131343358,
    373.829053382));
#3927 = CARTESIAN_POINT('',(52.369734726319,309.99771633975,
    373.80150334218));
#3928 = CARTESIAN_POINT('',(52.349697622063,310.41596288239,
    373.78958004514));
#3929 = CARTESIAN_POINT('',(52.329660118322,310.83420937308,
    373.77765674959));
#3930 = CARTESIAN_POINT('',(52.267269347022,312.13647715571,
    373.74053193442));
#3931 = CARTESIAN_POINT('',(52.224914688713,313.02049826645,
    373.71533041997));
#3932 = CARTESIAN_POINT('',(52.182558223444,313.90451914084,
    373.69012891226));
#3933 = CARTESIAN_POINT('',(52.082203950624,315.99892032705,
    373.63042210083));
#3934 = CARTESIAN_POINT('',(52.024204549095,317.20930042955,
    373.59591680308));
#3935 = CARTESIAN_POINT('',(51.966201691467,318.4196800758,
    373.56141151833));
#3936 = CARTESIAN_POINT('',(51.873573714618,320.35248511896,
    373.50631146061));
#3937 = CARTESIAN_POINT('',(51.838950846654,321.07491081471,
    373.48571667912));
#3938 = CARTESIAN_POINT('',(51.804326724191,321.7973363434,
    373.46512190239));
#3939 = CARTESIAN_POINT('',(51.735227796715,323.23901898027,
    373.42402267369));
#3940 = CARTESIAN_POINT('',(51.700753002758,323.95827608994,
    373.40351822168));
#3941 = CARTESIAN_POINT('',(51.666276947733,324.67753303056,
    373.38301377449));
#3942 = CARTESIAN_POINT('',(51.597322275769,326.11604702793,
    373.34200487679));
#3943 = CARTESIAN_POINT('',(51.562843658827,326.83530408469,
    373.32150042629));
#3944 = CARTESIAN_POINT('',(51.528363762977,327.55456096887,
    373.3009959807));
#3945 = CARTESIAN_POINT('',(51.459401372881,328.99307485581,
    373.25998708615));
#3946 = CARTESIAN_POINT('',(51.424918878633,329.71233185857,
    373.23948263719));
#3947 = CARTESIAN_POINT('',(51.3904350873,330.43158868514,
    373.21897819325));
#3948 = CARTESIAN_POINT('',(51.328149211422,331.73068694352,
    373.1819437343));
#3949 = CARTESIAN_POINT('',(51.30034758422,332.31052843766,
    373.16541371753));
#3950 = CARTESIAN_POINT('',(51.272545103162,332.89036981512,
    373.14888370407));
#3951 = CARTESIAN_POINT('',(51.233195016666,333.71101955932,
    373.12548876912));
#3952 = CARTESIAN_POINT('',(51.22164812189,333.95182802345,
    373.11862384483));
#3953 = CARTESIAN_POINT('',(51.210101078643,334.19263646721,
    373.11175892113));
#3954 = CARTESIAN_POINT('',(51.139906264823,335.65649905255,
    373.07002739046));
#3955 = CARTESIAN_POINT('',(51.081254804,336.87955268727,373.03516079794
    ));
#3956 = CARTESIAN_POINT('',(51.022599457579,338.10260578528,
    373.00029422072));
#3957 = CARTESIAN_POINT('',(50.913790996426,340.37127437239,
    372.93561942564));
#3958 = CARTESIAN_POINT('',(50.863638940261,341.41689000859,
    372.90581120359));
#3959 = CARTESIAN_POINT('',(50.813483978993,342.46250523912,
    372.87600299311));
#3960 = CARTESIAN_POINT('',(50.745998795917,343.86933270452,
    372.83589740935));
#3961 = CARTESIAN_POINT('',(50.728671159709,344.23054530228,
    372.82560002573));
#3962 = CARTESIAN_POINT('',(50.711343171852,344.59175785061,
    372.81530264353));
#3963 = CARTESIAN_POINT('',(50.679878548311,345.24764380205,
    372.79660476507));
#3964 = CARTESIAN_POINT('',(50.665742030679,345.54231722179,
    372.78820426834));
#3965 = CARTESIAN_POINT('',(50.651605277467,345.83699060831,
    372.77980377257));
#3966 = CARTESIAN_POINT('',(50.587456752754,347.17411127898,
    372.74168537755));
#3967 = CARTESIAN_POINT('',(50.537442260475,348.21655817883,
    372.71196748926));
#3968 = CARTESIAN_POINT('',(50.487424779999,349.25900465447,
    372.68224961307));
#3969 = CARTESIAN_POINT('',(50.370051359027,351.70511088558,
    372.61251645763));
#3970 = CARTESIAN_POINT('',(50.30269296285,353.10877029062,
    372.57250118837));
#3971 = CARTESIAN_POINT('',(50.2353290126,354.51242889767,
    372.53248594185));
#3972 = CARTESIAN_POINT('',(50.118838873175,356.93952252678,
    372.46329479424));
#3973 = CARTESIAN_POINT('',(50.06971532347,357.9629579308,
    372.43411888225));
#3974 = CARTESIAN_POINT('',(50.020588746471,358.98639289451,
    372.40494298281));
#3975 = CARTESIAN_POINT('',(49.922937833039,361.02058899565,
    372.3469524871));
#3976 = CARTESIAN_POINT('',(49.874413571909,362.03135014409,
    372.3181378905));
#3977 = CARTESIAN_POINT('',(49.825886295227,363.04211084937,
    372.28932330654));
#3978 = CARTESIAN_POINT('',(49.72867345552,365.06680110368,
    372.23160380179));
#3979 = CARTESIAN_POINT('',(49.67998787335,366.08073064988,
    372.20269888108));
#3980 = CARTESIAN_POINT('',(49.631299192041,367.09465973588,
    372.17379397349));
#3981 = CARTESIAN_POINT('',(49.534067666307,369.11934969852,
    372.11607447705));
#3982 = CARTESIAN_POINT('',(49.48552484142,370.13011057809,
    372.08725988812));
#3983 = CARTESIAN_POINT('',(49.436978870652,371.14087098555,
    372.05844531265));
#3984 = CARTESIAN_POINT('',(49.34977298535,372.9564375459,
    372.00668746846));
#3985 = CARTESIAN_POINT('',(49.311114234635,373.76124387438,
    371.98374419475));
#3986 = CARTESIAN_POINT('',(49.272453450801,374.56604989482,
    371.96080092981));
#3987 = CARTESIAN_POINT('',(49.195279957565,376.17249362139,
    371.91500472167));
#3988 = CARTESIAN_POINT('',(49.156767264272,376.97413132999,
    371.89215177839));
#3989 = CARTESIAN_POINT('',(49.118252519135,377.77576872502,
    371.86929884406));
#3990 = CARTESIAN_POINT('',(49.030257522229,379.60717801222,
    371.81708935827));
#3991 = CARTESIAN_POINT('',(48.980775924911,380.63694969786,
    371.78773281271));
#3992 = CARTESIAN_POINT('',(48.931290874941,381.66672085068,
    371.75837628233));
#3993 = CARTESIAN_POINT('',(48.832618267575,383.71992647239,
    371.69984386663));
#3994 = CARTESIAN_POINT('',(48.783430753006,384.74336094793,
    371.67066798111));
#3995 = CARTESIAN_POINT('',(48.734239751997,385.76679487938,
    371.6414921111));
#3996 = CARTESIAN_POINT('',(48.671185454345,387.07856424486,
    371.60409642652));
#3997 = CARTESIAN_POINT('',(48.657325403387,387.36690018831,
    371.59587659743));
#3998 = CARTESIAN_POINT('',(48.643465071721,387.65523608763,
    371.58765676959));
#3999 = CARTESIAN_POINT('',(48.56593695123,389.26801731831,
    371.54167989302));
#4000 = CARTESIAN_POINT('',(48.502263502597,390.5924617585,
    371.5039228697));
#4001 = CARTESIAN_POINT('',(48.43858402716,391.91690524289,
    371.46616587362));
#4002 = CARTESIAN_POINT('',(48.311517434584,394.5594558392,
    371.39083251763));
#4003 = CARTESIAN_POINT('',(48.248130375798,395.87756296046,
    371.35325615745));
#4004 = CARTESIAN_POINT('',(48.184737172336,397.19566909263,
    371.31567982547));
#4005 = CARTESIAN_POINT('',(48.091924006775,399.12529986884,
    371.26067025918));
#4006 = CARTESIAN_POINT('',(48.062508938101,399.73682530661,
    371.24323700225));
#4007 = CARTESIAN_POINT('',(48.033092518176,400.34835052444,
    371.22580375159));
#4008 = CARTESIAN_POINT('',(47.962063009025,401.82488341213,
    371.18371101822));
#4009 = CARTESIAN_POINT('',(47.920448558163,402.68989085956,
    371.15905154186));
#4010 = CARTESIAN_POINT('',(47.878831359006,403.55489785585,
    371.13439207835));
#4011 = CARTESIAN_POINT('',(47.795896259455,405.27857511876,
    371.08525379769));
#4012 = CARTESIAN_POINT('',(47.754578399565,406.13724539207,
    371.06077498035));
#4013 = CARTESIAN_POINT('',(47.713257778781,406.99591520759,
    371.03629617605));
#4014 = CARTESIAN_POINT('',(47.635642913239,408.60869373792,
    370.99031937646));
#4015 = CARTESIAN_POINT('',(47.599349306091,409.36280255899,
    370.96882137815));
#4016 = CARTESIAN_POINT('',(47.563053530474,410.11691101707,
    370.94732339018));
#4017 = CARTESIAN_POINT('',(47.490762582279,411.61879114355,
    370.9045080623));
#4018 = CARTESIAN_POINT('',(47.4547674463,412.36656281811,
    370.88319072221));
#4019 = CARTESIAN_POINT('',(47.418770141586,413.11433412638,
    370.86187339256));
#4020 = CARTESIAN_POINT('',(47.346771108768,414.6098770121,
    370.8192387256));
#4021 = CARTESIAN_POINT('',(47.31076938066,415.35764858955,
    370.79792138828));
#4022 = CARTESIAN_POINT('',(47.274765446582,416.10541979106,
    370.77660406168));
#4023 = CARTESIAN_POINT('',(47.205346747681,417.547097514,
    370.73550497306));
#4024 = CARTESIAN_POINT('',(47.171932291858,418.24100408832,
    370.71572320954));
#4025 = CARTESIAN_POINT('',(47.138515904813,418.93491033064,
    370.69594145549));
#4026 = CARTESIAN_POINT('',(47.100628541432,419.72161218636,
    370.67351430081));
#4027 = CARTESIAN_POINT('',(47.096159476792,419.81440812975,
    370.67086889079));
#4028 = CARTESIAN_POINT('',(47.091690377317,419.90720406707,
    370.66822348094));
#4029 = CARTESIAN_POINT('',(47.087221246267,420.,370.66557807121));
#4030 = PCURVE('',#1175,#4031);
#4031 = DEFINITIONAL_REPRESENTATION('',(#4032),#4173);
#4032 = B_SPLINE_CURVE_WITH_KNOTS('',4,(#4033,#4034,#4035,#4036,#4037,
    #4038,#4039,#4040,#4041,#4042,#4043,#4044,#4045,#4046,#4047,#4048,
    #4049,#4050,#4051,#4052,#4053,#4054,#4055,#4056,#4057,#4058,#4059,
    #4060,#4061,#4062,#4063,#4064,#4065,#4066,#4067,#4068,#4069,#4070,
    #4071,#4072,#4073,#4074,#4075,#4076,#4077,#4078,#4079,#4080,#4081,
    #4082,#4083,#4084,#4085,#4086,#4087,#4088,#4089,#4090,#4091,#4092,
    #4093,#4094,#4095,#4096,#4097,#4098,#4099,#4100,#4101,#4102,#4103,
    #4104,#4105,#4106,#4107,#4108,#4109,#4110,#4111,#4112,#4113,#4114,
    #4115,#4116,#4117,#4118,#4119,#4120,#4121,#4122,#4123,#4124,#4125,
    #4126,#4127,#4128,#4129,#4130,#4131,#4132,#4133,#4134,#4135,#4136,
    #4137,#4138,#4139,#4140,#4141,#4142,#4143,#4144,#4145,#4146,#4147,
    #4148,#4149,#4150,#4151,#4152,#4153,#4154,#4155,#4156,#4157,#4158,
    #4159,#4160,#4161,#4162,#4163,#4164,#4165,#4166,#4167,#4168,#4169,
    #4170,#4171,#4172),.UNSPECIFIED.,.F.,.F.,(5,3,3,3,3,3,3,3,3,3,3,3,3,
    3,3,3,3,3,3,3,3,3,3,3,3,3,3,3,3,3,3,3,3,3,3,3,3,3,3,3,3,3,3,3,3,3,5)
  ,(0.,3.410542276785E-02,4.411113211759E-02,5.171547278376E-02,
    5.972004337245E-02,6.18212434024E-02,8.793616684304E-02,
    9.123805488287E-02,0.102644579244,0.105746353962,0.10764744181,
    0.110949331441,0.128259242113,0.141466809059,0.169382817452,
    0.207604768708,0.230417889141,0.25313096622,0.275844057754,
    0.298557164046,0.316867740867,0.324472136344,0.363094487714,
    0.396113633033,0.407520254926,0.416825660114,0.449744804559,
    0.494070640575,0.526389521559,0.558308205989,0.590326987415,
    0.622245749713,0.647660718095,0.672975653954,0.705494880141,
    0.737814033795,0.746919438483,0.788744313626,0.830369152725,
    0.849680705813,0.876997080368,0.904113373816,0.927927716065,
    0.951541969012,0.975156253898,0.997069539125,1.),.UNSPECIFIED.);
#4033 = CARTESIAN_POINT('',(53.167861167378,-63.25945283859));
#4034 = CARTESIAN_POINT('',(53.11614991919,-62.17898732056));
#4035 = CARTESIAN_POINT('',(53.06443621289,-61.09852211087));
#4036 = CARTESIAN_POINT('',(53.012720023831,-60.018057214));
#4037 = CARTESIAN_POINT('',(52.945828306992,-58.62061035826));
#4038 = CARTESIAN_POINT('',(52.930655071424,-58.30362810926));
#4039 = CARTESIAN_POINT('',(52.915481619347,-57.98664588769));
#4040 = CARTESIAN_POINT('',(52.888775959137,-57.42875717682));
#4041 = CARTESIAN_POINT('',(52.877243842729,-57.18785067586));
#4042 = CARTESIAN_POINT('',(52.86571160061,-56.94694419088));
#4043 = CARTESIAN_POINT('',(52.842039895417,-56.45245191866));
#4044 = CARTESIAN_POINT('',(52.82990041873,-56.19886613316));
#4045 = CARTESIAN_POINT('',(52.817760802105,-55.94528036548));
#4046 = CARTESIAN_POINT('',(52.802434358641,-55.62512834841));
#4047 = CARTESIAN_POINT('',(52.79924766241,-55.55856208239));
#4048 = CARTESIAN_POINT('',(52.796060956507,-55.4919958176));
#4049 = CARTESIAN_POINT('',(52.75326790539,-54.59810571444));
#4050 = CARTESIAN_POINT('',(52.713660074936,-53.77078206548));
#4051 = CARTESIAN_POINT('',(52.674050737946,-52.94345860932));
#4052 = CARTESIAN_POINT('',(52.629431611713,-52.01153122068));
#4053 = CARTESIAN_POINT('',(52.624423316596,-51.90692709631));
#4054 = CARTESIAN_POINT('',(52.619414997181,-51.80232297505));
#4055 = CARTESIAN_POINT('',(52.597105099259,-51.33635911145));
#4056 = CARTESIAN_POINT('',(52.579803254823,-50.97499940329));
#4057 = CARTESIAN_POINT('',(52.562501119145,-50.61363973262));
#4058 = CARTESIAN_POINT('',(52.540493644202,-50.15401562061));
#4059 = CARTESIAN_POINT('',(52.535788575568,-50.05575114436));
#4060 = CARTESIAN_POINT('',(52.531083485304,-49.95748667091));
#4061 = CARTESIAN_POINT('',(52.523494594943,-49.79899558549));
#4062 = CARTESIAN_POINT('',(52.520610808363,-49.73876897179));
#4063 = CARTESIAN_POINT('',(52.517727013645,-49.67854235914));
#4064 = CARTESIAN_POINT('',(52.509834500234,-49.51371162594));
#4065 = CARTESIAN_POINT('',(52.50482576512,-49.40910750752));
#4066 = CARTESIAN_POINT('',(52.49981700542,-49.30450339228));
#4067 = CARTESIAN_POINT('',(52.468550042103,-48.65152000715));
#4068 = CARTESIAN_POINT('',(52.442291186716,-48.1031408215));
#4069 = CARTESIAN_POINT('',(52.416031651429,-47.55476172394));
#4070 = CARTESIAN_POINT('',(52.369734726319,-46.58796620174));
#4071 = CARTESIAN_POINT('',(52.349697622063,-46.16954974002));
#4072 = CARTESIAN_POINT('',(52.329660118322,-45.75113333026));
#4073 = CARTESIAN_POINT('',(52.267269347022,-44.44833648133));
#4074 = CARTESIAN_POINT('',(52.224914688713,-43.56395622344));
#4075 = CARTESIAN_POINT('',(52.182558223444,-42.67957620197));
#4076 = CARTESIAN_POINT('',(52.082203950624,-40.5843241331));
#4077 = CARTESIAN_POINT('',(52.024204549095,-39.37345229509));
#4078 = CARTESIAN_POINT('',(51.966201691467,-38.16258091351));
#4079 = CARTESIAN_POINT('',(51.873573714618,-36.2289906386));
#4080 = CARTESIAN_POINT('',(51.838950846654,-35.50627144631));
#4081 = CARTESIAN_POINT('',(51.804326724191,-34.78355242115));
#4082 = CARTESIAN_POINT('',(51.735227796715,-33.34128407855));
#4083 = CARTESIAN_POINT('',(51.700753002758,-32.62173475963));
#4084 = CARTESIAN_POINT('',(51.666276947733,-31.90218560982));
#4085 = CARTESIAN_POINT('',(51.597322275769,-30.46308719403));
#4086 = CARTESIAN_POINT('',(51.562843658827,-29.74353792805));
#4087 = CARTESIAN_POINT('',(51.528363762977,-29.0239888347));
#4088 = CARTESIAN_POINT('',(51.459401372881,-27.58489052939));
#4089 = CARTESIAN_POINT('',(51.424918878633,-26.86534131742));
#4090 = CARTESIAN_POINT('',(51.3904350873,-26.14579228171));
#4091 = CARTESIAN_POINT('',(51.328149211422,-24.8461662447));
#4092 = CARTESIAN_POINT('',(51.30034758422,-24.26608918104));
#4093 = CARTESIAN_POINT('',(51.272545103162,-23.68601223411));
#4094 = CARTESIAN_POINT('',(51.233195016666,-22.86502908835));
#4095 = CARTESIAN_POINT('',(51.22164812189,-22.62412279207));
#4096 = CARTESIAN_POINT('',(51.210101078643,-22.38321651618));
#4097 = CARTESIAN_POINT('',(51.139906264823,-20.91875921417));
#4098 = CARTESIAN_POINT('',(51.081254804,-19.69520869512));
#4099 = CARTESIAN_POINT('',(51.022599457579,-18.471658713));
#4100 = CARTESIAN_POINT('',(50.913790996426,-16.20206844441));
#4101 = CARTESIAN_POINT('',(50.863638940261,-15.15602801079));
#4102 = CARTESIAN_POINT('',(50.813483978993,-14.109987983));
#4103 = CARTESIAN_POINT('',(50.745998795917,-12.70258897233));
#4104 = CARTESIAN_POINT('',(50.728671159709,-12.3412296264));
#4105 = CARTESIAN_POINT('',(50.711343171852,-11.97987032993));
#4106 = CARTESIAN_POINT('',(50.679878548311,-11.32371791474));
#4107 = CARTESIAN_POINT('',(50.665742030679,-11.02892477939));
#4108 = CARTESIAN_POINT('',(50.651605277467,-10.73413167728));
#4109 = CARTESIAN_POINT('',(50.587456752754,-9.39646778079));
#4110 = CARTESIAN_POINT('',(50.537442260475,-8.353597370869));
#4111 = CARTESIAN_POINT('',(50.487424779999,-7.310727385329));
#4112 = CARTESIAN_POINT('',(50.370051359027,-4.863627385974));
#4113 = CARTESIAN_POINT('',(50.30269296285,-3.459397722732));
#4114 = CARTESIAN_POINT('',(50.2353290126,-2.055168857809));
#4115 = CARTESIAN_POINT('',(50.118838873175,0.372910815386));
#4116 = CARTESIAN_POINT('',(50.06971532347,1.396762005769));
#4117 = CARTESIAN_POINT('',(50.020588746471,2.420612755663));
#4118 = CARTESIAN_POINT('',(49.922937833039,4.455635280228));
#4119 = CARTESIAN_POINT('',(49.874413571909,5.466807065911));
#4120 = CARTESIAN_POINT('',(49.825886295227,6.477978408259));
#4121 = CARTESIAN_POINT('',(49.72867345552,8.503491224097));
#4122 = CARTESIAN_POINT('',(49.67998787335,9.517832694761));
#4123 = CARTESIAN_POINT('',(49.631299192041,10.532173705029));
#4124 = CARTESIAN_POINT('',(49.534067666307,12.557686229081));
#4125 = CARTESIAN_POINT('',(49.48552484142,13.568857745786));
#4126 = CARTESIAN_POINT('',(49.436978870652,14.580028790194));
#4127 = CARTESIAN_POINT('',(49.34977298535,16.396332952359));
#4128 = CARTESIAN_POINT('',(49.311114234635,17.201466245785));
#4129 = CARTESIAN_POINT('',(49.272453450801,18.00659923103));
#4130 = CARTESIAN_POINT('',(49.195279957565,19.613695600057));
#4131 = CARTESIAN_POINT('',(49.156767264272,20.415658986287));
#4132 = CARTESIAN_POINT('',(49.118252519135,21.217622058832));
#4133 = CARTESIAN_POINT('',(49.030257522229,23.049775384199));
#4134 = CARTESIAN_POINT('',(48.980775924911,24.07996543041));
#4135 = CARTESIAN_POINT('',(48.931290874941,25.110154943583));
#4136 = CARTESIAN_POINT('',(48.832618267575,27.164194711629));
#4137 = CARTESIAN_POINT('',(48.783430753006,28.188044973151));
#4138 = CARTESIAN_POINT('',(48.734239751997,29.211894690367));
#4139 = CARTESIAN_POINT('',(48.671185454345,30.524196982306));
#4140 = CARTESIAN_POINT('',(48.657325403387,30.812650066664));
#4141 = CARTESIAN_POINT('',(48.643465071721,31.101103106875));
#4142 = CARTESIAN_POINT('',(48.56593695123,32.71453955471));
#4143 = CARTESIAN_POINT('',(48.502263502597,34.039522070803));
#4144 = CARTESIAN_POINT('',(48.43858402716,35.36450363071));
#4145 = CARTESIAN_POINT('',(48.311517434584,38.008127803816));
#4146 = CARTESIAN_POINT('',(48.248130375798,39.326770426346));
#4147 = CARTESIAN_POINT('',(48.184737172336,40.645412059387));
#4148 = CARTESIAN_POINT('',(48.091924006775,42.575826777748));
#4149 = CARTESIAN_POINT('',(48.0625089381,43.187600657127));
#4150 = CARTESIAN_POINT('',(48.033092518176,43.799374316477));
#4151 = CARTESIAN_POINT('',(47.962063009025,45.276507068336));
#4152 = CARTESIAN_POINT('',(47.920448558163,46.141865938337));
#4153 = CARTESIAN_POINT('',(47.878831359006,47.007224357007));
#4154 = CARTESIAN_POINT('',(47.795896259455,48.731601890296));
#4155 = CARTESIAN_POINT('',(47.754578399565,49.590621011601));
#4156 = CARTESIAN_POINT('',(47.713257778781,50.449639674931));
#4157 = CARTESIAN_POINT('',(47.635642913239,52.06307342132));
#4158 = CARTESIAN_POINT('',(47.599349306091,52.817488610685));
#4159 = CARTESIAN_POINT('',(47.563053530474,53.571903436911));
#4160 = CARTESIAN_POINT('',(47.490762582279,55.074393725274));
#4161 = CARTESIAN_POINT('',(47.4547674463,55.822469193567));
#4162 = CARTESIAN_POINT('',(47.418770141585,56.570544295421));
#4163 = CARTESIAN_POINT('',(47.346771108768,58.066694768421));
#4164 = CARTESIAN_POINT('',(47.31076938066,58.814770139563));
#4165 = CARTESIAN_POINT('',(47.274765446582,59.562845134619));
#4166 = CARTESIAN_POINT('',(47.205346747681,61.005108561283));
#4167 = CARTESIAN_POINT('',(47.171932291858,61.699297045815));
#4168 = CARTESIAN_POINT('',(47.138515904813,62.393485198209));
#4169 = CARTESIAN_POINT('',(47.100628541432,63.180506663646));
#4170 = CARTESIAN_POINT('',(47.096159476792,63.273340306812));
#4171 = CARTESIAN_POINT('',(47.091690377317,63.366173943908));
#4172 = CARTESIAN_POINT('',(47.087221246267,63.45900757661));
#4173 = ( GEOMETRIC_REPRESENTATION_CONTEXT(2) 
PARAMETRIC_REPRESENTATION_CONTEXT() REPRESENTATION_CONTEXT('2D SPACE',''
  ) );
#4174 = PCURVE('',#1312,#4175);
#4175 = DEFINITIONAL_REPRESENTATION('',(#4176),#4317);
#4176 = B_SPLINE_CURVE_WITH_KNOTS('',4,(#4177,#4178,#4179,#4180,#4181,
    #4182,#4183,#4184,#4185,#4186,#4187,#4188,#4189,#4190,#4191,#4192,
    #4193,#4194,#4195,#4196,#4197,#4198,#4199,#4200,#4201,#4202,#4203,
    #4204,#4205,#4206,#4207,#4208,#4209,#4210,#4211,#4212,#4213,#4214,
    #4215,#4216,#4217,#4218,#4219,#4220,#4221,#4222,#4223,#4224,#4225,
    #4226,#4227,#4228,#4229,#4230,#4231,#4232,#4233,#4234,#4235,#4236,
    #4237,#4238,#4239,#4240,#4241,#4242,#4243,#4244,#4245,#4246,#4247,
    #4248,#4249,#4250,#4251,#4252,#4253,#4254,#4255,#4256,#4257,#4258,
    #4259,#4260,#4261,#4262,#4263,#4264,#4265,#4266,#4267,#4268,#4269,
    #4270,#4271,#4272,#4273,#4274,#4275,#4276,#4277,#4278,#4279,#4280,
    #4281,#4282,#4283,#4284,#4285,#4286,#4287,#4288,#4289,#4290,#4291,
    #4292,#4293,#4294,#4295,#4296,#4297,#4298,#4299,#4300,#4301,#4302,
    #4303,#4304,#4305,#4306,#4307,#4308,#4309,#4310,#4311,#4312,#4313,
    #4314,#4315,#4316),.UNSPECIFIED.,.F.,.F.,(5,3,3,3,3,3,3,3,3,3,3,3,3,
    3,3,3,3,3,3,3,3,3,3,3,3,3,3,3,3,3,3,3,3,3,3,3,3,3,3,3,3,3,3,3,3,3,5)
  ,(0.,3.410542276785E-02,4.411113211759E-02,5.171547278376E-02,
    5.972004337245E-02,6.18212434024E-02,8.793616684304E-02,
    9.123805488287E-02,0.102644579244,0.105746353962,0.10764744181,
    0.110949331441,0.128259242113,0.141466809059,0.169382817452,
    0.207604768708,0.230417889141,0.25313096622,0.275844057754,
    0.298557164046,0.316867740867,0.324472136344,0.363094487714,
    0.396113633033,0.407520254926,0.416825660114,0.449744804559,
    0.494070640575,0.526389521559,0.558308205989,0.590326987415,
    0.622245749713,0.647660718095,0.672975653954,0.705494880141,
    0.737814033795,0.746919438483,0.788744313626,0.830369152725,
    0.849680705813,0.876997080368,0.904113373816,0.927927716065,
    0.951541969012,0.975156253898,0.997069539125,1.),.UNSPECIFIED.);
#4177 = CARTESIAN_POINT('',(3.825999237313,1.24593087234E-03));
#4178 = CARTESIAN_POINT('',(3.832675699475,9.772353014933E-03));
#4179 = CARTESIAN_POINT('',(3.839383024685,1.829877243247E-02));
#4180 = CARTESIAN_POINT('',(3.846121533168,2.682518913723E-02));
#4181 = CARTESIAN_POINT('',(3.854877712368,3.785304746787E-02));
#4182 = CARTESIAN_POINT('',(3.856866584871,4.035449164647E-02));
#4183 = CARTESIAN_POINT('',(3.858858177752,4.28559355847E-02));
#4184 = CARTESIAN_POINT('',(3.862368184095,4.725847688132E-02));
#4185 = CARTESIAN_POINT('',(3.863885444944,4.915957434164E-02));
#4186 = CARTESIAN_POINT('',(3.865404285571,5.106067166214E-02));
#4187 = CARTESIAN_POINT('',(3.868525156377,5.496292413552E-02));
#4188 = CARTESIAN_POINT('',(3.870127357622,5.696407927326E-02));
#4189 = CARTESIAN_POINT('',(3.871731317704,5.896523425507E-02));
#4190 = CARTESIAN_POINT('',(3.873758543357,6.14916922847E-02));
#4191 = CARTESIAN_POINT('',(3.874180167253,6.201699547818E-02));
#4192 = CARTESIAN_POINT('',(3.874601912721,6.254229866088E-02));
#4193 = CARTESIAN_POINT('',(3.880266987212,6.959637202204E-02));
#4194 = CARTESIAN_POINT('',(3.885528985802,7.612514054331E-02));
#4195 = CARTESIAN_POINT('',(3.890809926211,8.265390737875E-02));
#4196 = CARTESIAN_POINT('',(3.896780082027,9.000814885316E-02));
#4197 = CARTESIAN_POINT('',(3.897450507037,9.083362516901E-02));
#4198 = CARTESIAN_POINT('',(3.898121237626,9.165910145758E-02));
#4199 = CARTESIAN_POINT('',(3.901110400543,9.533622349536E-02));
#4200 = CARTESIAN_POINT('',(3.903432177453,9.818786894589E-02));
#4201 = CARTESIAN_POINT('',(3.905757617691,0.101039514069));
#4202 = CARTESIAN_POINT('',(3.908720090597,0.104666606269));
#4203 = CARTESIAN_POINT('',(3.90935371881,0.105442053651));
#4204 = CARTESIAN_POINT('',(3.909987619131,0.106217501008));
#4205 = CARTESIAN_POINT('',(3.911010478333,0.107468222542));
#4206 = CARTESIAN_POINT('',(3.911399267161,0.107943496734));
#4207 = CARTESIAN_POINT('',(3.911788158364,0.108418770917));
#4208 = CARTESIAN_POINT('',(3.912852772581,0.109719521339));
#4209 = CARTESIAN_POINT('',(3.913528702169,0.110544997561));
#4210 = CARTESIAN_POINT('',(3.914204941085,0.111370473754));
#4211 = CARTESIAN_POINT('',(3.918428245128,0.11652344729));
#4212 = CARTESIAN_POINT('',(3.921983510587,0.120850943896));
#4213 = CARTESIAN_POINT('',(3.92554733168,0.125178439734));
#4214 = CARTESIAN_POINT('',(3.931845535192,0.132807839807));
#4215 = CARTESIAN_POINT('',(3.934576323531,0.136109744366));
#4216 = CARTESIAN_POINT('',(3.937312140309,0.139411648471));
#4217 = CARTESIAN_POINT('',(3.94584620344,0.1496925794));
#4218 = CARTESIAN_POINT('',(3.951661957844,0.156671604643));
#4219 = CARTESIAN_POINT('',(3.957500465918,0.163650627827));
#4220 = CARTESIAN_POINT('',(3.971387307462,0.180185162758));
#4221 = CARTESIAN_POINT('',(3.979455718121,0.189740672682));
#4222 = CARTESIAN_POINT('',(3.987567676447,0.199296178636));
#4223 = CARTESIAN_POINT('',(4.000591721036,0.214554969083));
#4224 = CARTESIAN_POINT('',(4.005475430258,0.220258256173));
#4225 = CARTESIAN_POINT('',(4.010374955902,0.225961541812));
#4226 = CARTESIAN_POINT('',(4.020184314941,0.237343099302));
#4227 = CARTESIAN_POINT('',(4.02509400891,0.243021371166));
#4228 = CARTESIAN_POINT('',(4.030019609236,0.248699641563));
#4229 = CARTESIAN_POINT('',(4.039902858001,0.260056183007));
#4230 = CARTESIAN_POINT('',(4.044860506463,0.265734454055));
#4231 = CARTESIAN_POINT('',(4.04983429356,0.271412723607));
#4232 = CARTESIAN_POINT('',(4.05981438504,0.282769263379));
#4233 = CARTESIAN_POINT('',(4.064820689446,0.288447533598));
#4234 = CARTESIAN_POINT('',(4.069843369283,0.294125802293));
#4235 = CARTESIAN_POINT('',(4.078944967076,0.304381706058));
#4236 = CARTESIAN_POINT('',(4.083018109847,0.308959341668));
#4237 = CARTESIAN_POINT('',(4.087102036804,0.313536976269));
#4238 = CARTESIAN_POINT('',(4.092897375293,0.32001570431));
#4239 = CARTESIAN_POINT('',(4.094599809478,0.321916798593));
#4240 = CARTESIAN_POINT('',(4.096304119343,0.323817892699));
#4241 = CARTESIAN_POINT('',(4.106675965679,0.335374549383));
#4242 = CARTESIAN_POINT('',(4.115390125886,0.34503010758));
#4243 = CARTESIAN_POINT('',(4.124153396865,0.354685661142));
#4244 = CARTESIAN_POINT('',(4.140500852002,0.372595962979));
#4245 = CARTESIAN_POINT('',(4.148071651359,0.380850712524));
#4246 = CARTESIAN_POINT('',(4.155679195918,0.389105458571));
#4247 = CARTESIAN_POINT('',(4.165964784905,0.400211841401));
#4248 = CARTESIAN_POINT('',(4.168610114036,0.403063481309));
#4249 = CARTESIAN_POINT('',(4.171259893072,0.405915120791));
#4250 = CARTESIAN_POINT('',(4.176079445271,0.411093097748));
#4251 = CARTESIAN_POINT('',(4.178247724379,0.413419435366));
#4252 = CARTESIAN_POINT('',(4.180418985256,0.415745772697));
#4253 = CARTESIAN_POINT('',(4.190284950555,0.426301845433));
#4254 = CARTESIAN_POINT('',(4.198014095541,0.43453157753));
#4255 = CARTESIAN_POINT('',(4.205781079063,0.44276130598));
#4256 = CARTESIAN_POINT('',(4.224096126429,0.462072407103));
#4257 = CARTESIAN_POINT('',(4.234675296694,0.473153776766));
#4258 = CARTESIAN_POINT('',(4.245324853586,0.48423513958));
#4259 = CARTESIAN_POINT('',(4.263862768184,0.503396140417));
#4260 = CARTESIAN_POINT('',(4.271717659797,0.511475781715));
#4261 = CARTESIAN_POINT('',(4.279610947952,0.519555419241));
#4262 = CARTESIAN_POINT('',(4.295376944849,0.535614638568));
#4263 = CARTESIAN_POINT('',(4.303248698138,0.543594220463));
#4264 = CARTESIAN_POINT('',(4.311158725756,0.551573798567));
#4265 = CARTESIAN_POINT('',(4.327081098326,0.567557971026));
#4266 = CARTESIAN_POINT('',(4.33509368637,0.575562565355));
#4267 = CARTESIAN_POINT('',(4.343145637286,0.583567155755));
#4268 = CARTESIAN_POINT('',(4.35930386256,0.599551324131));
#4269 = CARTESIAN_POINT('',(4.367409888669,0.607530902132));
#4270 = CARTESIAN_POINT('',(4.375555899735,0.615510476108));
#4271 = CARTESIAN_POINT('',(4.390260707312,0.629843691996));
#4272 = CARTESIAN_POINT('',(4.396804706,0.636197335404));
#4273 = CARTESIAN_POINT('',(4.403374562857,0.64255097619));
#4274 = CARTESIAN_POINT('',(4.416540492333,0.655233244727));
#4275 = CARTESIAN_POINT('',(4.423136359993,0.6615618725));
#4276 = CARTESIAN_POINT('',(4.429758339011,0.667890497607));
#4277 = CARTESIAN_POINT('',(4.444947009432,0.682348783254));
#4278 = CARTESIAN_POINT('',(4.453530829032,0.69047844204));
#4279 = CARTESIAN_POINT('',(4.462158615395,0.6986080963));
#4280 = CARTESIAN_POINT('',(4.479449784611,0.714817378455));
#4281 = CARTESIAN_POINT('',(4.488112621895,0.722897006406));
#4282 = CARTESIAN_POINT('',(4.496819889554,0.730976629743));
#4283 = CARTESIAN_POINT('',(4.508037898996,0.741332551736));
#4284 = CARTESIAN_POINT('',(4.510507262648,0.743608854707));
#4285 = CARTESIAN_POINT('',(4.512980205343,0.745885157305));
#4286 = CARTESIAN_POINT('',(4.526832476759,0.758617453465));
#4287 = CARTESIAN_POINT('',(4.538283975874,0.769073439479));
#4288 = CARTESIAN_POINT('',(4.549812362325,0.779529417406));
#4289 = CARTESIAN_POINT('',(4.572969743165,0.800391348919));
#4290 = CARTESIAN_POINT('',(4.584597992748,0.810797302583));
#4291 = CARTESIAN_POINT('',(4.596304711592,0.821203247896));
#4292 = CARTESIAN_POINT('',(4.613559314751,0.836436946293));
#4293 = CARTESIAN_POINT('',(4.61904467663,0.841264706074));
#4294 = CARTESIAN_POINT('',(4.624547307208,0.846092464));
#4295 = CARTESIAN_POINT('',(4.6378754515,0.857749126668));
#4296 = CARTESIAN_POINT('',(4.645718370761,0.864578029534));
#4297 = CARTESIAN_POINT('',(4.653596432632,0.871406928601));
#4298 = CARTESIAN_POINT('',(4.66936558873,0.885014700202));
#4299 = CARTESIAN_POINT('',(4.677256164856,0.891793572793));
#4300 = CARTESIAN_POINT('',(4.685182068419,0.898572441533));
#4301 = CARTESIAN_POINT('',(4.700135761588,0.911304708793));
#4302 = CARTESIAN_POINT('',(4.707155389765,0.917258108207));
#4303 = CARTESIAN_POINT('',(4.714202782581,0.923211504571));
#4304 = CARTESIAN_POINT('',(4.72829414448,0.935068270413));
#4305 = CARTESIAN_POINT('',(4.735337644829,0.940971639942));
#4306 = CARTESIAN_POINT('',(4.742408929795,0.946875006397));
#4307 = CARTESIAN_POINT('',(4.756607572444,0.958681741066));
#4308 = CARTESIAN_POINT('',(4.763734930209,0.96458510928));
#4309 = CARTESIAN_POINT('',(4.770890566551,0.970488474342));
#4310 = CARTESIAN_POINT('',(4.78474140728,0.981869963248));
#4311 = CARTESIAN_POINT('',(4.791432649331,0.987348087536));
#4312 = CARTESIAN_POINT('',(4.798148662409,0.992826209043));
#4313 = CARTESIAN_POINT('',(4.805791124785,0.99903691586));
#4314 = CARTESIAN_POINT('',(4.806693044063,0.999769514787));
#4315 = CARTESIAN_POINT('',(4.807595416845,1.000502111397));
#4316 = CARTESIAN_POINT('',(4.808498195932,1.001234571864));
#4317 = ( GEOMETRIC_REPRESENTATION_CONTEXT(2) 
PARAMETRIC_REPRESENTATION_CONTEXT() REPRESENTATION_CONTEXT('2D SPACE',''
  ) );
#4318 = ORIENTED_EDGE('',*,*,#4319,.F.);
#4319 = EDGE_CURVE('',#3393,#3886,#4320,.T.);
#4320 = SURFACE_CURVE('',#4321,(#4325,#4331),.PCURVE_S1.);
#4321 = LINE('',#4322,#4323);
#4322 = CARTESIAN_POINT('',(-26.81447022507,361.5,372.33328552461));
#4323 = VECTOR('',#4324,1.);
#4324 = DIRECTION('',(1.,0.,1.098462835488E-16));
#4325 = PCURVE('',#1175,#4326);
#4326 = DEFINITIONAL_REPRESENTATION('',(#4327),#4330);
#4327 = B_SPLINE_CURVE_WITH_KNOTS('',1,(#4328,#4329),.UNSPECIFIED.,.F.,
  .F.,(2,2),(-26.3533909423,79.982331392456),.PIECEWISE_BEZIER_KNOTS.);
#4328 = CARTESIAN_POINT('',(-53.16786116737,4.935241052657));
#4329 = CARTESIAN_POINT('',(53.167861167378,4.935241052657));
#4330 = ( GEOMETRIC_REPRESENTATION_CONTEXT(2) 
PARAMETRIC_REPRESENTATION_CONTEXT() REPRESENTATION_CONTEXT('2D SPACE',''
  ) );
#4331 = PCURVE('',#4332,#4337);
#4332 = PLANE('',#4333);
#4333 = AXIS2_PLACEMENT_3D('',#4334,#4335,#4336);
#4334 = CARTESIAN_POINT('',(-53.62894045015,361.5,375.74918399425));
#4335 = DIRECTION('',(0.,-1.,0.));
#4336 = DIRECTION('',(0.623620246609,0.,-0.781727438446));
#4337 = DEFINITIONAL_REPRESENTATION('',(#4338),#4341);
#4338 = B_SPLINE_CURVE_WITH_KNOTS('',1,(#4339,#4340),.UNSPECIFIED.,.F.,
  .F.,(2,2),(-26.3533909423,79.982331392456),.PIECEWISE_BEZIER_KNOTS.);
#4339 = CARTESIAN_POINT('',(2.957839936692,-1.769785119377));
#4340 = CARTESIAN_POINT('',(69.270949322412,81.355766716698));
#4341 = ( GEOMETRIC_REPRESENTATION_CONTEXT(2) 
PARAMETRIC_REPRESENTATION_CONTEXT() REPRESENTATION_CONTEXT('2D SPACE',''
  ) );
#4342 = ADVANCED_FACE('',(#4343),#1696,.F.);
#4343 = FACE_BOUND('',#4344,.F.);
#4344 = EDGE_LOOP('',(#4345,#4346,#4347,#4700,#4872,#4906,#5057,#5410));
#4345 = ORIENTED_EDGE('',*,*,#1574,.F.);
#4346 = ORIENTED_EDGE('',*,*,#3392,.T.);
#4347 = ORIENTED_EDGE('',*,*,#4348,.T.);
#4348 = EDGE_CURVE('',#3393,#4349,#4351,.T.);
#4349 = VERTEX_POINT('',#4350);
#4350 = CARTESIAN_POINT('',(-43.34525923997,361.5,306.80180165558));
#4351 = SURFACE_CURVE('',#4352,(#4466,#4583),.PCURVE_S1.);
#4352 = B_SPLINE_CURVE_WITH_KNOTS('',4,(#4353,#4354,#4355,#4356,#4357,
    #4358,#4359,#4360,#4361,#4362,#4363,#4364,#4365,#4366,#4367,#4368,
    #4369,#4370,#4371,#4372,#4373,#4374,#4375,#4376,#4377,#4378,#4379,
    #4380,#4381,#4382,#4383,#4384,#4385,#4386,#4387,#4388,#4389,#4390,
    #4391,#4392,#4393,#4394,#4395,#4396,#4397,#4398,#4399,#4400,#4401,
    #4402,#4403,#4404,#4405,#4406,#4407,#4408,#4409,#4410,#4411,#4412,
    #4413,#4414,#4415,#4416,#4417,#4418,#4419,#4420,#4421,#4422,#4423,
    #4424,#4425,#4426,#4427,#4428,#4429,#4430,#4431,#4432,#4433,#4434,
    #4435,#4436,#4437,#4438,#4439,#4440,#4441,#4442,#4443,#4444,#4445,
    #4446,#4447,#4448,#4449,#4450,#4451,#4452,#4453,#4454,#4455,#4456,
    #4457,#4458,#4459,#4460,#4461,#4462,#4463,#4464,#4465),
  .UNSPECIFIED.,.F.,.F.,(5,3,3,3,3,3,3,3,3,3,3,3,3,3,3,3,3,3,3,3,3,3,3,3
    ,3,3,3,3,3,3,3,3,3,3,3,3,3,5),(0.,1.58007506088E-02,
    4.110190227549E-02,6.630298788715E-02,8.380370567359E-02,
    0.111004762569,0.119105063491,0.160406499252,0.201507764462,
    0.230708564197,0.259009260697,0.287209877798,0.311410346141,
    0.335510756351,0.359711111839,0.383811409673,0.40951166551,
    0.435111856977,0.461011986326,0.486812050821,0.512612051094,
    0.538411987152,0.564311858382,0.590111665786,0.615911408998,
    0.641711088027,0.681110474029,0.720509710396,0.759908797155,
    0.799307734336,0.824406979279,0.849506163538,0.87460528712,
    0.899704350035,0.92480335229,0.949902293894,0.975001174854,1.),
  .UNSPECIFIED.);
#4353 = CARTESIAN_POINT('',(-49.94224440119,361.5,372.75643109591));
#4354 = CARTESIAN_POINT('',(-49.89733163589,361.5,372.30739285487));
#4355 = CARTESIAN_POINT('',(-49.85241887331,361.5,371.85835489935));
#4356 = CARTESIAN_POINT('',(-49.80750611346,361.5,371.40931722936));
#4357 = CARTESIAN_POINT('',(-49.69067623618,361.5,370.24125305623));
#4358 = CARTESIAN_POINT('',(-49.61875912302,361.5,369.52222699965));
#4359 = CARTESIAN_POINT('',(-49.54684201683,361.5,368.80320167512));
#4360 = CARTESIAN_POINT('',(-49.40329225053,361.5,367.36799623236));
#4361 = CARTESIAN_POINT('',(-49.33165959037,361.5,366.65181610835));
#4362 = CARTESIAN_POINT('',(-49.26002693713,361.5,365.93563671056));
#4363 = CARTESIAN_POINT('',(-49.13864950017,361.5,364.72211276543));
#4364 = CARTESIAN_POINT('',(-49.08890471287,361.5,364.22476784211));
#4365 = CARTESIAN_POINT('',(-49.03915992891,361.5,363.72742326899));
#4366 = CARTESIAN_POINT('',(-48.9120977134,361.5,362.45706569484));
#4367 = CARTESIAN_POINT('',(-48.83478028657,361.5,361.6840531896));
#4368 = CARTESIAN_POINT('',(-48.75746286779,361.5,360.91104153029));
#4369 = CARTESIAN_POINT('',(-48.65712082625,361.5,359.90783303638));
#4370 = CARTESIAN_POINT('',(-48.63409619613,361.5,359.67763543089));
#4371 = CARTESIAN_POINT('',(-48.61107156673,361.5,359.44743790042));
#4372 = CARTESIAN_POINT('',(-48.47065003736,361.5,358.04352041767));
#4373 = CARTESIAN_POINT('',(-48.35325315527,361.5,356.86980234052));
#4374 = CARTESIAN_POINT('',(-48.23585629174,361.5,355.69608621337));
#4375 = CARTESIAN_POINT('',(-48.00163157457,361.5,353.35434635389));
#4376 = CARTESIAN_POINT('',(-47.88480372075,361.5,352.18632260271));
#4377 = CARTESIAN_POINT('',(-47.7679758853,361.5,351.01830078241));
#4378 = CARTESIAN_POINT('',(-47.56814659195,361.5,349.02044962836));
#4379 = CARTESIAN_POINT('',(-47.48514512494,361.5,348.19061933841));
#4380 = CARTESIAN_POINT('',(-47.40214366721,361.5,347.36079002297));
#4381 = CARTESIAN_POINT('',(-47.23869925748,361.5,345.72671247516));
#4382 = CARTESIAN_POINT('',(-47.15825630493,361.5,344.92246418365));
#4383 = CARTESIAN_POINT('',(-47.07781336108,361.5,344.1182168074));
#4384 = CARTESIAN_POINT('',(-46.91721196015,361.5,342.51256793202));
#4385 = CARTESIAN_POINT('',(-46.837053503,361.5,341.71116642643));
#4386 = CARTESIAN_POINT('',(-46.7568950545,361.5,340.90976582955));
#4387 = CARTESIAN_POINT('',(-46.60794834028,361.5,339.42064190767));
#4388 = CARTESIAN_POINT('',(-46.53916007228,361.5,338.73291834318));
#4389 = CARTESIAN_POINT('',(-46.47037181065,361.5,338.04519544782));
#4390 = CARTESIAN_POINT('',(-46.33307970883,361.5,336.67259441968));
#4391 = CARTESIAN_POINT('',(-46.2645758686,361.5,335.98771628137));
#4392 = CARTESIAN_POINT('',(-46.19607203467,361.5,335.30283880662));
#4393 = CARTESIAN_POINT('',(-46.05878029156,361.5,333.93024497512));
#4394 = CARTESIAN_POINT('',(-45.98999238244,361.5,333.24252862388));
#4395 = CARTESIAN_POINT('',(-45.92120447967,361.5,332.55481294165));
#4396 = CARTESIAN_POINT('',(-45.78391309406,361.5,331.18222630938));
#4397 = CARTESIAN_POINT('',(-45.71540961117,361.5,330.49735535382));
#4398 = CARTESIAN_POINT('',(-45.64690613458,361.5,329.81248506168));
#4399 = CARTESIAN_POINT('',(-45.50535142135,361.5,328.39727903647));
#4400 = CARTESIAN_POINT('',(-45.43230018557,361.5,327.6669433944));
#4401 = CARTESIAN_POINT('',(-45.35924895695,361.5,326.9366085067));
#4402 = CARTESIAN_POINT('',(-45.2134309402,361.5,325.47878380799));
#4403 = CARTESIAN_POINT('',(-45.140664152,361.5,324.75129399111));
#4404 = CARTESIAN_POINT('',(-45.06789737091,361.5,324.02380492267));
#4405 = CARTESIAN_POINT('',(-44.92151127025,361.5,322.56030485778));
#4406 = CARTESIAN_POINT('',(-44.84789195084,361.5,321.82429387898));
#4407 = CARTESIAN_POINT('',(-44.77427263871,361.5,321.08828366616));
#4408 = CARTESIAN_POINT('',(-44.62731845634,361.5,319.61910833653));
#4409 = CARTESIAN_POINT('',(-44.55398358604,361.5,318.8859432138));
#4410 = CARTESIAN_POINT('',(-44.48064872295,361.5,318.15277885108));
#4411 = CARTESIAN_POINT('',(-44.33397919374,361.5,316.68645347059));
#4412 = CARTESIAN_POINT('',(-44.26064452763,361.5,315.95329245281));
#4413 = CARTESIAN_POINT('',(-44.18730986872,361.5,315.22013219496));
#4414 = CARTESIAN_POINT('',(-44.04064074785,361.5,313.75381502381));
#4415 = CARTESIAN_POINT('',(-43.96730628588,361.5,313.02065811051));
#4416 = CARTESIAN_POINT('',(-43.89397183113,361.5,312.28750195705));
#4417 = CARTESIAN_POINT('',(-43.74701887755,361.5,310.81835131735));
#4418 = CARTESIAN_POINT('',(-43.67340037878,361.5,310.08235683701));
#4419 = CARTESIAN_POINT('',(-43.59978188727,361.5,309.34636312232));
#4420 = CARTESIAN_POINT('',(-43.45282934286,361.5,307.87722072368));
#4421 = CARTESIAN_POINT('',(-43.3794952899,361.5,307.14407203381));
#4422 = CARTESIAN_POINT('',(-43.30616124414,361.5,306.41092410361));
#4423 = CARTESIAN_POINT('',(-43.15949334947,361.5,304.94463158659));
#4424 = CARTESIAN_POINT('',(-43.08615950057,361.5,304.21148699976));
#4425 = CARTESIAN_POINT('',(-43.01282565887,361.5,303.47834317251));
#4426 = CARTESIAN_POINT('',(-42.86615817229,361.5,302.01205886097));
#4427 = CARTESIAN_POINT('',(-42.79282452741,361.5,301.27891837668));
#4428 = CARTESIAN_POINT('',(-42.71949088973,361.5,300.54577865189));
#4429 = CARTESIAN_POINT('',(-42.53416749334,361.5,298.69304339014));
#4430 = CARTESIAN_POINT('',(-42.42217774422,361.5,297.57344886487));
#4431 = CARTESIAN_POINT('',(-42.31018801187,361.5,296.45385611059));
#4432 = CARTESIAN_POINT('',(-42.08620900601,361.5,294.2146783958));
#4433 = CARTESIAN_POINT('',(-41.97421973251,361.5,293.09509343529));
#4434 = CARTESIAN_POINT('',(-41.86223047576,361.5,291.97551024543));
#4435 = CARTESIAN_POINT('',(-41.63825242102,361.5,289.73635165801));
#4436 = CARTESIAN_POINT('',(-41.52626362302,361.5,288.61677626043));
#4437 = CARTESIAN_POINT('',(-41.41427484176,361.5,287.49720263317));
#4438 = CARTESIAN_POINT('',(-41.19029773788,361.5,285.25806316942));
#4439 = CARTESIAN_POINT('',(-41.07830941525,361.5,284.1384973329));
#4440 = CARTESIAN_POINT('',(-40.96632110936,361.5,283.01893326638));
#4441 = CARTESIAN_POINT('',(-40.78299024849,361.5,281.18614948903));
#4442 = CARTESIAN_POINT('',(-40.71164768358,361.5,280.47292872664));
#4443 = CARTESIAN_POINT('',(-40.64030512546,361.5,279.75970868247));
#4444 = CARTESIAN_POINT('',(-40.49762019527,361.5,278.33327175488));
#4445 = CARTESIAN_POINT('',(-40.4262778232,361.5,277.62005487146));
#4446 = CARTESIAN_POINT('',(-40.35493545792,361.5,276.90683870618));
#4447 = CARTESIAN_POINT('',(-40.21225091337,361.5,275.48040953595));
#4448 = CARTESIAN_POINT('',(-40.14090873411,361.5,274.76719653101));
#4449 = CARTESIAN_POINT('',(-40.06956656163,361.5,274.05398424411));
#4450 = CARTESIAN_POINT('',(-39.92688240267,361.5,272.62756283024));
#4451 = CARTESIAN_POINT('',(-39.85554041619,361.5,271.91435370326));
#4452 = CARTESIAN_POINT('',(-39.78419843648,361.5,271.20114529424));
#4453 = CARTESIAN_POINT('',(-39.64151466302,361.5,269.7747316357));
#4454 = CARTESIAN_POINT('',(-39.57017286928,361.5,269.06152638618));
#4455 = CARTESIAN_POINT('',(-39.4988310823,361.5,268.34832185453));
#4456 = CARTESIAN_POINT('',(-39.35614769429,361.5,266.92191595029));
#4457 = CARTESIAN_POINT('',(-39.28480609325,361.5,266.20871457772));
#4458 = CARTESIAN_POINT('',(-39.21346449898,361.5,265.49551392291));
#4459 = CARTESIAN_POINT('',(-39.07078149634,361.5,264.06911577194));
#4460 = CARTESIAN_POINT('',(-38.99944008798,361.5,263.35591827579));
#4461 = CARTESIAN_POINT('',(-38.92809868637,361.5,262.6427214973));
#4462 = CARTESIAN_POINT('',(-38.78570029667,361.5,261.21917250684));
#4463 = CARTESIAN_POINT('',(-38.71464330852,361.5,260.50882028915));
#4464 = CARTESIAN_POINT('',(-38.64358632708,361.5,259.79846878334));
#4465 = CARTESIAN_POINT('',(-38.57252935234,361.5,259.08811798935));
#4466 = PCURVE('',#1696,#4467);
#4467 = DEFINITIONAL_REPRESENTATION('',(#4468),#4582);
#4468 = B_SPLINE_CURVE_WITH_KNOTS('',4,(#4469,#4470,#4471,#4472,#4473,
    #4474,#4475,#4476,#4477,#4478,#4479,#4480,#4481,#4482,#4483,#4484,
    #4485,#4486,#4487,#4488,#4489,#4490,#4491,#4492,#4493,#4494,#4495,
    #4496,#4497,#4498,#4499,#4500,#4501,#4502,#4503,#4504,#4505,#4506,
    #4507,#4508,#4509,#4510,#4511,#4512,#4513,#4514,#4515,#4516,#4517,
    #4518,#4519,#4520,#4521,#4522,#4523,#4524,#4525,#4526,#4527,#4528,
    #4529,#4530,#4531,#4532,#4533,#4534,#4535,#4536,#4537,#4538,#4539,
    #4540,#4541,#4542,#4543,#4544,#4545,#4546,#4547,#4548,#4549,#4550,
    #4551,#4552,#4553,#4554,#4555,#4556,#4557,#4558,#4559,#4560,#4561,
    #4562,#4563,#4564,#4565,#4566,#4567,#4568,#4569,#4570,#4571,#4572,
    #4573,#4574,#4575,#4576,#4577,#4578,#4579,#4580,#4581),
  .UNSPECIFIED.,.F.,.F.,(5,3,3,3,3,3,3,3,3,3,3,3,3,3,3,3,3,3,3,3,3,3,3,3
    ,3,3,3,3,3,3,3,3,3,3,3,3,3,5),(0.,1.58007506088E-02,
    4.110190227549E-02,6.630298788715E-02,8.380370567359E-02,
    0.111004762569,0.119105063491,0.160406499252,0.201507764462,
    0.230708564197,0.259009260697,0.287209877798,0.311410346141,
    0.335510756351,0.359711111839,0.383811409673,0.40951166551,
    0.435111856977,0.461011986326,0.486812050821,0.512612051094,
    0.538411987152,0.564311858382,0.590111665786,0.615911408998,
    0.641711088027,0.681110474029,0.720509710396,0.759908797155,
    0.799307734336,0.824406979279,0.849506163538,0.87460528712,
    0.899704350035,0.92480335229,0.949902293894,0.975001174854,1.),
  .UNSPECIFIED.);
#4469 = CARTESIAN_POINT('',(130.32279621385,0.539397479707));
#4470 = CARTESIAN_POINT('',(129.8207211793,0.539399527443));
#4471 = CARTESIAN_POINT('',(129.31864588914,0.539401575155));
#4472 = CARTESIAN_POINT('',(128.81657034337,0.539403622843));
#4473 = CARTESIAN_POINT('',(127.51053931778,0.539408949354));
#4474 = CARTESIAN_POINT('',(126.70658343819,0.53941222814));
#4475 = CARTESIAN_POINT('',(125.90262690327,0.539415506864));
#4476 = CARTESIAN_POINT('',(124.29789217349,0.53942205122));
#4477 = CARTESIAN_POINT('',(123.49711398381,0.539425316852));
#4478 = CARTESIAN_POINT('',(122.69633514402,0.539428582422));
#4479 = CARTESIAN_POINT('',(121.33945993361,0.539434115639));
#4480 = CARTESIAN_POINT('',(120.78336389957,0.539436383317));
#4481 = CARTESIAN_POINT('',(120.22726755204,0.539438650965));
#4482 = CARTESIAN_POINT('',(118.80683966186,0.539444443101));
#4483 = CARTESIAN_POINT('',(117.94250767538,0.539447967546));
#4484 = CARTESIAN_POINT('',(117.07817493163,0.539451491917));
#4485 = CARTESIAN_POINT('',(115.95644843734,0.539456065726));
#4486 = CARTESIAN_POINT('',(115.6990553769,0.539457115232));
#4487 = CARTESIAN_POINT('',(115.4416622493,0.539458164732));
#4488 = CARTESIAN_POINT('',(113.87188466281,0.53946456533));
#4489 = CARTESIAN_POINT('',(112.55949852532,0.539469916264));
#4490 = CARTESIAN_POINT('',(111.2471106422,0.539475267023));
#4491 = CARTESIAN_POINT('',(108.62869198119,0.539485942259));
#4492 = CARTESIAN_POINT('',(107.32266122017,0.539491266737));
#4493 = CARTESIAN_POINT('',(106.01662873065,0.539496591039));
#4494 = CARTESIAN_POINT('',(103.78270960585,0.539505697742));
#4495 = CARTESIAN_POINT('',(102.85482382653,0.53950948023));
#4496 = CARTESIAN_POINT('',(101.92693717486,0.539513262628));
#4497 = CARTESIAN_POINT('',(100.09976389707,0.539520710655));
#4498 = CARTESIAN_POINT('',(99.200477323902,0.539524376289));
#4499 = CARTESIAN_POINT('',(98.30118993142,0.539528041838));
#4500 = CARTESIAN_POINT('',(96.505793649567,0.539535359801));
#4501 = CARTESIAN_POINT('',(95.609684765978,0.539539012217));
#4502 = CARTESIAN_POINT('',(94.713575068953,0.539542664546));
#4503 = CARTESIAN_POINT('',(93.048463867476,0.539549450975));
#4504 = CARTESIAN_POINT('',(92.279462577416,0.539552585098));
#4505 = CARTESIAN_POINT('',(91.510460688376,0.539555719156));
#4506 = CARTESIAN_POINT('',(89.975635194353,0.539561974187));
#4507 = CARTESIAN_POINT('',(89.209811594313,0.53956509516));
#4508 = CARTESIAN_POINT('',(88.44398740029,0.539568216069));
#4509 = CARTESIAN_POINT('',(86.909161921085,0.5395744707));
#4510 = CARTESIAN_POINT('',(86.140160630966,0.539577604421));
#4511 = CARTESIAN_POINT('',(85.371158741985,0.539580738078));
#4512 = CARTESIAN_POINT('',(83.836333247962,0.539586992304));
#4513 = CARTESIAN_POINT('',(83.070509647861,0.539590112873));
#4514 = CARTESIAN_POINT('',(82.304685453899,0.539593233378));
#4515 = CARTESIAN_POINT('',(80.722194701695,0.539599681413));
#4516 = CARTESIAN_POINT('',(79.905528061992,0.539603008935));
#4517 = CARTESIAN_POINT('',(79.088860747026,0.539606336382));
#4518 = CARTESIAN_POINT('',(77.458704476968,0.53961297817));
#4519 = CARTESIAN_POINT('',(76.645215527125,0.539616292512));
#4520 = CARTESIAN_POINT('',(75.831725907336,0.539619606778));
#4521 = CARTESIAN_POINT('',(74.195214283795,0.539626273989));
#4522 = CARTESIAN_POINT('',(73.372192264253,0.539629626932));
#4523 = CARTESIAN_POINT('',(72.549169559049,0.539632979797));
#4524 = CARTESIAN_POINT('',(70.906302518853,0.539639672418));
#4525 = CARTESIAN_POINT('',(70.086458189148,0.539643012174));
#4526 = CARTESIAN_POINT('',(69.266613179144,0.539646351852));
#4527 = CARTESIAN_POINT('',(67.626923839393,0.539653031043));
#4528 = CARTESIAN_POINT('',(66.807079509649,0.539656370556));
#4529 = CARTESIAN_POINT('',(65.987234499684,0.53965970999));
#4530 = CARTESIAN_POINT('',(64.347545159931,0.539666388691));
#4531 = CARTESIAN_POINT('',(63.527700830147,0.539669727959));
#4532 = CARTESIAN_POINT('',(62.70785582022,0.539673067147));
#4533 = CARTESIAN_POINT('',(61.06498879587,0.539679758297));
#4534 = CARTESIAN_POINT('',(60.241966776169,0.539683110258));
#4535 = CARTESIAN_POINT('',(59.418944071121,0.539686462139));
#4536 = CARTESIAN_POINT('',(57.776077030925,0.539693152787));
#4537 = CARTESIAN_POINT('',(56.956232701059,0.539696491556));
#4538 = CARTESIAN_POINT('',(56.136387691213,0.539699830244));
#4539 = CARTESIAN_POINT('',(54.496698351457,0.539706507448));
#4540 = CARTESIAN_POINT('',(53.676854021551,0.539709845964));
#4541 = CARTESIAN_POINT('',(52.857009011744,0.539713184399));
#4542 = CARTESIAN_POINT('',(51.217319671988,0.539719861095));
#4543 = CARTESIAN_POINT('',(50.39747534204,0.539723199357));
#4544 = CARTESIAN_POINT('',(49.577630332275,0.539726537536));
#4545 = CARTESIAN_POINT('',(47.505776168182,0.539734973329));
#4546 = CARTESIAN_POINT('',(46.253766108312,0.539740070832));
#4547 = CARTESIAN_POINT('',(45.001754463267,0.53974516814));
#4548 = CARTESIAN_POINT('',(42.497732758186,0.539755362343));
#4549 = CARTESIAN_POINT('',(41.245722698163,0.539760459239));
#4550 = CARTESIAN_POINT('',(39.993711053267,0.539765555937));
#4551 = CARTESIAN_POINT('',(37.489689348182,0.539775748915));
#4552 = CARTESIAN_POINT('',(36.237679288002,0.539780845196));
#4553 = CARTESIAN_POINT('',(34.985667643261,0.539785941275));
#4554 = CARTESIAN_POINT('',(32.48164593817,0.539796133012));
#4555 = CARTESIAN_POINT('',(31.229635877834,0.539801228668));
#4556 = CARTESIAN_POINT('',(29.977624233247,0.539806324122));
#4557 = CARTESIAN_POINT('',(27.928011146648,0.539814665318));
#4558 = CARTESIAN_POINT('',(27.130410645846,0.539817911183));
#4559 = CARTESIAN_POINT('',(26.332809502199,0.539821156964));
#4560 = CARTESIAN_POINT('',(24.737607857704,0.539827648351));
#4561 = CARTESIAN_POINT('',(23.940007356861,0.539830893957));
#4562 = CARTESIAN_POINT('',(23.142406213254,0.539834139479));
#4563 = CARTESIAN_POINT('',(21.547204568758,0.539840630346));
#4564 = CARTESIAN_POINT('',(20.749604067874,0.539843875691));
#4565 = CARTESIAN_POINT('',(19.952002924308,0.539847120951));
#4566 = CARTESIAN_POINT('',(18.356801279812,0.539853611293));
#4567 = CARTESIAN_POINT('',(17.559200778884,0.539856856375));
#4568 = CARTESIAN_POINT('',(16.761599635361,0.539860101371));
#4569 = CARTESIAN_POINT('',(15.166397990864,0.539866591184));
#4570 = CARTESIAN_POINT('',(14.368797489892,0.539869836001));
#4571 = CARTESIAN_POINT('',(13.571196346412,0.539873080731));
#4572 = CARTESIAN_POINT('',(11.975994701914,0.539879570011));
#4573 = CARTESIAN_POINT('',(11.1783942009,0.53988281456));
#4574 = CARTESIAN_POINT('',(10.380793057462,0.539886059023));
#4575 = CARTESIAN_POINT('',(8.785591412963,0.539892547765));
#4576 = CARTESIAN_POINT('',(7.987990911905,0.539895792045));
#4577 = CARTESIAN_POINT('',(7.190389768511,0.539899036237));
#4578 = CARTESIAN_POINT('',(5.598365808865,0.539905511513));
#4579 = CARTESIAN_POINT('',(4.803942997723,0.539908742597));
#4580 = CARTESIAN_POINT('',(4.009519549443,0.539911973594));
#4581 = CARTESIAN_POINT('',(3.215095464065,0.539915204503));
#4582 = ( GEOMETRIC_REPRESENTATION_CONTEXT(2) 
PARAMETRIC_REPRESENTATION_CONTEXT() REPRESENTATION_CONTEXT('2D SPACE',''
  ) );
#4583 = PCURVE('',#4332,#4584);
#4584 = DEFINITIONAL_REPRESENTATION('',(#4585),#4699);
#4585 = B_SPLINE_CURVE_WITH_KNOTS('',4,(#4586,#4587,#4588,#4589,#4590,
    #4591,#4592,#4593,#4594,#4595,#4596,#4597,#4598,#4599,#4600,#4601,
    #4602,#4603,#4604,#4605,#4606,#4607,#4608,#4609,#4610,#4611,#4612,
    #4613,#4614,#4615,#4616,#4617,#4618,#4619,#4620,#4621,#4622,#4623,
    #4624,#4625,#4626,#4627,#4628,#4629,#4630,#4631,#4632,#4633,#4634,
    #4635,#4636,#4637,#4638,#4639,#4640,#4641,#4642,#4643,#4644,#4645,
    #4646,#4647,#4648,#4649,#4650,#4651,#4652,#4653,#4654,#4655,#4656,
    #4657,#4658,#4659,#4660,#4661,#4662,#4663,#4664,#4665,#4666,#4667,
    #4668,#4669,#4670,#4671,#4672,#4673,#4674,#4675,#4676,#4677,#4678,
    #4679,#4680,#4681,#4682,#4683,#4684,#4685,#4686,#4687,#4688,#4689,
    #4690,#4691,#4692,#4693,#4694,#4695,#4696,#4697,#4698),
  .UNSPECIFIED.,.F.,.F.,(5,3,3,3,3,3,3,3,3,3,3,3,3,3,3,3,3,3,3,3,3,3,3,3
    ,3,3,3,3,3,3,3,3,3,3,3,3,3,5),(0.,1.58007506088E-02,
    4.110190227549E-02,6.630298788715E-02,8.380370567359E-02,
    0.111004762569,0.119105063491,0.160406499252,0.201507764462,
    0.230708564197,0.259009260697,0.287209877798,0.311410346141,
    0.335510756351,0.359711111839,0.383811409673,0.40951166551,
    0.435111856977,0.461011986326,0.486812050821,0.512612051094,
    0.538411987152,0.564311858382,0.590111665786,0.615911408998,
    0.641711088027,0.681110474029,0.720509710396,0.759908797155,
    0.799307734336,0.824406979279,0.849506163538,0.87460528712,
    0.899704350035,0.92480335229,0.949902293894,0.975001174854,1.),
  .UNSPECIFIED.);
#4586 = CARTESIAN_POINT('',(4.63861535635,1.015650158186));
#4587 = CARTESIAN_POINT('',(5.017649380055,0.77073036054));
#4588 = CARTESIAN_POINT('',(5.396683178858,0.525810738826));
#4589 = CARTESIAN_POINT('',(5.775716752759,0.280891293044));
#4590 = CARTESIAN_POINT('',(6.76168204364,-0.35620805396));
#4591 = CARTESIAN_POINT('',(7.368613408877,-0.748387680027));
#4592 = CARTESIAN_POINT('',(7.975544197497,-1.140566855028));
#4593 = CARTESIAN_POINT('',(9.187004212567,-1.923373236079));
#4594 = CARTESIAN_POINT('',(9.791533443571,-2.314000445693));
#4595 = CARTESIAN_POINT('',(10.396062102552,-2.704627207832));
#4596 = CARTESIAN_POINT('',(11.42040049484,-3.366521236884));
#4597 = CARTESIAN_POINT('',(11.84021052429,-3.63778873546));
#4598 = CARTESIAN_POINT('',(12.260020277905,-3.909056018259));
#4599 = CARTESIAN_POINT('',(13.332332220433,-4.601948701674));
#4600 = CARTESIAN_POINT('',(13.98483401883,-5.0235737968));
#4601 = CARTESIAN_POINT('',(14.637335150911,-5.445198370685));
#4602 = CARTESIAN_POINT('',(15.484146085777,-5.992379371951));
#4603 = CARTESIAN_POINT('',(15.678456495762,-6.117936274329));
#4604 = CARTESIAN_POINT('',(15.87276684666,-6.243493130485));
#4605 = CARTESIAN_POINT('',(17.057817373009,-7.009233134845));
#4606 = CARTESIAN_POINT('',(18.048556071486,-7.649415127648));
#4607 = CARTESIAN_POINT('',(19.039293234008,-8.289595918906));
#4608 = CARTESIAN_POINT('',(21.015962811747,-9.566852419391));
#4609 = CARTESIAN_POINT('',(22.001895241816,-10.20392814023));
#4610 = CARTESIAN_POINT('',(22.987826150996,-10.84100267131));
#4611 = CARTESIAN_POINT('',(24.674218809248,-11.93069105907));
#4612 = CARTESIAN_POINT('',(25.37468131148,-12.38330550494));
#4613 = CARTESIAN_POINT('',(26.075143046134,-12.83591935034));
#4614 = CARTESIAN_POINT('',(27.454473544904,-13.72719421394));
#4615 = CARTESIAN_POINT('',(28.133342355609,-14.16585526858));
#4616 = CARTESIAN_POINT('',(28.8122104454,-14.60451575926));
#4617 = CARTESIAN_POINT('',(30.167544513048,-15.48028438513));
#4618 = CARTESIAN_POINT('',(30.844010495996,-15.9173925243));
#4619 = CARTESIAN_POINT('',(31.52047576319,-16.35450010354));
#4620 = CARTESIAN_POINT('',(32.777450978825,-17.16671219756));
#4621 = CARTESIAN_POINT('',(33.357961115906,-17.54181685991));
#4622 = CARTESIAN_POINT('',(33.938470725938,-17.91692110995));
#4623 = CARTESIAN_POINT('',(35.097088746068,-18.66557789855));
#4624 = CARTESIAN_POINT('',(35.675197160514,-19.0391304405));
#4625 = CARTESIAN_POINT('',(36.253305052307,-19.41268257358));
#4626 = CARTESIAN_POINT('',(37.411917222927,-20.16133515462));
#4627 = CARTESIAN_POINT('',(37.99242149741,-20.53643559918));
#4628 = CARTESIAN_POINT('',(38.572925244944,-20.9115356315));
#4629 = CARTESIAN_POINT('',(39.731531564787,-21.66018400242));
#4630 = CARTESIAN_POINT('',(40.309634141443,-22.03373234442));
#4631 = CARTESIAN_POINT('',(40.887736195548,-22.40728027761));
#4632 = CARTESIAN_POINT('',(42.082317961686,-23.17917420468));
#4633 = CARTESIAN_POINT('',(42.698797602036,-23.57752014247));
#4634 = CARTESIAN_POINT('',(43.315276648208,-23.97586561543));
#4635 = CARTESIAN_POINT('',(44.545833283205,-24.77100466884));
#4636 = CARTESIAN_POINT('',(45.159910876648,-25.1677982529));
#4637 = CARTESIAN_POINT('',(45.773987880592,-25.56459137578));
#4638 = CARTESIAN_POINT('',(47.009335373677,-26.36282561566));
#4639 = CARTESIAN_POINT('',(47.630605848926,-26.7642667218));
#4640 = CARTESIAN_POINT('',(48.251875720842,-27.16570735592));
#4641 = CARTESIAN_POINT('',(49.492013991357,-27.96703672074));
#4642 = CARTESIAN_POINT('',(50.110882394609,-28.36692545508));
#4643 = CARTESIAN_POINT('',(50.729750199242,-28.76681372109));
#4644 = CARTESIAN_POINT('',(51.967483070839,-29.56658832112));
#4645 = CARTESIAN_POINT('',(52.586348137805,-29.96647465514));
#4646 = CARTESIAN_POINT('',(53.20521260622,-30.36636052089));
#4647 = CARTESIAN_POINT('',(54.442938805699,-31.16613032061));
#4648 = CARTESIAN_POINT('',(55.061800536765,-31.56601425458));
#4649 = CARTESIAN_POINT('',(55.680661669349,-31.96589772033));
#4650 = CARTESIAN_POINT('',(56.920779872764,-32.76721264859));
#4651 = CARTESIAN_POINT('',(57.54203693895,-33.16864410746));
#4652 = CARTESIAN_POINT('',(58.163293402074,-33.57007509453));
#4653 = CARTESIAN_POINT('',(59.403404908068,-34.37138520336));
#4654 = CARTESIAN_POINT('',(60.022259955591,-34.77126432876));
#4655 = CARTESIAN_POINT('',(60.641114404766,-35.17114298605));
#4656 = CARTESIAN_POINT('',(61.878820566751,-35.97089836952));
#4657 = CARTESIAN_POINT('',(62.497672279562,-36.37077509571));
#4658 = CARTESIAN_POINT('',(63.116523394099,-36.77065135383));
#4659 = CARTESIAN_POINT('',(64.35422288714,-37.5704019392));
#4660 = CARTESIAN_POINT('',(64.973071265648,-37.97027626645));
#4661 = CARTESIAN_POINT('',(65.591919045951,-38.37015012569));
#4662 = CARTESIAN_POINT('',(67.15582445839,-39.38068096258));
#4663 = CARTESIAN_POINT('',(68.100881293693,-39.99133731681));
#4664 = CARTESIAN_POINT('',(69.045936734115,-40.60199257974));
#4665 = CARTESIAN_POINT('',(70.936041236187,-41.82329860392));
#4666 = CARTESIAN_POINT('',(71.881090297849,-42.43394936519));
#4667 = CARTESIAN_POINT('',(72.826137964889,-43.04459903533));
#4668 = CARTESIAN_POINT('',(74.716226921445,-44.26589387481));
#4669 = CARTESIAN_POINT('',(75.661268210973,-44.87653904416));
#4670 = CARTESIAN_POINT('',(76.606308106142,-45.48718312257));
#4671 = CARTESIAN_POINT('',(78.496381520226,-46.70846677946));
#4672 = CARTESIAN_POINT('',(79.44141503915,-47.31910635795));
#4673 = CARTESIAN_POINT('',(80.386447163987,-47.9297448457));
#4674 = CARTESIAN_POINT('',(81.933513368143,-48.92939115266));
#4675 = CARTESIAN_POINT('',(82.535548275699,-49.31839961987));
#4676 = CARTESIAN_POINT('',(83.137582617568,-49.70740764449));
#4677 = CARTESIAN_POINT('',(84.341648714429,-50.48542186806));
#4678 = CARTESIAN_POINT('',(84.943680469421,-50.87442806701));
#4679 = CARTESIAN_POINT('',(85.545711658801,-51.26343382343));
#4680 = CARTESIAN_POINT('',(86.749771451022,-52.04144351082));
#4681 = CARTESIAN_POINT('',(87.351800053866,-52.4304474418));
#4682 = CARTESIAN_POINT('',(87.953828091169,-52.8194509303));
#4683 = CARTESIAN_POINT('',(89.157881579581,-53.59745608209));
#4684 = CARTESIAN_POINT('',(89.759907030692,-53.98645774539));
#4685 = CARTESIAN_POINT('',(90.361931916336,-54.37545896626));
#4686 = CARTESIAN_POINT('',(91.565979101777,-55.15345958303));
#4687 = CARTESIAN_POINT('',(92.168001401578,-55.54245897894));
#4688 = CARTESIAN_POINT('',(92.770023135984,-55.93145793247));
#4689 = CARTESIAN_POINT('',(93.974064019302,-56.70945401481));
#4690 = CARTESIAN_POINT('',(94.576083168215,-57.09845114363));
#4691 = CARTESIAN_POINT('',(95.178101751811,-57.48744783011));
#4692 = CARTESIAN_POINT('',(96.38213633386,-58.26543937862));
#4693 = CARTESIAN_POINT('',(96.984152332317,-58.65443424063));
#4694 = CARTESIAN_POINT('',(97.586167765531,-59.04342866038));
#4695 = CARTESIAN_POINT('',(98.787797590249,-59.81986590445));
#4696 = CARTESIAN_POINT('',(99.387411986251,-60.2073087323));
#4697 = CARTESIAN_POINT('',(99.987025821579,-60.59475112144));
#4698 = CARTESIAN_POINT('',(100.58663909627,-60.98219307192));
#4699 = ( GEOMETRIC_REPRESENTATION_CONTEXT(2) 
PARAMETRIC_REPRESENTATION_CONTEXT() REPRESENTATION_CONTEXT('2D SPACE',''
  ) );
#4700 = ORIENTED_EDGE('',*,*,#4701,.T.);
#4701 = EDGE_CURVE('',#4349,#4702,#4704,.T.);
#4702 = VERTEX_POINT('',#4703);
#4703 = CARTESIAN_POINT('',(-41.58438425085,357.31844132867,
    286.71806173199));
#4704 = SURFACE_CURVE('',#4705,(#4757,#4812),.PCURVE_S1.);
#4705 = B_SPLINE_CURVE_WITH_KNOTS('',8,(#4706,#4707,#4708,#4709,#4710,
    #4711,#4712,#4713,#4714,#4715,#4716,#4717,#4718,#4719,#4720,#4721,
    #4722,#4723,#4724,#4725,#4726,#4727,#4728,#4729,#4730,#4731,#4732,
    #4733,#4734,#4735,#4736,#4737,#4738,#4739,#4740,#4741,#4742,#4743,
    #4744,#4745,#4746,#4747,#4748,#4749,#4750,#4751,#4752,#4753,#4754,
    #4755,#4756),.UNSPECIFIED.,.F.,.F.,(9,7,7,7,7,7,7,9),(0.,
    0.150761655492,0.25655781419,0.346864946685,0.623306014344,
    0.833293821919,0.90702395556,1.),.UNSPECIFIED.);
#4706 = CARTESIAN_POINT('',(-43.3444619396,361.52734078067,
    306.80915375561));
#4707 = CARTESIAN_POINT('',(-43.36225387453,360.91995715921,
    306.64662611743));
#4708 = CARTESIAN_POINT('',(-43.37547456416,360.33060702268,
    306.4482534503));
#4709 = CARTESIAN_POINT('',(-43.38418138448,359.76412353326,
    306.21718073178));
#4710 = CARTESIAN_POINT('',(-43.38859660732,359.22351960966,
    305.95721860043));
#4711 = CARTESIAN_POINT('',(-43.38901244055,358.71057388483,
    305.67223099993));
#4712 = CARTESIAN_POINT('',(-43.38574573516,358.22612416661,
    305.36583922399));
#4713 = CARTESIAN_POINT('',(-43.37911321153,357.77023641619,
    305.04125509521));
#4714 = CARTESIAN_POINT('',(-43.36258050114,357.04219753021,
    304.4623231834));
#4715 = CARTESIAN_POINT('',(-43.35424429646,356.75577027363,
    304.21587770279));
#4716 = CARTESIAN_POINT('',(-43.34448620073,356.48293569597,
    303.96258238686));
#4717 = CARTESIAN_POINT('',(-43.33339663913,356.22345824674,
    303.70322062338));
#4718 = CARTESIAN_POINT('',(-43.32105941784,355.97707037495,
    303.43849442714));
#4719 = CARTESIAN_POINT('',(-43.30755122267,355.74347837659,
    303.16902168757));
#4720 = CARTESIAN_POINT('',(-43.29294090289,355.5223703332,
    302.89533260732));
#4721 = CARTESIAN_POINT('',(-43.26392775242,355.13507230531,
    302.38102049401));
#4722 = CARTESIAN_POINT('',(-43.24980900555,354.96559806381,
    302.14144543215));
#4723 = CARTESIAN_POINT('',(-43.2349705368,354.80481147161,
    301.89942558876));
#4724 = CARTESIAN_POINT('',(-43.21944766427,354.65253033923,
    301.65522312042));
#4725 = CARTESIAN_POINT('',(-43.20327286151,354.50858147286,
    301.40907707869));
#4726 = CARTESIAN_POINT('',(-43.18647583214,354.37279991401,
    301.16120359122));
#4727 = CARTESIAN_POINT('',(-43.16908358459,354.24502817912,
    300.91179604275));
#4728 = CARTESIAN_POINT('',(-43.09613335043,353.75804826562,
    299.89338551351));
#4729 = CARTESIAN_POINT('',(-43.03583506585,353.46487954694,
    299.11350136902));
#4730 = CARTESIAN_POINT('',(-42.97089382836,353.24085362859,
    298.32571028893));
#4731 = CARTESIAN_POINT('',(-42.90182423032,353.08299020919,
    297.53382274141));
#4732 = CARTESIAN_POINT('',(-42.82906241001,352.98889208206,
    296.74119345482));
#4733 = CARTESIAN_POINT('',(-42.75296094135,352.9568448809,
    295.95071959865));
#4734 = CARTESIAN_POINT('',(-42.67379721606,352.98571267607,
    295.16486489702));
#4735 = CARTESIAN_POINT('',(-42.52942522349,353.14344678988,
    293.79378249068));
#4736 = CARTESIAN_POINT('',(-42.46547520114,353.24656411294,
    293.20610243465));
#4737 = CARTESIAN_POINT('',(-42.3999952833,353.38455364984,
    292.62364786444));
#4738 = CARTESIAN_POINT('',(-42.33308163089,353.55750711256,
    292.04758307306));
#4739 = CARTESIAN_POINT('',(-42.26483283793,353.76571278199,
    291.47921135675));
#4740 = CARTESIAN_POINT('',(-42.19535083168,354.00963553854,
    290.91997181423));
#4741 = CARTESIAN_POINT('',(-42.12473943605,354.28996185083,
    290.37145046523));
#4742 = CARTESIAN_POINT('',(-42.02794544802,354.71932662457,
    289.64720714638));
#4743 = CARTESIAN_POINT('',(-42.0026663102,354.83551688921,
    289.46054900589));
#4744 = CARTESIAN_POINT('',(-41.9772670381,354.95635987156,
    289.27552389904));
#4745 = CARTESIAN_POINT('',(-41.95175312655,355.08190013234,
    289.09221913424));
#4746 = CARTESIAN_POINT('',(-41.9261305304,355.21218512171,
    288.91072829038));
#4747 = CARTESIAN_POINT('',(-41.90040565947,355.34726551793,
    288.73115134232));
#4748 = CARTESIAN_POINT('',(-41.87458537345,355.48719556605,
    288.55359478658));
#4749 = CARTESIAN_POINT('',(-41.81600566422,355.81467855436,
    288.15695775761));
#4750 = CARTESIAN_POINT('',(-41.78319538573,356.00512176972,
    287.9391443298));
#4751 = CARTESIAN_POINT('',(-41.75026001404,356.20348338207,
    287.72495272872));
#4752 = CARTESIAN_POINT('',(-41.71721614269,356.40988655736,
    287.51463295232));
#4753 = CARTESIAN_POINT('',(-41.6840831067,356.62445602374,
    287.30846303339));
#4754 = CARTESIAN_POINT('',(-41.65088299374,356.84731820658,
    287.10674903868));
#4755 = CARTESIAN_POINT('',(-41.61764064572,357.07860278301,
    286.90982578498));
#4756 = CARTESIAN_POINT('',(-41.58438365085,357.31844565575,
    286.71805827225));
#4757 = PCURVE('',#1696,#4758);
#4758 = DEFINITIONAL_REPRESENTATION('',(#4759),#4811);
#4759 = B_SPLINE_CURVE_WITH_KNOTS('',8,(#4760,#4761,#4762,#4763,#4764,
    #4765,#4766,#4767,#4768,#4769,#4770,#4771,#4772,#4773,#4774,#4775,
    #4776,#4777,#4778,#4779,#4780,#4781,#4782,#4783,#4784,#4785,#4786,
    #4787,#4788,#4789,#4790,#4791,#4792,#4793,#4794,#4795,#4796,#4797,
    #4798,#4799,#4800,#4801,#4802,#4803,#4804,#4805,#4806,#4807,#4808,
    #4809,#4810),.UNSPECIFIED.,.F.,.F.,(9,7,7,7,7,7,7,9),(0.,
    0.150761655492,0.25655781419,0.346864946685,0.623306014344,
    0.833293821919,0.90702395556,1.),.UNSPECIFIED.);
#4760 = CARTESIAN_POINT('',(56.579034638071,0.539913885433));
#4761 = CARTESIAN_POINT('',(56.456687931011,0.535119037481));
#4762 = CARTESIAN_POINT('',(56.292773374689,0.530466734095));
#4763 = CARTESIAN_POINT('',(56.090488877073,0.525995119817));
#4764 = CARTESIAN_POINT('',(55.853913105409,0.521727964772));
#4765 = CARTESIAN_POINT('',(55.587253756346,0.51767929397));
#4766 = CARTESIAN_POINT('',(55.294496396649,0.513855705609));
#4767 = CARTESIAN_POINT('',(54.979216871021,0.510257705871));
#4768 = CARTESIAN_POINT('',(54.409308436708,0.504512075158));
#4769 = CARTESIAN_POINT('',(54.164613566464,0.502251693658));
#4770 = CARTESIAN_POINT('',(53.911211743887,0.500098661899));
#4771 = CARTESIAN_POINT('',(53.649989337768,0.498051116613));
#4772 = CARTESIAN_POINT('',(53.381741788906,0.496106942272));
#4773 = CARTESIAN_POINT('',(53.107171098244,0.494263817256));
#4774 = CARTESIAN_POINT('',(52.826882018828,0.492519276543));
#4775 = CARTESIAN_POINT('',(52.297671090703,0.489463650875));
#4776 = CARTESIAN_POINT('',(52.050188094685,0.488126630793));
#4777 = CARTESIAN_POINT('',(51.799253932243,0.486858213951));
#4778 = CARTESIAN_POINT('',(51.545167094272,0.485656960775));
#4779 = CARTESIAN_POINT('',(51.288199026799,0.484521502825));
#4780 = CARTESIAN_POINT('',(51.028594563928,0.483450536792));
#4781 = CARTESIAN_POINT('',(50.76657236078,0.482442818484));
#4782 = CARTESIAN_POINT('',(49.693433157209,0.478602371998));
#4783 = CARTESIAN_POINT('',(48.864251216067,0.476291101947));
#4784 = CARTESIAN_POINT('',(48.019734231114,0.474525781055));
#4785 = CARTESIAN_POINT('',(47.164058900233,0.473282863994));
#4786 = CARTESIAN_POINT('',(46.300833188684,0.472543411368));
#4787 = CARTESIAN_POINT('',(45.43309196248,0.472293877199));
#4788 = CARTESIAN_POINT('',(44.563335486425,0.47252528449));
#4789 = CARTESIAN_POINT('',(43.03273227644,0.47377676679));
#4790 = CARTESIAN_POINT('',(42.372332933129,0.474593547084));
#4791 = CARTESIAN_POINT('',(41.713274720774,0.47568564497));
#4792 = CARTESIAN_POINT('',(41.056681137441,0.477053780636));
#4793 = CARTESIAN_POINT('',(40.403806838963,0.478700225696));
#4794 = CARTESIAN_POINT('',(39.756037138432,0.480628645525));
#4795 = CARTESIAN_POINT('',(39.114895740398,0.482844454424));
#4796 = CARTESIAN_POINT('',(38.259870952213,0.486237815351));
#4797 = CARTESIAN_POINT('',(38.038713979852,0.487156050917));
#4798 = CARTESIAN_POINT('',(37.818674833395,0.488111016522));
#4799 = CARTESIAN_POINT('',(37.599838506753,0.489103063665));
#4800 = CARTESIAN_POINT('',(37.382296664953,0.490132566633));
#4801 = CARTESIAN_POINT('',(37.166147766324,0.491199925172));
#4802 = CARTESIAN_POINT('',(36.951497184679,0.49230556716));
#4803 = CARTESIAN_POINT('',(36.469807298213,0.494893056066));
#4804 = CARTESIAN_POINT('',(36.203728137972,0.496397718735));
#4805 = CARTESIAN_POINT('',(35.940438569259,0.497964888405));
#4806 = CARTESIAN_POINT('',(35.680189232711,0.49959553654));
#4807 = CARTESIAN_POINT('',(35.423262243276,0.501290646806));
#4808 = CARTESIAN_POINT('',(35.169971386299,0.503051216143));
#4809 = CARTESIAN_POINT('',(34.920662957536,0.504878267027));
#4810 = CARTESIAN_POINT('',(34.675717247099,0.506772870947));
#4811 = ( GEOMETRIC_REPRESENTATION_CONTEXT(2) 
PARAMETRIC_REPRESENTATION_CONTEXT() REPRESENTATION_CONTEXT('2D SPACE',''
  ) );
#4812 = PCURVE('',#4813,#4818);
#4813 = CYLINDRICAL_SURFACE('',#4814,11.5);
#4814 = AXIS2_PLACEMENT_3D('',#4815,#4816,#4817);
#4815 = CARTESIAN_POINT('',(-41.58438425085,364.5,295.7));
#4816 = DIRECTION('',(-1.,0.,0.));
#4817 = DIRECTION('',(0.,0.,-1.));
#4818 = DEFINITIONAL_REPRESENTATION('',(#4819),#4871);
#4819 = B_SPLINE_CURVE_WITH_KNOTS('',8,(#4820,#4821,#4822,#4823,#4824,
    #4825,#4826,#4827,#4828,#4829,#4830,#4831,#4832,#4833,#4834,#4835,
    #4836,#4837,#4838,#4839,#4840,#4841,#4842,#4843,#4844,#4845,#4846,
    #4847,#4848,#4849,#4850,#4851,#4852,#4853,#4854,#4855,#4856,#4857,
    #4858,#4859,#4860,#4861,#4862,#4863,#4864,#4865,#4866,#4867,#4868,
    #4869,#4870),.UNSPECIFIED.,.F.,.F.,(9,7,7,7,7,7,7,9),(0.,
    0.150761655492,0.25655781419,0.346864946685,0.623306014344,
    0.833293821919,0.90702395556,1.),.UNSPECIFIED.);
#4820 = CARTESIAN_POINT('',(2.880131722686,1.760077688749));
#4821 = CARTESIAN_POINT('',(2.825457565246,1.777869623673));
#4822 = CARTESIAN_POINT('',(2.771492582383,1.791090313303));
#4823 = CARTESIAN_POINT('',(2.718464086229,1.799797133627));
#4824 = CARTESIAN_POINT('',(2.666489882108,1.804212356466));
#4825 = CARTESIAN_POINT('',(2.615632236808,1.804628189693));
#4826 = CARTESIAN_POINT('',(2.565914388579,1.801361484309));
#4827 = CARTESIAN_POINT('',(2.517319165745,1.794728960678));
#4828 = CARTESIAN_POINT('',(2.436435446646,1.778196250287));
#4829 = CARTESIAN_POINT('',(2.403602916223,1.769860045603));
#4830 = CARTESIAN_POINT('',(2.371268263056,1.760101949879));
#4831 = CARTESIAN_POINT('',(2.339408705858,1.749012388281));
#4832 = CARTESIAN_POINT('',(2.308001214272,1.736675166985));
#4833 = CARTESIAN_POINT('',(2.277021701144,1.72316697182));
#4834 = CARTESIAN_POINT('',(2.246444301301,1.708556652033));
#4835 = CARTESIAN_POINT('',(2.190459107991,1.679543501571));
#4836 = CARTESIAN_POINT('',(2.164952300629,1.665424754696));
#4837 = CARTESIAN_POINT('',(2.139704022504,1.650586285943));
#4838 = CARTESIAN_POINT('',(2.114699145896,1.635063413422));
#4839 = CARTESIAN_POINT('',(2.089923373613,1.618888610661));
#4840 = CARTESIAN_POINT('',(2.065362904982,1.602091581292));
#4841 = CARTESIAN_POINT('',(2.041004101842,1.584699333739));
#4842 = CARTESIAN_POINT('',(1.942842958058,1.511749099572));
#4843 = CARTESIAN_POINT('',(1.870664278984,1.451450814992));
#4844 = CARTESIAN_POINT('',(1.799842061474,1.386509577503));
#4845 = CARTESIAN_POINT('',(1.730071823336,1.317439979467));
#4846 = CARTESIAN_POINT('',(1.661084962098,1.244678159158));
#4847 = CARTESIAN_POINT('',(1.592633820791,1.1685766905));
#4848 = CARTESIAN_POINT('',(1.524459457458,1.089412965206));
#4849 = CARTESIAN_POINT('',(1.404448524886,0.945040972633));
#4850 = CARTESIAN_POINT('',(1.35265597232,0.881090950287));
#4851 = CARTESIAN_POINT('',(1.300756305982,0.815611032449));
#4852 = CARTESIAN_POINT('',(1.248638017373,0.748697380035));
#4853 = CARTESIAN_POINT('',(1.196191076209,0.680448587082));
#4854 = CARTESIAN_POINT('',(1.143301078338,0.610966580823));
#4855 = CARTESIAN_POINT('',(1.089840888935,0.540355185195));
#4856 = CARTESIAN_POINT('',(1.016627706477,0.443561197165));
#4857 = CARTESIAN_POINT('',(0.997513327457,0.418282059349));
#4858 = CARTESIAN_POINT('',(0.9783042754,0.392882787252));
#4859 = CARTESIAN_POINT('',(0.958994205785,0.367368875696));
#4860 = CARTESIAN_POINT('',(0.939576636548,0.341746279546));
#4861 = CARTESIAN_POINT('',(0.92004486041,0.316021408619));
#4862 = CARTESIAN_POINT('',(0.900391857215,0.290201122594));
#4863 = CARTESIAN_POINT('',(0.855664914997,0.231621413366));
#4864 = CARTESIAN_POINT('',(0.830515917053,0.198811134876));
#4865 = CARTESIAN_POINT('',(0.805147742095,0.16587576319));
#4866 = CARTESIAN_POINT('',(0.779545044288,0.132831891839));
#4867 = CARTESIAN_POINT('',(0.753692349544,9.969885584636E-02));
#4868 = CARTESIAN_POINT('',(0.727573698829,6.649874288479E-02));
#4869 = CARTESIAN_POINT('',(0.70117218755,3.32563948688E-02));
#4870 = CARTESIAN_POINT('',(0.674469401003,-6.E-07));
#4871 = ( GEOMETRIC_REPRESENTATION_CONTEXT(2) 
PARAMETRIC_REPRESENTATION_CONTEXT() REPRESENTATION_CONTEXT('2D SPACE',''
  ) );
#4872 = ORIENTED_EDGE('',*,*,#4873,.F.);
#4873 = EDGE_CURVE('',#4874,#4702,#4876,.T.);
#4874 = VERTEX_POINT('',#4875);
#4875 = CARTESIAN_POINT('',(-41.58438425085,360.64241931615,
    288.69150007008));
#4876 = SURFACE_CURVE('',#4877,(#4883,#4892),.PCURVE_S1.);
#4877 = B_SPLINE_CURVE_WITH_KNOTS('',4,(#4878,#4879,#4880,#4881,#4882),
  .UNSPECIFIED.,.F.,.F.,(5,5),(0.,1.),.PIECEWISE_BEZIER_KNOTS.);
#4878 = CARTESIAN_POINT('',(-41.58438425085,361.5171904322,
    289.20795835702));
#4879 = CARTESIAN_POINT('',(-41.58438425085,359.41257877944,
    287.96686075729));
#4880 = CARTESIAN_POINT('',(-41.58438425085,357.31134227012,
    286.7184552485));
#4881 = CARTESIAN_POINT('',(-41.58438425085,355.21348615456,
    285.46281190427));
#4882 = CARTESIAN_POINT('',(-41.58438425085,353.11901445811,284.2));
#4883 = PCURVE('',#1696,#4884);
#4884 = DEFINITIONAL_REPRESENTATION('',(#4885),#4891);
#4885 = B_SPLINE_CURVE_WITH_KNOTS('',4,(#4886,#4887,#4888,#4889,#4890),
  .UNSPECIFIED.,.F.,.F.,(5,5),(0.,1.),.PIECEWISE_BEZIER_KNOTS.);
#4886 = CARTESIAN_POINT('',(36.896546824357,0.539913885433));
#4887 = CARTESIAN_POINT('',(35.783378310304,0.523302048328));
#4888 = CARTESIAN_POINT('',(34.671975946254,0.506716819057));
#4889 = CARTESIAN_POINT('',(33.562343187781,0.490158239967));
#4890 = CARTESIAN_POINT('',(32.454482791202,0.473626343685));
#4891 = ( GEOMETRIC_REPRESENTATION_CONTEXT(2) 
PARAMETRIC_REPRESENTATION_CONTEXT() REPRESENTATION_CONTEXT('2D SPACE',''
  ) );
#4892 = PCURVE('',#4893,#4898);
#4893 = PLANE('',#4894);
#4894 = AXIS2_PLACEMENT_3D('',#4895,#4896,#4897);
#4895 = CARTESIAN_POINT('',(-41.58438425085,364.5,295.7));
#4896 = DIRECTION('',(-1.,0.,0.));
#4897 = DIRECTION('',(0.,0.,-1.));
#4898 = DEFINITIONAL_REPRESENTATION('',(#4899),#4905);
#4899 = B_SPLINE_CURVE_WITH_KNOTS('',4,(#4900,#4901,#4902,#4903,#4904),
  .UNSPECIFIED.,.F.,.F.,(5,5),(0.,1.),.PIECEWISE_BEZIER_KNOTS.);
#4900 = CARTESIAN_POINT('',(6.492041642978,2.982809567793));
#4901 = CARTESIAN_POINT('',(7.733139242709,5.087421220557));
#4902 = CARTESIAN_POINT('',(8.981544751492,7.188657729879));
#4903 = CARTESIAN_POINT('',(10.237188095726,9.28651384544));
#4904 = CARTESIAN_POINT('',(11.5,11.380985541889));
#4905 = ( GEOMETRIC_REPRESENTATION_CONTEXT(2) 
PARAMETRIC_REPRESENTATION_CONTEXT() REPRESENTATION_CONTEXT('2D SPACE',''
  ) );
#4906 = ORIENTED_EDGE('',*,*,#4907,.T.);
#4907 = EDGE_CURVE('',#4874,#4908,#4910,.T.);
#4908 = VERTEX_POINT('',#4909);
#4909 = CARTESIAN_POINT('',(-41.49295674237,361.5,288.2838015129));
#4910 = SURFACE_CURVE('',#4911,(#4956,#5004),.PCURVE_S1.);
#4911 = B_SPLINE_CURVE_WITH_KNOTS('',7,(#4912,#4913,#4914,#4915,#4916,
    #4917,#4918,#4919,#4920,#4921,#4922,#4923,#4924,#4925,#4926,#4927,
    #4928,#4929,#4930,#4931,#4932,#4933,#4934,#4935,#4936,#4937,#4938,
    #4939,#4940,#4941,#4942,#4943,#4944,#4945,#4946,#4947,#4948,#4949,
    #4950,#4951,#4952,#4953,#4954,#4955),.UNSPECIFIED.,.F.,.F.,(8,6,6,6,
    6,6,6,8),(0.,0.122284098227,0.218172459351,0.364910892961,
    0.54021236254,0.737550952534,0.897708478348,1.),.UNSPECIFIED.);
#4912 = CARTESIAN_POINT('',(-42.97618781152,361.52521654495,
    303.12634926431));
#4913 = CARTESIAN_POINT('',(-42.98272997697,361.13118112027,
    302.96850992491));
#4914 = CARTESIAN_POINT('',(-42.98617171041,360.75446241311,
    302.78930142988));
#4915 = CARTESIAN_POINT('',(-42.98668073782,360.39701552662,
    302.5914600407));
#4916 = CARTESIAN_POINT('',(-42.98448850167,360.05973090504,
    302.37777894383));
#4917 = CARTESIAN_POINT('',(-42.97983389202,359.74284748258,
    302.15077762302));
#4918 = CARTESIAN_POINT('',(-42.97294495587,359.44609822556,
    301.91259246156));
#4919 = CARTESIAN_POINT('',(-42.95701297726,358.95151793553,
    301.47055810512));
#4920 = CARTESIAN_POINT('',(-42.94875708056,358.74619770893,
    301.27042781449));
#4921 = CARTESIAN_POINT('',(-42.93934206951,358.55264941579,
    301.06523833776));
#4922 = CARTESIAN_POINT('',(-42.92885376215,358.37057579188,
    300.85568878645));
#4923 = CARTESIAN_POINT('',(-42.91736936839,358.19966140252,
    300.64238358369));
#4924 = CARTESIAN_POINT('',(-42.90495696918,358.03957908425,
    300.42583002641));
#4925 = CARTESIAN_POINT('',(-42.87134786102,357.66110638276,
    299.87068959672));
#4926 = CARTESIAN_POINT('',(-42.84898964577,357.45688216786,
    299.52838933476));
#4927 = CARTESIAN_POINT('',(-42.82480821901,357.2761348049,
    299.18098375756));
#4928 = CARTESIAN_POINT('',(-42.7989766264,357.11789519569,
    298.82970140526));
#4929 = CARTESIAN_POINT('',(-42.77164061768,356.9813160479,
    298.4755677892));
#4930 = CARTESIAN_POINT('',(-42.74292096607,356.86564391151,
    298.11941117211));
#4931 = CARTESIAN_POINT('',(-42.67705714532,356.65632703462,
    297.33469851393));
#4932 = CARTESIAN_POINT('',(-42.63937312029,356.57138878338,
    296.90568434611));
#4933 = CARTESIAN_POINT('',(-42.60002283935,356.51439331055,
    296.47594123174));
#4934 = CARTESIAN_POINT('',(-42.55914481958,356.48460949574,
    296.04652125169));
#4935 = CARTESIAN_POINT('',(-42.51685811062,356.48151463667,
    295.61839995576));
#4936 = CARTESIAN_POINT('',(-42.47326390891,356.50476945157,
    295.19247837384));
#4937 = CARTESIAN_POINT('',(-42.37798506392,356.61003266382,
    294.29353283777));
#4938 = CARTESIAN_POINT('',(-42.32599015574,356.69903911754,
    293.82148669112));
#4939 = CARTESIAN_POINT('',(-42.27256835899,356.82114801472,
    293.35458758968));
#4940 = CARTESIAN_POINT('',(-42.21783188937,356.97656898802,
    292.89419802652));
#4941 = CARTESIAN_POINT('',(-42.16189813921,357.16578525037,
    292.44189186204));
#4942 = CARTESIAN_POINT('',(-42.10489039739,357.38953851848,
    291.99945075672));
#4943 = CARTESIAN_POINT('',(-41.99988619899,357.85981854546,
    291.21954744159));
#4944 = CARTESIAN_POINT('',(-41.95223871809,358.09400800841,
    290.87818364437));
#4945 = CARTESIAN_POINT('',(-41.90403971997,358.35240815772,
    290.54586587062));
#4946 = CARTESIAN_POINT('',(-41.85537831232,358.63582674305,
    290.22401747464));
#4947 = CARTESIAN_POINT('',(-41.80637976913,358.94513206506,
    289.91445745259));
#4948 = CARTESIAN_POINT('',(-41.75720635041,359.28120994084,
    289.61937843382));
#4949 = CARTESIAN_POINT('',(-41.67666327613,359.87768632764,
    289.16396369546));
#4950 = CARTESIAN_POINT('',(-41.64529077346,360.12147770817,
    288.9935243413));
#4951 = CARTESIAN_POINT('',(-41.61399053376,360.37685688845,
    288.8308443412));
#4952 = CARTESIAN_POINT('',(-41.58283633176,360.64402644175,
    288.67678790225));
#4953 = CARTESIAN_POINT('',(-41.55192290044,360.92308895229,
    288.53236616922));
#4954 = CARTESIAN_POINT('',(-41.52136560144,361.21402210151,
    288.39871728922));
#4955 = CARTESIAN_POINT('',(-41.49130009554,361.5166537545,
    288.27708647635));
#4956 = PCURVE('',#1696,#4957);
#4957 = DEFINITIONAL_REPRESENTATION('',(#4958),#5003);
#4958 = B_SPLINE_CURVE_WITH_KNOTS('',7,(#4959,#4960,#4961,#4962,#4963,
    #4964,#4965,#4966,#4967,#4968,#4969,#4970,#4971,#4972,#4973,#4974,
    #4975,#4976,#4977,#4978,#4979,#4980,#4981,#4982,#4983,#4984,#4985,
    #4986,#4987,#4988,#4989,#4990,#4991,#4992,#4993,#4994,#4995,#4996,
    #4997,#4998,#4999,#5000,#5001,#5002),.UNSPECIFIED.,.F.,.F.,(8,6,6,6,
    6,6,6,8),(0.,0.122284098227,0.218172459351,0.364910892961,
    0.54021236254,0.737550952534,0.897708478348,1.),.UNSPECIFIED.);
#4959 = CARTESIAN_POINT('',(52.460748486094,0.539913885433));
#4960 = CARTESIAN_POINT('',(52.325476413732,0.536803481658));
#4961 = CARTESIAN_POINT('',(52.164701136628,0.533829898591));
#4962 = CARTESIAN_POINT('',(51.981331938998,0.531008559893));
#4963 = CARTESIAN_POINT('',(51.778427324621,0.528346483116));
#4964 = CARTESIAN_POINT('',(51.558784456228,0.525845543228));
#4965 = CARTESIAN_POINT('',(51.324811649172,0.523503622164));
#4966 = CARTESIAN_POINT('',(50.88510331497,0.51960063487));
#4967 = CARTESIAN_POINT('',(50.684206716182,0.517980421295));
#4968 = CARTESIAN_POINT('',(50.47657790652,0.516453175278));
#4969 = CARTESIAN_POINT('',(50.263019096695,0.51501654665));
#4970 = CARTESIAN_POINT('',(50.044226646986,0.513668042222));
#4971 = CARTESIAN_POINT('',(49.820788652506,0.512405076653));
#4972 = CARTESIAN_POINT('',(49.244866200897,0.509419317193));
#4973 = CARTESIAN_POINT('',(48.88688920846,0.507808388585));
#4974 = CARTESIAN_POINT('',(48.520946652582,0.506382843964));
#4975 = CARTESIAN_POINT('',(48.148460584754,0.505135026591));
#4976 = CARTESIAN_POINT('',(47.770612312731,0.504058242387));
#4977 = CARTESIAN_POINT('',(47.388353542029,0.503146539105));
#4978 = CARTESIAN_POINT('',(46.541303262078,0.501497374302));
#4979 = CARTESIAN_POINT('',(46.075081398077,0.500828657305));
#4980 = CARTESIAN_POINT('',(45.605010916717,0.500380567642));
#4981 = CARTESIAN_POINT('',(45.132253692158,0.500147328657));
#4982 = CARTESIAN_POINT('',(44.657864185382,0.500124809624));
#4983 = CARTESIAN_POINT('',(44.182794270907,0.500310328363));
#4984 = CARTESIAN_POINT('',(43.173281861877,0.501145475543));
#4985 = CARTESIAN_POINT('',(42.639072129954,0.501850353948));
#4986 = CARTESIAN_POINT('',(42.106418809554,0.502816576272));
#4987 = CARTESIAN_POINT('',(41.576687265611,0.50404579259));
#4988 = CARTESIAN_POINT('',(41.051445423779,0.505541812133));
#4989 = CARTESIAN_POINT('',(40.532463843523,0.507310484245));
#4990 = CARTESIAN_POINT('',(39.607288994205,0.51102717756));
#4991 = CARTESIAN_POINT('',(39.198471811509,0.512877803336));
#4992 = CARTESIAN_POINT('',(38.796294127571,0.514919551936));
#4993 = CARTESIAN_POINT('',(38.402179309778,0.517158795212));
#4994 = CARTESIAN_POINT('',(38.017987069172,0.519602381308));
#4995 = CARTESIAN_POINT('',(37.645999863032,0.522257294926));
#4996 = CARTESIAN_POINT('',(37.061037470842,0.526968976688));
#4997 = CARTESIAN_POINT('',(36.839246938616,0.528894662449));
#4998 = CARTESIAN_POINT('',(36.624393052742,0.530911809171));
#4999 = CARTESIAN_POINT('',(36.417407709266,0.533022012474));
#5000 = CARTESIAN_POINT('',(36.2194042236,0.535226077793));
#5001 = CARTESIAN_POINT('',(36.031660470307,0.537523823733));
#5002 = CARTESIAN_POINT('',(35.855602022873,0.539913885433));
#5003 = ( GEOMETRIC_REPRESENTATION_CONTEXT(2) 
PARAMETRIC_REPRESENTATION_CONTEXT() REPRESENTATION_CONTEXT('2D SPACE',''
  ) );
#5004 = PCURVE('',#5005,#5010);
#5005 = CYLINDRICAL_SURFACE('',#5006,8.);
#5006 = AXIS2_PLACEMENT_3D('',#5007,#5008,#5009);
#5007 = CARTESIAN_POINT('',(-40.58438425085,364.5,295.7));
#5008 = DIRECTION('',(-1.,0.,0.));
#5009 = DIRECTION('',(0.,0.,-1.));
#5010 = DEFINITIONAL_REPRESENTATION('',(#5011),#5056);
#5011 = B_SPLINE_CURVE_WITH_KNOTS('',7,(#5012,#5013,#5014,#5015,#5016,
    #5017,#5018,#5019,#5020,#5021,#5022,#5023,#5024,#5025,#5026,#5027,
    #5028,#5029,#5030,#5031,#5032,#5033,#5034,#5035,#5036,#5037,#5038,
    #5039,#5040,#5041,#5042,#5043,#5044,#5045,#5046,#5047,#5048,#5049,
    #5050,#5051,#5052,#5053,#5054,#5055),.UNSPECIFIED.,.F.,.F.,(8,6,6,6,
    6,6,6,8),(0.,0.122284098227,0.218172459351,0.364910892961,
    0.54021236254,0.737550952534,0.897708478348,1.),.UNSPECIFIED.);
#5012 = CARTESIAN_POINT('',(2.760593748667,2.391803560667));
#5013 = CARTESIAN_POINT('',(2.707534646454,2.398345726115));
#5014 = CARTESIAN_POINT('',(2.655491675994,2.401787459553));
#5015 = CARTESIAN_POINT('',(2.604574777176,2.402296486972));
#5016 = CARTESIAN_POINT('',(2.554815684219,2.40010425082));
#5017 = CARTESIAN_POINT('',(2.506209250229,2.395449641163));
#5018 = CARTESIAN_POINT('',(2.458711542428,2.388560705017));
#5019 = CARTESIAN_POINT('',(2.375795542431,2.372628726409));
#5020 = CARTESIAN_POINT('',(2.339989005813,2.364372829707));
#5021 = CARTESIAN_POINT('',(2.304779171727,2.354957818655));
#5022 = CARTESIAN_POINT('',(2.27012986277,2.344469511302));
#5023 = CARTESIAN_POINT('',(2.236005139544,2.332985117541));
#5024 = CARTESIAN_POINT('',(2.202367342894,2.320572718328));
#5025 = CARTESIAN_POINT('',(2.118382366332,2.286963610166));
#5026 = CARTESIAN_POINT('',(2.068649072399,2.264605394918));
#5027 = CARTESIAN_POINT('',(2.019827854701,2.240423968158));
#5028 = CARTESIAN_POINT('',(1.971802511729,2.214592375544));
#5029 = CARTESIAN_POINT('',(1.92446979363,2.187256366828));
#5030 = CARTESIAN_POINT('',(1.877727616496,2.158536715222));
#5031 = CARTESIAN_POINT('',(1.776208875088,2.09267289447));
#5032 = CARTESIAN_POINT('',(1.721657296222,2.054988869442));
#5033 = CARTESIAN_POINT('',(1.667642706109,2.015638588498));
#5034 = CARTESIAN_POINT('',(1.614023483478,1.974760568729));
#5035 = CARTESIAN_POINT('',(1.56067058504,1.932473859763));
#5036 = CARTESIAN_POINT('',(1.507453502876,1.888879658059));
#5037 = CARTESIAN_POINT('',(1.394317562751,1.793600813072));
#5038 = CARTESIAN_POINT('',(1.33441828223,1.741605904883));
#5039 = CARTESIAN_POINT('',(1.274325384445,1.688184108135));
#5040 = CARTESIAN_POINT('',(1.213854928412,1.633447638517));
#5041 = CARTESIAN_POINT('',(1.152819209579,1.57751388836));
#5042 = CARTESIAN_POINT('',(1.091015408763,1.520506146534));
#5043 = CARTESIAN_POINT('',(0.97717530127,1.415501948136));
#5044 = CARTESIAN_POINT('',(0.925517703969,1.367854467238));
#5045 = CARTESIAN_POINT('',(0.873048882836,1.319655469122));
#5046 = CARTESIAN_POINT('',(0.819627817983,1.27099406147));
#5047 = CARTESIAN_POINT('',(0.765109340743,1.221995518274));
#5048 = CARTESIAN_POINT('',(0.709335714601,1.172822099558));
#5049 = CARTESIAN_POINT('',(0.615528510058,1.092279025273));
#5050 = CARTESIAN_POINT('',(0.578378402482,1.060906522606));
#5051 = CARTESIAN_POINT('',(0.540585912221,1.029606282904));
#5052 = CARTESIAN_POINT('',(0.502104867275,0.998452080911));
#5053 = CARTESIAN_POINT('',(0.462895409107,0.96753864959));
#5054 = CARTESIAN_POINT('',(0.422922128235,0.936981350587));
#5055 = CARTESIAN_POINT('',(0.38215219982,0.906915844692));
#5056 = ( GEOMETRIC_REPRESENTATION_CONTEXT(2) 
PARAMETRIC_REPRESENTATION_CONTEXT() REPRESENTATION_CONTEXT('2D SPACE',''
  ) );
#5057 = ORIENTED_EDGE('',*,*,#5058,.T.);
#5058 = EDGE_CURVE('',#4908,#5059,#5061,.T.);
#5059 = VERTEX_POINT('',#5060);
#5060 = CARTESIAN_POINT('',(-38.60153937078,361.5,259.37812882293));
#5061 = SURFACE_CURVE('',#5062,(#5176,#5293),.PCURVE_S1.);
#5062 = B_SPLINE_CURVE_WITH_KNOTS('',4,(#5063,#5064,#5065,#5066,#5067,
    #5068,#5069,#5070,#5071,#5072,#5073,#5074,#5075,#5076,#5077,#5078,
    #5079,#5080,#5081,#5082,#5083,#5084,#5085,#5086,#5087,#5088,#5089,
    #5090,#5091,#5092,#5093,#5094,#5095,#5096,#5097,#5098,#5099,#5100,
    #5101,#5102,#5103,#5104,#5105,#5106,#5107,#5108,#5109,#5110,#5111,
    #5112,#5113,#5114,#5115,#5116,#5117,#5118,#5119,#5120,#5121,#5122,
    #5123,#5124,#5125,#5126,#5127,#5128,#5129,#5130,#5131,#5132,#5133,
    #5134,#5135,#5136,#5137,#5138,#5139,#5140,#5141,#5142,#5143,#5144,
    #5145,#5146,#5147,#5148,#5149,#5150,#5151,#5152,#5153,#5154,#5155,
    #5156,#5157,#5158,#5159,#5160,#5161,#5162,#5163,#5164,#5165,#5166,
    #5167,#5168,#5169,#5170,#5171,#5172,#5173,#5174,#5175),
  .UNSPECIFIED.,.F.,.F.,(5,3,3,3,3,3,3,3,3,3,3,3,3,3,3,3,3,3,3,3,3,3,3,3
    ,3,3,3,3,3,3,3,3,3,3,3,3,3,5),(0.,1.58007506088E-02,
    4.110190227549E-02,6.630298788715E-02,8.380370567359E-02,
    0.111004762569,0.119105063491,0.160406499252,0.201507764462,
    0.230708564197,0.259009260697,0.287209877798,0.311410346141,
    0.335510756351,0.359711111839,0.383811409673,0.40951166551,
    0.435111856977,0.461011986326,0.486812050821,0.512612051094,
    0.538411987152,0.564311858382,0.590111665786,0.615911408998,
    0.641711088027,0.681110474029,0.720509710396,0.759908797155,
    0.799307734336,0.824406979279,0.849506163538,0.87460528712,
    0.899704350035,0.92480335229,0.949902293894,0.975001174854,1.),
  .UNSPECIFIED.);
#5063 = CARTESIAN_POINT('',(-49.94224440119,361.5,372.75643109591));
#5064 = CARTESIAN_POINT('',(-49.89733163589,361.5,372.30739285487));
#5065 = CARTESIAN_POINT('',(-49.85241887331,361.5,371.85835489935));
#5066 = CARTESIAN_POINT('',(-49.80750611346,361.5,371.40931722936));
#5067 = CARTESIAN_POINT('',(-49.69067623618,361.5,370.24125305623));
#5068 = CARTESIAN_POINT('',(-49.61875912302,361.5,369.52222699965));
#5069 = CARTESIAN_POINT('',(-49.54684201683,361.5,368.80320167512));
#5070 = CARTESIAN_POINT('',(-49.40329225053,361.5,367.36799623236));
#5071 = CARTESIAN_POINT('',(-49.33165959037,361.5,366.65181610835));
#5072 = CARTESIAN_POINT('',(-49.26002693713,361.5,365.93563671056));
#5073 = CARTESIAN_POINT('',(-49.13864950017,361.5,364.72211276543));
#5074 = CARTESIAN_POINT('',(-49.08890471287,361.5,364.22476784211));
#5075 = CARTESIAN_POINT('',(-49.03915992891,361.5,363.72742326899));
#5076 = CARTESIAN_POINT('',(-48.9120977134,361.5,362.45706569484));
#5077 = CARTESIAN_POINT('',(-48.83478028657,361.5,361.6840531896));
#5078 = CARTESIAN_POINT('',(-48.75746286779,361.5,360.91104153029));
#5079 = CARTESIAN_POINT('',(-48.65712082625,361.5,359.90783303638));
#5080 = CARTESIAN_POINT('',(-48.63409619613,361.5,359.67763543089));
#5081 = CARTESIAN_POINT('',(-48.61107156673,361.5,359.44743790042));
#5082 = CARTESIAN_POINT('',(-48.47065003736,361.5,358.04352041767));
#5083 = CARTESIAN_POINT('',(-48.35325315527,361.5,356.86980234052));
#5084 = CARTESIAN_POINT('',(-48.23585629174,361.5,355.69608621337));
#5085 = CARTESIAN_POINT('',(-48.00163157457,361.5,353.35434635389));
#5086 = CARTESIAN_POINT('',(-47.88480372075,361.5,352.18632260271));
#5087 = CARTESIAN_POINT('',(-47.7679758853,361.5,351.01830078241));
#5088 = CARTESIAN_POINT('',(-47.56814659195,361.5,349.02044962836));
#5089 = CARTESIAN_POINT('',(-47.48514512494,361.5,348.19061933841));
#5090 = CARTESIAN_POINT('',(-47.40214366721,361.5,347.36079002297));
#5091 = CARTESIAN_POINT('',(-47.23869925748,361.5,345.72671247516));
#5092 = CARTESIAN_POINT('',(-47.15825630493,361.5,344.92246418365));
#5093 = CARTESIAN_POINT('',(-47.07781336108,361.5,344.1182168074));
#5094 = CARTESIAN_POINT('',(-46.91721196015,361.5,342.51256793202));
#5095 = CARTESIAN_POINT('',(-46.837053503,361.5,341.71116642643));
#5096 = CARTESIAN_POINT('',(-46.7568950545,361.5,340.90976582955));
#5097 = CARTESIAN_POINT('',(-46.60794834028,361.5,339.42064190767));
#5098 = CARTESIAN_POINT('',(-46.53916007228,361.5,338.73291834318));
#5099 = CARTESIAN_POINT('',(-46.47037181065,361.5,338.04519544782));
#5100 = CARTESIAN_POINT('',(-46.33307970883,361.5,336.67259441968));
#5101 = CARTESIAN_POINT('',(-46.2645758686,361.5,335.98771628137));
#5102 = CARTESIAN_POINT('',(-46.19607203467,361.5,335.30283880662));
#5103 = CARTESIAN_POINT('',(-46.05878029156,361.5,333.93024497512));
#5104 = CARTESIAN_POINT('',(-45.98999238244,361.5,333.24252862388));
#5105 = CARTESIAN_POINT('',(-45.92120447967,361.5,332.55481294165));
#5106 = CARTESIAN_POINT('',(-45.78391309406,361.5,331.18222630938));
#5107 = CARTESIAN_POINT('',(-45.71540961117,361.5,330.49735535382));
#5108 = CARTESIAN_POINT('',(-45.64690613458,361.5,329.81248506168));
#5109 = CARTESIAN_POINT('',(-45.50535142135,361.5,328.39727903647));
#5110 = CARTESIAN_POINT('',(-45.43230018557,361.5,327.6669433944));
#5111 = CARTESIAN_POINT('',(-45.35924895695,361.5,326.9366085067));
#5112 = CARTESIAN_POINT('',(-45.2134309402,361.5,325.47878380799));
#5113 = CARTESIAN_POINT('',(-45.140664152,361.5,324.75129399111));
#5114 = CARTESIAN_POINT('',(-45.06789737091,361.5,324.02380492267));
#5115 = CARTESIAN_POINT('',(-44.92151127025,361.5,322.56030485778));
#5116 = CARTESIAN_POINT('',(-44.84789195084,361.5,321.82429387898));
#5117 = CARTESIAN_POINT('',(-44.77427263871,361.5,321.08828366616));
#5118 = CARTESIAN_POINT('',(-44.62731845634,361.5,319.61910833653));
#5119 = CARTESIAN_POINT('',(-44.55398358604,361.5,318.8859432138));
#5120 = CARTESIAN_POINT('',(-44.48064872295,361.5,318.15277885108));
#5121 = CARTESIAN_POINT('',(-44.33397919374,361.5,316.68645347059));
#5122 = CARTESIAN_POINT('',(-44.26064452763,361.5,315.95329245281));
#5123 = CARTESIAN_POINT('',(-44.18730986872,361.5,315.22013219496));
#5124 = CARTESIAN_POINT('',(-44.04064074785,361.5,313.75381502381));
#5125 = CARTESIAN_POINT('',(-43.96730628588,361.5,313.02065811051));
#5126 = CARTESIAN_POINT('',(-43.89397183113,361.5,312.28750195705));
#5127 = CARTESIAN_POINT('',(-43.74701887755,361.5,310.81835131735));
#5128 = CARTESIAN_POINT('',(-43.67340037878,361.5,310.08235683701));
#5129 = CARTESIAN_POINT('',(-43.59978188727,361.5,309.34636312232));
#5130 = CARTESIAN_POINT('',(-43.45282934286,361.5,307.87722072368));
#5131 = CARTESIAN_POINT('',(-43.3794952899,361.5,307.14407203381));
#5132 = CARTESIAN_POINT('',(-43.30616124414,361.5,306.41092410361));
#5133 = CARTESIAN_POINT('',(-43.15949334947,361.5,304.94463158659));
#5134 = CARTESIAN_POINT('',(-43.08615950057,361.5,304.21148699976));
#5135 = CARTESIAN_POINT('',(-43.01282565887,361.5,303.47834317251));
#5136 = CARTESIAN_POINT('',(-42.86615817229,361.5,302.01205886097));
#5137 = CARTESIAN_POINT('',(-42.79282452741,361.5,301.27891837668));
#5138 = CARTESIAN_POINT('',(-42.71949088973,361.5,300.54577865189));
#5139 = CARTESIAN_POINT('',(-42.53416749334,361.5,298.69304339014));
#5140 = CARTESIAN_POINT('',(-42.42217774422,361.5,297.57344886487));
#5141 = CARTESIAN_POINT('',(-42.31018801187,361.5,296.45385611059));
#5142 = CARTESIAN_POINT('',(-42.08620900601,361.5,294.2146783958));
#5143 = CARTESIAN_POINT('',(-41.97421973251,361.5,293.09509343529));
#5144 = CARTESIAN_POINT('',(-41.86223047576,361.5,291.97551024543));
#5145 = CARTESIAN_POINT('',(-41.63825242102,361.5,289.73635165801));
#5146 = CARTESIAN_POINT('',(-41.52626362302,361.5,288.61677626043));
#5147 = CARTESIAN_POINT('',(-41.41427484176,361.5,287.49720263317));
#5148 = CARTESIAN_POINT('',(-41.19029773788,361.5,285.25806316942));
#5149 = CARTESIAN_POINT('',(-41.07830941525,361.5,284.1384973329));
#5150 = CARTESIAN_POINT('',(-40.96632110936,361.5,283.01893326638));
#5151 = CARTESIAN_POINT('',(-40.78299024849,361.5,281.18614948903));
#5152 = CARTESIAN_POINT('',(-40.71164768358,361.5,280.47292872664));
#5153 = CARTESIAN_POINT('',(-40.64030512546,361.5,279.75970868247));
#5154 = CARTESIAN_POINT('',(-40.49762019527,361.5,278.33327175488));
#5155 = CARTESIAN_POINT('',(-40.4262778232,361.5,277.62005487146));
#5156 = CARTESIAN_POINT('',(-40.35493545792,361.5,276.90683870618));
#5157 = CARTESIAN_POINT('',(-40.21225091337,361.5,275.48040953595));
#5158 = CARTESIAN_POINT('',(-40.14090873411,361.5,274.76719653101));
#5159 = CARTESIAN_POINT('',(-40.06956656163,361.5,274.05398424411));
#5160 = CARTESIAN_POINT('',(-39.92688240267,361.5,272.62756283024));
#5161 = CARTESIAN_POINT('',(-39.85554041619,361.5,271.91435370326));
#5162 = CARTESIAN_POINT('',(-39.78419843648,361.5,271.20114529424));
#5163 = CARTESIAN_POINT('',(-39.64151466302,361.5,269.7747316357));
#5164 = CARTESIAN_POINT('',(-39.57017286928,361.5,269.06152638618));
#5165 = CARTESIAN_POINT('',(-39.4988310823,361.5,268.34832185453));
#5166 = CARTESIAN_POINT('',(-39.35614769429,361.5,266.92191595029));
#5167 = CARTESIAN_POINT('',(-39.28480609325,361.5,266.20871457772));
#5168 = CARTESIAN_POINT('',(-39.21346449898,361.5,265.49551392291));
#5169 = CARTESIAN_POINT('',(-39.07078149634,361.5,264.06911577194));
#5170 = CARTESIAN_POINT('',(-38.99944008798,361.5,263.35591827579));
#5171 = CARTESIAN_POINT('',(-38.92809868637,361.5,262.6427214973));
#5172 = CARTESIAN_POINT('',(-38.78570029667,361.5,261.21917250684));
#5173 = CARTESIAN_POINT('',(-38.71464330852,361.5,260.50882028915));
#5174 = CARTESIAN_POINT('',(-38.64358632708,361.5,259.79846878334));
#5175 = CARTESIAN_POINT('',(-38.57252935234,361.5,259.08811798935));
#5176 = PCURVE('',#1696,#5177);
#5177 = DEFINITIONAL_REPRESENTATION('',(#5178),#5292);
#5178 = B_SPLINE_CURVE_WITH_KNOTS('',4,(#5179,#5180,#5181,#5182,#5183,
    #5184,#5185,#5186,#5187,#5188,#5189,#5190,#5191,#5192,#5193,#5194,
    #5195,#5196,#5197,#5198,#5199,#5200,#5201,#5202,#5203,#5204,#5205,
    #5206,#5207,#5208,#5209,#5210,#5211,#5212,#5213,#5214,#5215,#5216,
    #5217,#5218,#5219,#5220,#5221,#5222,#5223,#5224,#5225,#5226,#5227,
    #5228,#5229,#5230,#5231,#5232,#5233,#5234,#5235,#5236,#5237,#5238,
    #5239,#5240,#5241,#5242,#5243,#5244,#5245,#5246,#5247,#5248,#5249,
    #5250,#5251,#5252,#5253,#5254,#5255,#5256,#5257,#5258,#5259,#5260,
    #5261,#5262,#5263,#5264,#5265,#5266,#5267,#5268,#5269,#5270,#5271,
    #5272,#5273,#5274,#5275,#5276,#5277,#5278,#5279,#5280,#5281,#5282,
    #5283,#5284,#5285,#5286,#5287,#5288,#5289,#5290,#5291),
  .UNSPECIFIED.,.F.,.F.,(5,3,3,3,3,3,3,3,3,3,3,3,3,3,3,3,3,3,3,3,3,3,3,3
    ,3,3,3,3,3,3,3,3,3,3,3,3,3,5),(0.,1.58007506088E-02,
    4.110190227549E-02,6.630298788715E-02,8.380370567359E-02,
    0.111004762569,0.119105063491,0.160406499252,0.201507764462,
    0.230708564197,0.259009260697,0.287209877798,0.311410346141,
    0.335510756351,0.359711111839,0.383811409673,0.40951166551,
    0.435111856977,0.461011986326,0.486812050821,0.512612051094,
    0.538411987152,0.564311858382,0.590111665786,0.615911408998,
    0.641711088027,0.681110474029,0.720509710396,0.759908797155,
    0.799307734336,0.824406979279,0.849506163538,0.87460528712,
    0.899704350035,0.92480335229,0.949902293894,0.975001174854,1.),
  .UNSPECIFIED.);
#5179 = CARTESIAN_POINT('',(130.32279621385,0.539397479707));
#5180 = CARTESIAN_POINT('',(129.8207211793,0.539399527443));
#5181 = CARTESIAN_POINT('',(129.31864588914,0.539401575155));
#5182 = CARTESIAN_POINT('',(128.81657034337,0.539403622843));
#5183 = CARTESIAN_POINT('',(127.51053931778,0.539408949354));
#5184 = CARTESIAN_POINT('',(126.70658343819,0.53941222814));
#5185 = CARTESIAN_POINT('',(125.90262690327,0.539415506864));
#5186 = CARTESIAN_POINT('',(124.29789217349,0.53942205122));
#5187 = CARTESIAN_POINT('',(123.49711398381,0.539425316852));
#5188 = CARTESIAN_POINT('',(122.69633514402,0.539428582422));
#5189 = CARTESIAN_POINT('',(121.33945993361,0.539434115639));
#5190 = CARTESIAN_POINT('',(120.78336389957,0.539436383317));
#5191 = CARTESIAN_POINT('',(120.22726755204,0.539438650965));
#5192 = CARTESIAN_POINT('',(118.80683966186,0.539444443101));
#5193 = CARTESIAN_POINT('',(117.94250767538,0.539447967546));
#5194 = CARTESIAN_POINT('',(117.07817493163,0.539451491917));
#5195 = CARTESIAN_POINT('',(115.95644843734,0.539456065726));
#5196 = CARTESIAN_POINT('',(115.6990553769,0.539457115232));
#5197 = CARTESIAN_POINT('',(115.4416622493,0.539458164732));
#5198 = CARTESIAN_POINT('',(113.87188466281,0.53946456533));
#5199 = CARTESIAN_POINT('',(112.55949852532,0.539469916264));
#5200 = CARTESIAN_POINT('',(111.2471106422,0.539475267023));
#5201 = CARTESIAN_POINT('',(108.62869198119,0.539485942259));
#5202 = CARTESIAN_POINT('',(107.32266122017,0.539491266737));
#5203 = CARTESIAN_POINT('',(106.01662873065,0.539496591039));
#5204 = CARTESIAN_POINT('',(103.78270960585,0.539505697742));
#5205 = CARTESIAN_POINT('',(102.85482382653,0.53950948023));
#5206 = CARTESIAN_POINT('',(101.92693717486,0.539513262628));
#5207 = CARTESIAN_POINT('',(100.09976389707,0.539520710655));
#5208 = CARTESIAN_POINT('',(99.200477323902,0.539524376289));
#5209 = CARTESIAN_POINT('',(98.30118993142,0.539528041838));
#5210 = CARTESIAN_POINT('',(96.505793649567,0.539535359801));
#5211 = CARTESIAN_POINT('',(95.609684765978,0.539539012217));
#5212 = CARTESIAN_POINT('',(94.713575068953,0.539542664546));
#5213 = CARTESIAN_POINT('',(93.048463867476,0.539549450975));
#5214 = CARTESIAN_POINT('',(92.279462577416,0.539552585098));
#5215 = CARTESIAN_POINT('',(91.510460688376,0.539555719156));
#5216 = CARTESIAN_POINT('',(89.975635194353,0.539561974187));
#5217 = CARTESIAN_POINT('',(89.209811594313,0.53956509516));
#5218 = CARTESIAN_POINT('',(88.44398740029,0.539568216069));
#5219 = CARTESIAN_POINT('',(86.909161921085,0.5395744707));
#5220 = CARTESIAN_POINT('',(86.140160630966,0.539577604421));
#5221 = CARTESIAN_POINT('',(85.371158741985,0.539580738078));
#5222 = CARTESIAN_POINT('',(83.836333247962,0.539586992304));
#5223 = CARTESIAN_POINT('',(83.070509647861,0.539590112873));
#5224 = CARTESIAN_POINT('',(82.304685453899,0.539593233378));
#5225 = CARTESIAN_POINT('',(80.722194701695,0.539599681413));
#5226 = CARTESIAN_POINT('',(79.905528061992,0.539603008935));
#5227 = CARTESIAN_POINT('',(79.088860747026,0.539606336382));
#5228 = CARTESIAN_POINT('',(77.458704476968,0.53961297817));
#5229 = CARTESIAN_POINT('',(76.645215527125,0.539616292512));
#5230 = CARTESIAN_POINT('',(75.831725907336,0.539619606778));
#5231 = CARTESIAN_POINT('',(74.195214283795,0.539626273989));
#5232 = CARTESIAN_POINT('',(73.372192264253,0.539629626932));
#5233 = CARTESIAN_POINT('',(72.549169559049,0.539632979797));
#5234 = CARTESIAN_POINT('',(70.906302518853,0.539639672418));
#5235 = CARTESIAN_POINT('',(70.086458189148,0.539643012174));
#5236 = CARTESIAN_POINT('',(69.266613179144,0.539646351852));
#5237 = CARTESIAN_POINT('',(67.626923839393,0.539653031043));
#5238 = CARTESIAN_POINT('',(66.807079509649,0.539656370556));
#5239 = CARTESIAN_POINT('',(65.987234499684,0.53965970999));
#5240 = CARTESIAN_POINT('',(64.347545159931,0.539666388691));
#5241 = CARTESIAN_POINT('',(63.527700830147,0.539669727959));
#5242 = CARTESIAN_POINT('',(62.70785582022,0.539673067147));
#5243 = CARTESIAN_POINT('',(61.06498879587,0.539679758297));
#5244 = CARTESIAN_POINT('',(60.241966776169,0.539683110258));
#5245 = CARTESIAN_POINT('',(59.418944071121,0.539686462139));
#5246 = CARTESIAN_POINT('',(57.776077030925,0.539693152787));
#5247 = CARTESIAN_POINT('',(56.956232701059,0.539696491556));
#5248 = CARTESIAN_POINT('',(56.136387691213,0.539699830244));
#5249 = CARTESIAN_POINT('',(54.496698351457,0.539706507448));
#5250 = CARTESIAN_POINT('',(53.676854021551,0.539709845964));
#5251 = CARTESIAN_POINT('',(52.857009011744,0.539713184399));
#5252 = CARTESIAN_POINT('',(51.217319671988,0.539719861095));
#5253 = CARTESIAN_POINT('',(50.39747534204,0.539723199357));
#5254 = CARTESIAN_POINT('',(49.577630332275,0.539726537536));
#5255 = CARTESIAN_POINT('',(47.505776168182,0.539734973329));
#5256 = CARTESIAN_POINT('',(46.253766108312,0.539740070832));
#5257 = CARTESIAN_POINT('',(45.001754463267,0.53974516814));
#5258 = CARTESIAN_POINT('',(42.497732758186,0.539755362343));
#5259 = CARTESIAN_POINT('',(41.245722698163,0.539760459239));
#5260 = CARTESIAN_POINT('',(39.993711053267,0.539765555937));
#5261 = CARTESIAN_POINT('',(37.489689348182,0.539775748915));
#5262 = CARTESIAN_POINT('',(36.237679288002,0.539780845196));
#5263 = CARTESIAN_POINT('',(34.985667643261,0.539785941275));
#5264 = CARTESIAN_POINT('',(32.48164593817,0.539796133012));
#5265 = CARTESIAN_POINT('',(31.229635877834,0.539801228668));
#5266 = CARTESIAN_POINT('',(29.977624233247,0.539806324122));
#5267 = CARTESIAN_POINT('',(27.928011146648,0.539814665318));
#5268 = CARTESIAN_POINT('',(27.130410645846,0.539817911183));
#5269 = CARTESIAN_POINT('',(26.332809502199,0.539821156964));
#5270 = CARTESIAN_POINT('',(24.737607857704,0.539827648351));
#5271 = CARTESIAN_POINT('',(23.940007356861,0.539830893957));
#5272 = CARTESIAN_POINT('',(23.142406213254,0.539834139479));
#5273 = CARTESIAN_POINT('',(21.547204568758,0.539840630346));
#5274 = CARTESIAN_POINT('',(20.749604067874,0.539843875691));
#5275 = CARTESIAN_POINT('',(19.952002924308,0.539847120951));
#5276 = CARTESIAN_POINT('',(18.356801279812,0.539853611293));
#5277 = CARTESIAN_POINT('',(17.559200778884,0.539856856375));
#5278 = CARTESIAN_POINT('',(16.761599635361,0.539860101371));
#5279 = CARTESIAN_POINT('',(15.166397990864,0.539866591184));
#5280 = CARTESIAN_POINT('',(14.368797489892,0.539869836001));
#5281 = CARTESIAN_POINT('',(13.571196346412,0.539873080731));
#5282 = CARTESIAN_POINT('',(11.975994701914,0.539879570011));
#5283 = CARTESIAN_POINT('',(11.1783942009,0.53988281456));
#5284 = CARTESIAN_POINT('',(10.380793057462,0.539886059023));
#5285 = CARTESIAN_POINT('',(8.785591412963,0.539892547765));
#5286 = CARTESIAN_POINT('',(7.987990911905,0.539895792045));
#5287 = CARTESIAN_POINT('',(7.190389768511,0.539899036237));
#5288 = CARTESIAN_POINT('',(5.598365808865,0.539905511513));
#5289 = CARTESIAN_POINT('',(4.803942997723,0.539908742597));
#5290 = CARTESIAN_POINT('',(4.009519549443,0.539911973594));
#5291 = CARTESIAN_POINT('',(3.215095464065,0.539915204503));
#5292 = ( GEOMETRIC_REPRESENTATION_CONTEXT(2) 
PARAMETRIC_REPRESENTATION_CONTEXT() REPRESENTATION_CONTEXT('2D SPACE',''
  ) );
#5293 = PCURVE('',#4332,#5294);
#5294 = DEFINITIONAL_REPRESENTATION('',(#5295),#5409);
#5295 = B_SPLINE_CURVE_WITH_KNOTS('',4,(#5296,#5297,#5298,#5299,#5300,
    #5301,#5302,#5303,#5304,#5305,#5306,#5307,#5308,#5309,#5310,#5311,
    #5312,#5313,#5314,#5315,#5316,#5317,#5318,#5319,#5320,#5321,#5322,
    #5323,#5324,#5325,#5326,#5327,#5328,#5329,#5330,#5331,#5332,#5333,
    #5334,#5335,#5336,#5337,#5338,#5339,#5340,#5341,#5342,#5343,#5344,
    #5345,#5346,#5347,#5348,#5349,#5350,#5351,#5352,#5353,#5354,#5355,
    #5356,#5357,#5358,#5359,#5360,#5361,#5362,#5363,#5364,#5365,#5366,
    #5367,#5368,#5369,#5370,#5371,#5372,#5373,#5374,#5375,#5376,#5377,
    #5378,#5379,#5380,#5381,#5382,#5383,#5384,#5385,#5386,#5387,#5388,
    #5389,#5390,#5391,#5392,#5393,#5394,#5395,#5396,#5397,#5398,#5399,
    #5400,#5401,#5402,#5403,#5404,#5405,#5406,#5407,#5408),
  .UNSPECIFIED.,.F.,.F.,(5,3,3,3,3,3,3,3,3,3,3,3,3,3,3,3,3,3,3,3,3,3,3,3
    ,3,3,3,3,3,3,3,3,3,3,3,3,3,5),(0.,1.58007506088E-02,
    4.110190227549E-02,6.630298788715E-02,8.380370567359E-02,
    0.111004762569,0.119105063491,0.160406499252,0.201507764462,
    0.230708564197,0.259009260697,0.287209877798,0.311410346141,
    0.335510756351,0.359711111839,0.383811409673,0.40951166551,
    0.435111856977,0.461011986326,0.486812050821,0.512612051094,
    0.538411987152,0.564311858382,0.590111665786,0.615911408998,
    0.641711088027,0.681110474029,0.720509710396,0.759908797155,
    0.799307734336,0.824406979279,0.849506163538,0.87460528712,
    0.899704350035,0.92480335229,0.949902293894,0.975001174854,1.),
  .UNSPECIFIED.);
#5296 = CARTESIAN_POINT('',(4.63861535635,1.015650158186));
#5297 = CARTESIAN_POINT('',(5.017649380055,0.77073036054));
#5298 = CARTESIAN_POINT('',(5.396683178858,0.525810738826));
#5299 = CARTESIAN_POINT('',(5.775716752759,0.280891293044));
#5300 = CARTESIAN_POINT('',(6.76168204364,-0.35620805396));
#5301 = CARTESIAN_POINT('',(7.368613408877,-0.748387680027));
#5302 = CARTESIAN_POINT('',(7.975544197497,-1.140566855028));
#5303 = CARTESIAN_POINT('',(9.187004212567,-1.923373236079));
#5304 = CARTESIAN_POINT('',(9.791533443571,-2.314000445693));
#5305 = CARTESIAN_POINT('',(10.396062102552,-2.704627207832));
#5306 = CARTESIAN_POINT('',(11.42040049484,-3.366521236884));
#5307 = CARTESIAN_POINT('',(11.84021052429,-3.63778873546));
#5308 = CARTESIAN_POINT('',(12.260020277905,-3.909056018259));
#5309 = CARTESIAN_POINT('',(13.332332220433,-4.601948701674));
#5310 = CARTESIAN_POINT('',(13.98483401883,-5.0235737968));
#5311 = CARTESIAN_POINT('',(14.637335150911,-5.445198370685));
#5312 = CARTESIAN_POINT('',(15.484146085777,-5.992379371951));
#5313 = CARTESIAN_POINT('',(15.678456495762,-6.117936274329));
#5314 = CARTESIAN_POINT('',(15.87276684666,-6.243493130485));
#5315 = CARTESIAN_POINT('',(17.057817373009,-7.009233134845));
#5316 = CARTESIAN_POINT('',(18.048556071486,-7.649415127648));
#5317 = CARTESIAN_POINT('',(19.039293234008,-8.289595918906));
#5318 = CARTESIAN_POINT('',(21.015962811747,-9.566852419391));
#5319 = CARTESIAN_POINT('',(22.001895241816,-10.20392814023));
#5320 = CARTESIAN_POINT('',(22.987826150996,-10.84100267131));
#5321 = CARTESIAN_POINT('',(24.674218809248,-11.93069105907));
#5322 = CARTESIAN_POINT('',(25.37468131148,-12.38330550494));
#5323 = CARTESIAN_POINT('',(26.075143046134,-12.83591935034));
#5324 = CARTESIAN_POINT('',(27.454473544904,-13.72719421394));
#5325 = CARTESIAN_POINT('',(28.133342355609,-14.16585526858));
#5326 = CARTESIAN_POINT('',(28.8122104454,-14.60451575926));
#5327 = CARTESIAN_POINT('',(30.167544513048,-15.48028438513));
#5328 = CARTESIAN_POINT('',(30.844010495996,-15.9173925243));
#5329 = CARTESIAN_POINT('',(31.52047576319,-16.35450010354));
#5330 = CARTESIAN_POINT('',(32.777450978825,-17.16671219756));
#5331 = CARTESIAN_POINT('',(33.357961115906,-17.54181685991));
#5332 = CARTESIAN_POINT('',(33.938470725938,-17.91692110995));
#5333 = CARTESIAN_POINT('',(35.097088746068,-18.66557789855));
#5334 = CARTESIAN_POINT('',(35.675197160514,-19.0391304405));
#5335 = CARTESIAN_POINT('',(36.253305052307,-19.41268257358));
#5336 = CARTESIAN_POINT('',(37.411917222927,-20.16133515462));
#5337 = CARTESIAN_POINT('',(37.99242149741,-20.53643559918));
#5338 = CARTESIAN_POINT('',(38.572925244944,-20.9115356315));
#5339 = CARTESIAN_POINT('',(39.731531564787,-21.66018400242));
#5340 = CARTESIAN_POINT('',(40.309634141443,-22.03373234442));
#5341 = CARTESIAN_POINT('',(40.887736195548,-22.40728027761));
#5342 = CARTESIAN_POINT('',(42.082317961686,-23.17917420468));
#5343 = CARTESIAN_POINT('',(42.698797602036,-23.57752014247));
#5344 = CARTESIAN_POINT('',(43.315276648208,-23.97586561543));
#5345 = CARTESIAN_POINT('',(44.545833283205,-24.77100466884));
#5346 = CARTESIAN_POINT('',(45.159910876648,-25.1677982529));
#5347 = CARTESIAN_POINT('',(45.773987880592,-25.56459137578));
#5348 = CARTESIAN_POINT('',(47.009335373677,-26.36282561566));
#5349 = CARTESIAN_POINT('',(47.630605848926,-26.7642667218));
#5350 = CARTESIAN_POINT('',(48.251875720842,-27.16570735592));
#5351 = CARTESIAN_POINT('',(49.492013991357,-27.96703672074));
#5352 = CARTESIAN_POINT('',(50.110882394609,-28.36692545508));
#5353 = CARTESIAN_POINT('',(50.729750199242,-28.76681372109));
#5354 = CARTESIAN_POINT('',(51.967483070839,-29.56658832112));
#5355 = CARTESIAN_POINT('',(52.586348137805,-29.96647465514));
#5356 = CARTESIAN_POINT('',(53.20521260622,-30.36636052089));
#5357 = CARTESIAN_POINT('',(54.442938805699,-31.16613032061));
#5358 = CARTESIAN_POINT('',(55.061800536765,-31.56601425458));
#5359 = CARTESIAN_POINT('',(55.680661669349,-31.96589772033));
#5360 = CARTESIAN_POINT('',(56.920779872764,-32.76721264859));
#5361 = CARTESIAN_POINT('',(57.54203693895,-33.16864410746));
#5362 = CARTESIAN_POINT('',(58.163293402074,-33.57007509453));
#5363 = CARTESIAN_POINT('',(59.403404908068,-34.37138520336));
#5364 = CARTESIAN_POINT('',(60.022259955591,-34.77126432876));
#5365 = CARTESIAN_POINT('',(60.641114404766,-35.17114298605));
#5366 = CARTESIAN_POINT('',(61.878820566751,-35.97089836952));
#5367 = CARTESIAN_POINT('',(62.497672279562,-36.37077509571));
#5368 = CARTESIAN_POINT('',(63.116523394099,-36.77065135383));
#5369 = CARTESIAN_POINT('',(64.35422288714,-37.5704019392));
#5370 = CARTESIAN_POINT('',(64.973071265648,-37.97027626645));
#5371 = CARTESIAN_POINT('',(65.591919045951,-38.37015012569));
#5372 = CARTESIAN_POINT('',(67.15582445839,-39.38068096258));
#5373 = CARTESIAN_POINT('',(68.100881293693,-39.99133731681));
#5374 = CARTESIAN_POINT('',(69.045936734115,-40.60199257974));
#5375 = CARTESIAN_POINT('',(70.936041236187,-41.82329860392));
#5376 = CARTESIAN_POINT('',(71.881090297849,-42.43394936519));
#5377 = CARTESIAN_POINT('',(72.826137964889,-43.04459903533));
#5378 = CARTESIAN_POINT('',(74.716226921445,-44.26589387481));
#5379 = CARTESIAN_POINT('',(75.661268210973,-44.87653904416));
#5380 = CARTESIAN_POINT('',(76.606308106142,-45.48718312257));
#5381 = CARTESIAN_POINT('',(78.496381520226,-46.70846677946));
#5382 = CARTESIAN_POINT('',(79.44141503915,-47.31910635795));
#5383 = CARTESIAN_POINT('',(80.386447163987,-47.9297448457));
#5384 = CARTESIAN_POINT('',(81.933513368143,-48.92939115266));
#5385 = CARTESIAN_POINT('',(82.535548275699,-49.31839961987));
#5386 = CARTESIAN_POINT('',(83.137582617568,-49.70740764449));
#5387 = CARTESIAN_POINT('',(84.341648714429,-50.48542186806));
#5388 = CARTESIAN_POINT('',(84.943680469421,-50.87442806701));
#5389 = CARTESIAN_POINT('',(85.545711658801,-51.26343382343));
#5390 = CARTESIAN_POINT('',(86.749771451022,-52.04144351082));
#5391 = CARTESIAN_POINT('',(87.351800053866,-52.4304474418));
#5392 = CARTESIAN_POINT('',(87.953828091169,-52.8194509303));
#5393 = CARTESIAN_POINT('',(89.157881579581,-53.59745608209));
#5394 = CARTESIAN_POINT('',(89.759907030692,-53.98645774539));
#5395 = CARTESIAN_POINT('',(90.361931916336,-54.37545896626));
#5396 = CARTESIAN_POINT('',(91.565979101777,-55.15345958303));
#5397 = CARTESIAN_POINT('',(92.168001401578,-55.54245897894));
#5398 = CARTESIAN_POINT('',(92.770023135984,-55.93145793247));
#5399 = CARTESIAN_POINT('',(93.974064019302,-56.70945401481));
#5400 = CARTESIAN_POINT('',(94.576083168215,-57.09845114363));
#5401 = CARTESIAN_POINT('',(95.178101751811,-57.48744783011));
#5402 = CARTESIAN_POINT('',(96.38213633386,-58.26543937862));
#5403 = CARTESIAN_POINT('',(96.984152332317,-58.65443424063));
#5404 = CARTESIAN_POINT('',(97.586167765531,-59.04342866038));
#5405 = CARTESIAN_POINT('',(98.787797590249,-59.81986590445));
#5406 = CARTESIAN_POINT('',(99.387411986251,-60.2073087323));
#5407 = CARTESIAN_POINT('',(99.987025821579,-60.59475112144));
#5408 = CARTESIAN_POINT('',(100.58663909627,-60.98219307192));
#5409 = ( GEOMETRIC_REPRESENTATION_CONTEXT(2) 
PARAMETRIC_REPRESENTATION_CONTEXT() REPRESENTATION_CONTEXT('2D SPACE',''
  ) );
#5410 = ORIENTED_EDGE('',*,*,#5411,.T.);
#5411 = EDGE_CURVE('',#5059,#1402,#5412,.T.);
#5412 = SURFACE_CURVE('',#5413,(#5461,#5512),.PCURVE_S1.);
#5413 = B_SPLINE_CURVE_WITH_KNOTS('',6,(#5414,#5415,#5416,#5417,#5418,
    #5419,#5420,#5421,#5422,#5423,#5424,#5425,#5426,#5427,#5428,#5429,
    #5430,#5431,#5432,#5433,#5434,#5435,#5436,#5437,#5438,#5439,#5440,
    #5441,#5442,#5443,#5444,#5445,#5446,#5447,#5448,#5449,#5450,#5451,
    #5452,#5453,#5454,#5455,#5456,#5457,#5458,#5459,#5460),
  .UNSPECIFIED.,.F.,.F.,(7,5,5,5,5,5,5,5,5,7),(0.,7.91432504033E-03,
    0.127592632037,0.25211142893,0.376630762776,0.500880588458,
    0.625840543735,0.750360469401,0.874880371726,1.),.UNSPECIFIED.);
#5414 = CARTESIAN_POINT('',(-35.86442283543,420.00000114686,
    269.38483558041));
#5415 = CARTESIAN_POINT('',(-35.87223034174,419.83292079377,
    269.35625568185));
#5416 = CARTESIAN_POINT('',(-35.88003803707,419.66584043952,
    269.3276757831));
#5417 = CARTESIAN_POINT('',(-35.88784584778,419.49876007473,
    269.29909588254));
#5418 = CARTESIAN_POINT('',(-35.89565362766,419.33167971782,
    269.27051598333));
#5419 = CARTESIAN_POINT('',(-35.90346154671,419.16459935491,
    269.24193608309));
#5420 = CARTESIAN_POINT('',(-36.02933967167,416.47097441385,
    268.78117857247));
#5421 = CARTESIAN_POINT('',(-36.14742665619,413.9444295169,
    268.34900090755));
#5422 = CARTESIAN_POINT('',(-36.26553014863,411.41788431506,
    267.91682319048));
#5423 = CARTESIAN_POINT('',(-36.38364983057,408.891338822,
    267.48464542359));
#5424 = CARTESIAN_POINT('',(-36.50178539433,406.36479305065,
    267.05246760911));
#5425 = CARTESIAN_POINT('',(-36.74286641422,401.20951269404,
    266.17063209167));
#5426 = CARTESIAN_POINT('',(-36.86581315624,398.58077808686,
    265.72097438498));
#5427 = CARTESIAN_POINT('',(-36.98877643449,395.95204320554,
    265.27131663139));
#5428 = CARTESIAN_POINT('',(-37.1117559255,393.32330806316,
    264.82165883315));
#5429 = CARTESIAN_POINT('',(-37.23475131685,390.69457267216,
    264.37200099238));
#5430 = CARTESIAN_POINT('',(-37.48077382793,385.43709008061,
    263.47268329076));
#5431 = CARTESIAN_POINT('',(-37.60380094752,382.8083428801,
    263.02302342992));
#5432 = CARTESIAN_POINT('',(-37.72684336451,380.17959545443,
    262.57336353056));
#5433 = CARTESIAN_POINT('',(-37.84990078717,377.55084781473,
    262.12370359459));
#5434 = CARTESIAN_POINT('',(-37.9729729335,374.92209997155,
    261.67404362382));
#5435 = CARTESIAN_POINT('',(-38.21887972173,369.67029352912,
    260.77569685482));
#5436 = CARTESIAN_POINT('',(-38.34171430092,367.04723493073,
    260.32701005675));
#5437 = CARTESIAN_POINT('',(-38.46456299819,364.4241761496,
    259.87832322742));
#5438 = CARTESIAN_POINT('',(-38.58742555147,361.80111719514,
    259.42963636844));
#5439 = CARTESIAN_POINT('',(-38.71030170719,359.17805807628,
    258.98094948134));
#5440 = CARTESIAN_POINT('',(-38.9567830883,353.91694785956,
    258.08101125698));
#5441 = CARTESIAN_POINT('',(-39.08038846661,351.27889675993,
    257.62975991941));
#5442 = CARTESIAN_POINT('',(-39.20400710587,348.64084551116,
    257.17850855633));
#5443 = CARTESIAN_POINT('',(-39.32763876444,346.0027941214,
    256.72725716913));
#5444 = CARTESIAN_POINT('',(-39.45128320838,343.36474259838,
    256.27600575914));
#5445 = CARTESIAN_POINT('',(-39.69816177305,338.09792884318,
    255.37509191707));
#5446 = CARTESIAN_POINT('',(-39.82139580532,335.46916661189,
    254.92542948514));
#5447 = CARTESIAN_POINT('',(-39.94464208435,332.84040426281,
    254.47576703306));
#5448 = CARTESIAN_POINT('',(-40.06790039297,330.2116418028,254.026104562
    ));
#5449 = CARTESIAN_POINT('',(-40.19117052076,327.58287923838,
    253.57644207309));
#5450 = CARTESIAN_POINT('',(-40.43773398418,322.32535440585,
    252.67711714595));
#5451 = CARTESIAN_POINT('',(-40.56102731965,319.69659213775,
    252.22745470772));
#5452 = CARTESIAN_POINT('',(-40.68433206673,317.0678297776,
    251.77779225375));
#5453 = CARTESIAN_POINT('',(-40.80764802767,314.43906733128,
    251.32812978503));
#5454 = CARTESIAN_POINT('',(-40.93097501077,311.81030480434,
    250.87846730253));
#5455 = CARTESIAN_POINT('',(-41.17824468243,306.54011867472,
    249.97697659958));
#5456 = CARTESIAN_POINT('',(-41.30218747551,303.89869507133,
    249.52514837902));
#5457 = CARTESIAN_POINT('',(-41.42614102104,301.25727139722,
    249.07332014635));
#5458 = CARTESIAN_POINT('',(-41.55010513601,298.61584765746,
    248.62149190246));
#5459 = CARTESIAN_POINT('',(-41.67407964289,295.97442385687,
    248.16966364816));
#5460 = CARTESIAN_POINT('',(-41.79806436955,293.333,247.71783538423));
#5461 = PCURVE('',#1696,#5462);
#5462 = DEFINITIONAL_REPRESENTATION('',(#5463),#5511);
#5463 = B_SPLINE_CURVE_WITH_KNOTS('',6,(#5464,#5465,#5466,#5467,#5468,
    #5469,#5470,#5471,#5472,#5473,#5474,#5475,#5476,#5477,#5478,#5479,
    #5480,#5481,#5482,#5483,#5484,#5485,#5486,#5487,#5488,#5489,#5490,
    #5491,#5492,#5493,#5494,#5495,#5496,#5497,#5498,#5499,#5500,#5501,
    #5502,#5503,#5504,#5505,#5506,#5507,#5508,#5509,#5510),
  .UNSPECIFIED.,.F.,.F.,(7,5,5,5,5,5,5,5,5,7),(0.,7.91432504033E-03,
    0.127592632037,0.25211142893,0.376630762776,0.500880588458,
    0.625840543735,0.750360469401,0.874880371726,1.),.UNSPECIFIED.);
#5464 = CARTESIAN_POINT('',(3.873985243122,1.001800048697));
#5465 = CARTESIAN_POINT('',(3.872939478672,1.00048094331));
#5466 = CARTESIAN_POINT('',(3.871895361415,0.999161762831));
#5467 = CARTESIAN_POINT('',(3.870853830142,0.99784249167));
#5468 = CARTESIAN_POINT('',(3.869810384322,0.996523357454));
#5469 = CARTESIAN_POINT('',(3.868769002521,0.995204146222));
#5470 = CARTESIAN_POINT('',(3.851985867739,0.973936452187));
#5471 = CARTESIAN_POINT('',(3.83639495715,0.953987972102));
#5472 = CARTESIAN_POINT('',(3.820952582068,0.934039511574));
#5473 = CARTESIAN_POINT('',(3.805656156252,0.914091070291));
#5474 = CARTESIAN_POINT('',(3.790503170411,0.894142647948));
#5475 = CARTESIAN_POINT('',(3.759872041885,0.853439010564));
#5476 = CARTESIAN_POINT('',(3.744405534401,0.832683797062));
#5477 = CARTESIAN_POINT('',(3.729088930121,0.811928603408));
#5478 = CARTESIAN_POINT('',(3.713919570157,0.791173429278));
#5479 = CARTESIAN_POINT('',(3.698894876356,0.770418274356));
#5480 = CARTESIAN_POINT('',(3.669129762066,0.728907912813));
#5481 = CARTESIAN_POINT('',(3.654389341106,0.708152706193));
#5482 = CARTESIAN_POINT('',(3.639788590725,0.687397518167));
#5483 = CARTESIAN_POINT('',(3.625325085485,0.666642348438));
#5484 = CARTESIAN_POINT('',(3.610996472208,0.645887196715));
#5485 = CARTESIAN_POINT('',(3.582635193391,0.60442185088));
#5486 = CARTESIAN_POINT('',(3.568601952946,0.583711656692));
#5487 = CARTESIAN_POINT('',(3.55469848227,0.563001479871));
#5488 = CARTESIAN_POINT('',(3.540922579235,0.542291320143));
#5489 = CARTESIAN_POINT('',(3.527272105946,0.521581177243));
#5490 = CARTESIAN_POINT('',(3.500140559511,0.480042559236));
#5491 = CARTESIAN_POINT('',(3.486660899106,0.459214084319));
#5492 = CARTESIAN_POINT('',(3.473303897947,0.438385625898));
#5493 = CARTESIAN_POINT('',(3.460067505472,0.417557183717));
#5494 = CARTESIAN_POINT('',(3.446949730147,0.396728757528));
#5495 = CARTESIAN_POINT('',(3.420993330359,0.355145281081));
#5496 = CARTESIAN_POINT('',(3.408153884392,0.334390230712));
#5497 = CARTESIAN_POINT('',(3.395428389215,0.313635195742));
#5498 = CARTESIAN_POINT('',(3.382814984844,0.292880175935));
#5499 = CARTESIAN_POINT('',(3.370311863653,0.272125171064));
#5500 = CARTESIAN_POINT('',(3.345522679422,0.230615194642));
#5501 = CARTESIAN_POINT('',(3.333236615309,0.20986022309));
#5502 = CARTESIAN_POINT('',(3.321057322628,0.18910526603));
#5503 = CARTESIAN_POINT('',(3.308983093173,0.168350323247));
#5504 = CARTESIAN_POINT('',(3.297012265934,0.147595394529));
#5505 = CARTESIAN_POINT('',(3.273217023351,0.105985602793));
#5506 = CARTESIAN_POINT('',(3.261393589921,8.513073990108E-02));
#5507 = CARTESIAN_POINT('',(3.24967128947,6.427589080201E-02));
#5508 = CARTESIAN_POINT('',(3.238048528088,4.342105529693E-02));
#5509 = CARTESIAN_POINT('',(3.2265237553,2.256623318073E-02));
#5510 = CARTESIAN_POINT('',(3.215095464065,1.711424242235E-03));
#5511 = ( GEOMETRIC_REPRESENTATION_CONTEXT(2) 
PARAMETRIC_REPRESENTATION_CONTEXT() REPRESENTATION_CONTEXT('2D SPACE',''
  ) );
#5512 = PCURVE('',#1499,#5513);
#5513 = DEFINITIONAL_REPRESENTATION('',(#5514),#5562);
#5514 = B_SPLINE_CURVE_WITH_KNOTS('',6,(#5515,#5516,#5517,#5518,#5519,
    #5520,#5521,#5522,#5523,#5524,#5525,#5526,#5527,#5528,#5529,#5530,
    #5531,#5532,#5533,#5534,#5535,#5536,#5537,#5538,#5539,#5540,#5541,
    #5542,#5543,#5544,#5545,#5546,#5547,#5548,#5549,#5550,#5551,#5552,
    #5553,#5554,#5555,#5556,#5557,#5558,#5559,#5560,#5561),
  .UNSPECIFIED.,.F.,.F.,(7,5,5,5,5,5,5,5,5,7),(0.,7.91432504033E-03,
    0.127592632037,0.25211142893,0.376630762776,0.500880588458,
    0.625840543735,0.750360469401,0.874880371726,1.),.UNSPECIFIED.);
#5515 = CARTESIAN_POINT('',(86.411707749236,1.0046588058));
#5516 = CARTESIAN_POINT('',(86.412313261559,1.003339775721));
#5517 = CARTESIAN_POINT('',(86.412918646499,1.002020737714));
#5518 = CARTESIAN_POINT('',(86.413523848405,1.000701696384));
#5519 = CARTESIAN_POINT('',(86.414128583459,0.999382633607));
#5520 = CARTESIAN_POINT('',(86.414733271537,0.99806358447));
#5521 = CARTESIAN_POINT('',(86.424477936358,0.97679818037));
#5522 = CARTESIAN_POINT('',(86.433570277654,0.95685182578));
#5523 = CARTESIAN_POINT('',(86.442615020341,0.936905468782));
#5524 = CARTESIAN_POINT('',(86.451612451718,0.916959109485));
#5525 = CARTESIAN_POINT('',(86.460562864251,0.897012747991));
#5526 = CARTESIAN_POINT('',(86.47873036418,0.856313273332));
#5527 = CARTESIAN_POINT('',(86.487943595373,0.835560159994));
#5528 = CARTESIAN_POINT('',(86.49710658431,0.814807044492));
#5529 = CARTESIAN_POINT('',(86.506219670038,0.794053926929));
#5530 = CARTESIAN_POINT('',(86.515283195487,0.773300807403));
#5531 = CARTESIAN_POINT('',(86.533311858331,0.731794475118));
#5532 = CARTESIAN_POINT('',(86.542276994952,0.711041262359));
#5533 = CARTESIAN_POINT('',(86.55119326406,0.690288047823));
#5534 = CARTESIAN_POINT('',(86.56006101452,0.669534831597));
#5535 = CARTESIAN_POINT('',(86.568880597333,0.648781613764));
#5536 = CARTESIAN_POINT('',(86.586405148433,0.607320093065));
#5537 = CARTESIAN_POINT('',(86.595110323202,0.586611790205));
#5538 = CARTESIAN_POINT('',(86.60376824072,0.565903485902));
#5539 = CARTESIAN_POINT('',(86.612379252523,0.545195180231));
#5540 = CARTESIAN_POINT('',(86.62094371091,0.524486873261));
#5541 = CARTESIAN_POINT('',(86.638028911685,0.482951901906));
#5542 = CARTESIAN_POINT('',(86.646549124246,0.462125237505));
#5543 = CARTESIAN_POINT('',(86.655022965713,0.441298571927));
#5544 = CARTESIAN_POINT('',(86.66345079487,0.420471905236));
#5545 = CARTESIAN_POINT('',(86.671832970189,0.399645237493));
#5546 = CARTESIAN_POINT('',(86.688477372291,0.35806523832));
#5547 = CARTESIAN_POINT('',(86.696739917348,0.337311906898));
#5548 = CARTESIAN_POINT('',(86.704957839355,0.316558574545));
#5549 = CARTESIAN_POINT('',(86.713131491521,0.295805241317));
#5550 = CARTESIAN_POINT('',(86.721261225917,0.275051907265));
#5551 = CARTESIAN_POINT('',(86.737433559531,0.233545241499));
#5552 = CARTESIAN_POINT('',(86.745476158637,0.212791909786));
#5553 = CARTESIAN_POINT('',(86.753475541696,0.192038577346));
#5554 = CARTESIAN_POINT('',(86.761432057833,0.171285244226));
#5555 = CARTESIAN_POINT('',(86.769346054397,0.15053191047));
#5556 = CARTESIAN_POINT('',(86.785127612637,0.108925287359));
#5557 = CARTESIAN_POINT('',(86.792994766991,8.807199799836E-02));
#5558 = CARTESIAN_POINT('',(86.800819690588,6.72187080798E-02));
#5559 = CARTESIAN_POINT('',(86.808602731689,4.636541764299E-02));
#5560 = CARTESIAN_POINT('',(86.816344236251,2.551212672593E-02));
#5561 = CARTESIAN_POINT('',(86.824044547933,4.658835364568E-03));
#5562 = ( GEOMETRIC_REPRESENTATION_CONTEXT(2) 
PARAMETRIC_REPRESENTATION_CONTEXT() REPRESENTATION_CONTEXT('2D SPACE',''
  ) );
#5563 = ADVANCED_FACE('',(#5564),#1499,.F.);
#5564 = FACE_BOUND('',#5565,.F.);
#5565 = EDGE_LOOP('',(#5566,#5567,#5568,#5624));
#5566 = ORIENTED_EDGE('',*,*,#1401,.F.);
#5567 = ORIENTED_EDGE('',*,*,#5411,.F.);
#5568 = ORIENTED_EDGE('',*,*,#5569,.T.);
#5569 = EDGE_CURVE('',#5059,#5570,#5572,.T.);
#5570 = VERTEX_POINT('',#5571);
#5571 = CARTESIAN_POINT('',(38.60153937078,361.5,259.37812882293));
#5572 = SURFACE_CURVE('',#5573,(#5588,#5606),.PCURVE_S1.);
#5573 = B_SPLINE_CURVE_WITH_KNOTS('',4,(#5574,#5575,#5576,#5577,#5578,
    #5579,#5580,#5581,#5582,#5583,#5584,#5585,#5586,#5587),
  .UNSPECIFIED.,.F.,.F.,(5,3,3,3,5),(0.,0.25,0.5,0.75,1.),
  .UNSPECIFIED.);
#5574 = CARTESIAN_POINT('',(-38.79699895688,361.5,259.37812882293));
#5575 = CARTESIAN_POINT('',(-33.94737408727,361.5,259.37812882293));
#5576 = CARTESIAN_POINT('',(-29.09774921766,361.5,259.37812882293));
#5577 = CARTESIAN_POINT('',(-24.24812434805,361.5,259.37812882293));
#5578 = CARTESIAN_POINT('',(-14.54887460883,361.5,259.37812882293));
#5579 = CARTESIAN_POINT('',(-9.699249739223,361.5,259.37812882293));
#5580 = CARTESIAN_POINT('',(-4.849624869612,361.5,259.37812882293));
#5581 = CARTESIAN_POINT('',(4.849624869609,361.5,259.37812882293));
#5582 = CARTESIAN_POINT('',(9.699249739221,361.5,259.37812882293));
#5583 = CARTESIAN_POINT('',(14.548874608831,361.5,259.37812882293));
#5584 = CARTESIAN_POINT('',(24.248124348053,361.5,259.37812882293));
#5585 = CARTESIAN_POINT('',(29.097749217665,361.5,259.37812882293));
#5586 = CARTESIAN_POINT('',(33.947374087276,361.5,259.37812882293));
#5587 = CARTESIAN_POINT('',(38.796998956887,361.5,259.37812882293));
#5588 = PCURVE('',#1499,#5589);
#5589 = DEFINITIONAL_REPRESENTATION('',(#5590),#5605);
#5590 = B_SPLINE_CURVE_WITH_KNOTS('',4,(#5591,#5592,#5593,#5594,#5595,
    #5596,#5597,#5598,#5599,#5600,#5601,#5602,#5603,#5604),
  .UNSPECIFIED.,.F.,.F.,(5,3,3,3,5),(0.,0.25,0.5,0.75,1.),
  .UNSPECIFIED.);
#5591 = CARTESIAN_POINT('',(86.824044547933,0.542817945472));
#5592 = CARTESIAN_POINT('',(81.596038979442,0.542817945472));
#5593 = CARTESIAN_POINT('',(76.368033410951,0.542817945472));
#5594 = CARTESIAN_POINT('',(71.140027842459,0.542817945472));
#5595 = CARTESIAN_POINT('',(60.684016705477,0.542817945472));
#5596 = CARTESIAN_POINT('',(55.456011136985,0.542817945472));
#5597 = CARTESIAN_POINT('',(50.228005568493,0.542817945472));
#5598 = CARTESIAN_POINT('',(39.77199443151,0.542817945472));
#5599 = CARTESIAN_POINT('',(34.543988863018,0.542817945472));
#5600 = CARTESIAN_POINT('',(29.315983294527,0.542817945472));
#5601 = CARTESIAN_POINT('',(18.859972157543,0.542817945472));
#5602 = CARTESIAN_POINT('',(13.63196658905,0.542817945472));
#5603 = CARTESIAN_POINT('',(8.403961020559,0.542817945472));
#5604 = CARTESIAN_POINT('',(3.175955452067,0.542817945472));
#5605 = ( GEOMETRIC_REPRESENTATION_CONTEXT(2) 
PARAMETRIC_REPRESENTATION_CONTEXT() REPRESENTATION_CONTEXT('2D SPACE',''
  ) );
#5606 = PCURVE('',#4332,#5607);
#5607 = DEFINITIONAL_REPRESENTATION('',(#5608),#5623);
#5608 = B_SPLINE_CURVE_WITH_KNOTS('',4,(#5609,#5610,#5611,#5612,#5613,
    #5614,#5615,#5616,#5617,#5618,#5619,#5620,#5621,#5622),
  .UNSPECIFIED.,.F.,.F.,(5,3,3,3,5),(0.,0.25,0.5,0.75,1.),
  .UNSPECIFIED.);
#5609 = CARTESIAN_POINT('',(100.21994588007,-60.97681049334));
#5610 = CARTESIAN_POINT('',(103.24427013722,-57.18572566659));
#5611 = CARTESIAN_POINT('',(106.26859439436,-53.39464083984));
#5612 = CARTESIAN_POINT('',(109.29291865151,-49.6035560131));
#5613 = CARTESIAN_POINT('',(115.3415671658,-42.02138635961));
#5614 = CARTESIAN_POINT('',(118.36589142295,-38.23030153286));
#5615 = CARTESIAN_POINT('',(121.3902156801,-34.43921670612));
#5616 = CARTESIAN_POINT('',(127.43886419439,-26.85704705262));
#5617 = CARTESIAN_POINT('',(130.46318845154,-23.06596222588));
#5618 = CARTESIAN_POINT('',(133.48751270868,-19.27487739913));
#5619 = CARTESIAN_POINT('',(139.53616122298,-11.69270774564));
#5620 = CARTESIAN_POINT('',(142.56048548012,-7.901622918898));
#5621 = CARTESIAN_POINT('',(145.58480973727,-4.110538092152));
#5622 = CARTESIAN_POINT('',(148.60913399442,-0.319453265406));
#5623 = ( GEOMETRIC_REPRESENTATION_CONTEXT(2) 
PARAMETRIC_REPRESENTATION_CONTEXT() REPRESENTATION_CONTEXT('2D SPACE',''
  ) );
#5624 = ORIENTED_EDGE('',*,*,#5625,.T.);
#5625 = EDGE_CURVE('',#5570,#1187,#5626,.T.);
#5626 = SURFACE_CURVE('',#5627,(#5675,#5726),.PCURVE_S1.);
#5627 = B_SPLINE_CURVE_WITH_KNOTS('',6,(#5628,#5629,#5630,#5631,#5632,
    #5633,#5634,#5635,#5636,#5637,#5638,#5639,#5640,#5641,#5642,#5643,
    #5644,#5645,#5646,#5647,#5648,#5649,#5650,#5651,#5652,#5653,#5654,
    #5655,#5656,#5657,#5658,#5659,#5660,#5661,#5662,#5663,#5664,#5665,
    #5666,#5667,#5668,#5669,#5670,#5671,#5672,#5673,#5674),
  .UNSPECIFIED.,.F.,.F.,(7,5,5,5,5,5,5,5,5,7),(0.,7.337938041206E-03,
    0.127336236132,0.252135028749,0.37693436044,0.50133418398,
    0.626134139177,0.750934064585,0.875733966574,1.),.UNSPECIFIED.);
#5628 = CARTESIAN_POINT('',(35.864422836418,420.00000114686,
    269.38483558041));
#5629 = CARTESIAN_POINT('',(35.871661733816,419.84508897529,
    269.35833710786));
#5630 = CARTESIAN_POINT('',(35.878900788394,419.690176803,269.3318386352
    ));
#5631 = CARTESIAN_POINT('',(35.886139975897,419.53526462087,
    269.30534016085));
#5632 = CARTESIAN_POINT('',(35.893379104508,419.38035244572,
    269.2788416877));
#5633 = CARTESIAN_POINT('',(35.900618368017,419.22544026549,
    269.25234321367));
#5634 = CARTESIAN_POINT('',(36.026243110876,416.53722814049,
    268.79251159129));
#5635 = CARTESIAN_POINT('',(36.144645476588,414.00392787492,
    268.35917838806));
#5636 = CARTESIAN_POINT('',(36.263064443941,411.4706273026,
    267.92584513235));
#5637 = CARTESIAN_POINT('',(36.381499691839,408.93732643731,
    267.49251182653));
#5638 = CARTESIAN_POINT('',(36.499950910021,406.4040252921,
    267.05917847283));
#5639 = CARTESIAN_POINT('',(36.741623919082,401.23607853288,
    266.17517630627));
#5640 = CARTESIAN_POINT('',(36.864846988561,398.60143289707,
    265.72450748968));
#5641 = CARTESIAN_POINT('',(36.988086670662,395.9667869858,
    265.27383862597));
#5642 = CARTESIAN_POINT('',(37.11134263969,393.33214081226,
    264.8231697174));
#5643 = CARTESIAN_POINT('',(37.234614581092,390.69749438895,
    264.3725007661));
#5644 = CARTESIAN_POINT('',(37.481190334368,385.4281896859,
    263.47116083541));
#5645 = CARTESIAN_POINT('',(37.604494146107,382.79353140618,
    263.02048985602));
#5646 = CARTESIAN_POINT('',(37.727813323212,380.15887290032,
    262.56981883794));
#5647 = CARTESIAN_POINT('',(37.851147572016,377.52421417953,
    262.1191477831));
#5648 = CARTESIAN_POINT('',(37.974496608654,374.88955525443,
    261.66847669331));
#5649 = CARTESIAN_POINT('',(38.220828797542,369.62867109759,
    260.76857713758));
#5650 = CARTESIAN_POINT('',(38.343811856789,367.00244586714,
    260.31934867185));
#5651 = CARTESIAN_POINT('',(38.466809065313,364.3762204536,
    259.87012017481));
#5652 = CARTESIAN_POINT('',(38.589820160165,361.74999486644,
    259.42089164806));
#5653 = CARTESIAN_POINT('',(38.712844886933,359.1237691146,
    258.97166309315));
#5654 = CARTESIAN_POINT('',(38.959316864265,353.86287005078,
    258.07176098751));
#5655 = CARTESIAN_POINT('',(39.08276420088,351.22819673782,
    257.62108743661));
#5656 = CARTESIAN_POINT('',(39.206224761299,348.59352327621,
    257.17041386028));
#5657 = CARTESIAN_POINT('',(39.329698304886,345.95884967406,
    256.71974025991));
#5658 = CARTESIAN_POINT('',(39.453184598658,343.32417593909,
    256.26906663682));
#5659 = CARTESIAN_POINT('',(39.700182206435,338.05482884691,
    255.36771945527));
#5660 = CARTESIAN_POINT('',(39.823693520261,335.42015548973,
    254.9170458968));
#5661 = CARTESIAN_POINT('',(39.947217133407,332.7854820143,
    254.46637231811));
#5662 = CARTESIAN_POINT('',(40.070752827306,330.15080842754,
    254.01569872037));
#5663 = CARTESIAN_POINT('',(40.194300390184,327.51613473601,
    253.56502510472));
#5664 = CARTESIAN_POINT('',(40.441418820744,322.24678765024,
    252.66367792426));
#5665 = CARTESIAN_POINT('',(40.564989688272,319.61211425603,
    252.21300435946));
#5666 = CARTESIAN_POINT('',(40.688572014633,316.97744076947,
    251.76233077886));
#5667 = CARTESIAN_POINT('',(40.812165600864,314.34276719648,
    251.31165718348));
#5668 = CARTESIAN_POINT('',(40.935770254045,311.70809354265,
    250.86098357428));
#5669 = CARTESIAN_POINT('',(41.182472518479,306.4500166815,
    249.96156421998));
#5670 = CARTESIAN_POINT('',(41.305570036717,303.82661347483,
    249.512818475));
#5671 = CARTESIAN_POINT('',(41.428678157502,301.2032101985,
    249.06407271811));
#5672 = CARTESIAN_POINT('',(41.551796701625,298.57980685749,
    248.61532695016));
#5673 = CARTESIAN_POINT('',(41.674925495178,295.9564034565,
    248.16658117194));
#5674 = CARTESIAN_POINT('',(41.798064369556,293.333,247.71783538423));
#5675 = PCURVE('',#1499,#5676);
#5676 = DEFINITIONAL_REPRESENTATION('',(#5677),#5725);
#5677 = B_SPLINE_CURVE_WITH_KNOTS('',6,(#5678,#5679,#5680,#5681,#5682,
    #5683,#5684,#5685,#5686,#5687,#5688,#5689,#5690,#5691,#5692,#5693,
    #5694,#5695,#5696,#5697,#5698,#5699,#5700,#5701,#5702,#5703,#5704,
    #5705,#5706,#5707,#5708,#5709,#5710,#5711,#5712,#5713,#5714,#5715,
    #5716,#5717,#5718,#5719,#5720,#5721,#5722,#5723,#5724),
  .UNSPECIFIED.,.F.,.F.,(7,5,5,5,5,5,5,5,5,7),(0.,7.337938041206E-03,
    0.127336236132,0.252135028749,0.37693436044,0.50133418398,
    0.626134139177,0.750934064585,0.875733966574,1.),.UNSPECIFIED.);
#5678 = CARTESIAN_POINT('',(3.588292249633,1.0046588058));
#5679 = CARTESIAN_POINT('',(3.587730837292,1.003435838467));
#5680 = CARTESIAN_POINT('',(3.58716954585,1.002212863493));
#5681 = CARTESIAN_POINT('',(3.586608351906,1.000989888944));
#5682 = CARTESIAN_POINT('',(3.586047623337,0.999766891782));
#5683 = CARTESIAN_POINT('',(3.585486918582,0.998543906184));
#5684 = CARTESIAN_POINT('',(3.575760608709,0.977321234731));
#5685 = CARTESIAN_POINT('',(3.566642934345,0.957321548423));
#5686 = CARTESIAN_POINT('',(3.557573118248,0.937321859693));
#5687 = CARTESIAN_POINT('',(3.548550870871,0.91732216865));
#5688 = CARTESIAN_POINT('',(3.539575897443,0.897322475398));
#5689 = CARTESIAN_POINT('',(3.521362736645,0.856523003087));
#5690 = CARTESIAN_POINT('',(3.51212838323,0.835723223856));
#5691 = CARTESIAN_POINT('',(3.502944500316,0.814923442451));
#5692 = CARTESIAN_POINT('',(3.493810746582,0.794123658975));
#5693 = CARTESIAN_POINT('',(3.484726776784,0.773323873527));
#5694 = CARTESIAN_POINT('',(3.466657667706,0.731724209029));
#5695 = CARTESIAN_POINT('',(3.457672529208,0.710924329978));
#5696 = CARTESIAN_POINT('',(3.448736477189,0.690124449142));
#5697 = CARTESIAN_POINT('',(3.43984916042,0.669324566609));
#5698 = CARTESIAN_POINT('',(3.431010225519,0.648524682463));
#5699 = CARTESIAN_POINT('',(3.413456549864,0.606991495786));
#5700 = CARTESIAN_POINT('',(3.404741502393,0.586258193265));
#5701 = CARTESIAN_POINT('',(3.396073822475,0.565524889298));
#5702 = CARTESIAN_POINT('',(3.387453157289,0.544791583961));
#5703 = CARTESIAN_POINT('',(3.378879153256,0.524058277323));
#5704 = CARTESIAN_POINT('',(3.361796329494,0.48252497296));
#5705 = CARTESIAN_POINT('',(3.353287808353,0.461724975226));
#5706 = CARTESIAN_POINT('',(3.344825534893,0.440924976319));
#5707 = CARTESIAN_POINT('',(3.336409151711,0.420124976302));
#5708 = CARTESIAN_POINT('',(3.328038301712,0.399324975236));
#5709 = CARTESIAN_POINT('',(3.311386956493,0.357724976087));
#5710 = CARTESIAN_POINT('',(3.303106461421,0.336924978004));
#5711 = CARTESIAN_POINT('',(3.294870786156,0.316124978988));
#5712 = CARTESIAN_POINT('',(3.286679575112,0.295324979092));
#5713 = CARTESIAN_POINT('',(3.27853247385,0.27452497837));
#5714 = CARTESIAN_POINT('',(3.26232578583,0.232924979271));
#5715 = CARTESIAN_POINT('',(3.254266199186,0.212124980896));
#5716 = CARTESIAN_POINT('',(3.246250015897,0.191324981792));
#5717 = CARTESIAN_POINT('',(3.238276884506,0.170524982005));
#5718 = CARTESIAN_POINT('',(3.23034645535,0.14972498158));
#5719 = CARTESIAN_POINT('',(3.214604049344,0.108213957705));
#5720 = CARTESIAN_POINT('',(3.206791710999,8.750293426037E-02));
#5721 = CARTESIAN_POINT('',(3.199021022129,6.679191026575E-02));
#5722 = CARTESIAN_POINT('',(3.191291641584,4.608088576042E-02));
#5723 = CARTESIAN_POINT('',(3.183603230453,2.536986078163E-02));
#5724 = CARTESIAN_POINT('',(3.175955452067,4.658835364568E-03));
#5725 = ( GEOMETRIC_REPRESENTATION_CONTEXT(2) 
PARAMETRIC_REPRESENTATION_CONTEXT() REPRESENTATION_CONTEXT('2D SPACE',''
  ) );
#5726 = PCURVE('',#1312,#5727);
#5727 = DEFINITIONAL_REPRESENTATION('',(#5728),#5776);
#5728 = B_SPLINE_CURVE_WITH_KNOTS('',6,(#5729,#5730,#5731,#5732,#5733,
    #5734,#5735,#5736,#5737,#5738,#5739,#5740,#5741,#5742,#5743,#5744,
    #5745,#5746,#5747,#5748,#5749,#5750,#5751,#5752,#5753,#5754,#5755,
    #5756,#5757,#5758,#5759,#5760,#5761,#5762,#5763,#5764,#5765,#5766,
    #5767,#5768,#5769,#5770,#5771,#5772,#5773,#5774,#5775),
  .UNSPECIFIED.,.F.,.F.,(7,5,5,5,5,5,5,5,5,7),(0.,7.337938041206E-03,
    0.127336236132,0.252135028749,0.37693436044,0.50133418398,
    0.626134139177,0.750934064585,0.875733966574,1.),.UNSPECIFIED.);
#5729 = CARTESIAN_POINT('',(130.2748101914,1.001800047768));
#5730 = CARTESIAN_POINT('',(130.27577981319,1.000577011773));
#5731 = CARTESIAN_POINT('',(130.27674812224,0.999353916848));
#5732 = CARTESIAN_POINT('',(130.27771374868,0.998130715468));
#5733 = CARTESIAN_POINT('',(130.27868137434,0.99690765561));
#5734 = CARTESIAN_POINT('',(130.27964709206,0.995684519699));
#5735 = CARTESIAN_POINT('',(130.29640037595,0.974459562338));
#5736 = CARTESIAN_POINT('',(130.31203616725,0.95445774438));
#5737 = CARTESIAN_POINT('',(130.32752258439,0.93445594609));
#5738 = CARTESIAN_POINT('',(130.34286223532,0.914454167151));
#5739 = CARTESIAN_POINT('',(130.35805765023,0.894452407257));
#5740 = CARTESIAN_POINT('',(130.38876712854,0.853648761539));
#5741 = CARTESIAN_POINT('',(130.40426962285,0.832846877244));
#5742 = CARTESIAN_POINT('',(130.41962152307,0.812045012889));
#5743 = CARTESIAN_POINT('',(130.43482550639,0.791243168147));
#5744 = CARTESIAN_POINT('',(130.44988416853,0.770441342699));
#5745 = CARTESIAN_POINT('',(130.47971594337,0.728837639922));
#5746 = CARTESIAN_POINT('',(130.49448905656,0.708035762593));
#5747 = CARTESIAN_POINT('',(130.50912187782,0.687233903941));
#5748 = CARTESIAN_POINT('',(130.52361684878,0.666432063666));
#5749 = CARTESIAN_POINT('',(130.53797633819,0.645630241476));
#5750 = CARTESIAN_POINT('',(130.56638340421,0.604093223522));
#5751 = CARTESIAN_POINT('',(130.58043183367,0.583358027644));
#5752 = CARTESIAN_POINT('',(130.59435020432,0.562622849171));
#5753 = CARTESIAN_POINT('',(130.6081407257,0.54188768783));
#5754 = CARTESIAN_POINT('',(130.62180554286,0.521152543354));
#5755 = CARTESIAN_POINT('',(130.64893148491,0.479615593137));
#5756 = CARTESIAN_POINT('',(130.66239181459,0.458813787503));
#5757 = CARTESIAN_POINT('',(130.67572982614,0.43801199832));
#5758 = CARTESIAN_POINT('',(130.68894756169,0.417210225333));
#5759 = CARTESIAN_POINT('',(130.70204700463,0.396408468293));
#5760 = CARTESIAN_POINT('',(130.72801315164,0.35480499059));
#5761 = CARTESIAN_POINT('',(130.74087985695,0.334003269927));
#5762 = CARTESIAN_POINT('',(130.75363212047,0.313201564728));
#5763 = CARTESIAN_POINT('',(130.76627181428,0.292399874758));
#5764 = CARTESIAN_POINT('',(130.77880075761,0.271598199787));
#5765 = CARTESIAN_POINT('',(130.80364067389,0.229994883303));
#5766 = CARTESIAN_POINT('',(130.81595164791,0.209193241789));
#5767 = CARTESIAN_POINT('',(130.82815540557,0.188391614828));
#5768 = CARTESIAN_POINT('',(130.84025366583,0.167590002202));
#5769 = CARTESIAN_POINT('',(130.85224810009,0.1467884037));
#5770 = CARTESIAN_POINT('',(130.87598169163,0.105274219472));
#5771 = CARTESIAN_POINT('',(130.88772172235,8.456163362669E-02));
#5772 = CARTESIAN_POINT('',(130.89936202746,6.384906137603E-02));
#5773 = CARTESIAN_POINT('',(130.91090416789,4.313650252082E-02));
#5774 = CARTESIAN_POINT('',(130.9223496623,2.242395686719E-02));
#5775 = CARTESIAN_POINT('',(130.93369998711,1.711424226259E-03));
#5776 = ( GEOMETRIC_REPRESENTATION_CONTEXT(2) 
PARAMETRIC_REPRESENTATION_CONTEXT() REPRESENTATION_CONTEXT('2D SPACE',''
  ) );
#5777 = ADVANCED_FACE('',(#5778),#1312,.F.);
#5778 = FACE_BOUND('',#5779,.F.);
#5779 = EDGE_LOOP('',(#5780,#5781,#5782,#6108,#6259,#6293,#6444,#6768));
#5780 = ORIENTED_EDGE('',*,*,#1186,.F.);
#5781 = ORIENTED_EDGE('',*,*,#5625,.F.);
#5782 = ORIENTED_EDGE('',*,*,#5783,.T.);
#5783 = EDGE_CURVE('',#5570,#5784,#5786,.T.);
#5784 = VERTEX_POINT('',#5785);
#5785 = CARTESIAN_POINT('',(41.492956742373,361.5,288.2838015129));
#5786 = SURFACE_CURVE('',#5787,(#5892,#6000),.PCURVE_S1.);
#5787 = B_SPLINE_CURVE_WITH_KNOTS('',4,(#5788,#5789,#5790,#5791,#5792,
    #5793,#5794,#5795,#5796,#5797,#5798,#5799,#5800,#5801,#5802,#5803,
    #5804,#5805,#5806,#5807,#5808,#5809,#5810,#5811,#5812,#5813,#5814,
    #5815,#5816,#5817,#5818,#5819,#5820,#5821,#5822,#5823,#5824,#5825,
    #5826,#5827,#5828,#5829,#5830,#5831,#5832,#5833,#5834,#5835,#5836,
    #5837,#5838,#5839,#5840,#5841,#5842,#5843,#5844,#5845,#5846,#5847,
    #5848,#5849,#5850,#5851,#5852,#5853,#5854,#5855,#5856,#5857,#5858,
    #5859,#5860,#5861,#5862,#5863,#5864,#5865,#5866,#5867,#5868,#5869,
    #5870,#5871,#5872,#5873,#5874,#5875,#5876,#5877,#5878,#5879,#5880,
    #5881,#5882,#5883,#5884,#5885,#5886,#5887,#5888,#5889,#5890,#5891),
  .UNSPECIFIED.,.F.,.F.,(5,3,3,3,3,3,3,3,3,3,3,3,3,3,3,3,3,3,3,3,3,3,3,3
    ,3,3,3,3,3,3,3,3,3,3,5),(0.,4.239804294955E-02,8.479625893923E-02,
    0.127194648009,0.1695932102,0.212191939994,0.247091029667,
    0.29149004118,0.33558924745,0.3604888821,0.385288577634,
    0.410088332474,0.434888146625,0.463088007371,0.491287944827,
    0.519487959001,0.547688049903,0.589388324961,0.631088767848,
    0.672789378594,0.714390155159,0.743190790675,0.771991506295,
    0.79729220105,0.822492954523,0.847793772702,0.872994649125,
    0.900195663965,0.927296746175,0.941097324538,0.955997969668,
    0.970898636256,0.986499357156,0.992799654957,1.),.UNSPECIFIED.);
#5788 = CARTESIAN_POINT('',(38.572529352341,361.5,259.08811798935));
#5789 = CARTESIAN_POINT('',(38.693042082411,361.5,260.29287394474));
#5790 = CARTESIAN_POINT('',(38.813554831765,361.5,261.49763194766));
#5791 = CARTESIAN_POINT('',(38.934067600412,361.5,262.70239199831));
#5792 = CARTESIAN_POINT('',(39.175093668161,361.5,265.11192111257));
#5793 = CARTESIAN_POINT('',(39.295606967264,361.5,266.31669017619));
#5794 = CARTESIAN_POINT('',(39.416120285677,361.5,267.52146128801));
#5795 = CARTESIAN_POINT('',(39.65714745311,361.5,269.93101252665));
#5796 = CARTESIAN_POINT('',(39.77766130213,361.5,271.13579265349));
#5797 = CARTESIAN_POINT('',(39.898175170478,361.5,272.34057482897));
#5798 = CARTESIAN_POINT('',(40.139203437929,361.5,274.75014819698));
#5799 = CARTESIAN_POINT('',(40.259717837032,361.5,275.95493938953));
#5800 = CARTESIAN_POINT('',(40.380232255481,361.5,277.15973263115));
#5801 = CARTESIAN_POINT('',(40.621830091095,361.5,279.57501116496));
#5802 = CARTESIAN_POINT('',(40.742913508444,361.5,280.78549647655));
#5803 = CARTESIAN_POINT('',(40.863996945339,361.5,281.99598385702));
#5804 = CARTESIAN_POINT('',(41.084278251698,361.5,284.19816906963));
#5805 = CARTESIAN_POINT('',(41.183476114733,361.5,285.1898662214));
#5806 = CARTESIAN_POINT('',(41.282673990896,361.5,286.181564762));
#5807 = CARTESIAN_POINT('',(41.508072542453,361.5,288.43491641376));
#5808 = CARTESIAN_POINT('',(41.63427322597,361.5,289.69657038401));
#5809 = CARTESIAN_POINT('',(41.760473930753,361.5,290.95822660253));
#5810 = CARTESIAN_POINT('',(42.012023209856,361.5,293.47302416165));
#5811 = CARTESIAN_POINT('',(42.137371783889,361.5,294.72616547199));
#5812 = CARTESIAN_POINT('',(42.26272037892,361.5,295.97930900078));
#5813 = CARTESIAN_POINT('',(42.458844299258,361.5,297.94001558467));
#5814 = CARTESIAN_POINT('',(42.529619610255,361.5,298.64757712842));
#5815 = CARTESIAN_POINT('',(42.600394927951,361.5,299.35513937954));
#5816 = CARTESIAN_POINT('',(42.741661507381,361.5,300.76742536669));
#5817 = CARTESIAN_POINT('',(42.812152769061,361.5,301.47214909705));
#5818 = CARTESIAN_POINT('',(42.882644037389,361.5,302.17687352918));
#5819 = CARTESIAN_POINT('',(43.023626755911,361.5,303.58632548229));
#5820 = CARTESIAN_POINT('',(43.094118206106,361.5,304.29105300328));
#5821 = CARTESIAN_POINT('',(43.164609662951,361.5,304.99578122611));
#5822 = CARTESIAN_POINT('',(43.305592758535,361.5,306.40524076098));
#5823 = CARTESIAN_POINT('',(43.376084397273,361.5,307.10997207302));
#5824 = CARTESIAN_POINT('',(43.446576042665,361.5,307.81470408698));
#5825 = CARTESIAN_POINT('',(43.59722372973,361.5,309.320788149));
#5826 = CARTESIAN_POINT('',(43.677379773353,361.5,310.12214040272));
#5827 = CARTESIAN_POINT('',(43.757535825583,361.5,310.92349356413));
#5828 = CARTESIAN_POINT('',(43.917848165298,361.5,312.52620388223));
#5829 = CARTESIAN_POINT('',(43.998004452784,361.5,313.32756103894));
#5830 = CARTESIAN_POINT('',(44.07816074888,361.5,314.12891910343));
#5831 = CARTESIAN_POINT('',(44.238473576366,361.5,315.73163922823));
#5832 = CARTESIAN_POINT('',(44.318630107756,361.5,316.53300128854));
#5833 = CARTESIAN_POINT('',(44.39878664776,361.5,317.33436425675));
#5834 = CARTESIAN_POINT('',(44.559099963098,361.5,318.93709418947));
#5835 = CARTESIAN_POINT('',(44.639256738431,361.5,319.738461154));
#5836 = CARTESIAN_POINT('',(44.719413522383,361.5,320.53982902653));
#5837 = CARTESIAN_POINT('',(44.918100439899,361.5,322.52620457499));
#5838 = CARTESIAN_POINT('',(45.036630583693,361.5,323.71121332846));
#5839 = CARTESIAN_POINT('',(45.155160746343,361.5,324.89622406769));
#5840 = CARTESIAN_POINT('',(45.39222158641,361.5,327.26625428723));
#5841 = CARTESIAN_POINT('',(45.510752263827,361.5,328.45127376757));
#5842 = CARTESIAN_POINT('',(45.629282960112,361.5,329.636295234));
#5843 = CARTESIAN_POINT('',(45.86634486756,361.5,332.0063469095));
#5844 = CARTESIAN_POINT('',(45.984876078721,361.5,333.19137711858));
#5845 = CARTESIAN_POINT('',(46.103407308764,361.5,334.3764093141));
#5846 = CARTESIAN_POINT('',(46.340186034518,361.5,336.74364062354));
#5847 = CARTESIAN_POINT('',(46.45843353014,361.5,337.92583972797));
#5848 = CARTESIAN_POINT('',(46.576681044563,361.5,339.10804080964));
#5849 = CARTESIAN_POINT('',(46.776792532898,361.5,341.10869492222));
#5850 = CARTESIAN_POINT('',(46.858656497018,361.5,341.92714692352));
#5851 = CARTESIAN_POINT('',(46.940520470153,361.5,342.7455998726));
#5852 = CARTESIAN_POINT('',(47.104248662153,361.5,344.38250994287));
#5853 = CARTESIAN_POINT('',(47.186112881017,361.5,345.20096706407));
#5854 = CARTESIAN_POINT('',(47.2679771089,361.5,346.01942513315));
#5855 = CARTESIAN_POINT('',(47.421756991807,361.5,347.55687954015));
#5856 = CARTESIAN_POINT('',(47.493672644772,361.5,348.27587566165));
#5857 = CARTESIAN_POINT('',(47.565588304699,361.5,348.99487251473));
#5858 = CARTESIAN_POINT('',(47.709135561546,361.5,350.43002754316));
#5859 = CARTESIAN_POINT('',(47.78076715841,361.5,351.14618571273));
#5860 = CARTESIAN_POINT('',(47.852398762184,361.5,351.86234460818));
#5861 = CARTESIAN_POINT('',(47.9959464114,361.5,353.29750750797));
#5862 = CARTESIAN_POINT('',(48.067862456897,361.5,354.01651151809));
#5863 = CARTESIAN_POINT('',(48.139778509362,361.5,354.73551625992));
#5864 = CARTESIAN_POINT('',(48.283326549774,361.5,356.17068703528));
#5865 = CARTESIAN_POINT('',(48.354958537667,361.5,356.88685306304));
#5866 = CARTESIAN_POINT('',(48.426590532474,361.5,357.6030198168));
#5867 = CARTESIAN_POINT('',(48.575539811151,361.5,359.09219542214));
#5868 = CARTESIAN_POINT('',(48.652857096163,361.5,359.86520439354));
#5869 = CARTESIAN_POINT('',(48.730174389233,361.5,360.63821421083));
#5870 = CARTESIAN_POINT('',(48.884524938809,361.5,362.18139560689));
#5871 = CARTESIAN_POINT('',(48.961558195257,361.5,362.95156717946));
#5872 = CARTESIAN_POINT('',(49.038591459706,361.5,363.72173959178));
#5873 = CARTESIAN_POINT('',(49.154852084953,361.5,364.88410516435));
#5874 = CARTESIAN_POINT('',(49.194079439824,361.5,365.27629770256));
#5875 = CARTESIAN_POINT('',(49.23330679677,361.5,365.66849045855));
#5876 = CARTESIAN_POINT('',(49.314888392025,361.5,366.48413875214));
#5877 = CARTESIAN_POINT('',(49.357242630679,361.5,366.90759432584));
#5878 = CARTESIAN_POINT('',(49.399596871753,361.5,367.33105015343));
#5879 = CARTESIAN_POINT('',(49.484305419735,361.5,368.17796292622));
#5880 = CARTESIAN_POINT('',(49.526659726644,361.5,368.60141987142));
#5881 = CARTESIAN_POINT('',(49.569014035972,361.5,369.02487707052));
#5882 = CARTESIAN_POINT('',(49.655712524715,361.5,369.89168660433));
#5883 = CARTESIAN_POINT('',(49.700056704362,361.5,370.33503896346));
#5884 = CARTESIAN_POINT('',(49.744400886662,361.5,370.77839160093));
#5885 = CARTESIAN_POINT('',(49.80665331911,361.5,371.40079107607));
#5886 = CARTESIAN_POINT('',(49.824561567036,361.5,371.57983768082));
#5887 = CARTESIAN_POINT('',(49.842469815396,361.5,371.75888433096));
#5888 = CARTESIAN_POINT('',(49.88084464759,361.5,372.14255595491));
#5889 = CARTESIAN_POINT('',(49.901311231559,361.5,372.34718094262));
#5890 = CARTESIAN_POINT('',(49.921777816092,361.5,372.55180598962));
#5891 = CARTESIAN_POINT('',(49.94224440119,361.5,372.75643109591));
#5892 = PCURVE('',#1312,#5893);
#5893 = DEFINITIONAL_REPRESENTATION('',(#5894),#5999);
#5894 = B_SPLINE_CURVE_WITH_KNOTS('',4,(#5895,#5896,#5897,#5898,#5899,
    #5900,#5901,#5902,#5903,#5904,#5905,#5906,#5907,#5908,#5909,#5910,
    #5911,#5912,#5913,#5914,#5915,#5916,#5917,#5918,#5919,#5920,#5921,
    #5922,#5923,#5924,#5925,#5926,#5927,#5928,#5929,#5930,#5931,#5932,
    #5933,#5934,#5935,#5936,#5937,#5938,#5939,#5940,#5941,#5942,#5943,
    #5944,#5945,#5946,#5947,#5948,#5949,#5950,#5951,#5952,#5953,#5954,
    #5955,#5956,#5957,#5958,#5959,#5960,#5961,#5962,#5963,#5964,#5965,
    #5966,#5967,#5968,#5969,#5970,#5971,#5972,#5973,#5974,#5975,#5976,
    #5977,#5978,#5979,#5980,#5981,#5982,#5983,#5984,#5985,#5986,#5987,
    #5988,#5989,#5990,#5991,#5992,#5993,#5994,#5995,#5996,#5997,#5998),
  .UNSPECIFIED.,.F.,.F.,(5,3,3,3,3,3,3,3,3,3,3,3,3,3,3,3,3,3,3,3,3,3,3,3
    ,3,3,3,3,3,3,3,3,3,3,5),(0.,4.239804294955E-02,8.479625893923E-02,
    0.127194648009,0.1695932102,0.212191939994,0.247091029667,
    0.29149004118,0.33558924745,0.3604888821,0.385288577634,
    0.410088332474,0.434888146625,0.463088007371,0.491287944827,
    0.519487959001,0.547688049903,0.589388324961,0.631088767848,
    0.672789378594,0.714390155159,0.743190790675,0.771991506295,
    0.79729220105,0.822492954523,0.847793772702,0.872994649125,
    0.900195663965,0.927296746175,0.941097324538,0.955997969668,
    0.970898636256,0.986499357156,0.992799654957,1.),.UNSPECIFIED.);
#5895 = CARTESIAN_POINT('',(130.93369998711,0.539915204503));
#5896 = CARTESIAN_POINT('',(129.58635561012,0.539909724877));
#5897 = CARTESIAN_POINT('',(128.23901306568,0.539904244998));
#5898 = CARTESIAN_POINT('',(126.89167235402,0.539898764868));
#5899 = CARTESIAN_POINT('',(124.19698909769,0.539887804085));
#5900 = CARTESIAN_POINT('',(122.84964655305,0.539882323433));
#5901 = CARTESIAN_POINT('',(121.50230584159,0.539876842533));
#5902 = CARTESIAN_POINT('',(118.80762258528,0.539865880216));
#5903 = CARTESIAN_POINT('',(117.46028004043,0.539860398801));
#5904 = CARTESIAN_POINT('',(116.11293932918,0.539854917141));
#5905 = CARTESIAN_POINT('',(113.41825607287,0.539843953312));
#5906 = CARTESIAN_POINT('',(112.07091352782,0.539838471143));
#5907 = CARTESIAN_POINT('',(110.72357281678,0.539832988733));
#5908 = CARTESIAN_POINT('',(108.02253414942,0.539821997551));
#5909 = CARTESIAN_POINT('',(106.66883621045,0.539816488775));
#5910 = CARTESIAN_POINT('',(105.31514012326,0.53981097976));
#5911 = CARTESIAN_POINT('',(102.85242933439,0.53980095704));
#5912 = CARTESIAN_POINT('',(101.74341402375,0.539796443413));
#5913 = CARTESIAN_POINT('',(100.6343999562,0.539791929628));
#5914 = CARTESIAN_POINT('',(98.114488635108,0.539781672995));
#5915 = CARTESIAN_POINT('',(96.703592150503,0.53977593005));
#5916 = CARTESIAN_POINT('',(95.292697678251,0.539770186851));
#5917 = CARTESIAN_POINT('',(92.480439839376,0.539758738733));
#5918 = CARTESIAN_POINT('',(91.079076445668,0.539753033816));
#5919 = CARTESIAN_POINT('',(89.67771503764,0.539747328654));
#5920 = CARTESIAN_POINT('',(87.485109228629,0.539738401815));
#5921 = CARTESIAN_POINT('',(86.693863474871,0.539735180306));
#5922 = CARTESIAN_POINT('',(85.902618354259,0.539731958719));
#5923 = CARTESIAN_POINT('',(84.32330517998,0.539725528321));
#5924 = CARTESIAN_POINT('',(83.535237121243,0.539722319511));
#5925 = CARTESIAN_POINT('',(82.747169690648,0.539719110625));
#5926 = CARTESIAN_POINT('',(81.171034201277,0.539712692692));
#5927 = CARTESIAN_POINT('',(80.382966142501,0.539709483646));
#5928 = CARTESIAN_POINT('',(79.594898711945,0.539706274524));
#5929 = CARTESIAN_POINT('',(78.018763222573,0.539699856123));
#5930 = CARTESIAN_POINT('',(77.230695163763,0.539696646843));
#5931 = CARTESIAN_POINT('',(76.442627733241,0.539693437488));
#5932 = CARTESIAN_POINT('',(74.758450422078,0.539686578618));
#5933 = CARTESIAN_POINT('',(73.862340725532,0.53968292908));
#5934 = CARTESIAN_POINT('',(72.966231841456,0.539679279446));
#5935 = CARTESIAN_POINT('',(71.174013260779,0.539671979978));
#5936 = CARTESIAN_POINT('',(70.277903564179,0.539668330144));
#5937 = CARTESIAN_POINT('',(69.381794680158,0.539664680215));
#5938 = CARTESIAN_POINT('',(67.58957609948,0.539657380157));
#5939 = CARTESIAN_POINT('',(66.693466402831,0.539653730029));
#5940 = CARTESIAN_POINT('',(65.79735751886,0.539650079807));
#5941 = CARTESIAN_POINT('',(64.005138938185,0.539642779167));
#5942 = CARTESIAN_POINT('',(63.109029241484,0.539639128748));
#5943 = CARTESIAN_POINT('',(62.212920357564,0.539635478236));
#5944 = CARTESIAN_POINT('',(59.99171183996,0.53962642938));
#5945 = CARTESIAN_POINT('',(58.666613170809,0.539621030926));
#5946 = CARTESIAN_POINT('',(57.341516279173,0.539615632272));
#5947 = CARTESIAN_POINT('',(54.691320718214,0.539604834544));
#5948 = CARTESIAN_POINT('',(53.366222048906,0.539599435471));
#5949 = CARTESIAN_POINT('',(52.041125157431,0.5395940362));
#5950 = CARTESIAN_POINT('',(49.390929596479,0.539583237246));
#5951 = CARTESIAN_POINT('',(48.065830927016,0.539577837563));
#5952 = CARTESIAN_POINT('',(46.740734035698,0.539572437686));
#5953 = CARTESIAN_POINT('',(44.093716180051,0.539561650475));
#5954 = CARTESIAN_POINT('',(42.771795207217,0.539556263143));
#5955 = CARTESIAN_POINT('',(41.449876004312,0.53955087562));
#5956 = CARTESIAN_POINT('',(39.212781853459,0.539541757944));
#5957 = CARTESIAN_POINT('',(38.297605983822,0.539538027888));
#5958 = CARTESIAN_POINT('',(37.382430962615,0.539534297743));
#5959 = CARTESIAN_POINT('',(35.552080071718,0.539526837263));
#5960 = CARTESIAN_POINT('',(34.636904202034,0.53952310693));
#5961 = CARTESIAN_POINT('',(33.721729180875,0.539519376507));
#5962 = CARTESIAN_POINT('',(32.002597818729,0.539512368838));
#5963 = CARTESIAN_POINT('',(31.198641284027,0.539509091612));
#5964 = CARTESIAN_POINT('',(30.394685404214,0.539505814319));
#5965 = CARTESIAN_POINT('',(28.789950689933,0.539499272543));
#5966 = CARTESIAN_POINT('',(27.989171850302,0.539496008062));
#5967 = CARTESIAN_POINT('',(27.188393660455,0.539492743514));
#5968 = CARTESIAN_POINT('',(25.583658930674,0.539486201324));
#5969 = CARTESIAN_POINT('',(24.779702395909,0.539482923681));
#5970 = CARTESIAN_POINT('',(23.975746516159,0.539479645973));
#5971 = CARTESIAN_POINT('',(22.371011801881,0.539473103372));
#5972 = CARTESIAN_POINT('',(21.570232962189,0.53946983848));
#5973 = CARTESIAN_POINT('',(20.769454772404,0.539466573523));
#5974 = CARTESIAN_POINT('',(19.104343731624,0.539459784343));
#5975 = CARTESIAN_POINT('',(18.24001098789,0.539456260109));
#5976 = CARTESIAN_POINT('',(17.375679001391,0.539452735801));
#5977 = CARTESIAN_POINT('',(15.650191971973,0.539445699984));
#5978 = CARTESIAN_POINT('',(14.7890369235,0.539442188476));
#5979 = CARTESIAN_POINT('',(13.927882626778,0.539438676895));
#5980 = CARTESIAN_POINT('',(12.628207221831,0.539433377016));
#5981 = CARTESIAN_POINT('',(12.189685556767,0.539431588771));
#5982 = CARTESIAN_POINT('',(11.751164086653,0.539429800508));
#5983 = CARTESIAN_POINT('',(10.839166285284,0.539426081396));
#5984 = CARTESIAN_POINT('',(10.365689986349,0.539424150545));
#5985 = CARTESIAN_POINT('',(9.892213914693,0.539422219673));
#5986 = CARTESIAN_POINT('',(8.945261544095,0.539418357881));
#5987 = CARTESIAN_POINT('',(8.471785245152,0.539416426963));
#5988 = CARTESIAN_POINT('',(7.998309173503,0.539414496022));
#5989 = CARTESIAN_POINT('',(7.029112922485,0.539410543379));
#5990 = CARTESIAN_POINT('',(6.533392764976,0.539408521674));
#5991 = CARTESIAN_POINT('',(6.03767285663,0.539406499946));
#5992 = CARTESIAN_POINT('',(5.341758507816,0.539403661716));
#5993 = CARTESIAN_POINT('',(5.141563858816,0.539402845235));
#5994 = CARTESIAN_POINT('',(4.941369250454,0.53940202875));
#5995 = CARTESIAN_POINT('',(4.512380741757,0.53940027913));
#5996 = CARTESIAN_POINT('',(4.283586853863,0.539399345994));
#5997 = CARTESIAN_POINT('',(4.054793019048,0.539398412853));
#5998 = CARTESIAN_POINT('',(3.825999237313,0.539397479707));
#5999 = ( GEOMETRIC_REPRESENTATION_CONTEXT(2) 
PARAMETRIC_REPRESENTATION_CONTEXT() REPRESENTATION_CONTEXT('2D SPACE',''
  ) );
#6000 = PCURVE('',#4332,#6001);
#6001 = DEFINITIONAL_REPRESENTATION('',(#6002),#6107);
#6002 = B_SPLINE_CURVE_WITH_KNOTS('',4,(#6003,#6004,#6005,#6006,#6007,
    #6008,#6009,#6010,#6011,#6012,#6013,#6014,#6015,#6016,#6017,#6018,
    #6019,#6020,#6021,#6022,#6023,#6024,#6025,#6026,#6027,#6028,#6029,
    #6030,#6031,#6032,#6033,#6034,#6035,#6036,#6037,#6038,#6039,#6040,
    #6041,#6042,#6043,#6044,#6045,#6046,#6047,#6048,#6049,#6050,#6051,
    #6052,#6053,#6054,#6055,#6056,#6057,#6058,#6059,#6060,#6061,#6062,
    #6063,#6064,#6065,#6066,#6067,#6068,#6069,#6070,#6071,#6072,#6073,
    #6074,#6075,#6076,#6077,#6078,#6079,#6080,#6081,#6082,#6083,#6084,
    #6085,#6086,#6087,#6088,#6089,#6090,#6091,#6092,#6093,#6094,#6095,
    #6096,#6097,#6098,#6099,#6100,#6101,#6102,#6103,#6104,#6105,#6106),
  .UNSPECIFIED.,.F.,.F.,(5,3,3,3,3,3,3,3,3,3,3,3,3,3,3,3,3,3,3,3,3,3,3,3
    ,3,3,3,3,3,3,3,3,3,3,5),(0.,4.239804294955E-02,8.479625893923E-02,
    0.127194648009,0.1695932102,0.212191939994,0.247091029667,
    0.29149004118,0.33558924745,0.3604888821,0.385288577634,
    0.410088332474,0.434888146625,0.463088007371,0.491287944827,
    0.519487959001,0.547688049903,0.589388324961,0.631088767848,
    0.672789378594,0.714390155159,0.743190790675,0.771991506295,
    0.79729220105,0.822492954523,0.847793772702,0.872994649125,
    0.900195663965,0.927296746175,0.941097324538,0.955997969668,
    0.970898636256,0.986499357156,0.992799654957,1.),.UNSPECIFIED.);
#6003 = CARTESIAN_POINT('',(148.69585963033,-0.675783941936));
#6004 = CARTESIAN_POINT('',(147.82922302182,0.169734371848));
#6005 = CARTESIAN_POINT('',(146.96258482472,1.015253977584));
#6006 = CARTESIAN_POINT('',(146.09594503888,1.860774875412));
#6007 = CARTESIAN_POINT('',(144.36265875234,3.551822706398));
#6008 = CARTESIAN_POINT('',(143.49601225162,4.397349639567));
#6009 = CARTESIAN_POINT('',(142.62936416182,5.242877865123));
#6010 = CARTESIAN_POINT('',(140.89606126582,6.933940352974));
#6011 = CARTESIAN_POINT('',(140.02940645962,7.779474615279));
#6012 = CARTESIAN_POINT('',(139.16275006399,8.625010170263));
#6013 = CARTESIAN_POINT('',(137.42943055486,10.316087318351));
#6014 = CARTESIAN_POINT('',(136.56276744134,11.161628911465));
#6015 = CARTESIAN_POINT('',(135.69610273806,12.007171797546));
#6016 = CARTESIAN_POINT('',(133.95867853852,13.702252049599));
#6017 = CARTESIAN_POINT('',(133.0879190272,14.551789427811));
#6018 = CARTESIAN_POINT('',(132.21715791077,15.401328111499));
#6019 = CARTESIAN_POINT('',(130.63302118812,16.946855338225));
#6020 = CARTESIAN_POINT('',(129.91964610977,17.642843451938));
#6021 = CARTESIAN_POINT('',(129.20626995391,18.338832442022));
#6022 = CARTESIAN_POINT('',(127.58532623957,19.920268387127));
#6023 = CARTESIAN_POINT('',(126.67775801457,20.805715884247));
#6024 = CARTESIAN_POINT('',(125.77018804531,21.691164800054));
#6025 = CARTESIAN_POINT('',(123.96117301468,23.456086447642));
#6026 = CARTESIAN_POINT('',(123.05972797678,24.335559160325));
#6027 = CARTESIAN_POINT('',(122.15828121776,25.21503327289));
#6028 = CARTESIAN_POINT('',(120.74784992996,26.591085046124));
#6029 = CARTESIAN_POINT('',(120.23886657372,27.087661753104));
#6030 = CARTESIAN_POINT('',(119.72988266869,27.584238906443));
#6031 = CARTESIAN_POINT('',(118.7139566607,28.575401003306));
#6032 = CARTESIAN_POINT('',(118.20701456215,29.069985943252));
#6033 = CARTESIAN_POINT('',(117.70007191914,29.564571326031));
#6034 = CARTESIAN_POINT('',(116.68618433192,30.55374416003));
#6035 = CARTESIAN_POINT('',(116.17923938769,31.048331611252));
#6036 = CARTESIAN_POINT('',(115.67229389896,31.542919505356));
#6037 = CARTESIAN_POINT('',(114.65840062001,32.532097362252));
#6038 = CARTESIAN_POINT('',(114.15145282979,33.026687325043));
#6039 = CARTESIAN_POINT('',(113.644504495,33.52127773077));
#6040 = CARTESIAN_POINT('',(112.56110420687,34.578267675455));
#6041 = CARTESIAN_POINT('',(111.98465209397,35.140667344199));
#6042 = CARTESIAN_POINT('',(111.40819927687,35.703067585721));
#6043 = CARTESIAN_POINT('',(110.25529066616,36.827870744216));
#6044 = CARTESIAN_POINT('',(109.67883487254,37.390273661194));
#6045 = CARTESIAN_POINT('',(109.10237837464,37.952677151019));
#6046 = CARTESIAN_POINT('',(107.94946240194,39.077486806472));
#6047 = CARTESIAN_POINT('',(107.37300292715,39.6398929721));
#6048 = CARTESIAN_POINT('',(106.79654274799,40.20229971065));
#6049 = CARTESIAN_POINT('',(105.6436194124,41.327115863892));
#6050 = CARTESIAN_POINT('',(105.06715625597,41.889525278587));
#6051 = CARTESIAN_POINT('',(104.4906923951,42.451935266273));
#6052 = CARTESIAN_POINT('',(103.06179331031,43.845998290746));
#6053 = CARTESIAN_POINT('',(102.20935725042,44.677652007503));
#6054 = CARTESIAN_POINT('',(101.35691964998,45.509306977363));
#6055 = CARTESIAN_POINT('',(99.65203793696,47.172622770608));
#6056 = CARTESIAN_POINT('',(98.799593824372,48.004283594003));
#6057 = CARTESIAN_POINT('',(97.947148170963,48.835945670721));
#6058 = CARTESIAN_POINT('',(96.242250350872,50.499275678734));
#6059 = CARTESIAN_POINT('',(95.389798184178,51.33094361004));
#6060 = CARTESIAN_POINT('',(94.537344476413,52.162612794882));
#6061 = CARTESIAN_POINT('',(92.834474816018,53.82396259462));
#6062 = CARTESIAN_POINT('',(91.984058870758,54.653643203522));
#6063 = CARTESIAN_POINT('',(91.133641391567,55.483325060161));
#6064 = CARTESIAN_POINT('',(89.694468752622,56.887406112413));
#6065 = CARTESIAN_POINT('',(89.105714391653,57.461804658268));
#6066 = CARTESIAN_POINT('',(88.516959295391,58.036203802234));
#6067 = CARTESIAN_POINT('',(87.339445994662,59.185004884067));
#6068 = CARTESIAN_POINT('',(86.75068779019,59.759406821937));
#6069 = CARTESIAN_POINT('',(86.161928850347,60.333809357984));
#6070 = CARTESIAN_POINT('',(85.055958803543,61.412811008372));
#6071 = CARTESIAN_POINT('',(84.538747864462,61.917409986153));
#6072 = CARTESIAN_POINT('',(84.021536357831,62.422009425602));
#6073 = CARTESIAN_POINT('',(82.989155269403,63.429215987739));
#6074 = CARTESIAN_POINT('',(82.473985692081,63.931823106788));
#6075 = CARTESIAN_POINT('',(81.958815551636,64.434430683906));
#6076 = CARTESIAN_POINT('',(80.926428554633,65.441642461514));
#6077 = CARTESIAN_POINT('',(80.409211693595,65.94624666565));
#6078 = CARTESIAN_POINT('',(79.891994264905,66.45085133154));
#6079 = CARTESIAN_POINT('',(78.859601355311,67.458068326322));
#6080 = CARTESIAN_POINT('',(78.344425878884,67.960680651571));
#6081 = CARTESIAN_POINT('',(77.829249839235,68.463293434975));
#6082 = CARTESIAN_POINT('',(76.758008193777,69.5084112313));
#6083 = CARTESIAN_POINT('',(76.201942495012,70.050916319837));
#6084 = CARTESIAN_POINT('',(75.64587614002,70.593421942185));
#6085 = CARTESIAN_POINT('',(74.535785028011,71.676441164701));
#6086 = CARTESIAN_POINT('',(73.981760275808,72.216954760954));
#6087 = CARTESIAN_POINT('',(73.427734872133,72.757468887151));
#6088 = CARTESIAN_POINT('',(72.591584290343,73.573227712929));
#6089 = CARTESIAN_POINT('',(72.309459594785,73.848472019968));
#6090 = CARTESIAN_POINT('',(72.027334730283,74.123716464438));
#6091 = CARTESIAN_POINT('',(71.440596013614,74.696145825915));
#6092 = CARTESIAN_POINT('',(71.135982133441,74.993330765707));
#6093 = CARTESIAN_POINT('',(70.831368056307,75.290515865719));
#6094 = CARTESIAN_POINT('',(70.22213906943,75.88488681417));
#6095 = CARTESIAN_POINT('',(69.917524159686,76.18207266261));
#6096 = CARTESIAN_POINT('',(69.612909052973,76.479258671278));
#6097 = CARTESIAN_POINT('',(68.989367189415,77.087593234039));
#6098 = CARTESIAN_POINT('',(68.670440413628,77.398741803542));
#6099 = CARTESIAN_POINT('',(68.351513421917,77.70989054869));
#6100 = CARTESIAN_POINT('',(67.903788551794,78.146695897426));
#6101 = CARTESIAN_POINT('',(67.774990854093,78.27235235401));
#6102 = CARTESIAN_POINT('',(67.646193121175,78.398008839242));
#6103 = CARTESIAN_POINT('',(67.370197807696,78.667272891259));
#6104 = CARTESIAN_POINT('',(67.223000216355,78.810880466814));
#6105 = CARTESIAN_POINT('',(67.075802579016,78.954488079787));
#6106 = CARTESIAN_POINT('',(66.928604895679,79.098095730179));
#6107 = ( GEOMETRIC_REPRESENTATION_CONTEXT(2) 
PARAMETRIC_REPRESENTATION_CONTEXT() REPRESENTATION_CONTEXT('2D SPACE',''
  ) );
#6108 = ORIENTED_EDGE('',*,*,#6109,.T.);
#6109 = EDGE_CURVE('',#5784,#6110,#6112,.T.);
#6110 = VERTEX_POINT('',#6111);
#6111 = CARTESIAN_POINT('',(41.584384250857,360.64241931615,
    288.69150007008));
#6112 = SURFACE_CURVE('',#6113,(#6158,#6206),.PCURVE_S1.);
#6113 = B_SPLINE_CURVE_WITH_KNOTS('',7,(#6114,#6115,#6116,#6117,#6118,
    #6119,#6120,#6121,#6122,#6123,#6124,#6125,#6126,#6127,#6128,#6129,
    #6130,#6131,#6132,#6133,#6134,#6135,#6136,#6137,#6138,#6139,#6140,
    #6141,#6142,#6143,#6144,#6145,#6146,#6147,#6148,#6149,#6150,#6151,
    #6152,#6153,#6154,#6155,#6156,#6157),.UNSPECIFIED.,.F.,.F.,(8,6,6,6,
    6,6,6,8),(0.,0.103564508715,0.260042142684,0.45748993819,
    0.640351125634,0.781607131632,0.875542643992,1.),.UNSPECIFIED.);
#6114 = CARTESIAN_POINT('',(41.491300095549,361.5166537545,
    288.27708647635));
#6115 = CARTESIAN_POINT('',(41.521739837452,361.21025513807,
    288.40023127105));
#6116 = CARTESIAN_POINT('',(41.552683501641,360.91584995873,
    288.53569439953));
#6117 = CARTESIAN_POINT('',(41.583990498898,360.6336145466,
    288.68218419974));
#6118 = CARTESIAN_POINT('',(41.615541468482,360.3635693905,
    288.83852144754));
#6119 = CARTESIAN_POINT('',(41.647238613936,360.10560525869,
    289.00366017974));
#6120 = CARTESIAN_POINT('',(41.679006038903,359.85950931957,
    289.17670851707));
#6121 = CARTESIAN_POINT('',(41.758813214317,359.27065336076,
    289.62927908048));
#6122 = CARTESIAN_POINT('',(41.80685028641,358.94292351395,
    289.91789249364));
#6123 = CARTESIAN_POINT('',(41.854718100284,358.64074164441,
    290.22029992887));
#6124 = CARTESIAN_POINT('',(41.902265710656,358.3632774971,
    290.53445790682));
#6125 = CARTESIAN_POINT('',(41.949375954844,358.10972021224,
    290.85866623045));
#6126 = CARTESIAN_POINT('',(41.99596474812,357.87931363565,
    291.19158606898));
#6127 = CARTESIAN_POINT('',(42.100043108548,357.40903287246,
    291.96211306145));
#6128 = CARTESIAN_POINT('',(42.15715910539,357.18262802827,
    292.40405668563));
#6129 = CARTESIAN_POINT('',(42.213207354318,356.99085158974,
    292.85598866091));
#6130 = CARTESIAN_POINT('',(42.268063661656,356.832945819,
    293.31610877131));
#6131 = CARTESIAN_POINT('',(42.321610278884,356.70841121202,
    293.78282992059));
#6132 = CARTESIAN_POINT('',(42.373735156228,356.61702240607,
    294.25478198369));
#6133 = CARTESIAN_POINT('',(42.471182703486,356.50511661968,
    295.17169677561));
#6134 = CARTESIAN_POINT('',(42.516706889852,356.47988229075,
    295.61592249342));
#6135 = CARTESIAN_POINT('',(42.560811767892,356.48330084974,
    296.06256708096));
#6136 = CARTESIAN_POINT('',(42.603382613204,356.51575896532,
    296.51061017142));
#6137 = CARTESIAN_POINT('',(42.644283529433,356.57785692645,
    296.95894074841));
#6138 = CARTESIAN_POINT('',(42.683355427143,356.67044001075,
    297.40635468189));
#6139 = CARTESIAN_POINT('',(42.749028356407,356.89078347187,
    298.19545920518));
#6140 = CARTESIAN_POINT('',(42.77643651289,357.00572280531,
    298.53795167457));
#6141 = CARTESIAN_POINT('',(42.802546305414,357.14013424009,
    298.87845702959));
#6142 = CARTESIAN_POINT('',(42.827247915262,357.29470097781,
    299.21622185933));
#6143 = CARTESIAN_POINT('',(42.850409617175,357.47018827639,
    299.55031967572));
#6144 = CARTESIAN_POINT('',(42.87187584729,357.66746673203,
    299.87964612619));
#6145 = CARTESIAN_POINT('',(42.904484369687,358.03398511636,
    300.41786936803));
#6146 = CARTESIAN_POINT('',(42.916673795439,358.19045272835,
    300.63011320371));
#6147 = CARTESIAN_POINT('',(42.927974457752,358.35730581734,
    300.83925269211));
#6148 = CARTESIAN_POINT('',(42.938322605941,358.53485136064,
    301.04481309805));
#6149 = CARTESIAN_POINT('',(42.947646113283,358.72338636259,
    301.24623101191));
#6150 = CARTESIAN_POINT('',(42.955864920274,358.92319232681,
    301.44285643291));
#6151 = CARTESIAN_POINT('',(42.972199759405,359.41454973574,
    301.88714049393));
#6152 = CARTESIAN_POINT('',(42.979412642499,359.71475624366,
    302.13056705839));
#6153 = CARTESIAN_POINT('',(42.98432763864,360.03579886714,
    302.36256352663));
#6154 = CARTESIAN_POINT('',(42.986705065176,360.37798226748,
    302.58089740895));
#6155 = CARTESIAN_POINT('',(42.986292970499,360.74107845693,
    302.78292432915));
#6156 = CARTESIAN_POINT('',(42.982846336539,361.12417276933,
    302.96570257965));
#6157 = CARTESIAN_POINT('',(42.976187811524,361.52521654495,
    303.12634926431));
#6158 = PCURVE('',#1312,#6159);
#6159 = DEFINITIONAL_REPRESENTATION('',(#6160),#6205);
#6160 = B_SPLINE_CURVE_WITH_KNOTS('',7,(#6161,#6162,#6163,#6164,#6165,
    #6166,#6167,#6168,#6169,#6170,#6171,#6172,#6173,#6174,#6175,#6176,
    #6177,#6178,#6179,#6180,#6181,#6182,#6183,#6184,#6185,#6186,#6187,
    #6188,#6189,#6190,#6191,#6192,#6193,#6194,#6195,#6196,#6197,#6198,
    #6199,#6200,#6201,#6202,#6203,#6204),.UNSPECIFIED.,.F.,.F.,(8,6,6,6,
    6,6,6,8),(0.,0.103564508715,0.260042142684,0.45748993819,
    0.640351125634,0.781607131632,0.875542643992,1.),.UNSPECIFIED.);
#6161 = CARTESIAN_POINT('',(98.293193428297,0.539913885433));
#6162 = CARTESIAN_POINT('',(98.114943518972,0.537494073788));
#6163 = CARTESIAN_POINT('',(97.924716716267,0.535168905306));
#6164 = CARTESIAN_POINT('',(97.723991472007,0.532939778187));
#6165 = CARTESIAN_POINT('',(97.514091336106,0.530806859562));
#6166 = CARTESIAN_POINT('',(97.296167387814,0.528769291667));
#6167 = CARTESIAN_POINT('',(97.07118066696,0.526825398005));
#6168 = CARTESIAN_POINT('',(96.490414879135,0.522173898346));
#6169 = CARTESIAN_POINT('',(96.126716290428,0.519584927823));
#6170 = CARTESIAN_POINT('',(95.751397548964,0.517197618806));
#6171 = CARTESIAN_POINT('',(95.366585234636,0.515005424652));
#6172 = CARTESIAN_POINT('',(94.974017999845,0.513001950253));
#6173 = CARTESIAN_POINT('',(94.575035770911,0.511181230792));
#6174 = CARTESIAN_POINT('',(93.6602118677,0.507464573253));
#6175 = CARTESIAN_POINT('',(93.14142248854,0.505674967094));
#6176 = CARTESIAN_POINT('',(92.616254706686,0.504158734679));
#6177 = CARTESIAN_POINT('',(92.08649766997,0.502909900248));
#6178 = CARTESIAN_POINT('',(91.553731901989,0.501924525998));
#6179 = CARTESIAN_POINT('',(91.01932923201,0.501200837688));
#6180 = CARTESIAN_POINT('',(89.989084798604,0.500313162504));
#6181 = CARTESIAN_POINT('',(89.493485254295,0.500111932295));
#6182 = CARTESIAN_POINT('',(88.998597957928,0.500136924251));
#6183 = CARTESIAN_POINT('',(88.505500955872,0.500391195138));
#6184 = CARTESIAN_POINT('',(88.0153960122,0.500879488793));
#6185 = CARTESIAN_POINT('',(87.529614614304,0.501608483797));
#6186 = CARTESIAN_POINT('',(86.678866219481,0.503344689852));
#6187 = CARTESIAN_POINT('',(86.311657165891,0.504250668238));
#6188 = CARTESIAN_POINT('',(85.948664178068,0.50531039797));
#6189 = CARTESIAN_POINT('',(85.590753648706,0.506529276349));
#6190 = CARTESIAN_POINT('',(85.238993484094,0.507913349345));
#6191 = CARTESIAN_POINT('',(84.894662391476,0.509469495448));
#6192 = CARTESIAN_POINT('',(84.336249093946,0.512360944927));
#6193 = CARTESIAN_POINT('',(84.11721577309,0.513595389781));
#6194 = CARTESIAN_POINT('',(83.902625494392,0.51491184678));
#6195 = CARTESIAN_POINT('',(83.693028617814,0.516312741742));
#6196 = CARTESIAN_POINT('',(83.489074422354,0.517800422155));
#6197 = CARTESIAN_POINT('',(83.291509074636,0.519377113532));
#6198 = CARTESIAN_POINT('',(82.849001497881,0.523254644618));
#6199 = CARTESIAN_POINT('',(82.609578434813,0.525623839056));
#6200 = CARTESIAN_POINT('',(82.384824624889,0.528157595638));
#6201 = CARTESIAN_POINT('',(82.177258566996,0.530858329949));
#6202 = CARTESIAN_POINT('',(81.989817661527,0.533724254015));
#6203 = CARTESIAN_POINT('',(81.825724999175,0.536748159726));
#6204 = CARTESIAN_POINT('',(81.688046965077,0.539913885433));
#6205 = ( GEOMETRIC_REPRESENTATION_CONTEXT(2) 
PARAMETRIC_REPRESENTATION_CONTEXT() REPRESENTATION_CONTEXT('2D SPACE',''
  ) );
#6206 = PCURVE('',#6207,#6212);
#6207 = CYLINDRICAL_SURFACE('',#6208,8.);
#6208 = AXIS2_PLACEMENT_3D('',#6209,#6210,#6211);
#6209 = CARTESIAN_POINT('',(40.584384250857,364.5,295.7));
#6210 = DIRECTION('',(1.,0.,0.));
#6211 = DIRECTION('',(-0.,0.,1.));
#6212 = DEFINITIONAL_REPRESENTATION('',(#6213),#6258);
#6213 = B_SPLINE_CURVE_WITH_KNOTS('',7,(#6214,#6215,#6216,#6217,#6218,
    #6219,#6220,#6221,#6222,#6223,#6224,#6225,#6226,#6227,#6228,#6229,
    #6230,#6231,#6232,#6233,#6234,#6235,#6236,#6237,#6238,#6239,#6240,
    #6241,#6242,#6243,#6244,#6245,#6246,#6247,#6248,#6249,#6250,#6251,
    #6252,#6253,#6254,#6255,#6256,#6257),.UNSPECIFIED.,.F.,.F.,(8,6,6,6,
    6,6,6,8),(0.,0.103564508715,0.260042142684,0.45748993819,
    0.640351125634,0.781607131632,0.875542643992,1.),.UNSPECIFIED.);
#6214 = CARTESIAN_POINT('',(2.75944045377,0.906915844692));
#6215 = CARTESIAN_POINT('',(2.718163047607,0.937355586594));
#6216 = CARTESIAN_POINT('',(2.677702500718,0.968299250783));
#6217 = CARTESIAN_POINT('',(2.638024450507,0.999606248041));
#6218 = CARTESIAN_POINT('',(2.59909200215,1.031157217625));
#6219 = CARTESIAN_POINT('',(2.560863721502,1.062854363079));
#6220 = CARTESIAN_POINT('',(2.523291628002,1.094621788046));
#6221 = CARTESIAN_POINT('',(2.430456807026,1.17442896346));
#6222 = CARTESIAN_POINT('',(2.375991170142,1.222466035553));
#6223 = CARTESIAN_POINT('',(2.322722244494,1.270333849427));
#6224 = CARTESIAN_POINT('',(2.27050229341,1.317881459799));
#6225 = CARTESIAN_POINT('',(2.219195424974,1.364991703987));
#6226 = CARTESIAN_POINT('',(2.168669579484,1.411580497263));
#6227 = CARTESIAN_POINT('',(2.05583148735,1.515658857691));
#6228 = CARTESIAN_POINT('',(1.993933694729,1.572774854533));
#6229 = CARTESIAN_POINT('',(1.932817881836,1.62882310346));
#6230 = CARTESIAN_POINT('',(1.872280118611,1.683679410799));
#6231 = CARTESIAN_POINT('',(1.812131830701,1.737226028027));
#6232 = CARTESIAN_POINT('',(1.752188424855,1.789350905371));
#6233 = CARTESIAN_POINT('',(1.636723627685,1.886798452629));
#6234 = CARTESIAN_POINT('',(1.581222122983,1.932322638995));
#6235 = CARTESIAN_POINT('',(1.525575520082,1.976427517035));
#6236 = CARTESIAN_POINT('',(1.469635784859,2.018998362347));
#6237 = CARTESIAN_POINT('',(1.413257085988,2.059899278576));
#6238 = CARTESIAN_POINT('',(1.356278327568,2.098971176286));
#6239 = CARTESIAN_POINT('',(1.253866994765,2.16464410555));
#6240 = CARTESIAN_POINT('',(1.208768701142,2.192052262033));
#6241 = CARTESIAN_POINT('',(1.163110074697,2.218162054557));
#6242 = CARTESIAN_POINT('',(1.116799273444,2.242863664405));
#6243 = CARTESIAN_POINT('',(1.069743154077,2.266025366318));
#6244 = CARTESIAN_POINT('',(1.021837401727,2.287491596433));
#6245 = CARTESIAN_POINT('',(0.940441380622,2.32010011883));
#6246 = CARTESIAN_POINT('',(0.907503874019,2.332289544582));
#6247 = CARTESIAN_POINT('',(0.87410030704,2.343590206895));
#6248 = CARTESIAN_POINT('',(0.840195305691,2.353938355084));
#6249 = CARTESIAN_POINT('',(0.805754991991,2.363261862425));
#6250 = CARTESIAN_POINT('',(0.770745209947,2.371480669417));
#6251 = CARTESIAN_POINT('',(0.687940806551,2.387815508548));
#6252 = CARTESIAN_POINT('',(0.639698473479,2.395028391641));
#6253 = CARTESIAN_POINT('',(0.590311031726,2.399943387783));
#6254 = CARTESIAN_POINT('',(0.539730655596,2.402320814318));
#6255 = CARTESIAN_POINT('',(0.487950419781,2.401908719642));
#6256 = CARTESIAN_POINT('',(0.435001721292,2.398462085682));
#6257 = CARTESIAN_POINT('',(0.380998904922,2.391803560667));
#6258 = ( GEOMETRIC_REPRESENTATION_CONTEXT(2) 
PARAMETRIC_REPRESENTATION_CONTEXT() REPRESENTATION_CONTEXT('2D SPACE',''
  ) );
#6259 = ORIENTED_EDGE('',*,*,#6260,.F.);
#6260 = EDGE_CURVE('',#6261,#6110,#6263,.T.);
#6261 = VERTEX_POINT('',#6262);
#6262 = CARTESIAN_POINT('',(41.584384250857,357.31844132867,
    286.71806173199));
#6263 = SURFACE_CURVE('',#6264,(#6270,#6279),.PCURVE_S1.);
#6264 = B_SPLINE_CURVE_WITH_KNOTS('',4,(#6265,#6266,#6267,#6268,#6269),
  .UNSPECIFIED.,.F.,.F.,(5,5),(0.,1.),.PIECEWISE_BEZIER_KNOTS.);
#6265 = CARTESIAN_POINT('',(41.584384250857,353.11901445811,284.2));
#6266 = CARTESIAN_POINT('',(41.584384250857,355.21348615455,
    285.46281190426));
#6267 = CARTESIAN_POINT('',(41.584384250857,357.31134227012,
    286.7184552485));
#6268 = CARTESIAN_POINT('',(41.584384250857,359.41257877944,
    287.96686075729));
#6269 = CARTESIAN_POINT('',(41.584384250857,361.5171904322,
    289.20795835702));
#6270 = PCURVE('',#1312,#6271);
#6271 = DEFINITIONAL_REPRESENTATION('',(#6272),#6278);
#6272 = B_SPLINE_CURVE_WITH_KNOTS('',4,(#6273,#6274,#6275,#6276,#6277),
  .UNSPECIFIED.,.F.,.F.,(5,5),(0.,1.),.PIECEWISE_BEZIER_KNOTS.);
#6273 = CARTESIAN_POINT('',(101.69431265996,0.473626343685));
#6274 = CARTESIAN_POINT('',(100.58645226339,0.490158239967));
#6275 = CARTESIAN_POINT('',(99.476819504915,0.506716819057));
#6276 = CARTESIAN_POINT('',(98.365417140866,0.523302048328));
#6277 = CARTESIAN_POINT('',(97.252248626813,0.539913885433));
#6278 = ( GEOMETRIC_REPRESENTATION_CONTEXT(2) 
PARAMETRIC_REPRESENTATION_CONTEXT() REPRESENTATION_CONTEXT('2D SPACE',''
  ) );
#6279 = PCURVE('',#6280,#6285);
#6280 = PLANE('',#6281);
#6281 = AXIS2_PLACEMENT_3D('',#6282,#6283,#6284);
#6282 = CARTESIAN_POINT('',(41.584384250857,364.5,295.7));
#6283 = DIRECTION('',(1.,0.,0.));
#6284 = DIRECTION('',(-0.,0.,1.));
#6285 = DEFINITIONAL_REPRESENTATION('',(#6286),#6292);
#6286 = B_SPLINE_CURVE_WITH_KNOTS('',4,(#6287,#6288,#6289,#6290,#6291),
  .UNSPECIFIED.,.F.,.F.,(5,5),(0.,1.),.PIECEWISE_BEZIER_KNOTS.);
#6287 = CARTESIAN_POINT('',(-11.5,11.380985541889));
#6288 = CARTESIAN_POINT('',(-10.23718809573,9.286513845449));
#6289 = CARTESIAN_POINT('',(-8.981544751491,7.188657729876));
#6290 = CARTESIAN_POINT('',(-7.733139242709,5.087421220557));
#6291 = CARTESIAN_POINT('',(-6.492041642978,2.982809567793));
#6292 = ( GEOMETRIC_REPRESENTATION_CONTEXT(2) 
PARAMETRIC_REPRESENTATION_CONTEXT() REPRESENTATION_CONTEXT('2D SPACE',''
  ) );
#6293 = ORIENTED_EDGE('',*,*,#6294,.T.);
#6294 = EDGE_CURVE('',#6261,#6295,#6297,.T.);
#6295 = VERTEX_POINT('',#6296);
#6296 = CARTESIAN_POINT('',(43.345259239971,361.5,306.80180165558));
#6297 = SURFACE_CURVE('',#6298,(#6343,#6391),.PCURVE_S1.);
#6298 = B_SPLINE_CURVE_WITH_KNOTS('',7,(#6299,#6300,#6301,#6302,#6303,
    #6304,#6305,#6306,#6307,#6308,#6309,#6310,#6311,#6312,#6313,#6314,
    #6315,#6316,#6317,#6318,#6319,#6320,#6321,#6322,#6323,#6324,#6325,
    #6326,#6327,#6328,#6329,#6330,#6331,#6332,#6333,#6334,#6335,#6336,
    #6337,#6338,#6339,#6340,#6341,#6342),.UNSPECIFIED.,.F.,.F.,(8,6,6,6,
    6,6,6,8),(0.,9.358789076034E-02,0.166204104528,0.37622402727,
    0.577751985673,0.744036475085,0.851335507024,1.),.UNSPECIFIED.);
#6299 = CARTESIAN_POINT('',(41.584383650857,357.31844565575,
    286.71805827225));
#6300 = CARTESIAN_POINT('',(41.622639871914,357.04254935199,
    286.93865247769));
#6301 = CARTESIAN_POINT('',(41.660876272489,356.77821390046,
    287.16621088394));
#6302 = CARTESIAN_POINT('',(41.699047878187,356.52521726679,
    287.400138168));
#6303 = CARTESIAN_POINT('',(41.737115331078,356.28335040579,
    287.63990088075));
#6304 = CARTESIAN_POINT('',(41.775044912574,356.05240901066,
    287.88502347228));
#6305 = CARTESIAN_POINT('',(41.812808526185,355.83219116477,
    288.13508729532));
#6306 = CARTESIAN_POINT('',(41.879538720885,355.45979914798,
    288.58731559404));
#6307 = CARTESIAN_POINT('',(41.908579384531,355.30344058301,
    288.78765048225));
#6308 = CARTESIAN_POINT('',(41.937494496655,355.15333656925,
    288.9905647576));
#6309 = CARTESIAN_POINT('',(41.966273760427,355.00940579618,
    289.19589842674));
#6310 = CARTESIAN_POINT('',(41.994907729235,354.87157343987,
    289.40350368779));
#6311 = CARTESIAN_POINT('',(42.023387819282,354.7397703285,
    289.61324462151));
#6312 = CARTESIAN_POINT('',(42.133608826907,354.24998400296,
    290.43742475727));
#6313 = CARTESIAN_POINT('',(42.214141864056,353.9360102144,
    291.0665436926));
#6314 = CARTESIAN_POINT('',(42.293143864182,353.67031658011,
    291.70951524216));
#6315 = CARTESIAN_POINT('',(42.370447263559,353.45194809397,
    292.36387053598));
#6316 = CARTESIAN_POINT('',(42.445891732005,353.28029467845,
    293.02741131372));
#6317 = CARTESIAN_POINT('',(42.519323312634,353.15510780594,
    293.69821472682));
#6318 = CARTESIAN_POINT('',(42.658973004245,353.00131989782,
    295.02373320214));
#6319 = CARTESIAN_POINT('',(42.7253385399,352.96904487953,
    295.67777250513));
#6320 = CARTESIAN_POINT('',(42.789550946862,352.97996479313,
    296.33530350606));
#6321 = CARTESIAN_POINT('',(42.851435206569,353.03469670691,
    296.99471655175));
#6322 = CARTESIAN_POINT('',(42.910781129127,353.13420896116,
    297.65424583476));
#6323 = CARTESIAN_POINT('',(42.96734369792,353.27981203818,
    298.3119693665));
#6324 = CARTESIAN_POINT('',(43.06495400759,353.63324812391,
    299.50529718285));
#6325 = CARTESIAN_POINT('',(43.106969079275,353.82568711144,
    300.04194622251));
#6326 = CARTESIAN_POINT('',(43.14671250667,354.05186307588,
    300.57466620116));
#6327 = CARTESIAN_POINT('',(43.183973809146,354.31308497402,
    301.10196979399));
#6328 = CARTESIAN_POINT('',(43.21849264267,354.61084511424,
    301.62197122112));
#6329 = CARTESIAN_POINT('',(43.249961130109,354.94678388889,
    302.13239509915));
#6330 = CARTESIAN_POINT('',(43.296095524825,355.56571261552,
    302.95194791593));
#6331 = CARTESIAN_POINT('',(43.312757284474,355.8251499082,
    303.2681700348));
#6332 = CARTESIAN_POINT('',(43.327886512268,356.10181745913,
    303.57845485406));
#6333 = CARTESIAN_POINT('',(43.341364052712,356.39623278822,
    303.88187343036));
#6334 = CARTESIAN_POINT('',(43.353054774066,356.70886582797,
    304.17731278577));
#6335 = CARTESIAN_POINT('',(43.362809390186,357.04011842393,
    304.46348534047));
#6336 = CARTESIAN_POINT('',(43.381072870527,357.87551211064,
    305.12057469993));
#6337 = CARTESIAN_POINT('',(43.387653216994,358.39714731585,
    305.48168732968));
#6338 = CARTESIAN_POINT('',(43.389769026467,358.95592422419,
    305.81826243458));
#6339 = CARTESIAN_POINT('',(43.38692186483,359.55146576591,
    306.12510037273));
#6340 = CARTESIAN_POINT('',(43.378635993737,360.18178052057,
    306.39637711543));
#6341 = CARTESIAN_POINT('',(43.364511543378,360.84288453688,
    306.62600252662));
#6342 = CARTESIAN_POINT('',(43.344461939607,361.52734078067,
    306.80915375561));
#6343 = PCURVE('',#1312,#6344);
#6344 = DEFINITIONAL_REPRESENTATION('',(#6345),#6390);
#6345 = B_SPLINE_CURVE_WITH_KNOTS('',7,(#6346,#6347,#6348,#6349,#6350,
    #6351,#6352,#6353,#6354,#6355,#6356,#6357,#6358,#6359,#6360,#6361,
    #6362,#6363,#6364,#6365,#6366,#6367,#6368,#6369,#6370,#6371,#6372,
    #6373,#6374,#6375,#6376,#6377,#6378,#6379,#6380,#6381,#6382,#6383,
    #6384,#6385,#6386,#6387,#6388,#6389),.UNSPECIFIED.,.F.,.F.,(8,6,6,6,
    6,6,6,8),(0.,9.358789076034E-02,0.166204104528,0.37622402727,
    0.577751985673,0.744036475085,0.851335507024,1.),.UNSPECIFIED.);
#6346 = CARTESIAN_POINT('',(99.473078204072,0.506772870947));
#6347 = CARTESIAN_POINT('',(99.191311998727,0.504593468188));
#6348 = CARTESIAN_POINT('',(98.903652868868,0.502505318483));
#6349 = CARTESIAN_POINT('',(98.610721021546,0.500506671258));
#6350 = CARTESIAN_POINT('',(98.313067005559,0.498595878201));
#6351 = CARTESIAN_POINT('',(98.011175819567,0.496771328142));
#6352 = CARTESIAN_POINT('',(97.705468346797,0.495031428518));
#6353 = CARTESIAN_POINT('',(97.156411962728,0.492089101885));
#6354 = CARTESIAN_POINT('',(96.914447993006,0.490853643368));
#6355 = CARTESIAN_POINT('',(96.670579555352,0.489667558767));
#6356 = CARTESIAN_POINT('',(96.424964762038,0.488530206715));
#6357 = CARTESIAN_POINT('',(96.177748789924,0.487440997005));
#6358 = CARTESIAN_POINT('',(95.929064180968,0.486399384003));
#6359 = CARTESIAN_POINT('',(94.955887967845,0.482528507384));
#6360 = CARTESIAN_POINT('',(94.221622821769,0.480046671208));
#6361 = CARTESIAN_POINT('',(93.478937883042,0.477945985657));
#6362 = CARTESIAN_POINT('',(92.730211428386,0.476218919335));
#6363 = CARTESIAN_POINT('',(91.977558454718,0.474860663063));
#6364 = CARTESIAN_POINT('',(91.222831503428,0.473869261125));
#6365 = CARTESIAN_POINT('',(89.742934866683,0.472649138341));
#6366 = CARTESIAN_POINT('',(89.01806029584,0.47239141193));
#6367 = CARTESIAN_POINT('',(88.294409907758,0.472474721274));
#6368 = CARTESIAN_POINT('',(87.573613928637,0.472903943909));
#6369 = CARTESIAN_POINT('',(86.857510014831,0.473686731543));
#6370 = CARTESIAN_POINT('',(86.148144232387,0.47483343799));
#6371 = CARTESIAN_POINT('',(84.869948282352,0.477618724823));
#6372 = CARTESIAN_POINT('',(84.298446027595,0.479135757353));
#6373 = CARTESIAN_POINT('',(83.734495552966,0.480919176137));
#6374 = CARTESIAN_POINT('',(83.179757661925,0.482979321776));
#6375 = CARTESIAN_POINT('',(82.636353655952,0.485327984321));
#6376 = CARTESIAN_POINT('',(82.106857941087,0.487978124823));
#6377 = CARTESIAN_POINT('',(81.263720779502,0.492861233834));
#6378 = CARTESIAN_POINT('',(80.940223844831,0.494908213501));
#6379 = CARTESIAN_POINT('',(80.624746706045,0.497091258965));
#6380 = CARTESIAN_POINT('',(80.318347792358,0.499414460297));
#6381 = CARTESIAN_POINT('',(80.022289319903,0.501881532704));
#6382 = CARTESIAN_POINT('',(79.738027767599,0.504495654658));
#6383 = CARTESIAN_POINT('',(79.091987315132,0.511088553374));
#6384 = CARTESIAN_POINT('',(78.742515822509,0.515205496403));
#6385 = CARTESIAN_POINT('',(78.423311980354,0.51961579666));
#6386 = CARTESIAN_POINT('',(78.140147761651,0.524316500727));
#6387 = CARTESIAN_POINT('',(77.899395298931,0.52929191244));
#6388 = CARTESIAN_POINT('',(77.707632439194,0.534510605688));
#6389 = CARTESIAN_POINT('',(77.569760813099,0.539913885433));
#6390 = ( GEOMETRIC_REPRESENTATION_CONTEXT(2) 
PARAMETRIC_REPRESENTATION_CONTEXT() REPRESENTATION_CONTEXT('2D SPACE',''
  ) );
#6391 = PCURVE('',#6392,#6397);
#6392 = CYLINDRICAL_SURFACE('',#6393,11.5);
#6393 = AXIS2_PLACEMENT_3D('',#6394,#6395,#6396);
#6394 = CARTESIAN_POINT('',(41.584384250857,364.5,295.7));
#6395 = DIRECTION('',(1.,0.,0.));
#6396 = DIRECTION('',(-0.,0.,1.));
#6397 = DEFINITIONAL_REPRESENTATION('',(#6398),#6443);
#6398 = B_SPLINE_CURVE_WITH_KNOTS('',7,(#6399,#6400,#6401,#6402,#6403,
    #6404,#6405,#6406,#6407,#6408,#6409,#6410,#6411,#6412,#6413,#6414,
    #6415,#6416,#6417,#6418,#6419,#6420,#6421,#6422,#6423,#6424,#6425,
    #6426,#6427,#6428,#6429,#6430,#6431,#6432,#6433,#6434,#6435,#6436,
    #6437,#6438,#6439,#6440,#6441,#6442),.UNSPECIFIED.,.F.,.F.,(8,6,6,6,
    6,6,6,8),(0.,9.358789076034E-02,0.166204104528,0.37622402727,
    0.577751985673,0.744036475085,0.851335507024,1.),.UNSPECIFIED.);
#6399 = CARTESIAN_POINT('',(2.467123252587,-6.E-07));
#6400 = CARTESIAN_POINT('',(2.436406475289,3.825562105657E-02));
#6401 = CARTESIAN_POINT('',(2.406096690754,7.64920216319E-02));
#6402 = CARTESIAN_POINT('',(2.376163823724,0.11466362733));
#6403 = CARTESIAN_POINT('',(2.346580917147,0.152731080221));
#6404 = CARTESIAN_POINT('',(2.317322574937,0.190660661716));
#6405 = CARTESIAN_POINT('',(2.288363837084,0.228424275328));
#6406 = CARTESIAN_POINT('',(2.237422880244,0.295154470028));
#6407 = CARTESIAN_POINT('',(2.215332172731,0.324195133674));
#6408 = CARTESIAN_POINT('',(2.193396047708,0.353110245798));
#6409 = CARTESIAN_POINT('',(2.171603935883,0.38188950957));
#6410 = CARTESIAN_POINT('',(2.149945798999,0.410523478378));
#6411 = CARTESIAN_POINT('',(2.128411913312,0.439003568425));
#6412 = CARTESIAN_POINT('',(2.045044072352,0.54922457605));
#6413 = CARTESIAN_POINT('',(1.984067806456,0.629757613199));
#6414 = CARTESIAN_POINT('',(1.923812577458,0.708759613325));
#6415 = CARTESIAN_POINT('',(1.864086634256,0.786063012701));
#6416 = CARTESIAN_POINT('',(1.804712442741,0.861507481148));
#6417 = CARTESIAN_POINT('',(1.745515833504,0.934939061777));
#6418 = CARTESIAN_POINT('',(1.629480184556,1.074588753387));
#6419 = CARTESIAN_POINT('',(1.572662725956,1.140954289043));
#6420 = CARTESIAN_POINT('',(1.515676836644,1.205166696005));
#6421 = CARTESIAN_POINT('',(1.458368533689,1.267050955712));
#6422 = CARTESIAN_POINT('',(1.400581459001,1.32639687827));
#6423 = CARTESIAN_POINT('',(1.342147241653,1.382959447062));
#6424 = CARTESIAN_POINT('',(1.233923977922,1.480569756733));
#6425 = CARTESIAN_POINT('',(1.184427972025,1.522584828417));
#6426 = CARTESIAN_POINT('',(1.134235062645,1.562328255813));
#6427 = CARTESIAN_POINT('',(1.083225955825,1.599589558289));
#6428 = CARTESIAN_POINT('',(1.031277089293,1.634108391813));
#6429 = CARTESIAN_POINT('',(0.978253214574,1.665576879252));
#6430 = CARTESIAN_POINT('',(0.888948418498,1.711711273968));
#6431 = CARTESIAN_POINT('',(0.853409543777,1.728373033616));
#6432 = CARTESIAN_POINT('',(0.8173095645,1.743502261411));
#6433 = CARTESIAN_POINT('',(0.780606310667,1.756979801855));
#6434 = CARTESIAN_POINT('',(0.743261052445,1.768670523209));
#6435 = CARTESIAN_POINT('',(0.705236336233,1.778425139329));
#6436 = CARTESIAN_POINT('',(0.612814641462,1.79668861967));
#6437 = CARTESIAN_POINT('',(0.557748964313,1.803268966137));
#6438 = CARTESIAN_POINT('',(0.501211764669,1.80538477561));
#6439 = CARTESIAN_POINT('',(0.443194887005,1.802537613972));
#6440 = CARTESIAN_POINT('',(0.383767713775,1.79425174288));
#6441 = CARTESIAN_POINT('',(0.323072846523,1.780127292521));
#6442 = CARTESIAN_POINT('',(0.261460930904,1.760077688749));
#6443 = ( GEOMETRIC_REPRESENTATION_CONTEXT(2) 
PARAMETRIC_REPRESENTATION_CONTEXT() REPRESENTATION_CONTEXT('2D SPACE',''
  ) );
#6444 = ORIENTED_EDGE('',*,*,#6445,.T.);
#6445 = EDGE_CURVE('',#6295,#3886,#6446,.T.);
#6446 = SURFACE_CURVE('',#6447,(#6552,#6660),.PCURVE_S1.);
#6447 = B_SPLINE_CURVE_WITH_KNOTS('',4,(#6448,#6449,#6450,#6451,#6452,
    #6453,#6454,#6455,#6456,#6457,#6458,#6459,#6460,#6461,#6462,#6463,
    #6464,#6465,#6466,#6467,#6468,#6469,#6470,#6471,#6472,#6473,#6474,
    #6475,#6476,#6477,#6478,#6479,#6480,#6481,#6482,#6483,#6484,#6485,
    #6486,#6487,#6488,#6489,#6490,#6491,#6492,#6493,#6494,#6495,#6496,
    #6497,#6498,#6499,#6500,#6501,#6502,#6503,#6504,#6505,#6506,#6507,
    #6508,#6509,#6510,#6511,#6512,#6513,#6514,#6515,#6516,#6517,#6518,
    #6519,#6520,#6521,#6522,#6523,#6524,#6525,#6526,#6527,#6528,#6529,
    #6530,#6531,#6532,#6533,#6534,#6535,#6536,#6537,#6538,#6539,#6540,
    #6541,#6542,#6543,#6544,#6545,#6546,#6547,#6548,#6549,#6550,#6551),
  .UNSPECIFIED.,.F.,.F.,(5,3,3,3,3,3,3,3,3,3,3,3,3,3,3,3,3,3,3,3,3,3,3,3
    ,3,3,3,3,3,3,3,3,3,3,5),(0.,4.239804294955E-02,8.479625893923E-02,
    0.127194648009,0.1695932102,0.212191939994,0.247091029667,
    0.29149004118,0.33558924745,0.3604888821,0.385288577634,
    0.410088332474,0.434888146625,0.463088007371,0.491287944827,
    0.519487959001,0.547688049903,0.589388324961,0.631088767848,
    0.672789378594,0.714390155159,0.743190790675,0.771991506295,
    0.79729220105,0.822492954523,0.847793772702,0.872994649125,
    0.900195663965,0.927296746175,0.941097324538,0.955997969668,
    0.970898636256,0.986499357156,0.992799654957,1.),.UNSPECIFIED.);
#6448 = CARTESIAN_POINT('',(38.572529352341,361.5,259.08811798935));
#6449 = CARTESIAN_POINT('',(38.693042082411,361.5,260.29287394474));
#6450 = CARTESIAN_POINT('',(38.813554831765,361.5,261.49763194766));
#6451 = CARTESIAN_POINT('',(38.934067600412,361.5,262.70239199831));
#6452 = CARTESIAN_POINT('',(39.175093668161,361.5,265.11192111257));
#6453 = CARTESIAN_POINT('',(39.295606967264,361.5,266.31669017619));
#6454 = CARTESIAN_POINT('',(39.416120285677,361.5,267.52146128801));
#6455 = CARTESIAN_POINT('',(39.65714745311,361.5,269.93101252665));
#6456 = CARTESIAN_POINT('',(39.77766130213,361.5,271.13579265349));
#6457 = CARTESIAN_POINT('',(39.898175170478,361.5,272.34057482897));
#6458 = CARTESIAN_POINT('',(40.139203437929,361.5,274.75014819698));
#6459 = CARTESIAN_POINT('',(40.259717837032,361.5,275.95493938953));
#6460 = CARTESIAN_POINT('',(40.380232255481,361.5,277.15973263115));
#6461 = CARTESIAN_POINT('',(40.621830091095,361.5,279.57501116496));
#6462 = CARTESIAN_POINT('',(40.742913508444,361.5,280.78549647655));
#6463 = CARTESIAN_POINT('',(40.863996945339,361.5,281.99598385702));
#6464 = CARTESIAN_POINT('',(41.084278251698,361.5,284.19816906963));
#6465 = CARTESIAN_POINT('',(41.183476114733,361.5,285.1898662214));
#6466 = CARTESIAN_POINT('',(41.282673990896,361.5,286.181564762));
#6467 = CARTESIAN_POINT('',(41.508072542453,361.5,288.43491641376));
#6468 = CARTESIAN_POINT('',(41.63427322597,361.5,289.69657038401));
#6469 = CARTESIAN_POINT('',(41.760473930753,361.5,290.95822660253));
#6470 = CARTESIAN_POINT('',(42.012023209856,361.5,293.47302416165));
#6471 = CARTESIAN_POINT('',(42.137371783889,361.5,294.72616547199));
#6472 = CARTESIAN_POINT('',(42.26272037892,361.5,295.97930900078));
#6473 = CARTESIAN_POINT('',(42.458844299258,361.5,297.94001558467));
#6474 = CARTESIAN_POINT('',(42.529619610255,361.5,298.64757712842));
#6475 = CARTESIAN_POINT('',(42.600394927951,361.5,299.35513937954));
#6476 = CARTESIAN_POINT('',(42.741661507381,361.5,300.76742536669));
#6477 = CARTESIAN_POINT('',(42.812152769061,361.5,301.47214909705));
#6478 = CARTESIAN_POINT('',(42.882644037389,361.5,302.17687352918));
#6479 = CARTESIAN_POINT('',(43.023626755911,361.5,303.58632548229));
#6480 = CARTESIAN_POINT('',(43.094118206106,361.5,304.29105300328));
#6481 = CARTESIAN_POINT('',(43.164609662951,361.5,304.99578122611));
#6482 = CARTESIAN_POINT('',(43.305592758535,361.5,306.40524076098));
#6483 = CARTESIAN_POINT('',(43.376084397273,361.5,307.10997207302));
#6484 = CARTESIAN_POINT('',(43.446576042665,361.5,307.81470408698));
#6485 = CARTESIAN_POINT('',(43.59722372973,361.5,309.320788149));
#6486 = CARTESIAN_POINT('',(43.677379773353,361.5,310.12214040272));
#6487 = CARTESIAN_POINT('',(43.757535825583,361.5,310.92349356413));
#6488 = CARTESIAN_POINT('',(43.917848165298,361.5,312.52620388223));
#6489 = CARTESIAN_POINT('',(43.998004452784,361.5,313.32756103894));
#6490 = CARTESIAN_POINT('',(44.07816074888,361.5,314.12891910343));
#6491 = CARTESIAN_POINT('',(44.238473576366,361.5,315.73163922823));
#6492 = CARTESIAN_POINT('',(44.318630107756,361.5,316.53300128854));
#6493 = CARTESIAN_POINT('',(44.39878664776,361.5,317.33436425675));
#6494 = CARTESIAN_POINT('',(44.559099963098,361.5,318.93709418947));
#6495 = CARTESIAN_POINT('',(44.639256738431,361.5,319.738461154));
#6496 = CARTESIAN_POINT('',(44.719413522383,361.5,320.53982902653));
#6497 = CARTESIAN_POINT('',(44.918100439899,361.5,322.52620457499));
#6498 = CARTESIAN_POINT('',(45.036630583693,361.5,323.71121332846));
#6499 = CARTESIAN_POINT('',(45.155160746343,361.5,324.89622406769));
#6500 = CARTESIAN_POINT('',(45.39222158641,361.5,327.26625428723));
#6501 = CARTESIAN_POINT('',(45.510752263827,361.5,328.45127376757));
#6502 = CARTESIAN_POINT('',(45.629282960112,361.5,329.636295234));
#6503 = CARTESIAN_POINT('',(45.86634486756,361.5,332.0063469095));
#6504 = CARTESIAN_POINT('',(45.984876078721,361.5,333.19137711858));
#6505 = CARTESIAN_POINT('',(46.103407308764,361.5,334.3764093141));
#6506 = CARTESIAN_POINT('',(46.340186034518,361.5,336.74364062354));
#6507 = CARTESIAN_POINT('',(46.45843353014,361.5,337.92583972797));
#6508 = CARTESIAN_POINT('',(46.576681044563,361.5,339.10804080964));
#6509 = CARTESIAN_POINT('',(46.776792532898,361.5,341.10869492222));
#6510 = CARTESIAN_POINT('',(46.858656497018,361.5,341.92714692352));
#6511 = CARTESIAN_POINT('',(46.940520470153,361.5,342.7455998726));
#6512 = CARTESIAN_POINT('',(47.104248662153,361.5,344.38250994287));
#6513 = CARTESIAN_POINT('',(47.186112881017,361.5,345.20096706407));
#6514 = CARTESIAN_POINT('',(47.2679771089,361.5,346.01942513315));
#6515 = CARTESIAN_POINT('',(47.421756991807,361.5,347.55687954015));
#6516 = CARTESIAN_POINT('',(47.493672644772,361.5,348.27587566165));
#6517 = CARTESIAN_POINT('',(47.565588304699,361.5,348.99487251473));
#6518 = CARTESIAN_POINT('',(47.709135561546,361.5,350.43002754316));
#6519 = CARTESIAN_POINT('',(47.78076715841,361.5,351.14618571273));
#6520 = CARTESIAN_POINT('',(47.852398762184,361.5,351.86234460818));
#6521 = CARTESIAN_POINT('',(47.9959464114,361.5,353.29750750797));
#6522 = CARTESIAN_POINT('',(48.067862456897,361.5,354.01651151809));
#6523 = CARTESIAN_POINT('',(48.139778509362,361.5,354.73551625992));
#6524 = CARTESIAN_POINT('',(48.283326549774,361.5,356.17068703528));
#6525 = CARTESIAN_POINT('',(48.354958537667,361.5,356.88685306304));
#6526 = CARTESIAN_POINT('',(48.426590532474,361.5,357.6030198168));
#6527 = CARTESIAN_POINT('',(48.575539811151,361.5,359.09219542214));
#6528 = CARTESIAN_POINT('',(48.652857096163,361.5,359.86520439354));
#6529 = CARTESIAN_POINT('',(48.730174389233,361.5,360.63821421083));
#6530 = CARTESIAN_POINT('',(48.884524938809,361.5,362.18139560689));
#6531 = CARTESIAN_POINT('',(48.961558195257,361.5,362.95156717946));
#6532 = CARTESIAN_POINT('',(49.038591459706,361.5,363.72173959178));
#6533 = CARTESIAN_POINT('',(49.154852084953,361.5,364.88410516435));
#6534 = CARTESIAN_POINT('',(49.194079439824,361.5,365.27629770256));
#6535 = CARTESIAN_POINT('',(49.23330679677,361.5,365.66849045855));
#6536 = CARTESIAN_POINT('',(49.314888392025,361.5,366.48413875214));
#6537 = CARTESIAN_POINT('',(49.357242630679,361.5,366.90759432584));
#6538 = CARTESIAN_POINT('',(49.399596871753,361.5,367.33105015343));
#6539 = CARTESIAN_POINT('',(49.484305419735,361.5,368.17796292622));
#6540 = CARTESIAN_POINT('',(49.526659726644,361.5,368.60141987142));
#6541 = CARTESIAN_POINT('',(49.569014035972,361.5,369.02487707052));
#6542 = CARTESIAN_POINT('',(49.655712524715,361.5,369.89168660433));
#6543 = CARTESIAN_POINT('',(49.700056704362,361.5,370.33503896346));
#6544 = CARTESIAN_POINT('',(49.744400886662,361.5,370.77839160093));
#6545 = CARTESIAN_POINT('',(49.80665331911,361.5,371.40079107607));
#6546 = CARTESIAN_POINT('',(49.824561567036,361.5,371.57983768082));
#6547 = CARTESIAN_POINT('',(49.842469815396,361.5,371.75888433096));
#6548 = CARTESIAN_POINT('',(49.88084464759,361.5,372.14255595491));
#6549 = CARTESIAN_POINT('',(49.901311231559,361.5,372.34718094262));
#6550 = CARTESIAN_POINT('',(49.921777816092,361.5,372.55180598962));
#6551 = CARTESIAN_POINT('',(49.94224440119,361.5,372.75643109591));
#6552 = PCURVE('',#1312,#6553);
#6553 = DEFINITIONAL_REPRESENTATION('',(#6554),#6659);
#6554 = B_SPLINE_CURVE_WITH_KNOTS('',4,(#6555,#6556,#6557,#6558,#6559,
    #6560,#6561,#6562,#6563,#6564,#6565,#6566,#6567,#6568,#6569,#6570,
    #6571,#6572,#6573,#6574,#6575,#6576,#6577,#6578,#6579,#6580,#6581,
    #6582,#6583,#6584,#6585,#6586,#6587,#6588,#6589,#6590,#6591,#6592,
    #6593,#6594,#6595,#6596,#6597,#6598,#6599,#6600,#6601,#6602,#6603,
    #6604,#6605,#6606,#6607,#6608,#6609,#6610,#6611,#6612,#6613,#6614,
    #6615,#6616,#6617,#6618,#6619,#6620,#6621,#6622,#6623,#6624,#6625,
    #6626,#6627,#6628,#6629,#6630,#6631,#6632,#6633,#6634,#6635,#6636,
    #6637,#6638,#6639,#6640,#6641,#6642,#6643,#6644,#6645,#6646,#6647,
    #6648,#6649,#6650,#6651,#6652,#6653,#6654,#6655,#6656,#6657,#6658),
  .UNSPECIFIED.,.F.,.F.,(5,3,3,3,3,3,3,3,3,3,3,3,3,3,3,3,3,3,3,3,3,3,3,3
    ,3,3,3,3,3,3,3,3,3,3,5),(0.,4.239804294955E-02,8.479625893923E-02,
    0.127194648009,0.1695932102,0.212191939994,0.247091029667,
    0.29149004118,0.33558924745,0.3604888821,0.385288577634,
    0.410088332474,0.434888146625,0.463088007371,0.491287944827,
    0.519487959001,0.547688049903,0.589388324961,0.631088767848,
    0.672789378594,0.714390155159,0.743190790675,0.771991506295,
    0.79729220105,0.822492954523,0.847793772702,0.872994649125,
    0.900195663965,0.927296746175,0.941097324538,0.955997969668,
    0.970898636256,0.986499357156,0.992799654957,1.),.UNSPECIFIED.);
#6555 = CARTESIAN_POINT('',(130.93369998711,0.539915204503));
#6556 = CARTESIAN_POINT('',(129.58635561012,0.539909724877));
#6557 = CARTESIAN_POINT('',(128.23901306568,0.539904244998));
#6558 = CARTESIAN_POINT('',(126.89167235402,0.539898764868));
#6559 = CARTESIAN_POINT('',(124.19698909769,0.539887804085));
#6560 = CARTESIAN_POINT('',(122.84964655305,0.539882323433));
#6561 = CARTESIAN_POINT('',(121.50230584159,0.539876842533));
#6562 = CARTESIAN_POINT('',(118.80762258528,0.539865880216));
#6563 = CARTESIAN_POINT('',(117.46028004043,0.539860398801));
#6564 = CARTESIAN_POINT('',(116.11293932918,0.539854917141));
#6565 = CARTESIAN_POINT('',(113.41825607287,0.539843953312));
#6566 = CARTESIAN_POINT('',(112.07091352782,0.539838471143));
#6567 = CARTESIAN_POINT('',(110.72357281678,0.539832988733));
#6568 = CARTESIAN_POINT('',(108.02253414942,0.539821997551));
#6569 = CARTESIAN_POINT('',(106.66883621045,0.539816488775));
#6570 = CARTESIAN_POINT('',(105.31514012326,0.53981097976));
#6571 = CARTESIAN_POINT('',(102.85242933439,0.53980095704));
#6572 = CARTESIAN_POINT('',(101.74341402375,0.539796443413));
#6573 = CARTESIAN_POINT('',(100.6343999562,0.539791929628));
#6574 = CARTESIAN_POINT('',(98.114488635108,0.539781672995));
#6575 = CARTESIAN_POINT('',(96.703592150503,0.53977593005));
#6576 = CARTESIAN_POINT('',(95.292697678251,0.539770186851));
#6577 = CARTESIAN_POINT('',(92.480439839376,0.539758738733));
#6578 = CARTESIAN_POINT('',(91.079076445668,0.539753033816));
#6579 = CARTESIAN_POINT('',(89.67771503764,0.539747328654));
#6580 = CARTESIAN_POINT('',(87.485109228629,0.539738401815));
#6581 = CARTESIAN_POINT('',(86.693863474871,0.539735180306));
#6582 = CARTESIAN_POINT('',(85.902618354259,0.539731958719));
#6583 = CARTESIAN_POINT('',(84.32330517998,0.539725528321));
#6584 = CARTESIAN_POINT('',(83.535237121243,0.539722319511));
#6585 = CARTESIAN_POINT('',(82.747169690648,0.539719110625));
#6586 = CARTESIAN_POINT('',(81.171034201277,0.539712692692));
#6587 = CARTESIAN_POINT('',(80.382966142501,0.539709483646));
#6588 = CARTESIAN_POINT('',(79.594898711945,0.539706274524));
#6589 = CARTESIAN_POINT('',(78.018763222573,0.539699856123));
#6590 = CARTESIAN_POINT('',(77.230695163763,0.539696646843));
#6591 = CARTESIAN_POINT('',(76.442627733241,0.539693437488));
#6592 = CARTESIAN_POINT('',(74.758450422078,0.539686578618));
#6593 = CARTESIAN_POINT('',(73.862340725532,0.53968292908));
#6594 = CARTESIAN_POINT('',(72.966231841456,0.539679279446));
#6595 = CARTESIAN_POINT('',(71.174013260779,0.539671979978));
#6596 = CARTESIAN_POINT('',(70.277903564179,0.539668330144));
#6597 = CARTESIAN_POINT('',(69.381794680158,0.539664680215));
#6598 = CARTESIAN_POINT('',(67.58957609948,0.539657380157));
#6599 = CARTESIAN_POINT('',(66.693466402831,0.539653730029));
#6600 = CARTESIAN_POINT('',(65.79735751886,0.539650079807));
#6601 = CARTESIAN_POINT('',(64.005138938185,0.539642779167));
#6602 = CARTESIAN_POINT('',(63.109029241484,0.539639128748));
#6603 = CARTESIAN_POINT('',(62.212920357564,0.539635478236));
#6604 = CARTESIAN_POINT('',(59.99171183996,0.53962642938));
#6605 = CARTESIAN_POINT('',(58.666613170809,0.539621030926));
#6606 = CARTESIAN_POINT('',(57.341516279173,0.539615632272));
#6607 = CARTESIAN_POINT('',(54.691320718214,0.539604834544));
#6608 = CARTESIAN_POINT('',(53.366222048906,0.539599435471));
#6609 = CARTESIAN_POINT('',(52.041125157431,0.5395940362));
#6610 = CARTESIAN_POINT('',(49.390929596479,0.539583237246));
#6611 = CARTESIAN_POINT('',(48.065830927016,0.539577837563));
#6612 = CARTESIAN_POINT('',(46.740734035698,0.539572437686));
#6613 = CARTESIAN_POINT('',(44.093716180051,0.539561650475));
#6614 = CARTESIAN_POINT('',(42.771795207217,0.539556263143));
#6615 = CARTESIAN_POINT('',(41.449876004312,0.53955087562));
#6616 = CARTESIAN_POINT('',(39.212781853459,0.539541757944));
#6617 = CARTESIAN_POINT('',(38.297605983822,0.539538027888));
#6618 = CARTESIAN_POINT('',(37.382430962615,0.539534297743));
#6619 = CARTESIAN_POINT('',(35.552080071718,0.539526837263));
#6620 = CARTESIAN_POINT('',(34.636904202034,0.53952310693));
#6621 = CARTESIAN_POINT('',(33.721729180875,0.539519376507));
#6622 = CARTESIAN_POINT('',(32.002597818729,0.539512368838));
#6623 = CARTESIAN_POINT('',(31.198641284027,0.539509091612));
#6624 = CARTESIAN_POINT('',(30.394685404214,0.539505814319));
#6625 = CARTESIAN_POINT('',(28.789950689933,0.539499272543));
#6626 = CARTESIAN_POINT('',(27.989171850302,0.539496008062));
#6627 = CARTESIAN_POINT('',(27.188393660455,0.539492743514));
#6628 = CARTESIAN_POINT('',(25.583658930674,0.539486201324));
#6629 = CARTESIAN_POINT('',(24.779702395909,0.539482923681));
#6630 = CARTESIAN_POINT('',(23.975746516159,0.539479645973));
#6631 = CARTESIAN_POINT('',(22.371011801881,0.539473103372));
#6632 = CARTESIAN_POINT('',(21.570232962189,0.53946983848));
#6633 = CARTESIAN_POINT('',(20.769454772404,0.539466573523));
#6634 = CARTESIAN_POINT('',(19.104343731624,0.539459784343));
#6635 = CARTESIAN_POINT('',(18.24001098789,0.539456260109));
#6636 = CARTESIAN_POINT('',(17.375679001391,0.539452735801));
#6637 = CARTESIAN_POINT('',(15.650191971973,0.539445699984));
#6638 = CARTESIAN_POINT('',(14.7890369235,0.539442188476));
#6639 = CARTESIAN_POINT('',(13.927882626778,0.539438676895));
#6640 = CARTESIAN_POINT('',(12.628207221831,0.539433377016));
#6641 = CARTESIAN_POINT('',(12.189685556767,0.539431588771));
#6642 = CARTESIAN_POINT('',(11.751164086653,0.539429800508));
#6643 = CARTESIAN_POINT('',(10.839166285284,0.539426081396));
#6644 = CARTESIAN_POINT('',(10.365689986349,0.539424150545));
#6645 = CARTESIAN_POINT('',(9.892213914693,0.539422219673));
#6646 = CARTESIAN_POINT('',(8.945261544095,0.539418357881));
#6647 = CARTESIAN_POINT('',(8.471785245152,0.539416426963));
#6648 = CARTESIAN_POINT('',(7.998309173503,0.539414496022));
#6649 = CARTESIAN_POINT('',(7.029112922485,0.539410543379));
#6650 = CARTESIAN_POINT('',(6.533392764976,0.539408521674));
#6651 = CARTESIAN_POINT('',(6.03767285663,0.539406499946));
#6652 = CARTESIAN_POINT('',(5.341758507816,0.539403661716));
#6653 = CARTESIAN_POINT('',(5.141563858816,0.539402845235));
#6654 = CARTESIAN_POINT('',(4.941369250454,0.53940202875));
#6655 = CARTESIAN_POINT('',(4.512380741757,0.53940027913));
#6656 = CARTESIAN_POINT('',(4.283586853863,0.539399345994));
#6657 = CARTESIAN_POINT('',(4.054793019048,0.539398412853));
#6658 = CARTESIAN_POINT('',(3.825999237313,0.539397479707));
#6659 = ( GEOMETRIC_REPRESENTATION_CONTEXT(2) 
PARAMETRIC_REPRESENTATION_CONTEXT() REPRESENTATION_CONTEXT('2D SPACE',''
  ) );
#6660 = PCURVE('',#4332,#6661);
#6661 = DEFINITIONAL_REPRESENTATION('',(#6662),#6767);
#6662 = B_SPLINE_CURVE_WITH_KNOTS('',4,(#6663,#6664,#6665,#6666,#6667,
    #6668,#6669,#6670,#6671,#6672,#6673,#6674,#6675,#6676,#6677,#6678,
    #6679,#6680,#6681,#6682,#6683,#6684,#6685,#6686,#6687,#6688,#6689,
    #6690,#6691,#6692,#6693,#6694,#6695,#6696,#6697,#6698,#6699,#6700,
    #6701,#6702,#6703,#6704,#6705,#6706,#6707,#6708,#6709,#6710,#6711,
    #6712,#6713,#6714,#6715,#6716,#6717,#6718,#6719,#6720,#6721,#6722,
    #6723,#6724,#6725,#6726,#6727,#6728,#6729,#6730,#6731,#6732,#6733,
    #6734,#6735,#6736,#6737,#6738,#6739,#6740,#6741,#6742,#6743,#6744,
    #6745,#6746,#6747,#6748,#6749,#6750,#6751,#6752,#6753,#6754,#6755,
    #6756,#6757,#6758,#6759,#6760,#6761,#6762,#6763,#6764,#6765,#6766),
  .UNSPECIFIED.,.F.,.F.,(5,3,3,3,3,3,3,3,3,3,3,3,3,3,3,3,3,3,3,3,3,3,3,3
    ,3,3,3,3,3,3,3,3,3,3,5),(0.,4.239804294955E-02,8.479625893923E-02,
    0.127194648009,0.1695932102,0.212191939994,0.247091029667,
    0.29149004118,0.33558924745,0.3604888821,0.385288577634,
    0.410088332474,0.434888146625,0.463088007371,0.491287944827,
    0.519487959001,0.547688049903,0.589388324961,0.631088767848,
    0.672789378594,0.714390155159,0.743190790675,0.771991506295,
    0.79729220105,0.822492954523,0.847793772702,0.872994649125,
    0.900195663965,0.927296746175,0.941097324538,0.955997969668,
    0.970898636256,0.986499357156,0.992799654957,1.),.UNSPECIFIED.);
#6663 = CARTESIAN_POINT('',(148.69585963033,-0.675783941936));
#6664 = CARTESIAN_POINT('',(147.82922302182,0.169734371848));
#6665 = CARTESIAN_POINT('',(146.96258482472,1.015253977584));
#6666 = CARTESIAN_POINT('',(146.09594503888,1.860774875412));
#6667 = CARTESIAN_POINT('',(144.36265875234,3.551822706398));
#6668 = CARTESIAN_POINT('',(143.49601225162,4.397349639567));
#6669 = CARTESIAN_POINT('',(142.62936416182,5.242877865123));
#6670 = CARTESIAN_POINT('',(140.89606126582,6.933940352974));
#6671 = CARTESIAN_POINT('',(140.02940645962,7.779474615279));
#6672 = CARTESIAN_POINT('',(139.16275006399,8.625010170263));
#6673 = CARTESIAN_POINT('',(137.42943055486,10.316087318351));
#6674 = CARTESIAN_POINT('',(136.56276744134,11.161628911465));
#6675 = CARTESIAN_POINT('',(135.69610273806,12.007171797546));
#6676 = CARTESIAN_POINT('',(133.95867853852,13.702252049599));
#6677 = CARTESIAN_POINT('',(133.0879190272,14.551789427811));
#6678 = CARTESIAN_POINT('',(132.21715791077,15.401328111499));
#6679 = CARTESIAN_POINT('',(130.63302118812,16.946855338225));
#6680 = CARTESIAN_POINT('',(129.91964610977,17.642843451938));
#6681 = CARTESIAN_POINT('',(129.20626995391,18.338832442022));
#6682 = CARTESIAN_POINT('',(127.58532623957,19.920268387127));
#6683 = CARTESIAN_POINT('',(126.67775801457,20.805715884247));
#6684 = CARTESIAN_POINT('',(125.77018804531,21.691164800054));
#6685 = CARTESIAN_POINT('',(123.96117301468,23.456086447642));
#6686 = CARTESIAN_POINT('',(123.05972797678,24.335559160325));
#6687 = CARTESIAN_POINT('',(122.15828121776,25.21503327289));
#6688 = CARTESIAN_POINT('',(120.74784992996,26.591085046124));
#6689 = CARTESIAN_POINT('',(120.23886657372,27.087661753104));
#6690 = CARTESIAN_POINT('',(119.72988266869,27.584238906443));
#6691 = CARTESIAN_POINT('',(118.7139566607,28.575401003306));
#6692 = CARTESIAN_POINT('',(118.20701456215,29.069985943252));
#6693 = CARTESIAN_POINT('',(117.70007191914,29.564571326031));
#6694 = CARTESIAN_POINT('',(116.68618433192,30.55374416003));
#6695 = CARTESIAN_POINT('',(116.17923938769,31.048331611252));
#6696 = CARTESIAN_POINT('',(115.67229389896,31.542919505356));
#6697 = CARTESIAN_POINT('',(114.65840062001,32.532097362252));
#6698 = CARTESIAN_POINT('',(114.15145282979,33.026687325043));
#6699 = CARTESIAN_POINT('',(113.644504495,33.52127773077));
#6700 = CARTESIAN_POINT('',(112.56110420687,34.578267675455));
#6701 = CARTESIAN_POINT('',(111.98465209397,35.140667344199));
#6702 = CARTESIAN_POINT('',(111.40819927687,35.703067585721));
#6703 = CARTESIAN_POINT('',(110.25529066616,36.827870744216));
#6704 = CARTESIAN_POINT('',(109.67883487254,37.390273661194));
#6705 = CARTESIAN_POINT('',(109.10237837464,37.952677151019));
#6706 = CARTESIAN_POINT('',(107.94946240194,39.077486806472));
#6707 = CARTESIAN_POINT('',(107.37300292715,39.6398929721));
#6708 = CARTESIAN_POINT('',(106.79654274799,40.20229971065));
#6709 = CARTESIAN_POINT('',(105.6436194124,41.327115863892));
#6710 = CARTESIAN_POINT('',(105.06715625597,41.889525278587));
#6711 = CARTESIAN_POINT('',(104.4906923951,42.451935266273));
#6712 = CARTESIAN_POINT('',(103.06179331031,43.845998290746));
#6713 = CARTESIAN_POINT('',(102.20935725042,44.677652007503));
#6714 = CARTESIAN_POINT('',(101.35691964998,45.509306977363));
#6715 = CARTESIAN_POINT('',(99.65203793696,47.172622770608));
#6716 = CARTESIAN_POINT('',(98.799593824372,48.004283594003));
#6717 = CARTESIAN_POINT('',(97.947148170963,48.835945670721));
#6718 = CARTESIAN_POINT('',(96.242250350872,50.499275678734));
#6719 = CARTESIAN_POINT('',(95.389798184178,51.33094361004));
#6720 = CARTESIAN_POINT('',(94.537344476413,52.162612794882));
#6721 = CARTESIAN_POINT('',(92.834474816018,53.82396259462));
#6722 = CARTESIAN_POINT('',(91.984058870758,54.653643203522));
#6723 = CARTESIAN_POINT('',(91.133641391567,55.483325060161));
#6724 = CARTESIAN_POINT('',(89.694468752622,56.887406112413));
#6725 = CARTESIAN_POINT('',(89.105714391653,57.461804658268));
#6726 = CARTESIAN_POINT('',(88.516959295391,58.036203802234));
#6727 = CARTESIAN_POINT('',(87.339445994662,59.185004884067));
#6728 = CARTESIAN_POINT('',(86.75068779019,59.759406821937));
#6729 = CARTESIAN_POINT('',(86.161928850347,60.333809357984));
#6730 = CARTESIAN_POINT('',(85.055958803543,61.412811008372));
#6731 = CARTESIAN_POINT('',(84.538747864462,61.917409986153));
#6732 = CARTESIAN_POINT('',(84.021536357831,62.422009425602));
#6733 = CARTESIAN_POINT('',(82.989155269403,63.429215987739));
#6734 = CARTESIAN_POINT('',(82.473985692081,63.931823106788));
#6735 = CARTESIAN_POINT('',(81.958815551636,64.434430683906));
#6736 = CARTESIAN_POINT('',(80.926428554633,65.441642461514));
#6737 = CARTESIAN_POINT('',(80.409211693595,65.94624666565));
#6738 = CARTESIAN_POINT('',(79.891994264905,66.45085133154));
#6739 = CARTESIAN_POINT('',(78.859601355311,67.458068326322));
#6740 = CARTESIAN_POINT('',(78.344425878884,67.960680651571));
#6741 = CARTESIAN_POINT('',(77.829249839235,68.463293434975));
#6742 = CARTESIAN_POINT('',(76.758008193777,69.5084112313));
#6743 = CARTESIAN_POINT('',(76.201942495012,70.050916319837));
#6744 = CARTESIAN_POINT('',(75.64587614002,70.593421942185));
#6745 = CARTESIAN_POINT('',(74.535785028011,71.676441164701));
#6746 = CARTESIAN_POINT('',(73.981760275808,72.216954760954));
#6747 = CARTESIAN_POINT('',(73.427734872133,72.757468887151));
#6748 = CARTESIAN_POINT('',(72.591584290343,73.573227712929));
#6749 = CARTESIAN_POINT('',(72.309459594785,73.848472019968));
#6750 = CARTESIAN_POINT('',(72.027334730283,74.123716464438));
#6751 = CARTESIAN_POINT('',(71.440596013614,74.696145825915));
#6752 = CARTESIAN_POINT('',(71.135982133441,74.993330765707));
#6753 = CARTESIAN_POINT('',(70.831368056307,75.290515865719));
#6754 = CARTESIAN_POINT('',(70.22213906943,75.88488681417));
#6755 = CARTESIAN_POINT('',(69.917524159686,76.18207266261));
#6756 = CARTESIAN_POINT('',(69.612909052973,76.479258671278));
#6757 = CARTESIAN_POINT('',(68.989367189415,77.087593234039));
#6758 = CARTESIAN_POINT('',(68.670440413628,77.398741803542));
#6759 = CARTESIAN_POINT('',(68.351513421917,77.70989054869));
#6760 = CARTESIAN_POINT('',(67.903788551794,78.146695897426));
#6761 = CARTESIAN_POINT('',(67.774990854093,78.27235235401));
#6762 = CARTESIAN_POINT('',(67.646193121175,78.398008839242));
#6763 = CARTESIAN_POINT('',(67.370197807696,78.667272891259));
#6764 = CARTESIAN_POINT('',(67.223000216355,78.810880466814));
#6765 = CARTESIAN_POINT('',(67.075802579016,78.954488079787));
#6766 = CARTESIAN_POINT('',(66.928604895679,79.098095730179));
#6767 = ( GEOMETRIC_REPRESENTATION_CONTEXT(2) 
PARAMETRIC_REPRESENTATION_CONTEXT() REPRESENTATION_CONTEXT('2D SPACE',''
  ) );
#6768 = ORIENTED_EDGE('',*,*,#3885,.F.);
#6769 = ADVANCED_FACE('',(#6770),#1865,.T.);
#6770 = FACE_BOUND('',#6771,.T.);
#6771 = EDGE_LOOP('',(#6772,#6773,#6794,#6795));
#6772 = ORIENTED_EDGE('',*,*,#2203,.F.);
#6773 = ORIENTED_EDGE('',*,*,#6774,.T.);
#6774 = EDGE_CURVE('',#2204,#1850,#6775,.T.);
#6775 = SURFACE_CURVE('',#6776,(#6780,#6787),.PCURVE_S1.);
#6776 = LINE('',#6777,#6778);
#6777 = CARTESIAN_POINT('',(-20.,263.33,383.278));
#6778 = VECTOR('',#6779,1.);
#6779 = DIRECTION('',(1.,0.,-0.));
#6780 = PCURVE('',#1865,#6781);
#6781 = DEFINITIONAL_REPRESENTATION('',(#6782),#6786);
#6782 = LINE('',#6783,#6784);
#6783 = CARTESIAN_POINT('',(0.,0.));
#6784 = VECTOR('',#6785,1.);
#6785 = DIRECTION('',(1.,0.));
#6786 = ( GEOMETRIC_REPRESENTATION_CONTEXT(2) 
PARAMETRIC_REPRESENTATION_CONTEXT() REPRESENTATION_CONTEXT('2D SPACE',''
  ) );
#6787 = PCURVE('',#1893,#6788);
#6788 = DEFINITIONAL_REPRESENTATION('',(#6789),#6793);
#6789 = LINE('',#6790,#6791);
#6790 = CARTESIAN_POINT('',(69.248,0.));
#6791 = VECTOR('',#6792,1.);
#6792 = DIRECTION('',(0.,1.));
#6793 = ( GEOMETRIC_REPRESENTATION_CONTEXT(2) 
PARAMETRIC_REPRESENTATION_CONTEXT() REPRESENTATION_CONTEXT('2D SPACE',''
  ) );
#6794 = ORIENTED_EDGE('',*,*,#1849,.T.);
#6795 = ORIENTED_EDGE('',*,*,#2178,.F.);
#6796 = ADVANCED_FACE('',(#6797),#1893,.F.);
#6797 = FACE_BOUND('',#6798,.F.);
#6798 = EDGE_LOOP('',(#6799,#6820,#6821,#6822));
#6799 = ORIENTED_EDGE('',*,*,#6800,.F.);
#6800 = EDGE_CURVE('',#2227,#1878,#6801,.T.);
#6801 = SURFACE_CURVE('',#6802,(#6806,#6813),.PCURVE_S1.);
#6802 = LINE('',#6803,#6804);
#6803 = CARTESIAN_POINT('',(-20.,263.33,314.03));
#6804 = VECTOR('',#6805,1.);
#6805 = DIRECTION('',(1.,0.,-0.));
#6806 = PCURVE('',#1893,#6807);
#6807 = DEFINITIONAL_REPRESENTATION('',(#6808),#6812);
#6808 = LINE('',#6809,#6810);
#6809 = CARTESIAN_POINT('',(0.,0.));
#6810 = VECTOR('',#6811,1.);
#6811 = DIRECTION('',(0.,1.));
#6812 = ( GEOMETRIC_REPRESENTATION_CONTEXT(2) 
PARAMETRIC_REPRESENTATION_CONTEXT() REPRESENTATION_CONTEXT('2D SPACE',''
  ) );
#6813 = PCURVE('',#1921,#6814);
#6814 = DEFINITIONAL_REPRESENTATION('',(#6815),#6819);
#6815 = LINE('',#6816,#6817);
#6816 = CARTESIAN_POINT('',(0.,0.));
#6817 = VECTOR('',#6818,1.);
#6818 = DIRECTION('',(1.,0.));
#6819 = ( GEOMETRIC_REPRESENTATION_CONTEXT(2) 
PARAMETRIC_REPRESENTATION_CONTEXT() REPRESENTATION_CONTEXT('2D SPACE',''
  ) );
#6820 = ORIENTED_EDGE('',*,*,#2226,.T.);
#6821 = ORIENTED_EDGE('',*,*,#6774,.T.);
#6822 = ORIENTED_EDGE('',*,*,#1877,.F.);
#6823 = ADVANCED_FACE('',(#6824),#1921,.F.);
#6824 = FACE_BOUND('',#6825,.F.);
#6825 = EDGE_LOOP('',(#6826,#6827,#6828,#6829));
#6826 = ORIENTED_EDGE('',*,*,#2249,.F.);
#6827 = ORIENTED_EDGE('',*,*,#6800,.T.);
#6828 = ORIENTED_EDGE('',*,*,#1905,.T.);
#6829 = ORIENTED_EDGE('',*,*,#6830,.T.);
#6830 = EDGE_CURVE('',#1906,#2250,#6831,.T.);
#6831 = SURFACE_CURVE('',#6832,(#6836,#6842),.PCURVE_S1.);
#6832 = LINE('',#6833,#6834);
#6833 = CARTESIAN_POINT('',(-20.5,278.33,314.03));
#6834 = VECTOR('',#6835,1.);
#6835 = DIRECTION('',(-1.,-0.,0.));
#6836 = PCURVE('',#1921,#6837);
#6837 = DEFINITIONAL_REPRESENTATION('',(#6838),#6841);
#6838 = B_SPLINE_CURVE_WITH_KNOTS('',1,(#6839,#6840),.UNSPECIFIED.,.F.,
  .F.,(2,2),(-40.5,-0.5),.PIECEWISE_BEZIER_KNOTS.);
#6839 = CARTESIAN_POINT('',(40.,15.));
#6840 = CARTESIAN_POINT('',(0.,15.));
#6841 = ( GEOMETRIC_REPRESENTATION_CONTEXT(2) 
PARAMETRIC_REPRESENTATION_CONTEXT() REPRESENTATION_CONTEXT('2D SPACE',''
  ) );
#6842 = PCURVE('',#1948,#6843);
#6843 = DEFINITIONAL_REPRESENTATION('',(#6844),#6847);
#6844 = B_SPLINE_CURVE_WITH_KNOTS('',1,(#6845,#6846),.UNSPECIFIED.,.F.,
  .F.,(2,2),(-40.5,-0.5),.PIECEWISE_BEZIER_KNOTS.);
#6845 = CARTESIAN_POINT('',(1.,41.));
#6846 = CARTESIAN_POINT('',(1.,1.));
#6847 = ( GEOMETRIC_REPRESENTATION_CONTEXT(2) 
PARAMETRIC_REPRESENTATION_CONTEXT() REPRESENTATION_CONTEXT('2D SPACE',''
  ) );
#6848 = ADVANCED_FACE('',(#6849),#2055,.T.);
#6849 = FACE_BOUND('',#6850,.T.);
#6850 = EDGE_LOOP('',(#6851,#6852,#6873,#6874));
#6851 = ORIENTED_EDGE('',*,*,#2039,.F.);
#6852 = ORIENTED_EDGE('',*,*,#6853,.F.);
#6853 = EDGE_CURVE('',#2336,#2012,#6854,.T.);
#6854 = SURFACE_CURVE('',#6855,(#6859,#6866),.PCURVE_S1.);
#6855 = LINE('',#6856,#6857);
#6856 = CARTESIAN_POINT('',(-20.,331.33,314.03));
#6857 = VECTOR('',#6858,1.);
#6858 = DIRECTION('',(1.,0.,-0.));
#6859 = PCURVE('',#2055,#6860);
#6860 = DEFINITIONAL_REPRESENTATION('',(#6861),#6865);
#6861 = LINE('',#6862,#6863);
#6862 = CARTESIAN_POINT('',(0.,0.));
#6863 = VECTOR('',#6864,1.);
#6864 = DIRECTION('',(0.,1.));
#6865 = ( GEOMETRIC_REPRESENTATION_CONTEXT(2) 
PARAMETRIC_REPRESENTATION_CONTEXT() REPRESENTATION_CONTEXT('2D SPACE',''
  ) );
#6866 = PCURVE('',#2027,#6867);
#6867 = DEFINITIONAL_REPRESENTATION('',(#6868),#6872);
#6868 = LINE('',#6869,#6870);
#6869 = CARTESIAN_POINT('',(0.,68.));
#6870 = VECTOR('',#6871,1.);
#6871 = DIRECTION('',(1.,0.));
#6872 = ( GEOMETRIC_REPRESENTATION_CONTEXT(2) 
PARAMETRIC_REPRESENTATION_CONTEXT() REPRESENTATION_CONTEXT('2D SPACE',''
  ) );
#6873 = ORIENTED_EDGE('',*,*,#2358,.T.);
#6874 = ORIENTED_EDGE('',*,*,#3864,.F.);
#6875 = ADVANCED_FACE('',(#6876),#1948,.T.);
#6876 = FACE_BOUND('',#6877,.T.);
#6877 = EDGE_LOOP('',(#6878,#6899,#6900,#6901));
#6878 = ORIENTED_EDGE('',*,*,#6879,.T.);
#6879 = EDGE_CURVE('',#2273,#1934,#6880,.T.);
#6880 = SURFACE_CURVE('',#6881,(#6885,#6892),.PCURVE_S1.);
#6881 = LINE('',#6882,#6883);
#6882 = CARTESIAN_POINT('',(-21.,278.33,345.03));
#6883 = VECTOR('',#6884,1.);
#6884 = DIRECTION('',(1.,0.,-0.));
#6885 = PCURVE('',#1948,#6886);
#6886 = DEFINITIONAL_REPRESENTATION('',(#6887),#6891);
#6887 = LINE('',#6888,#6889);
#6888 = CARTESIAN_POINT('',(32.,0.));
#6889 = VECTOR('',#6890,1.);
#6890 = DIRECTION('',(0.,1.));
#6891 = ( GEOMETRIC_REPRESENTATION_CONTEXT(2) 
PARAMETRIC_REPRESENTATION_CONTEXT() REPRESENTATION_CONTEXT('2D SPACE',''
  ) );
#6892 = PCURVE('',#1974,#6893);
#6893 = DEFINITIONAL_REPRESENTATION('',(#6894),#6898);
#6894 = LINE('',#6895,#6896);
#6895 = CARTESIAN_POINT('',(0.,0.));
#6896 = VECTOR('',#6897,1.);
#6897 = DIRECTION('',(1.,0.));
#6898 = ( GEOMETRIC_REPRESENTATION_CONTEXT(2) 
PARAMETRIC_REPRESENTATION_CONTEXT() REPRESENTATION_CONTEXT('2D SPACE',''
  ) );
#6899 = ORIENTED_EDGE('',*,*,#1933,.F.);
#6900 = ORIENTED_EDGE('',*,*,#6830,.T.);
#6901 = ORIENTED_EDGE('',*,*,#2272,.T.);
#6902 = ADVANCED_FACE('',(#6903),#2027,.F.);
#6903 = FACE_BOUND('',#6904,.F.);
#6904 = EDGE_LOOP('',(#6905,#6906,#6925,#6926));
#6905 = ORIENTED_EDGE('',*,*,#2335,.F.);
#6906 = ORIENTED_EDGE('',*,*,#6907,.F.);
#6907 = EDGE_CURVE('',#1986,#2315,#6908,.T.);
#6908 = SURFACE_CURVE('',#6909,(#6913,#6919),.PCURVE_S1.);
#6909 = LINE('',#6910,#6911);
#6910 = CARTESIAN_POINT('',(-20.5,308.33,314.03));
#6911 = VECTOR('',#6912,1.);
#6912 = DIRECTION('',(-1.,-0.,0.));
#6913 = PCURVE('',#2027,#6914);
#6914 = DEFINITIONAL_REPRESENTATION('',(#6915),#6918);
#6915 = B_SPLINE_CURVE_WITH_KNOTS('',1,(#6916,#6917),.UNSPECIFIED.,.F.,
  .F.,(2,2),(-40.5,-0.5),.PIECEWISE_BEZIER_KNOTS.);
#6916 = CARTESIAN_POINT('',(40.,45.));
#6917 = CARTESIAN_POINT('',(0.,45.));
#6918 = ( GEOMETRIC_REPRESENTATION_CONTEXT(2) 
PARAMETRIC_REPRESENTATION_CONTEXT() REPRESENTATION_CONTEXT('2D SPACE',''
  ) );
#6919 = PCURVE('',#2000,#6920);
#6920 = DEFINITIONAL_REPRESENTATION('',(#6921),#6924);
#6921 = B_SPLINE_CURVE_WITH_KNOTS('',1,(#6922,#6923),.UNSPECIFIED.,.F.,
  .F.,(2,2),(-40.5,-0.5),.PIECEWISE_BEZIER_KNOTS.);
#6922 = CARTESIAN_POINT('',(1.,41.));
#6923 = CARTESIAN_POINT('',(1.,1.));
#6924 = ( GEOMETRIC_REPRESENTATION_CONTEXT(2) 
PARAMETRIC_REPRESENTATION_CONTEXT() REPRESENTATION_CONTEXT('2D SPACE',''
  ) );
#6925 = ORIENTED_EDGE('',*,*,#2011,.T.);
#6926 = ORIENTED_EDGE('',*,*,#6853,.F.);
#6927 = ADVANCED_FACE('',(#6928),#1974,.F.);
#6928 = FACE_BOUND('',#6929,.F.);
#6929 = EDGE_LOOP('',(#6930,#6951,#6952,#6953));
#6930 = ORIENTED_EDGE('',*,*,#6931,.F.);
#6931 = EDGE_CURVE('',#2294,#1960,#6932,.T.);
#6932 = SURFACE_CURVE('',#6933,(#6937,#6944),.PCURVE_S1.);
#6933 = LINE('',#6934,#6935);
#6934 = CARTESIAN_POINT('',(-21.,308.33,345.03));
#6935 = VECTOR('',#6936,1.);
#6936 = DIRECTION('',(1.,0.,-0.));
#6937 = PCURVE('',#1974,#6938);
#6938 = DEFINITIONAL_REPRESENTATION('',(#6939),#6943);
#6939 = LINE('',#6940,#6941);
#6940 = CARTESIAN_POINT('',(0.,30.));
#6941 = VECTOR('',#6942,1.);
#6942 = DIRECTION('',(1.,0.));
#6943 = ( GEOMETRIC_REPRESENTATION_CONTEXT(2) 
PARAMETRIC_REPRESENTATION_CONTEXT() REPRESENTATION_CONTEXT('2D SPACE',''
  ) );
#6944 = PCURVE('',#2000,#6945);
#6945 = DEFINITIONAL_REPRESENTATION('',(#6946),#6950);
#6946 = LINE('',#6947,#6948);
#6947 = CARTESIAN_POINT('',(32.,0.));
#6948 = VECTOR('',#6949,1.);
#6949 = DIRECTION('',(0.,1.));
#6950 = ( GEOMETRIC_REPRESENTATION_CONTEXT(2) 
PARAMETRIC_REPRESENTATION_CONTEXT() REPRESENTATION_CONTEXT('2D SPACE',''
  ) );
#6951 = ORIENTED_EDGE('',*,*,#2293,.T.);
#6952 = ORIENTED_EDGE('',*,*,#6879,.T.);
#6953 = ORIENTED_EDGE('',*,*,#1959,.F.);
#6954 = ADVANCED_FACE('',(#6955),#2000,.F.);
#6955 = FACE_BOUND('',#6956,.F.);
#6956 = EDGE_LOOP('',(#6957,#6958,#6959,#6960));
#6957 = ORIENTED_EDGE('',*,*,#6931,.T.);
#6958 = ORIENTED_EDGE('',*,*,#1985,.F.);
#6959 = ORIENTED_EDGE('',*,*,#6907,.T.);
#6960 = ORIENTED_EDGE('',*,*,#2314,.T.);
#6961 = ADVANCED_FACE('',(#6962),#2107,.F.);
#6962 = FACE_BOUND('',#6963,.F.);
#6963 = EDGE_LOOP('',(#6964,#6965,#6986,#6987));
#6964 = ORIENTED_EDGE('',*,*,#2090,.F.);
#6965 = ORIENTED_EDGE('',*,*,#6966,.F.);
#6966 = EDGE_CURVE('',#2405,#2091,#6967,.T.);
#6967 = SEAM_CURVE('',#6968,(#6972,#6979),.PCURVE_S1.);
#6968 = LINE('',#6969,#6970);
#6969 = CARTESIAN_POINT('',(-21.,315.83,335.03));
#6970 = VECTOR('',#6971,1.);
#6971 = DIRECTION('',(1.,0.,0.));
#6972 = PCURVE('',#2107,#6973);
#6973 = DEFINITIONAL_REPRESENTATION('',(#6974),#6978);
#6974 = LINE('',#6975,#6976);
#6975 = CARTESIAN_POINT('',(6.28318530718,-0.));
#6976 = VECTOR('',#6977,1.);
#6977 = DIRECTION('',(0.,1.));
#6978 = ( GEOMETRIC_REPRESENTATION_CONTEXT(2) 
PARAMETRIC_REPRESENTATION_CONTEXT() REPRESENTATION_CONTEXT('2D SPACE',''
  ) );
#6979 = PCURVE('',#2107,#6980);
#6980 = DEFINITIONAL_REPRESENTATION('',(#6981),#6985);
#6981 = LINE('',#6982,#6983);
#6982 = CARTESIAN_POINT('',(0.,-0.));
#6983 = VECTOR('',#6984,1.);
#6984 = DIRECTION('',(0.,1.));
#6985 = ( GEOMETRIC_REPRESENTATION_CONTEXT(2) 
PARAMETRIC_REPRESENTATION_CONTEXT() REPRESENTATION_CONTEXT('2D SPACE',''
  ) );
#6986 = ORIENTED_EDGE('',*,*,#2404,.T.);
#6987 = ORIENTED_EDGE('',*,*,#6966,.T.);
#6988 = ADVANCED_FACE('',(#6989),#2138,.F.);
#6989 = FACE_BOUND('',#6990,.F.);
#6990 = EDGE_LOOP('',(#6991,#6992,#7013,#7014));
#6991 = ORIENTED_EDGE('',*,*,#2121,.F.);
#6992 = ORIENTED_EDGE('',*,*,#6993,.F.);
#6993 = EDGE_CURVE('',#2431,#2122,#6994,.T.);
#6994 = SEAM_CURVE('',#6995,(#6999,#7006),.PCURVE_S1.);
#6995 = LINE('',#6996,#6997);
#6996 = CARTESIAN_POINT('',(-21.,270.83,335.03));
#6997 = VECTOR('',#6998,1.);
#6998 = DIRECTION('',(1.,0.,0.));
#6999 = PCURVE('',#2138,#7000);
#7000 = DEFINITIONAL_REPRESENTATION('',(#7001),#7005);
#7001 = LINE('',#7002,#7003);
#7002 = CARTESIAN_POINT('',(6.28318530718,-0.));
#7003 = VECTOR('',#7004,1.);
#7004 = DIRECTION('',(0.,1.));
#7005 = ( GEOMETRIC_REPRESENTATION_CONTEXT(2) 
PARAMETRIC_REPRESENTATION_CONTEXT() REPRESENTATION_CONTEXT('2D SPACE',''
  ) );
#7006 = PCURVE('',#2138,#7007);
#7007 = DEFINITIONAL_REPRESENTATION('',(#7008),#7012);
#7008 = LINE('',#7009,#7010);
#7009 = CARTESIAN_POINT('',(0.,-0.));
#7010 = VECTOR('',#7011,1.);
#7011 = DIRECTION('',(0.,1.));
#7012 = ( GEOMETRIC_REPRESENTATION_CONTEXT(2) 
PARAMETRIC_REPRESENTATION_CONTEXT() REPRESENTATION_CONTEXT('2D SPACE',''
  ) );
#7013 = ORIENTED_EDGE('',*,*,#2430,.T.);
#7014 = ORIENTED_EDGE('',*,*,#6993,.T.);
#7015 = ADVANCED_FACE('',(#7016),#2472,.T.);
#7016 = FACE_BOUND('',#7017,.T.);
#7017 = EDGE_LOOP('',(#7018,#7019,#7020,#7021));
#7018 = ORIENTED_EDGE('',*,*,#3348,.F.);
#7019 = ORIENTED_EDGE('',*,*,#2460,.F.);
#7020 = ORIENTED_EDGE('',*,*,#2486,.T.);
#7021 = ORIENTED_EDGE('',*,*,#7022,.F.);
#7022 = EDGE_CURVE('',#3349,#2487,#7023,.T.);
#7023 = SURFACE_CURVE('',#7024,(#7028,#7035),.PCURVE_S1.);
#7024 = LINE('',#7025,#7026);
#7025 = CARTESIAN_POINT('',(41.628940450157,367.5,256.34045787774));
#7026 = VECTOR('',#7027,1.);
#7027 = DIRECTION('',(-1.,0.,0.));
#7028 = PCURVE('',#2472,#7029);
#7029 = DEFINITIONAL_REPRESENTATION('',(#7030),#7034);
#7030 = LINE('',#7031,#7032);
#7031 = CARTESIAN_POINT('',(0.,0.));
#7032 = VECTOR('',#7033,1.);
#7033 = DIRECTION('',(1.,0.));
#7034 = ( GEOMETRIC_REPRESENTATION_CONTEXT(2) 
PARAMETRIC_REPRESENTATION_CONTEXT() REPRESENTATION_CONTEXT('2D SPACE',''
  ) );
#7035 = PCURVE('',#2548,#7036);
#7036 = DEFINITIONAL_REPRESENTATION('',(#7037),#7041);
#7037 = LINE('',#7038,#7039);
#7038 = CARTESIAN_POINT('',(152.74982077366,0.));
#7039 = VECTOR('',#7040,1.);
#7040 = DIRECTION('',(-0.623620246609,-0.781727438446));
#7041 = ( GEOMETRIC_REPRESENTATION_CONTEXT(2) 
PARAMETRIC_REPRESENTATION_CONTEXT() REPRESENTATION_CONTEXT('2D SPACE',''
  ) );
#7042 = ADVANCED_FACE('',(#7043),#2548,.F.);
#7043 = FACE_BOUND('',#7044,.F.);
#7044 = EDGE_LOOP('',(#7045,#7046,#7047,#7048,#7049,#7050,#7070,#7095));
#7045 = ORIENTED_EDGE('',*,*,#2856,.T.);
#7046 = ORIENTED_EDGE('',*,*,#2534,.F.);
#7047 = ORIENTED_EDGE('',*,*,#7022,.F.);
#7048 = ORIENTED_EDGE('',*,*,#3368,.F.);
#7049 = ORIENTED_EDGE('',*,*,#3134,.F.);
#7050 = ORIENTED_EDGE('',*,*,#7051,.F.);
#7051 = EDGE_CURVE('',#7052,#3135,#7054,.T.);
#7052 = VERTEX_POINT('',#7053);
#7053 = CARTESIAN_POINT('',(41.486835560959,367.5,256.85362231678));
#7054 = SURFACE_CURVE('',#7055,(#7058,#7064),.PCURVE_S1.);
#7055 = B_SPLINE_CURVE_WITH_KNOTS('',1,(#7056,#7057),.UNSPECIFIED.,.F.,
  .F.,(2,2),(0.,1.),.PIECEWISE_BEZIER_KNOTS.);
#7056 = CARTESIAN_POINT('',(41.486835560959,367.5,256.85362231678));
#7057 = CARTESIAN_POINT('',(53.486835560959,367.5,375.6636605351));
#7058 = PCURVE('',#2548,#7059);
#7059 = DEFINITIONAL_REPRESENTATION('',(#7060),#7063);
#7060 = B_SPLINE_CURVE_WITH_KNOTS('',1,(#7061,#7062),.UNSPECIFIED.,.F.,
  .F.,(2,2),(0.,1.),.PIECEWISE_BEZIER_KNOTS.);
#7061 = CARTESIAN_POINT('',(152.26004656518,0.208932443002));
#7062 = CARTESIAN_POINT('',(66.866422686387,83.68200703766));
#7063 = ( GEOMETRIC_REPRESENTATION_CONTEXT(2) 
PARAMETRIC_REPRESENTATION_CONTEXT() REPRESENTATION_CONTEXT('2D SPACE',''
  ) );
#7064 = PCURVE('',#2968,#7065);
#7065 = DEFINITIONAL_REPRESENTATION('',(#7066),#7069);
#7066 = B_SPLINE_CURVE_WITH_KNOTS('',1,(#7067,#7068),.UNSPECIFIED.,.F.,
  .F.,(2,2),(0.,1.),.PIECEWISE_BEZIER_KNOTS.);
#7067 = CARTESIAN_POINT('',(134.14879545117,0.585527406507));
#7068 = CARTESIAN_POINT('',(0.,0.585527406507));
#7069 = ( GEOMETRIC_REPRESENTATION_CONTEXT(2) 
PARAMETRIC_REPRESENTATION_CONTEXT() REPRESENTATION_CONTEXT('2D SPACE',''
  ) );
#7070 = ORIENTED_EDGE('',*,*,#7071,.F.);
#7071 = EDGE_CURVE('',#7072,#7052,#7074,.T.);
#7072 = VERTEX_POINT('',#7073);
#7073 = CARTESIAN_POINT('',(-41.48683556095,367.5,256.85362231678));
#7074 = SURFACE_CURVE('',#7075,(#7078,#7084),.PCURVE_S1.);
#7075 = B_SPLINE_CURVE_WITH_KNOTS('',1,(#7076,#7077),.UNSPECIFIED.,.F.,
  .F.,(2,2),(0.,1.),.PIECEWISE_BEZIER_KNOTS.);
#7076 = CARTESIAN_POINT('',(-41.48683556095,367.5,256.85362231678));
#7077 = CARTESIAN_POINT('',(41.486835560959,367.5,256.85362231678));
#7078 = PCURVE('',#2548,#7079);
#7079 = DEFINITIONAL_REPRESENTATION('',(#7080),#7083);
#7080 = B_SPLINE_CURVE_WITH_KNOTS('',1,(#7081,#7082),.UNSPECIFIED.,.F.,
  .F.,(2,2),(0.,1.),.PIECEWISE_BEZIER_KNOTS.);
#7081 = CARTESIAN_POINT('',(100.5159853181,-64.65386294161));
#7082 = CARTESIAN_POINT('',(152.26004656518,0.208932443002));
#7083 = ( GEOMETRIC_REPRESENTATION_CONTEXT(2) 
PARAMETRIC_REPRESENTATION_CONTEXT() REPRESENTATION_CONTEXT('2D SPACE',''
  ) );
#7084 = PCURVE('',#7085,#7090);
#7085 = B_SPLINE_SURFACE_WITH_KNOTS('',1,1,(
    (#7086,#7087)
    ,(#7088,#7089
    )),.UNSPECIFIED.,.F.,.F.,.F.,(2,2),(2,2),(0.,90.),(0.,1.),
  .PIECEWISE_BEZIER_KNOTS.);
#7086 = CARTESIAN_POINT('',(45.,293.333,244.167));
#7087 = CARTESIAN_POINT('',(39.,420.,265.834));
#7088 = CARTESIAN_POINT('',(-45.,293.333,244.167));
#7089 = CARTESIAN_POINT('',(-39.,420.,265.834));
#7090 = DEFINITIONAL_REPRESENTATION('',(#7091),#7094);
#7091 = B_SPLINE_CURVE_WITH_KNOTS('',1,(#7092,#7093),.UNSPECIFIED.,.F.,
  .F.,(2,2),(0.,1.),.PIECEWISE_BEZIER_KNOTS.);
#7092 = CARTESIAN_POINT('',(90.,0.585527406507));
#7093 = CARTESIAN_POINT('',(0.,0.585527406507));
#7094 = ( GEOMETRIC_REPRESENTATION_CONTEXT(2) 
PARAMETRIC_REPRESENTATION_CONTEXT() REPRESENTATION_CONTEXT('2D SPACE',''
  ) );
#7095 = ORIENTED_EDGE('',*,*,#7096,.F.);
#7096 = EDGE_CURVE('',#2664,#7072,#7097,.T.);
#7097 = SURFACE_CURVE('',#7098,(#7101,#7107),.PCURVE_S1.);
#7098 = B_SPLINE_CURVE_WITH_KNOTS('',1,(#7099,#7100),.UNSPECIFIED.,.F.,
  .F.,(2,2),(0.,1.),.PIECEWISE_BEZIER_KNOTS.);
#7099 = CARTESIAN_POINT('',(-53.48683556095,367.5,375.6636605351));
#7100 = CARTESIAN_POINT('',(-41.48683556095,367.5,256.85362231678));
#7101 = PCURVE('',#2548,#7102);
#7102 = DEFINITIONAL_REPRESENTATION('',(#7103),#7106);
#7103 = B_SPLINE_CURVE_WITH_KNOTS('',1,(#7104,#7105),.UNSPECIFIED.,.F.,
  .F.,(2,2),(0.,1.),.PIECEWISE_BEZIER_KNOTS.);
#7104 = CARTESIAN_POINT('',(0.155475520693,5.7753130338E-02));
#7105 = CARTESIAN_POINT('',(100.5159853181,-64.65386294161));
#7106 = ( GEOMETRIC_REPRESENTATION_CONTEXT(2) 
PARAMETRIC_REPRESENTATION_CONTEXT() REPRESENTATION_CONTEXT('2D SPACE',''
  ) );
#7107 = PCURVE('',#2789,#7108);
#7108 = DEFINITIONAL_REPRESENTATION('',(#7109),#7112);
#7109 = B_SPLINE_CURVE_WITH_KNOTS('',1,(#7110,#7111),.UNSPECIFIED.,.F.,
  .F.,(2,2),(0.,1.),.PIECEWISE_BEZIER_KNOTS.);
#7110 = CARTESIAN_POINT('',(134.14879545117,0.585527406507));
#7111 = CARTESIAN_POINT('',(0.,0.585527406507));
#7112 = ( GEOMETRIC_REPRESENTATION_CONTEXT(2) 
PARAMETRIC_REPRESENTATION_CONTEXT() REPRESENTATION_CONTEXT('2D SPACE',''
  ) );
#7113 = ADVANCED_FACE('',(#7114),#2789,.T.);
#7114 = FACE_BOUND('',#7115,.T.);
#7115 = EDGE_LOOP('',(#7116,#7138,#7139,#7140,#7141,#7163));
#7116 = ORIENTED_EDGE('',*,*,#7117,.F.);
#7117 = EDGE_CURVE('',#7072,#7118,#7120,.T.);
#7118 = VERTEX_POINT('',#7119);
#7119 = CARTESIAN_POINT('',(-39.,420.,265.834));
#7120 = SURFACE_CURVE('',#7121,(#7124,#7131),.PCURVE_S1.);
#7121 = B_SPLINE_CURVE_WITH_KNOTS('',1,(#7122,#7123),.UNSPECIFIED.,.F.,
  .F.,(2,2),(0.,1.),.PIECEWISE_BEZIER_KNOTS.);
#7122 = CARTESIAN_POINT('',(-45.,293.333,244.167));
#7123 = CARTESIAN_POINT('',(-39.,420.,265.834));
#7124 = PCURVE('',#2789,#7125);
#7125 = DEFINITIONAL_REPRESENTATION('',(#7126),#7130);
#7126 = LINE('',#7127,#7128);
#7127 = CARTESIAN_POINT('',(0.,0.));
#7128 = VECTOR('',#7129,1.);
#7129 = DIRECTION('',(0.,1.));
#7130 = ( GEOMETRIC_REPRESENTATION_CONTEXT(2) 
PARAMETRIC_REPRESENTATION_CONTEXT() REPRESENTATION_CONTEXT('2D SPACE',''
  ) );
#7131 = PCURVE('',#7085,#7132);
#7132 = DEFINITIONAL_REPRESENTATION('',(#7133),#7137);
#7133 = LINE('',#7134,#7135);
#7134 = CARTESIAN_POINT('',(90.,0.));
#7135 = VECTOR('',#7136,1.);
#7136 = DIRECTION('',(0.,1.));
#7137 = ( GEOMETRIC_REPRESENTATION_CONTEXT(2) 
PARAMETRIC_REPRESENTATION_CONTEXT() REPRESENTATION_CONTEXT('2D SPACE',''
  ) );
#7138 = ORIENTED_EDGE('',*,*,#7096,.F.);
#7139 = ORIENTED_EDGE('',*,*,#2663,.T.);
#7140 = ORIENTED_EDGE('',*,*,#2909,.F.);
#7141 = ORIENTED_EDGE('',*,*,#7142,.T.);
#7142 = EDGE_CURVE('',#2910,#7143,#7145,.T.);
#7143 = VERTEX_POINT('',#7144);
#7144 = CARTESIAN_POINT('',(-51.,420.,374.167));
#7145 = SURFACE_CURVE('',#7146,(#7149,#7156),.PCURVE_S1.);
#7146 = B_SPLINE_CURVE_WITH_KNOTS('',1,(#7147,#7148),.UNSPECIFIED.,.F.,
  .F.,(2,2),(0.,1.),.PIECEWISE_BEZIER_KNOTS.);
#7147 = CARTESIAN_POINT('',(-57.,293.333,377.778));
#7148 = CARTESIAN_POINT('',(-51.,420.,374.167));
#7149 = PCURVE('',#2789,#7150);
#7150 = DEFINITIONAL_REPRESENTATION('',(#7151),#7155);
#7151 = LINE('',#7152,#7153);
#7152 = CARTESIAN_POINT('',(134.14879545117,0.));
#7153 = VECTOR('',#7154,1.);
#7154 = DIRECTION('',(0.,1.));
#7155 = ( GEOMETRIC_REPRESENTATION_CONTEXT(2) 
PARAMETRIC_REPRESENTATION_CONTEXT() REPRESENTATION_CONTEXT('2D SPACE',''
  ) );
#7156 = PCURVE('',#2943,#7157);
#7157 = DEFINITIONAL_REPRESENTATION('',(#7158),#7162);
#7158 = LINE('',#7159,#7160);
#7159 = CARTESIAN_POINT('',(0.,0.));
#7160 = VECTOR('',#7161,1.);
#7161 = DIRECTION('',(0.,1.));
#7162 = ( GEOMETRIC_REPRESENTATION_CONTEXT(2) 
PARAMETRIC_REPRESENTATION_CONTEXT() REPRESENTATION_CONTEXT('2D SPACE',''
  ) );
#7163 = ORIENTED_EDGE('',*,*,#7164,.F.);
#7164 = EDGE_CURVE('',#7118,#7143,#7165,.T.);
#7165 = SURFACE_CURVE('',#7166,(#7170,#7176),.PCURVE_S1.);
#7166 = LINE('',#7167,#7168);
#7167 = CARTESIAN_POINT('',(-39.,420.,265.834));
#7168 = VECTOR('',#7169,1.);
#7169 = DIRECTION('',(-0.110096196314,0.,0.993920936271));
#7170 = PCURVE('',#2789,#7171);
#7171 = DEFINITIONAL_REPRESENTATION('',(#7172),#7175);
#7172 = B_SPLINE_CURVE_WITH_KNOTS('',1,(#7173,#7174),.UNSPECIFIED.,.F.,
  .F.,(2,2),(0.,108.99559114478),.PIECEWISE_BEZIER_KNOTS.);
#7173 = CARTESIAN_POINT('',(0.,1.));
#7174 = CARTESIAN_POINT('',(134.14879545117,1.));
#7175 = ( GEOMETRIC_REPRESENTATION_CONTEXT(2) 
PARAMETRIC_REPRESENTATION_CONTEXT() REPRESENTATION_CONTEXT('2D SPACE',''
  ) );
#7176 = PCURVE('',#7177,#7182);
#7177 = PLANE('',#7178);
#7178 = AXIS2_PLACEMENT_3D('',#7179,#7180,#7181);
#7179 = CARTESIAN_POINT('',(-51.,420.,374.167));
#7180 = DIRECTION('',(0.,-1.,0.));
#7181 = DIRECTION('',(0.639020857855,0.,-0.7691894066));
#7182 = DEFINITIONAL_REPRESENTATION('',(#7183),#7187);
#7183 = LINE('',#7184,#7185);
#7184 = CARTESIAN_POINT('',(90.996846279488,-59.99677371482));
#7185 = VECTOR('',#7186,1.);
#7186 = DIRECTION('',(-0.834867220993,0.550451381424));
#7187 = ( GEOMETRIC_REPRESENTATION_CONTEXT(2) 
PARAMETRIC_REPRESENTATION_CONTEXT() REPRESENTATION_CONTEXT('2D SPACE',''
  ) );
#7188 = ADVANCED_FACE('',(#7189,#7192),#2601,.T.);
#7189 = FACE_BOUND('',#7190,.T.);
#7190 = EDGE_LOOP('',(#7191));
#7191 = ORIENTED_EDGE('',*,*,#2586,.T.);
#7192 = FACE_BOUND('',#7193,.T.);
#7193 = EDGE_LOOP('',(#7194));
#7194 = ORIENTED_EDGE('',*,*,#7195,.F.);
#7195 = EDGE_CURVE('',#7196,#7196,#7198,.T.);
#7196 = VERTEX_POINT('',#7197);
#7197 = CARTESIAN_POINT('',(-63.5,364.5,287.7));
#7198 = SURFACE_CURVE('',#7199,(#7204,#7211),.PCURVE_S1.);
#7199 = CIRCLE('',#7200,8.);
#7200 = AXIS2_PLACEMENT_3D('',#7201,#7202,#7203);
#7201 = CARTESIAN_POINT('',(-63.5,364.5,295.7));
#7202 = DIRECTION('',(-1.,0.,0.));
#7203 = DIRECTION('',(0.,0.,-1.));
#7204 = PCURVE('',#2601,#7205);
#7205 = DEFINITIONAL_REPRESENTATION('',(#7206),#7210);
#7206 = CIRCLE('',#7207,8.);
#7207 = AXIS2_PLACEMENT_2D('',#7208,#7209);
#7208 = CARTESIAN_POINT('',(0.,0.));
#7209 = DIRECTION('',(1.,0.));
#7210 = ( GEOMETRIC_REPRESENTATION_CONTEXT(2) 
PARAMETRIC_REPRESENTATION_CONTEXT() REPRESENTATION_CONTEXT('2D SPACE',''
  ) );
#7211 = PCURVE('',#5005,#7212);
#7212 = DEFINITIONAL_REPRESENTATION('',(#7213),#7217);
#7213 = LINE('',#7214,#7215);
#7214 = CARTESIAN_POINT('',(0.,22.915615749143));
#7215 = VECTOR('',#7216,1.);
#7216 = DIRECTION('',(1.,0.));
#7217 = ( GEOMETRIC_REPRESENTATION_CONTEXT(2) 
PARAMETRIC_REPRESENTATION_CONTEXT() REPRESENTATION_CONTEXT('2D SPACE',''
  ) );
#7218 = ADVANCED_FACE('',(#7219),#2968,.T.);
#7219 = FACE_BOUND('',#7220,.T.);
#7220 = EDGE_LOOP('',(#7221,#7243,#7244,#7245,#7246,#7268));
#7221 = ORIENTED_EDGE('',*,*,#7222,.F.);
#7222 = EDGE_CURVE('',#2930,#7223,#7225,.T.);
#7223 = VERTEX_POINT('',#7224);
#7224 = CARTESIAN_POINT('',(51.,420.,374.167));
#7225 = SURFACE_CURVE('',#7226,(#7229,#7236),.PCURVE_S1.);
#7226 = B_SPLINE_CURVE_WITH_KNOTS('',1,(#7227,#7228),.UNSPECIFIED.,.F.,
  .F.,(2,2),(0.,1.),.PIECEWISE_BEZIER_KNOTS.);
#7227 = CARTESIAN_POINT('',(57.,293.333,377.778));
#7228 = CARTESIAN_POINT('',(51.,420.,374.167));
#7229 = PCURVE('',#2968,#7230);
#7230 = DEFINITIONAL_REPRESENTATION('',(#7231),#7235);
#7231 = LINE('',#7232,#7233);
#7232 = CARTESIAN_POINT('',(0.,0.));
#7233 = VECTOR('',#7234,1.);
#7234 = DIRECTION('',(0.,1.));
#7235 = ( GEOMETRIC_REPRESENTATION_CONTEXT(2) 
PARAMETRIC_REPRESENTATION_CONTEXT() REPRESENTATION_CONTEXT('2D SPACE',''
  ) );
#7236 = PCURVE('',#2943,#7237);
#7237 = DEFINITIONAL_REPRESENTATION('',(#7238),#7242);
#7238 = LINE('',#7239,#7240);
#7239 = CARTESIAN_POINT('',(114.,0.));
#7240 = VECTOR('',#7241,1.);
#7241 = DIRECTION('',(0.,1.));
#7242 = ( GEOMETRIC_REPRESENTATION_CONTEXT(2) 
PARAMETRIC_REPRESENTATION_CONTEXT() REPRESENTATION_CONTEXT('2D SPACE',''
  ) );
#7243 = ORIENTED_EDGE('',*,*,#2954,.F.);
#7244 = ORIENTED_EDGE('',*,*,#3155,.T.);
#7245 = ORIENTED_EDGE('',*,*,#7051,.F.);
#7246 = ORIENTED_EDGE('',*,*,#7247,.T.);
#7247 = EDGE_CURVE('',#7052,#7248,#7250,.T.);
#7248 = VERTEX_POINT('',#7249);
#7249 = CARTESIAN_POINT('',(39.,420.,265.834));
#7250 = SURFACE_CURVE('',#7251,(#7254,#7261),.PCURVE_S1.);
#7251 = B_SPLINE_CURVE_WITH_KNOTS('',1,(#7252,#7253),.UNSPECIFIED.,.F.,
  .F.,(2,2),(0.,1.),.PIECEWISE_BEZIER_KNOTS.);
#7252 = CARTESIAN_POINT('',(45.,293.333,244.167));
#7253 = CARTESIAN_POINT('',(39.,420.,265.834));
#7254 = PCURVE('',#2968,#7255);
#7255 = DEFINITIONAL_REPRESENTATION('',(#7256),#7260);
#7256 = LINE('',#7257,#7258);
#7257 = CARTESIAN_POINT('',(134.14879545117,0.));
#7258 = VECTOR('',#7259,1.);
#7259 = DIRECTION('',(0.,1.));
#7260 = ( GEOMETRIC_REPRESENTATION_CONTEXT(2) 
PARAMETRIC_REPRESENTATION_CONTEXT() REPRESENTATION_CONTEXT('2D SPACE',''
  ) );
#7261 = PCURVE('',#7085,#7262);
#7262 = DEFINITIONAL_REPRESENTATION('',(#7263),#7267);
#7263 = LINE('',#7264,#7265);
#7264 = CARTESIAN_POINT('',(0.,0.));
#7265 = VECTOR('',#7266,1.);
#7266 = DIRECTION('',(0.,1.));
#7267 = ( GEOMETRIC_REPRESENTATION_CONTEXT(2) 
PARAMETRIC_REPRESENTATION_CONTEXT() REPRESENTATION_CONTEXT('2D SPACE',''
  ) );
#7268 = ORIENTED_EDGE('',*,*,#7269,.F.);
#7269 = EDGE_CURVE('',#7223,#7248,#7270,.T.);
#7270 = SURFACE_CURVE('',#7271,(#7275,#7281),.PCURVE_S1.);
#7271 = LINE('',#7272,#7273);
#7272 = CARTESIAN_POINT('',(51.,420.,374.167));
#7273 = VECTOR('',#7274,1.);
#7274 = DIRECTION('',(-0.110096196314,0.,-0.993920936271));
#7275 = PCURVE('',#2968,#7276);
#7276 = DEFINITIONAL_REPRESENTATION('',(#7277),#7280);
#7277 = B_SPLINE_CURVE_WITH_KNOTS('',1,(#7278,#7279),.UNSPECIFIED.,.F.,
  .F.,(2,2),(0.,108.99559114478),.PIECEWISE_BEZIER_KNOTS.);
#7278 = CARTESIAN_POINT('',(0.,1.));
#7279 = CARTESIAN_POINT('',(134.14879545117,1.));
#7280 = ( GEOMETRIC_REPRESENTATION_CONTEXT(2) 
PARAMETRIC_REPRESENTATION_CONTEXT() REPRESENTATION_CONTEXT('2D SPACE',''
  ) );
#7281 = PCURVE('',#7177,#7282);
#7282 = DEFINITIONAL_REPRESENTATION('',(#7283),#7287);
#7283 = LINE('',#7284,#7285);
#7284 = CARTESIAN_POINT('',(65.180127501226,78.457319473226));
#7285 = VECTOR('',#7286,1.);
#7286 = DIRECTION('',(0.694159689363,-0.719821037247));
#7287 = ( GEOMETRIC_REPRESENTATION_CONTEXT(2) 
PARAMETRIC_REPRESENTATION_CONTEXT() REPRESENTATION_CONTEXT('2D SPACE',''
  ) );
#7288 = ADVANCED_FACE('',(#7289),#2943,.T.);
#7289 = FACE_BOUND('',#7290,.T.);
#7290 = EDGE_LOOP('',(#7291,#7292,#7293,#7294));
#7291 = ORIENTED_EDGE('',*,*,#7142,.F.);
#7292 = ORIENTED_EDGE('',*,*,#2929,.F.);
#7293 = ORIENTED_EDGE('',*,*,#7222,.T.);
#7294 = ORIENTED_EDGE('',*,*,#7295,.F.);
#7295 = EDGE_CURVE('',#7143,#7223,#7296,.T.);
#7296 = SURFACE_CURVE('',#7297,(#7301,#7307),.PCURVE_S1.);
#7297 = LINE('',#7298,#7299);
#7298 = CARTESIAN_POINT('',(-51.,420.,374.167));
#7299 = VECTOR('',#7300,1.);
#7300 = DIRECTION('',(1.,0.,0.));
#7301 = PCURVE('',#2943,#7302);
#7302 = DEFINITIONAL_REPRESENTATION('',(#7303),#7306);
#7303 = B_SPLINE_CURVE_WITH_KNOTS('',1,(#7304,#7305),.UNSPECIFIED.,.F.,
  .F.,(2,2),(0.,102.),.PIECEWISE_BEZIER_KNOTS.);
#7304 = CARTESIAN_POINT('',(0.,1.));
#7305 = CARTESIAN_POINT('',(114.,1.));
#7306 = ( GEOMETRIC_REPRESENTATION_CONTEXT(2) 
PARAMETRIC_REPRESENTATION_CONTEXT() REPRESENTATION_CONTEXT('2D SPACE',''
  ) );
#7307 = PCURVE('',#7177,#7308);
#7308 = DEFINITIONAL_REPRESENTATION('',(#7309),#7313);
#7309 = LINE('',#7310,#7311);
#7310 = CARTESIAN_POINT('',(0.,0.));
#7311 = VECTOR('',#7312,1.);
#7312 = DIRECTION('',(0.639020857855,0.7691894066));
#7313 = ( GEOMETRIC_REPRESENTATION_CONTEXT(2) 
PARAMETRIC_REPRESENTATION_CONTEXT() REPRESENTATION_CONTEXT('2D SPACE',''
  ) );
#7314 = ADVANCED_FACE('',(#7315,#7318),#3093,.T.);
#7315 = FACE_BOUND('',#7316,.T.);
#7316 = EDGE_LOOP('',(#7317));
#7317 = ORIENTED_EDGE('',*,*,#3078,.T.);
#7318 = FACE_BOUND('',#7319,.T.);
#7319 = EDGE_LOOP('',(#7320));
#7320 = ORIENTED_EDGE('',*,*,#7321,.F.);
#7321 = EDGE_CURVE('',#7322,#7322,#7324,.T.);
#7322 = VERTEX_POINT('',#7323);
#7323 = CARTESIAN_POINT('',(63.5,364.5,303.7));
#7324 = SURFACE_CURVE('',#7325,(#7330,#7337),.PCURVE_S1.);
#7325 = CIRCLE('',#7326,8.);
#7326 = AXIS2_PLACEMENT_3D('',#7327,#7328,#7329);
#7327 = CARTESIAN_POINT('',(63.5,364.5,295.7));
#7328 = DIRECTION('',(1.,0.,0.));
#7329 = DIRECTION('',(-0.,0.,1.));
#7330 = PCURVE('',#3093,#7331);
#7331 = DEFINITIONAL_REPRESENTATION('',(#7332),#7336);
#7332 = CIRCLE('',#7333,8.);
#7333 = AXIS2_PLACEMENT_2D('',#7334,#7335);
#7334 = CARTESIAN_POINT('',(0.,0.));
#7335 = DIRECTION('',(1.,0.));
#7336 = ( GEOMETRIC_REPRESENTATION_CONTEXT(2) 
PARAMETRIC_REPRESENTATION_CONTEXT() REPRESENTATION_CONTEXT('2D SPACE',''
  ) );
#7337 = PCURVE('',#6207,#7338);
#7338 = DEFINITIONAL_REPRESENTATION('',(#7339),#7343);
#7339 = LINE('',#7340,#7341);
#7340 = CARTESIAN_POINT('',(0.,22.915615749143));
#7341 = VECTOR('',#7342,1.);
#7342 = DIRECTION('',(1.,0.));
#7343 = ( GEOMETRIC_REPRESENTATION_CONTEXT(2) 
PARAMETRIC_REPRESENTATION_CONTEXT() REPRESENTATION_CONTEXT('2D SPACE',''
  ) );
#7344 = ADVANCED_FACE('',(#7345,#7569),#4332,.T.);
#7345 = FACE_BOUND('',#7346,.T.);
#7346 = EDGE_LOOP('',(#7347,#7348,#7349,#7370,#7391,#7412,#7438,#7457,
    #7458,#7459,#7460,#7481,#7507,#7528,#7549,#7568));
#7347 = ORIENTED_EDGE('',*,*,#4319,.F.);
#7348 = ORIENTED_EDGE('',*,*,#4348,.T.);
#7349 = ORIENTED_EDGE('',*,*,#7350,.F.);
#7350 = EDGE_CURVE('',#7351,#4349,#7353,.T.);
#7351 = VERTEX_POINT('',#7352);
#7352 = CARTESIAN_POINT('',(-41.58438425085,361.5,306.80180165558));
#7353 = SURFACE_CURVE('',#7354,(#7358,#7364),.PCURVE_S1.);
#7354 = LINE('',#7355,#7356);
#7355 = CARTESIAN_POINT('',(-41.58438425085,361.5,306.80180165558));
#7356 = VECTOR('',#7357,1.);
#7357 = DIRECTION('',(-1.,0.,0.));
#7358 = PCURVE('',#4332,#7359);
#7359 = DEFINITIONAL_REPRESENTATION('',(#7360),#7363);
#7360 = B_SPLINE_CURVE_WITH_KNOTS('',1,(#7361,#7362),.UNSPECIFIED.,.F.,
  .F.,(2,2),(-5.999999999062E-07,21.915616349143),
  .PIECEWISE_BEZIER_KNOTS.);
#7361 = CARTESIAN_POINT('',(61.409290064647,-33.58142304313));
#7362 = CARTESIAN_POINT('',(47.74226761824,-50.71346214275));
#7363 = ( GEOMETRIC_REPRESENTATION_CONTEXT(2) 
PARAMETRIC_REPRESENTATION_CONTEXT() REPRESENTATION_CONTEXT('2D SPACE',''
  ) );
#7364 = PCURVE('',#4813,#7365);
#7365 = DEFINITIONAL_REPRESENTATION('',(#7366),#7369);
#7366 = B_SPLINE_CURVE_WITH_KNOTS('',1,(#7367,#7368),.UNSPECIFIED.,.F.,
  .F.,(2,2),(-5.999999999062E-07,21.915616349143),
  .PIECEWISE_BEZIER_KNOTS.);
#7367 = CARTESIAN_POINT('',(2.87766980546,-5.999999999062E-07));
#7368 = CARTESIAN_POINT('',(2.87766980546,21.915616349143));
#7369 = ( GEOMETRIC_REPRESENTATION_CONTEXT(2) 
PARAMETRIC_REPRESENTATION_CONTEXT() REPRESENTATION_CONTEXT('2D SPACE',''
  ) );
#7370 = ORIENTED_EDGE('',*,*,#7371,.T.);
#7371 = EDGE_CURVE('',#7351,#7372,#7374,.T.);
#7372 = VERTEX_POINT('',#7373);
#7373 = CARTESIAN_POINT('',(-41.58438425085,361.5,303.11619848709));
#7374 = SURFACE_CURVE('',#7375,(#7379,#7385),.PCURVE_S1.);
#7375 = LINE('',#7376,#7377);
#7376 = CARTESIAN_POINT('',(-41.58438425085,361.5,335.72459199712));
#7377 = VECTOR('',#7378,1.);
#7378 = DIRECTION('',(-0.,-0.,-1.));
#7379 = PCURVE('',#4332,#7380);
#7380 = DEFINITIONAL_REPRESENTATION('',(#7381),#7384);
#7381 = B_SPLINE_CURVE_WITH_KNOTS('',1,(#7382,#7383),.UNSPECIFIED.,.F.,
  .F.,(2,2),(28.524591997126,51.524591997126),.PIECEWISE_BEZIER_KNOTS.);
#7382 = CARTESIAN_POINT('',(61.098007118704,-33.33309896242));
#7383 = CARTESIAN_POINT('',(79.077738202966,-47.67636463442));
#7384 = ( GEOMETRIC_REPRESENTATION_CONTEXT(2) 
PARAMETRIC_REPRESENTATION_CONTEXT() REPRESENTATION_CONTEXT('2D SPACE',''
  ) );
#7385 = PCURVE('',#4893,#7386);
#7386 = DEFINITIONAL_REPRESENTATION('',(#7387),#7390);
#7387 = B_SPLINE_CURVE_WITH_KNOTS('',1,(#7388,#7389),.UNSPECIFIED.,.F.,
  .F.,(2,2),(28.524591997126,51.524591997126),.PIECEWISE_BEZIER_KNOTS.);
#7388 = CARTESIAN_POINT('',(-11.5,3.));
#7389 = CARTESIAN_POINT('',(11.5,3.));
#7390 = ( GEOMETRIC_REPRESENTATION_CONTEXT(2) 
PARAMETRIC_REPRESENTATION_CONTEXT() REPRESENTATION_CONTEXT('2D SPACE',''
  ) );
#7391 = ORIENTED_EDGE('',*,*,#7392,.F.);
#7392 = EDGE_CURVE('',#7393,#7372,#7395,.T.);
#7393 = VERTEX_POINT('',#7394);
#7394 = CARTESIAN_POINT('',(-40.58438425085,361.5,303.11619848709));
#7395 = SURFACE_CURVE('',#7396,(#7400,#7406),.PCURVE_S1.);
#7396 = LINE('',#7397,#7398);
#7397 = CARTESIAN_POINT('',(-40.58438425085,361.5,303.11619848709));
#7398 = VECTOR('',#7399,1.);
#7399 = DIRECTION('',(-1.,0.,0.));
#7400 = PCURVE('',#4332,#7401);
#7401 = DEFINITIONAL_REPRESENTATION('',(#7402),#7405);
#7402 = B_SPLINE_CURVE_WITH_KNOTS('',1,(#7403,#7404),.UNSPECIFIED.,.F.,
  .F.,(2,2),(-5.999999999062E-07,23.915616349143),
  .PIECEWISE_BEZIER_KNOTS.);
#7403 = CARTESIAN_POINT('',(64.91404743529,-35.09811236152));
#7404 = CARTESIAN_POINT('',(49.999784495665,-53.79360633803));
#7405 = ( GEOMETRIC_REPRESENTATION_CONTEXT(2) 
PARAMETRIC_REPRESENTATION_CONTEXT() REPRESENTATION_CONTEXT('2D SPACE',''
  ) );
#7406 = PCURVE('',#5005,#7407);
#7407 = DEFINITIONAL_REPRESENTATION('',(#7408),#7411);
#7408 = B_SPLINE_CURVE_WITH_KNOTS('',1,(#7409,#7410),.UNSPECIFIED.,.F.,
  .F.,(2,2),(-5.999999999062E-07,23.915616349143),
  .PIECEWISE_BEZIER_KNOTS.);
#7409 = CARTESIAN_POINT('',(2.757195879094,-5.999999999062E-07));
#7410 = CARTESIAN_POINT('',(2.757195879094,23.915616349143));
#7411 = ( GEOMETRIC_REPRESENTATION_CONTEXT(2) 
PARAMETRIC_REPRESENTATION_CONTEXT() REPRESENTATION_CONTEXT('2D SPACE',''
  ) );
#7412 = ORIENTED_EDGE('',*,*,#7413,.T.);
#7413 = EDGE_CURVE('',#7393,#7414,#7416,.T.);
#7414 = VERTEX_POINT('',#7415);
#7415 = CARTESIAN_POINT('',(-40.58438425085,361.5,288.2838015129));
#7416 = SURFACE_CURVE('',#7417,(#7421,#7427),.PCURVE_S1.);
#7417 = LINE('',#7418,#7419);
#7418 = CARTESIAN_POINT('',(-40.58438425085,361.5,335.72459199712));
#7419 = VECTOR('',#7420,1.);
#7420 = DIRECTION('',(-0.,-0.,-1.));
#7421 = PCURVE('',#4332,#7422);
#7422 = DEFINITIONAL_REPRESENTATION('',(#7423),#7426);
#7423 = B_SPLINE_CURVE_WITH_KNOTS('',1,(#7424,#7425),.UNSPECIFIED.,.F.,
  .F.,(2,2),(32.024591997126,48.024591997126),.PIECEWISE_BEZIER_KNOTS.);
#7424 = CARTESIAN_POINT('',(64.457673399874,-34.7340423871));
#7425 = CARTESIAN_POINT('',(76.965312415013,-44.71196633284));
#7426 = ( GEOMETRIC_REPRESENTATION_CONTEXT(2) 
PARAMETRIC_REPRESENTATION_CONTEXT() REPRESENTATION_CONTEXT('2D SPACE',''
  ) );
#7427 = PCURVE('',#7428,#7433);
#7428 = PLANE('',#7429);
#7429 = AXIS2_PLACEMENT_3D('',#7430,#7431,#7432);
#7430 = CARTESIAN_POINT('',(-40.58438425085,364.5,295.7));
#7431 = DIRECTION('',(-1.,0.,0.));
#7432 = DIRECTION('',(0.,0.,-1.));
#7433 = DEFINITIONAL_REPRESENTATION('',(#7434),#7437);
#7434 = B_SPLINE_CURVE_WITH_KNOTS('',1,(#7435,#7436),.UNSPECIFIED.,.F.,
  .F.,(2,2),(32.024591997126,48.024591997126),.PIECEWISE_BEZIER_KNOTS.);
#7435 = CARTESIAN_POINT('',(-8.,3.));
#7436 = CARTESIAN_POINT('',(8.,3.));
#7437 = ( GEOMETRIC_REPRESENTATION_CONTEXT(2) 
PARAMETRIC_REPRESENTATION_CONTEXT() REPRESENTATION_CONTEXT('2D SPACE',''
  ) );
#7438 = ORIENTED_EDGE('',*,*,#7439,.T.);
#7439 = EDGE_CURVE('',#7414,#4908,#7440,.T.);
#7440 = SURFACE_CURVE('',#7441,(#7445,#7451),.PCURVE_S1.);
#7441 = LINE('',#7442,#7443);
#7442 = CARTESIAN_POINT('',(-40.58438425085,361.5,288.2838015129));
#7443 = VECTOR('',#7444,1.);
#7444 = DIRECTION('',(-1.,0.,0.));
#7445 = PCURVE('',#4332,#7446);
#7446 = DEFINITIONAL_REPRESENTATION('',(#7447),#7450);
#7447 = B_SPLINE_CURVE_WITH_KNOTS('',1,(#7448,#7449),.UNSPECIFIED.,.F.,
  .F.,(2,2),(-5.999999999062E-07,23.915616349143),
  .PIECEWISE_BEZIER_KNOTS.);
#7448 = CARTESIAN_POINT('',(76.508939127942,-44.34789542036));
#7449 = CARTESIAN_POINT('',(61.594676188317,-63.04338939687));
#7450 = ( GEOMETRIC_REPRESENTATION_CONTEXT(2) 
PARAMETRIC_REPRESENTATION_CONTEXT() REPRESENTATION_CONTEXT('2D SPACE',''
  ) );
#7451 = PCURVE('',#5005,#7452);
#7452 = DEFINITIONAL_REPRESENTATION('',(#7453),#7456);
#7453 = B_SPLINE_CURVE_WITH_KNOTS('',1,(#7454,#7455),.UNSPECIFIED.,.F.,
  .F.,(2,2),(-5.999999999062E-07,23.915616349143),
  .PIECEWISE_BEZIER_KNOTS.);
#7454 = CARTESIAN_POINT('',(0.384396774496,-5.999999999062E-07));
#7455 = CARTESIAN_POINT('',(0.384396774496,23.915616349143));
#7456 = ( GEOMETRIC_REPRESENTATION_CONTEXT(2) 
PARAMETRIC_REPRESENTATION_CONTEXT() REPRESENTATION_CONTEXT('2D SPACE',''
  ) );
#7457 = ORIENTED_EDGE('',*,*,#5058,.T.);
#7458 = ORIENTED_EDGE('',*,*,#5569,.T.);
#7459 = ORIENTED_EDGE('',*,*,#5783,.T.);
#7460 = ORIENTED_EDGE('',*,*,#7461,.F.);
#7461 = EDGE_CURVE('',#7462,#5784,#7464,.T.);
#7462 = VERTEX_POINT('',#7463);
#7463 = CARTESIAN_POINT('',(40.584384250857,361.5,288.2838015129));
#7464 = SURFACE_CURVE('',#7465,(#7469,#7475),.PCURVE_S1.);
#7465 = LINE('',#7466,#7467);
#7466 = CARTESIAN_POINT('',(40.584384250857,361.5,288.2838015129));
#7467 = VECTOR('',#7468,1.);
#7468 = DIRECTION('',(1.,0.,0.));
#7469 = PCURVE('',#4332,#7470);
#7470 = DEFINITIONAL_REPRESENTATION('',(#7471),#7474);
#7471 = B_SPLINE_CURVE_WITH_KNOTS('',1,(#7472,#7473),.UNSPECIFIED.,.F.,
  .F.,(2,2),(-5.999999999062E-07,23.915616349143),
  .PIECEWISE_BEZIER_KNOTS.);
#7472 = CARTESIAN_POINT('',(127.12742580956,19.10395712424));
#7473 = CARTESIAN_POINT('',(142.04168874919,37.799451100753));
#7474 = ( GEOMETRIC_REPRESENTATION_CONTEXT(2) 
PARAMETRIC_REPRESENTATION_CONTEXT() REPRESENTATION_CONTEXT('2D SPACE',''
  ) );
#7475 = PCURVE('',#6207,#7476);
#7476 = DEFINITIONAL_REPRESENTATION('',(#7477),#7480);
#7477 = B_SPLINE_CURVE_WITH_KNOTS('',1,(#7478,#7479),.UNSPECIFIED.,.F.,
  .F.,(2,2),(-5.999999999062E-07,23.915616349143),
  .PIECEWISE_BEZIER_KNOTS.);
#7478 = CARTESIAN_POINT('',(2.757195879094,-5.999999999062E-07));
#7479 = CARTESIAN_POINT('',(2.757195879094,23.915616349143));
#7480 = ( GEOMETRIC_REPRESENTATION_CONTEXT(2) 
PARAMETRIC_REPRESENTATION_CONTEXT() REPRESENTATION_CONTEXT('2D SPACE',''
  ) );
#7481 = ORIENTED_EDGE('',*,*,#7482,.T.);
#7482 = EDGE_CURVE('',#7462,#7483,#7485,.T.);
#7483 = VERTEX_POINT('',#7484);
#7484 = CARTESIAN_POINT('',(40.584384250857,361.5,303.11619848709));
#7485 = SURFACE_CURVE('',#7486,(#7490,#7496),.PCURVE_S1.);
#7486 = LINE('',#7487,#7488);
#7487 = CARTESIAN_POINT('',(40.584384250857,361.5,335.72459199712));
#7488 = VECTOR('',#7489,1.);
#7489 = DIRECTION('',(-0.,0.,1.));
#7490 = PCURVE('',#4332,#7491);
#7491 = DEFINITIONAL_REPRESENTATION('',(#7492),#7495);
#7492 = B_SPLINE_CURVE_WITH_KNOTS('',1,(#7493,#7494),.UNSPECIFIED.,.F.,
  .F.,(2,2),(-48.02459199712,-32.02459199712),.PIECEWISE_BEZIER_KNOTS.);
#7493 = CARTESIAN_POINT('',(127.58379984498,18.739887149828));
#7494 = CARTESIAN_POINT('',(115.07616082984,28.717811095568));
#7495 = ( GEOMETRIC_REPRESENTATION_CONTEXT(2) 
PARAMETRIC_REPRESENTATION_CONTEXT() REPRESENTATION_CONTEXT('2D SPACE',''
  ) );
#7496 = PCURVE('',#7497,#7502);
#7497 = PLANE('',#7498);
#7498 = AXIS2_PLACEMENT_3D('',#7499,#7500,#7501);
#7499 = CARTESIAN_POINT('',(40.584384250857,364.5,295.7));
#7500 = DIRECTION('',(1.,0.,0.));
#7501 = DIRECTION('',(-0.,0.,1.));
#7502 = DEFINITIONAL_REPRESENTATION('',(#7503),#7506);
#7503 = B_SPLINE_CURVE_WITH_KNOTS('',1,(#7504,#7505),.UNSPECIFIED.,.F.,
  .F.,(2,2),(-48.02459199712,-32.02459199712),.PIECEWISE_BEZIER_KNOTS.);
#7504 = CARTESIAN_POINT('',(-8.,3.));
#7505 = CARTESIAN_POINT('',(8.,3.));
#7506 = ( GEOMETRIC_REPRESENTATION_CONTEXT(2) 
PARAMETRIC_REPRESENTATION_CONTEXT() REPRESENTATION_CONTEXT('2D SPACE',''
  ) );
#7507 = ORIENTED_EDGE('',*,*,#7508,.T.);
#7508 = EDGE_CURVE('',#7483,#7509,#7511,.T.);
#7509 = VERTEX_POINT('',#7510);
#7510 = CARTESIAN_POINT('',(41.584384250857,361.5,303.11619848709));
#7511 = SURFACE_CURVE('',#7512,(#7516,#7522),.PCURVE_S1.);
#7512 = LINE('',#7513,#7514);
#7513 = CARTESIAN_POINT('',(40.584384250857,361.5,303.11619848709));
#7514 = VECTOR('',#7515,1.);
#7515 = DIRECTION('',(1.,0.,0.));
#7516 = PCURVE('',#4332,#7517);
#7517 = DEFINITIONAL_REPRESENTATION('',(#7518),#7521);
#7518 = B_SPLINE_CURVE_WITH_KNOTS('',1,(#7519,#7520),.UNSPECIFIED.,.F.,
  .F.,(2,2),(-5.999999999062E-07,23.915616349143),
  .PIECEWISE_BEZIER_KNOTS.);
#7519 = CARTESIAN_POINT('',(115.53253411691,28.353740183084));
#7520 = CARTESIAN_POINT('',(130.44679705653,47.049234159597));
#7521 = ( GEOMETRIC_REPRESENTATION_CONTEXT(2) 
PARAMETRIC_REPRESENTATION_CONTEXT() REPRESENTATION_CONTEXT('2D SPACE',''
  ) );
#7522 = PCURVE('',#6207,#7523);
#7523 = DEFINITIONAL_REPRESENTATION('',(#7524),#7527);
#7524 = B_SPLINE_CURVE_WITH_KNOTS('',1,(#7525,#7526),.UNSPECIFIED.,.F.,
  .F.,(2,2),(-5.999999999062E-07,23.915616349143),
  .PIECEWISE_BEZIER_KNOTS.);
#7525 = CARTESIAN_POINT('',(0.384396774496,-5.999999999062E-07));
#7526 = CARTESIAN_POINT('',(0.384396774496,23.915616349143));
#7527 = ( GEOMETRIC_REPRESENTATION_CONTEXT(2) 
PARAMETRIC_REPRESENTATION_CONTEXT() REPRESENTATION_CONTEXT('2D SPACE',''
  ) );
#7528 = ORIENTED_EDGE('',*,*,#7529,.T.);
#7529 = EDGE_CURVE('',#7509,#7530,#7532,.T.);
#7530 = VERTEX_POINT('',#7531);
#7531 = CARTESIAN_POINT('',(41.584384250857,361.5,306.80180165558));
#7532 = SURFACE_CURVE('',#7533,(#7537,#7543),.PCURVE_S1.);
#7533 = LINE('',#7534,#7535);
#7534 = CARTESIAN_POINT('',(41.584384250857,361.5,335.72459199712));
#7535 = VECTOR('',#7536,1.);
#7536 = DIRECTION('',(-0.,0.,1.));
#7537 = PCURVE('',#4332,#7538);
#7538 = DEFINITIONAL_REPRESENTATION('',(#7539),#7542);
#7539 = B_SPLINE_CURVE_WITH_KNOTS('',1,(#7540,#7541),.UNSPECIFIED.,.F.,
  .F.,(2,2),(-51.52459199712,-28.52459199712),.PIECEWISE_BEZIER_KNOTS.);
#7540 = CARTESIAN_POINT('',(130.94346612615,17.338943725144));
#7541 = CARTESIAN_POINT('',(112.96373504188,31.682209397145));
#7542 = ( GEOMETRIC_REPRESENTATION_CONTEXT(2) 
PARAMETRIC_REPRESENTATION_CONTEXT() REPRESENTATION_CONTEXT('2D SPACE',''
  ) );
#7543 = PCURVE('',#6280,#7544);
#7544 = DEFINITIONAL_REPRESENTATION('',(#7545),#7548);
#7545 = B_SPLINE_CURVE_WITH_KNOTS('',1,(#7546,#7547),.UNSPECIFIED.,.F.,
  .F.,(2,2),(-51.52459199712,-28.52459199712),.PIECEWISE_BEZIER_KNOTS.);
#7546 = CARTESIAN_POINT('',(-11.5,3.));
#7547 = CARTESIAN_POINT('',(11.5,3.));
#7548 = ( GEOMETRIC_REPRESENTATION_CONTEXT(2) 
PARAMETRIC_REPRESENTATION_CONTEXT() REPRESENTATION_CONTEXT('2D SPACE',''
  ) );
#7549 = ORIENTED_EDGE('',*,*,#7550,.T.);
#7550 = EDGE_CURVE('',#7530,#6295,#7551,.T.);
#7551 = SURFACE_CURVE('',#7552,(#7556,#7562),.PCURVE_S1.);
#7552 = LINE('',#7553,#7554);
#7553 = CARTESIAN_POINT('',(41.584384250857,361.5,306.80180165558));
#7554 = VECTOR('',#7555,1.);
#7555 = DIRECTION('',(1.,0.,0.));
#7556 = PCURVE('',#4332,#7557);
#7557 = DEFINITIONAL_REPRESENTATION('',(#7558),#7561);
#7558 = B_SPLINE_CURVE_WITH_KNOTS('',1,(#7559,#7560),.UNSPECIFIED.,.F.,
  .F.,(2,2),(-5.999999999062E-07,21.915616349143),
  .PIECEWISE_BEZIER_KNOTS.);
#7559 = CARTESIAN_POINT('',(113.27501723948,31.433884378367));
#7560 = CARTESIAN_POINT('',(126.94203968589,48.565923477988));
#7561 = ( GEOMETRIC_REPRESENTATION_CONTEXT(2) 
PARAMETRIC_REPRESENTATION_CONTEXT() REPRESENTATION_CONTEXT('2D SPACE',''
  ) );
#7562 = PCURVE('',#6392,#7563);
#7563 = DEFINITIONAL_REPRESENTATION('',(#7564),#7567);
#7564 = B_SPLINE_CURVE_WITH_KNOTS('',1,(#7565,#7566),.UNSPECIFIED.,.F.,
  .F.,(2,2),(-5.999999999062E-07,21.915616349143),
  .PIECEWISE_BEZIER_KNOTS.);
#7565 = CARTESIAN_POINT('',(0.26392284813,-5.999999999062E-07));
#7566 = CARTESIAN_POINT('',(0.26392284813,21.915616349143));
#7567 = ( GEOMETRIC_REPRESENTATION_CONTEXT(2) 
PARAMETRIC_REPRESENTATION_CONTEXT() REPRESENTATION_CONTEXT('2D SPACE',''
  ) );
#7568 = ORIENTED_EDGE('',*,*,#6445,.T.);
#7569 = FACE_BOUND('',#7570,.T.);
#7570 = EDGE_LOOP('',(#7571));
#7571 = ORIENTED_EDGE('',*,*,#7572,.T.);
#7572 = EDGE_CURVE('',#7573,#7573,#7575,.T.);
#7573 = VERTEX_POINT('',#7574);
#7574 = CARTESIAN_POINT('',(-3.673940397442E-15,361.5,310.7));
#7575 = SURFACE_CURVE('',#7576,(#7581,#7592),.PCURVE_S1.);
#7576 = CIRCLE('',#7577,15.);
#7577 = AXIS2_PLACEMENT_3D('',#7578,#7579,#7580);
#7578 = CARTESIAN_POINT('',(0.,361.5,295.7));
#7579 = DIRECTION('',(0.,1.,0.));
#7580 = DIRECTION('',(0.,-0.,1.));
#7581 = PCURVE('',#4332,#7582);
#7582 = DEFINITIONAL_REPRESENTATION('',(#7583),#7591);
#7583 = ( BOUNDED_CURVE() B_SPLINE_CURVE(2,(#7584,#7585,#7586,#7587,
#7588,#7589,#7590),.UNSPECIFIED.,.T.,.F.) B_SPLINE_CURVE_WITH_KNOTS((1,2
    ,2,2,2,1),(-2.094395102393,0.,2.094395102393,4.188790204786,
6.28318530718,8.377580409573),.UNSPECIFIED.) CURVE() 
GEOMETRIC_REPRESENTATION_ITEM() RATIONAL_B_SPLINE_CURVE((1.,0.5,1.,0.5,
1.,0.5,1.)) REPRESENTATION_ITEM('') );
#7584 = CARTESIAN_POINT('',(84.294825045735,1.357226080491));
#7585 = CARTESIAN_POINT('',(100.49695432205,21.667100696383));
#7586 = CARTESIAN_POINT('',(109.98475704893,-2.51929216026));
#7587 = CARTESIAN_POINT('',(119.47255977581,-26.7056850169));
#7588 = CARTESIAN_POINT('',(93.782627772612,-22.82916677615));
#7589 = CARTESIAN_POINT('',(68.09269576941,-18.9526485354));
#7590 = CARTESIAN_POINT('',(84.294825045735,1.357226080491));
#7591 = ( GEOMETRIC_REPRESENTATION_CONTEXT(2) 
PARAMETRIC_REPRESENTATION_CONTEXT() REPRESENTATION_CONTEXT('2D SPACE',''
  ) );
#7592 = PCURVE('',#7593,#7598);
#7593 = CYLINDRICAL_SURFACE('',#7594,15.);
#7594 = AXIS2_PLACEMENT_3D('',#7595,#7596,#7597);
#7595 = CARTESIAN_POINT('',(0.,360.5,295.7));
#7596 = DIRECTION('',(0.,1.,0.));
#7597 = DIRECTION('',(0.,-0.,1.));
#7598 = DEFINITIONAL_REPRESENTATION('',(#7599),#7603);
#7599 = LINE('',#7600,#7601);
#7600 = CARTESIAN_POINT('',(0.,1.));
#7601 = VECTOR('',#7602,1.);
#7602 = DIRECTION('',(1.,0.));
#7603 = ( GEOMETRIC_REPRESENTATION_CONTEXT(2) 
PARAMETRIC_REPRESENTATION_CONTEXT() REPRESENTATION_CONTEXT('2D SPACE',''
  ) );
#7604 = ADVANCED_FACE('',(#7605),#5005,.F.);
#7605 = FACE_BOUND('',#7606,.F.);
#7606 = EDGE_LOOP('',(#7607,#7608,#7631,#7653,#7654,#7655,#7677,#7678,
    #7702,#7728,#7757,#7930,#7951,#7973));
#7607 = ORIENTED_EDGE('',*,*,#7195,.F.);
#7608 = ORIENTED_EDGE('',*,*,#7609,.F.);
#7609 = EDGE_CURVE('',#7610,#7196,#7612,.T.);
#7610 = VERTEX_POINT('',#7611);
#7611 = CARTESIAN_POINT('',(-40.58438425085,364.5,287.7));
#7612 = SEAM_CURVE('',#7613,(#7617,#7624),.PCURVE_S1.);
#7613 = LINE('',#7614,#7615);
#7614 = CARTESIAN_POINT('',(-40.58438425085,364.5,287.7));
#7615 = VECTOR('',#7616,1.);
#7616 = DIRECTION('',(-1.,0.,0.));
#7617 = PCURVE('',#5005,#7618);
#7618 = DEFINITIONAL_REPRESENTATION('',(#7619),#7623);
#7619 = LINE('',#7620,#7621);
#7620 = CARTESIAN_POINT('',(6.28318530718,-0.));
#7621 = VECTOR('',#7622,1.);
#7622 = DIRECTION('',(0.,1.));
#7623 = ( GEOMETRIC_REPRESENTATION_CONTEXT(2) 
PARAMETRIC_REPRESENTATION_CONTEXT() REPRESENTATION_CONTEXT('2D SPACE',''
  ) );
#7624 = PCURVE('',#5005,#7625);
#7625 = DEFINITIONAL_REPRESENTATION('',(#7626),#7630);
#7626 = LINE('',#7627,#7628);
#7627 = CARTESIAN_POINT('',(0.,-0.));
#7628 = VECTOR('',#7629,1.);
#7629 = DIRECTION('',(0.,1.));
#7630 = ( GEOMETRIC_REPRESENTATION_CONTEXT(2) 
PARAMETRIC_REPRESENTATION_CONTEXT() REPRESENTATION_CONTEXT('2D SPACE',''
  ) );
#7631 = ORIENTED_EDGE('',*,*,#7632,.T.);
#7632 = EDGE_CURVE('',#7610,#7414,#7633,.T.);
#7633 = SURFACE_CURVE('',#7634,(#7639,#7646),.PCURVE_S1.);
#7634 = CIRCLE('',#7635,8.);
#7635 = AXIS2_PLACEMENT_3D('',#7636,#7637,#7638);
#7636 = CARTESIAN_POINT('',(-40.58438425085,364.5,295.7));
#7637 = DIRECTION('',(-1.,0.,0.));
#7638 = DIRECTION('',(0.,0.,-1.));
#7639 = PCURVE('',#5005,#7640);
#7640 = DEFINITIONAL_REPRESENTATION('',(#7641),#7645);
#7641 = LINE('',#7642,#7643);
#7642 = CARTESIAN_POINT('',(0.,0.));
#7643 = VECTOR('',#7644,1.);
#7644 = DIRECTION('',(1.,0.));
#7645 = ( GEOMETRIC_REPRESENTATION_CONTEXT(2) 
PARAMETRIC_REPRESENTATION_CONTEXT() REPRESENTATION_CONTEXT('2D SPACE',''
  ) );
#7646 = PCURVE('',#7428,#7647);
#7647 = DEFINITIONAL_REPRESENTATION('',(#7648),#7652);
#7648 = CIRCLE('',#7649,8.);
#7649 = AXIS2_PLACEMENT_2D('',#7650,#7651);
#7650 = CARTESIAN_POINT('',(0.,0.));
#7651 = DIRECTION('',(1.,0.));
#7652 = ( GEOMETRIC_REPRESENTATION_CONTEXT(2) 
PARAMETRIC_REPRESENTATION_CONTEXT() REPRESENTATION_CONTEXT('2D SPACE',''
  ) );
#7653 = ORIENTED_EDGE('',*,*,#7439,.T.);
#7654 = ORIENTED_EDGE('',*,*,#4907,.F.);
#7655 = ORIENTED_EDGE('',*,*,#7656,.T.);
#7656 = EDGE_CURVE('',#4874,#7372,#7657,.T.);
#7657 = SURFACE_CURVE('',#7658,(#7663,#7670),.PCURVE_S1.);
#7658 = CIRCLE('',#7659,8.);
#7659 = AXIS2_PLACEMENT_3D('',#7660,#7661,#7662);
#7660 = CARTESIAN_POINT('',(-41.58438425085,364.5,295.7));
#7661 = DIRECTION('',(-1.,0.,0.));
#7662 = DIRECTION('',(0.,0.,-1.));
#7663 = PCURVE('',#5005,#7664);
#7664 = DEFINITIONAL_REPRESENTATION('',(#7665),#7669);
#7665 = LINE('',#7666,#7667);
#7666 = CARTESIAN_POINT('',(0.,1.));
#7667 = VECTOR('',#7668,1.);
#7668 = DIRECTION('',(1.,0.));
#7669 = ( GEOMETRIC_REPRESENTATION_CONTEXT(2) 
PARAMETRIC_REPRESENTATION_CONTEXT() REPRESENTATION_CONTEXT('2D SPACE',''
  ) );
#7670 = PCURVE('',#4893,#7671);
#7671 = DEFINITIONAL_REPRESENTATION('',(#7672),#7676);
#7672 = CIRCLE('',#7673,8.);
#7673 = AXIS2_PLACEMENT_2D('',#7674,#7675);
#7674 = CARTESIAN_POINT('',(0.,0.));
#7675 = DIRECTION('',(1.,0.));
#7676 = ( GEOMETRIC_REPRESENTATION_CONTEXT(2) 
PARAMETRIC_REPRESENTATION_CONTEXT() REPRESENTATION_CONTEXT('2D SPACE',''
  ) );
#7677 = ORIENTED_EDGE('',*,*,#7392,.F.);
#7678 = ORIENTED_EDGE('',*,*,#7679,.T.);
#7679 = EDGE_CURVE('',#7393,#7680,#7682,.T.);
#7680 = VERTEX_POINT('',#7681);
#7681 = CARTESIAN_POINT('',(-40.58438425085,367.5,303.11619848709));
#7682 = SURFACE_CURVE('',#7683,(#7688,#7695),.PCURVE_S1.);
#7683 = CIRCLE('',#7684,8.);
#7684 = AXIS2_PLACEMENT_3D('',#7685,#7686,#7687);
#7685 = CARTESIAN_POINT('',(-40.58438425085,364.5,295.7));
#7686 = DIRECTION('',(-1.,0.,0.));
#7687 = DIRECTION('',(0.,0.,-1.));
#7688 = PCURVE('',#5005,#7689);
#7689 = DEFINITIONAL_REPRESENTATION('',(#7690),#7694);
#7690 = LINE('',#7691,#7692);
#7691 = CARTESIAN_POINT('',(0.,0.));
#7692 = VECTOR('',#7693,1.);
#7693 = DIRECTION('',(1.,0.));
#7694 = ( GEOMETRIC_REPRESENTATION_CONTEXT(2) 
PARAMETRIC_REPRESENTATION_CONTEXT() REPRESENTATION_CONTEXT('2D SPACE',''
  ) );
#7695 = PCURVE('',#7428,#7696);
#7696 = DEFINITIONAL_REPRESENTATION('',(#7697),#7701);
#7697 = CIRCLE('',#7698,8.);
#7698 = AXIS2_PLACEMENT_2D('',#7699,#7700);
#7699 = CARTESIAN_POINT('',(0.,0.));
#7700 = DIRECTION('',(1.,0.));
#7701 = ( GEOMETRIC_REPRESENTATION_CONTEXT(2) 
PARAMETRIC_REPRESENTATION_CONTEXT() REPRESENTATION_CONTEXT('2D SPACE',''
  ) );
#7702 = ORIENTED_EDGE('',*,*,#7703,.T.);
#7703 = EDGE_CURVE('',#7680,#7704,#7706,.T.);
#7704 = VERTEX_POINT('',#7705);
#7705 = CARTESIAN_POINT('',(-41.58438425085,367.5,303.11619848709));
#7706 = SURFACE_CURVE('',#7707,(#7711,#7717),.PCURVE_S1.);
#7707 = LINE('',#7708,#7709);
#7708 = CARTESIAN_POINT('',(-40.58438425085,367.5,303.11619848709));
#7709 = VECTOR('',#7710,1.);
#7710 = DIRECTION('',(-1.,0.,0.));
#7711 = PCURVE('',#5005,#7712);
#7712 = DEFINITIONAL_REPRESENTATION('',(#7713),#7716);
#7713 = B_SPLINE_CURVE_WITH_KNOTS('',1,(#7714,#7715),.UNSPECIFIED.,.F.,
  .F.,(2,2),(-5.999999999062E-07,23.915616349143),
  .PIECEWISE_BEZIER_KNOTS.);
#7714 = CARTESIAN_POINT('',(3.525989428085,-5.999999999062E-07));
#7715 = CARTESIAN_POINT('',(3.525989428085,23.915616349143));
#7716 = ( GEOMETRIC_REPRESENTATION_CONTEXT(2) 
PARAMETRIC_REPRESENTATION_CONTEXT() REPRESENTATION_CONTEXT('2D SPACE',''
  ) );
#7717 = PCURVE('',#7718,#7723);
#7718 = PLANE('',#7719);
#7719 = AXIS2_PLACEMENT_3D('',#7720,#7721,#7722);
#7720 = CARTESIAN_POINT('',(-53.62894045015,367.5,375.74918399425));
#7721 = DIRECTION('',(0.,-1.,0.));
#7722 = DIRECTION('',(0.623620246609,0.,-0.781727438446));
#7723 = DEFINITIONAL_REPRESENTATION('',(#7724),#7727);
#7724 = B_SPLINE_CURVE_WITH_KNOTS('',1,(#7725,#7726),.UNSPECIFIED.,.F.,
  .F.,(2,2),(-5.999999999062E-07,23.915616349143),
  .PIECEWISE_BEZIER_KNOTS.);
#7725 = CARTESIAN_POINT('',(64.91404743529,-35.09811236152));
#7726 = CARTESIAN_POINT('',(49.999784495665,-53.79360633803));
#7727 = ( GEOMETRIC_REPRESENTATION_CONTEXT(2) 
PARAMETRIC_REPRESENTATION_CONTEXT() REPRESENTATION_CONTEXT('2D SPACE',''
  ) );
#7728 = ORIENTED_EDGE('',*,*,#7729,.T.);
#7729 = EDGE_CURVE('',#7704,#7730,#7732,.T.);
#7730 = VERTEX_POINT('',#7731);
#7731 = CARTESIAN_POINT('',(-41.58438425085,372.49923226879,
    295.58917080785));
#7732 = SURFACE_CURVE('',#7733,(#7738,#7745),.PCURVE_S1.);
#7733 = CIRCLE('',#7734,8.);
#7734 = AXIS2_PLACEMENT_3D('',#7735,#7736,#7737);
#7735 = CARTESIAN_POINT('',(-41.58438425085,364.5,295.7));
#7736 = DIRECTION('',(-1.,0.,0.));
#7737 = DIRECTION('',(0.,0.,-1.));
#7738 = PCURVE('',#5005,#7739);
#7739 = DEFINITIONAL_REPRESENTATION('',(#7740),#7744);
#7740 = LINE('',#7741,#7742);
#7741 = CARTESIAN_POINT('',(0.,1.));
#7742 = VECTOR('',#7743,1.);
#7743 = DIRECTION('',(1.,0.));
#7744 = ( GEOMETRIC_REPRESENTATION_CONTEXT(2) 
PARAMETRIC_REPRESENTATION_CONTEXT() REPRESENTATION_CONTEXT('2D SPACE',''
  ) );
#7745 = PCURVE('',#7746,#7751);
#7746 = PLANE('',#7747);
#7747 = AXIS2_PLACEMENT_3D('',#7748,#7749,#7750);
#7748 = CARTESIAN_POINT('',(-41.58438425085,364.5,295.7));
#7749 = DIRECTION('',(-1.,0.,0.));
#7750 = DIRECTION('',(0.,0.,-1.));
#7751 = DEFINITIONAL_REPRESENTATION('',(#7752),#7756);
#7752 = CIRCLE('',#7753,8.);
#7753 = AXIS2_PLACEMENT_2D('',#7754,#7755);
#7754 = CARTESIAN_POINT('',(0.,0.));
#7755 = DIRECTION('',(1.,0.));
#7756 = ( GEOMETRIC_REPRESENTATION_CONTEXT(2) 
PARAMETRIC_REPRESENTATION_CONTEXT() REPRESENTATION_CONTEXT('2D SPACE',''
  ) );
#7757 = ORIENTED_EDGE('',*,*,#7758,.F.);
#7758 = EDGE_CURVE('',#7759,#7730,#7761,.T.);
#7759 = VERTEX_POINT('',#7760);
#7760 = CARTESIAN_POINT('',(-41.13739268603,367.5,288.2838015129));
#7761 = SURFACE_CURVE('',#7762,(#7807,#7855),.PCURVE_S1.);
#7762 = B_SPLINE_CURVE_WITH_KNOTS('',7,(#7763,#7764,#7765,#7766,#7767,
    #7768,#7769,#7770,#7771,#7772,#7773,#7774,#7775,#7776,#7777,#7778,
    #7779,#7780,#7781,#7782,#7783,#7784,#7785,#7786,#7787,#7788,#7789,
    #7790,#7791,#7792,#7793,#7794,#7795,#7796,#7797,#7798,#7799,#7800,
    #7801,#7802,#7803,#7804,#7805,#7806),.UNSPECIFIED.,.F.,.F.,(8,6,6,6,
    6,6,6,8),(0.,0.125660260852,0.219858457435,0.402530649308,
    0.540276760488,0.736656323415,0.894774772268,1.),.UNSPECIFIED.);
#7763 = CARTESIAN_POINT('',(-41.13832624997,367.45061124867,
    288.26401363239));
#7764 = CARTESIAN_POINT('',(-41.13038287972,367.86231103307,
    288.42737676337));
#7765 = CARTESIAN_POINT('',(-41.12592403996,368.25554984823,
    288.61419515399));
#7766 = CARTESIAN_POINT('',(-41.1247907612,368.6277226822,
    288.82130388823));
#7767 = CARTESIAN_POINT('',(-41.12671956779,368.97768216785,
    289.04538779758));
#7768 = CARTESIAN_POINT('',(-41.13142788673,369.30512713524,
    289.28346687805));
#7769 = CARTESIAN_POINT('',(-41.13864050968,369.61040494535,
    289.53303003261));
#7770 = CARTESIAN_POINT('',(-41.15523209398,370.10705907376,
    289.98651427403));
#7771 = CARTESIAN_POINT('',(-41.1636157179,370.30779313331,
    290.18619705353));
#7772 = CARTESIAN_POINT('',(-41.17317501305,370.49678793273,
    290.3904782725));
#7773 = CARTESIAN_POINT('',(-41.18381945756,370.67438042933,
    290.59866954946));
#7774 = CARTESIAN_POINT('',(-41.19546751628,370.84092461806,
    290.81018307471));
#7775 = CARTESIAN_POINT('',(-41.2080473844,370.99678366343,
    291.0245334364));
#7776 = CARTESIAN_POINT('',(-41.24758265291,371.42453790456,
    291.66178319978));
#7777 = CARTESIAN_POINT('',(-41.27692735462,371.6677622086,
    292.0912229617));
#7778 = CARTESIAN_POINT('',(-41.30908998665,371.87476521626,
    292.52700056101));
#7779 = CARTESIAN_POINT('',(-41.34372744688,372.04753831117,
    292.96698573577));
#7780 = CARTESIAN_POINT('',(-41.38055650914,372.18781697394,
    293.40949093615));
#7781 = CARTESIAN_POINT('',(-41.4193596235,372.297003636,293.85327928821
    ));
#7782 = CARTESIAN_POINT('',(-41.49062337538,372.43576680945,
    294.63257390862));
#7783 = CARTESIAN_POINT('',(-41.52228615167,372.47829724654,
    294.96775106198));
#7784 = CARTESIAN_POINT('',(-41.55490238763,372.50414327803,
    295.30266137326));
#7785 = CARTESIAN_POINT('',(-41.58840788104,372.51361866151,
    295.636893503));
#7786 = CARTESIAN_POINT('',(-41.62274593397,372.50694279473,
    295.9700551078));
#7787 = CARTESIAN_POINT('',(-41.65786691658,372.48424775186,
    296.30177278034));
#7788 = CARTESIAN_POINT('',(-41.74485649443,372.39040859255,
    297.10204328856));
#7789 = CARTESIAN_POINT('',(-41.7974747346,372.30277084771,
    297.56859435818));
#7790 = CARTESIAN_POINT('',(-41.85147189954,372.18275335832,
    298.03041543026));
#7791 = CARTESIAN_POINT('',(-41.90673547082,372.03004135163,
    298.48633073296));
#7792 = CARTESIAN_POINT('',(-41.96314774886,371.84399940068,
    298.93493093796));
#7793 = CARTESIAN_POINT('',(-42.02058526171,371.62368790533,
    299.37457493409));
#7794 = CARTESIAN_POINT('',(-42.1259069227,371.16126851407,
    300.1485060585));
#7795 = CARTESIAN_POINT('',(-42.17344719605,370.93187943842,
    300.48644863645));
#7796 = CARTESIAN_POINT('',(-42.22149942326,370.67852057776,
    300.81620957821));
#7797 = CARTESIAN_POINT('',(-42.26997509334,370.40023575332,
    301.13642867706));
#7798 = CARTESIAN_POINT('',(-42.31874718129,370.09599128779,
    301.44531973082));
#7799 = CARTESIAN_POINT('',(-42.36764970012,369.76472436681,
    301.74068832688));
#7800 = CARTESIAN_POINT('',(-42.44897558087,369.16577629637,
    302.20555998818));
#7801 = CARTESIAN_POINT('',(-42.48142661013,368.91398684117,
    302.3840428394));
#7802 = CARTESIAN_POINT('',(-42.51377224937,368.64936249254,
    302.55445852769));
#7803 = CARTESIAN_POINT('',(-42.54592471962,368.37163172353,
    302.71579297981));
#7804 = CARTESIAN_POINT('',(-42.57776989135,368.0806571499,
    302.86684255926));
#7805 = CARTESIAN_POINT('',(-42.60916819168,367.77647757422,
    303.00624418788));
#7806 = CARTESIAN_POINT('',(-42.63995572016,367.45935578569,
    303.13251056734));
#7807 = PCURVE('',#5005,#7808);
#7808 = DEFINITIONAL_REPRESENTATION('',(#7809),#7854);
#7809 = B_SPLINE_CURVE_WITH_KNOTS('',7,(#7810,#7811,#7812,#7813,#7814,
    #7815,#7816,#7817,#7818,#7819,#7820,#7821,#7822,#7823,#7824,#7825,
    #7826,#7827,#7828,#7829,#7830,#7831,#7832,#7833,#7834,#7835,#7836,
    #7837,#7838,#7839,#7840,#7841,#7842,#7843,#7844,#7845,#7846,#7847,
    #7848,#7849,#7850,#7851,#7852,#7853),.UNSPECIFIED.,.F.,.F.,(8,6,6,6,
    6,6,6,8),(0.,0.125660260852,0.219858457435,0.402530649308,
    0.540276760488,0.736656323415,0.894774772268,1.),.UNSPECIFIED.);
#7810 = CARTESIAN_POINT('',(5.905439213343,0.553941999121));
#7811 = CARTESIAN_POINT('',(5.850073352777,0.545998628871));
#7812 = CARTESIAN_POINT('',(5.795771083862,0.541539789103));
#7813 = CARTESIAN_POINT('',(5.742703576532,0.540406510348));
#7814 = CARTESIAN_POINT('',(5.69092852747,0.542335316935));
#7815 = CARTESIAN_POINT('',(5.640454785743,0.547043635874));
#7816 = CARTESIAN_POINT('',(5.591240297914,0.554256258825));
#7817 = CARTESIAN_POINT('',(5.507172497849,0.570847843124));
#7818 = CARTESIAN_POINT('',(5.471812568112,0.579231467047));
#7819 = CARTESIAN_POINT('',(5.437072393181,0.588790762198));
#7820 = CARTESIAN_POINT('',(5.402915068262,0.599435206709));
#7821 = CARTESIAN_POINT('',(5.369303545228,0.611083265423));
#7822 = CARTESIAN_POINT('',(5.33619877257,0.623663133548));
#7823 = CARTESIAN_POINT('',(5.240260889694,0.663198402056));
#7824 = CARTESIAN_POINT('',(5.178746340777,0.692543103771));
#7825 = CARTESIAN_POINT('',(5.118683457779,0.724705735801));
#7826 = CARTESIAN_POINT('',(5.059844168853,0.759343196023));
#7827 = CARTESIAN_POINT('',(5.002020222126,0.796172258284));
#7828 = CARTESIAN_POINT('',(4.945013161484,0.834975372645));
#7829 = CARTESIAN_POINT('',(4.84606910187,0.906239124529));
#7830 = CARTESIAN_POINT('',(4.803888775223,0.937901900817));
#7831 = CARTESIAN_POINT('',(4.761981285305,0.970518136781));
#7832 = CARTESIAN_POINT('',(4.720273865856,1.004023630186));
#7833 = CARTESIAN_POINT('',(4.678698005784,1.038361683119));
#7834 = CARTESIAN_POINT('',(4.637185047334,1.073482665722));
#7835 = CARTESIAN_POINT('',(4.536465862052,1.160472243575));
#7836 = CARTESIAN_POINT('',(4.477268047584,1.213090483748));
#7837 = CARTESIAN_POINT('',(4.417847121738,1.26708764869));
#7838 = CARTESIAN_POINT('',(4.358006153222,1.322351219964));
#7839 = CARTESIAN_POINT('',(4.297543860584,1.378763498012));
#7840 = CARTESIAN_POINT('',(4.236242734769,1.436201010859));
#7841 = CARTESIAN_POINT('',(4.12354838329,1.541522671844));
#7842 = CARTESIAN_POINT('',(4.07257837359,1.589062945201));
#7843 = CARTESIAN_POINT('',(4.020741908002,1.637115172409));
#7844 = CARTESIAN_POINT('',(3.967890613698,1.685590842487));
#7845 = CARTESIAN_POINT('',(3.913872431581,1.734362930434));
#7846 = CARTESIAN_POINT('',(3.858523096113,1.783265449272));
#7847 = CARTESIAN_POINT('',(3.763749974547,1.864591330019));
#7848 = CARTESIAN_POINT('',(3.72520720267,1.89704235928));
#7849 = CARTESIAN_POINT('',(3.685926592488,1.929387998521));
#7850 = CARTESIAN_POINT('',(3.645856185474,1.961540468767));
#7851 = CARTESIAN_POINT('',(3.604953044265,1.993385640496));
#7852 = CARTESIAN_POINT('',(3.563181844235,2.024783940823));
#7853 = CARTESIAN_POINT('',(3.520514997594,2.055571469304));
#7854 = ( GEOMETRIC_REPRESENTATION_CONTEXT(2) 
PARAMETRIC_REPRESENTATION_CONTEXT() REPRESENTATION_CONTEXT('2D SPACE',''
  ) );
#7855 = PCURVE('',#7856,#7883);
#7856 = OFFSET_SURFACE('',#7857,-3.5,.F.);
#7857 = B_SPLINE_SURFACE_WITH_KNOTS('',2,2,(
    (#7858,#7859,#7860,#7861,#7862)
    ,(#7863,#7864,#7865,#7866,#7867)
    ,(#7868,#7869,#7870,#7871,#7872)
    ,(#7873,#7874,#7875,#7876,#7877)
    ,(#7878,#7879,#7880,#7881,#7882
    )),.UNSPECIFIED.,.F.,.F.,.F.,(3,1,1,3),(3,1,1,3),(-33.53719886279,0.
    ,134.14879545117,167.68599431396),(-0.248897750228,0.,1.,
    1.248897750228),.UNSPECIFIED.);
#7858 = CARTESIAN_POINT('',(-43.67248335814,261.6775334512,
    205.33207979647));
#7859 = CARTESIAN_POINT('',(-42.83285145071,277.56943433595,
    208.05917624695));
#7860 = CARTESIAN_POINT('',(-38.65384098509,356.6665,221.63246295319));
#7861 = CARTESIAN_POINT('',(-34.47483051947,435.76356566404,
    235.20574965944));
#7862 = CARTESIAN_POINT('',(-33.63519861204,451.65546654879,
    237.93284610992));
#7863 = CARTESIAN_POINT('',(-44.99338650136,261.80586867191,
    221.28630277953));
#7864 = CARTESIAN_POINT('',(-44.24669325068,277.56943433595,
    224.37596388976));
#7865 = CARTESIAN_POINT('',(-40.5,356.6665,239.879));
#7866 = CARTESIAN_POINT('',(-36.75330674931,435.76356566404,
    255.38203611023));
#7867 = CARTESIAN_POINT('',(-36.00661349863,451.52713132808,
    258.47169722046));
#7868 = CARTESIAN_POINT('',(-52.51789627126,261.28843883467,
    308.68857207717));
#7869 = CARTESIAN_POINT('',(-51.74669325068,277.56943433595,
    309.84897555547));
#7870 = CARTESIAN_POINT('',(-48.,356.6665,315.4865));
#7871 = CARTESIAN_POINT('',(-44.25330674931,435.76356566404,
    321.12402444452));
#7872 = CARTESIAN_POINT('',(-43.48210372873,452.04456116532,
    322.28442792282));
#7873 = CARTESIAN_POINT('',(-60.01957367619,261.25302685966,
    396.19415057801));
#7874 = CARTESIAN_POINT('',(-59.24669325068,277.56943433595,
    395.32198722117));
#7875 = CARTESIAN_POINT('',(-55.5,356.6665,391.094));
#7876 = CARTESIAN_POINT('',(-51.75330674931,435.76356566404,
    386.86601277882));
#7877 = CARTESIAN_POINT('',(-50.98042632381,452.07997314033,
    385.99384942198));
#7878 = CARTESIAN_POINT('',(-61.34591114132,261.21304113747,
    412.11402487593));
#7879 = CARTESIAN_POINT('',(-60.66053505065,277.56943433595,
    411.63877486399));
#7880 = CARTESIAN_POINT('',(-57.3461590149,356.6665,409.3405370468));
#7881 = CARTESIAN_POINT('',(-54.03178297915,435.76356566404,
    407.04229922961));
#7882 = CARTESIAN_POINT('',(-53.34640688848,452.11995886253,
    406.56704921766));
#7883 = DEFINITIONAL_REPRESENTATION('',(#7884),#7929);
#7884 = B_SPLINE_CURVE_WITH_KNOTS('',7,(#7885,#7886,#7887,#7888,#7889,
    #7890,#7891,#7892,#7893,#7894,#7895,#7896,#7897,#7898,#7899,#7900,
    #7901,#7902,#7903,#7904,#7905,#7906,#7907,#7908,#7909,#7910,#7911,
    #7912,#7913,#7914,#7915,#7916,#7917,#7918,#7919,#7920,#7921,#7922,
    #7923,#7924,#7925,#7926,#7927,#7928),.UNSPECIFIED.,.F.,.F.,(8,6,6,6,
    6,6,6,8),(0.,0.125660260852,0.219858457435,0.402530649308,
    0.540276760488,0.736656323415,0.894774772268,1.),.UNSPECIFIED.);
#7885 = CARTESIAN_POINT('',(35.04795249861,0.586767165173));
#7886 = CARTESIAN_POINT('',(35.176895308046,0.590017103989));
#7887 = CARTESIAN_POINT('',(35.33502985239,0.593121168509));
#7888 = CARTESIAN_POINT('',(35.519201189805,0.59605880417));
#7889 = CARTESIAN_POINT('',(35.72585698,0.598820966616));
#7890 = CARTESIAN_POINT('',(35.951678920266,0.601405291588));
#7891 = CARTESIAN_POINT('',(36.193774036062,0.603814533464));
#7892 = CARTESIAN_POINT('',(36.641941203278,0.607733884808));
#7893 = CARTESIAN_POINT('',(36.841834965037,0.60931790179));
#7894 = CARTESIAN_POINT('',(37.048663533328,0.610809205358));
#7895 = CARTESIAN_POINT('',(37.261593131079,0.612210459327));
#7896 = CARTESIAN_POINT('',(37.47989945817,0.613524461589));
#7897 = CARTESIAN_POINT('',(37.702971844278,0.614754081969));
#7898 = CARTESIAN_POINT('',(38.371201955173,0.618128534901));
#7899 = CARTESIAN_POINT('',(38.827907560388,0.620046955116));
#7900 = CARTESIAN_POINT('',(39.296959711847,0.62167934732));
#7901 = CARTESIAN_POINT('',(39.775575893002,0.623041445803));
#7902 = CARTESIAN_POINT('',(40.261507619469,0.624146962264));
#7903 = CARTESIAN_POINT('',(40.75306448668,0.625006976597));
#7904 = CARTESIAN_POINT('',(41.62316587121,0.626098933857));
#7905 = CARTESIAN_POINT('',(41.999641708036,0.626433159552));
#7906 = CARTESIAN_POINT('',(42.377952763004,0.626635650624));
#7907 = CARTESIAN_POINT('',(42.757547211703,0.626708886719));
#7908 = CARTESIAN_POINT('',(43.137907216534,0.626654602349));
#7909 = CARTESIAN_POINT('',(43.518547770956,0.626473842457));
#7910 = CARTESIAN_POINT('',(44.441438645805,0.625729138595));
#7911 = CARTESIAN_POINT('',(44.983346453,0.625034975985));
#7912 = CARTESIAN_POINT('',(45.523544851936,0.624085177279));
#7913 = CARTESIAN_POINT('',(46.060609381386,0.622877263721));
#7914 = CARTESIAN_POINT('',(46.592888050242,0.621406225882));
#7915 = CARTESIAN_POINT('',(47.118503442507,0.619664653766));
#7916 = CARTESIAN_POINT('',(48.051401524867,0.616009917631));
#7917 = CARTESIAN_POINT('',(48.461566791931,0.614197158026));
#7918 = CARTESIAN_POINT('',(48.864777855494,0.612195183618));
#7919 = CARTESIAN_POINT('',(49.259539404144,0.609996451683));
#7920 = CARTESIAN_POINT('',(49.643884549506,0.607592809576));
#7921 = CARTESIAN_POINT('',(50.01539539617,0.604975876445));
#7922 = CARTESIAN_POINT('',(50.607814086031,0.600244654446));
#7923 = CARTESIAN_POINT('',(50.837436583946,0.598255795506));
#7924 = CARTESIAN_POINT('',(51.05909226758,0.596165637216));
#7925 = CARTESIAN_POINT('',(51.271656149258,0.593972040513));
#7926 = CARTESIAN_POINT('',(51.473779594901,0.591673926314));
#7927 = CARTESIAN_POINT('',(51.663922704737,0.589271607308));
#7928 = CARTESIAN_POINT('',(51.840392071635,0.586767165173));
#7929 = ( GEOMETRIC_REPRESENTATION_CONTEXT(2) 
PARAMETRIC_REPRESENTATION_CONTEXT() REPRESENTATION_CONTEXT('2D SPACE',''
  ) );
#7930 = ORIENTED_EDGE('',*,*,#7931,.F.);
#7931 = EDGE_CURVE('',#7932,#7759,#7934,.T.);
#7932 = VERTEX_POINT('',#7933);
#7933 = CARTESIAN_POINT('',(-40.58438425085,367.5,288.2838015129));
#7934 = SURFACE_CURVE('',#7935,(#7939,#7945),.PCURVE_S1.);
#7935 = LINE('',#7936,#7937);
#7936 = CARTESIAN_POINT('',(-40.58438425085,367.5,288.2838015129));
#7937 = VECTOR('',#7938,1.);
#7938 = DIRECTION('',(-1.,0.,0.));
#7939 = PCURVE('',#5005,#7940);
#7940 = DEFINITIONAL_REPRESENTATION('',(#7941),#7944);
#7941 = B_SPLINE_CURVE_WITH_KNOTS('',1,(#7942,#7943),.UNSPECIFIED.,.F.,
  .F.,(2,2),(-5.999999999062E-07,23.915616349143),
  .PIECEWISE_BEZIER_KNOTS.);
#7942 = CARTESIAN_POINT('',(5.898788532684,-5.999999999062E-07));
#7943 = CARTESIAN_POINT('',(5.898788532684,23.915616349143));
#7944 = ( GEOMETRIC_REPRESENTATION_CONTEXT(2) 
PARAMETRIC_REPRESENTATION_CONTEXT() REPRESENTATION_CONTEXT('2D SPACE',''
  ) );
#7945 = PCURVE('',#7718,#7946);
#7946 = DEFINITIONAL_REPRESENTATION('',(#7947),#7950);
#7947 = B_SPLINE_CURVE_WITH_KNOTS('',1,(#7948,#7949),.UNSPECIFIED.,.F.,
  .F.,(2,2),(-5.999999999062E-07,23.915616349143),
  .PIECEWISE_BEZIER_KNOTS.);
#7948 = CARTESIAN_POINT('',(76.508939127942,-44.34789542036));
#7949 = CARTESIAN_POINT('',(61.594676188317,-63.04338939687));
#7950 = ( GEOMETRIC_REPRESENTATION_CONTEXT(2) 
PARAMETRIC_REPRESENTATION_CONTEXT() REPRESENTATION_CONTEXT('2D SPACE',''
  ) );
#7951 = ORIENTED_EDGE('',*,*,#7952,.T.);
#7952 = EDGE_CURVE('',#7932,#7610,#7953,.T.);
#7953 = SURFACE_CURVE('',#7954,(#7959,#7966),.PCURVE_S1.);
#7954 = CIRCLE('',#7955,8.);
#7955 = AXIS2_PLACEMENT_3D('',#7956,#7957,#7958);
#7956 = CARTESIAN_POINT('',(-40.58438425085,364.5,295.7));
#7957 = DIRECTION('',(-1.,0.,0.));
#7958 = DIRECTION('',(0.,0.,-1.));
#7959 = PCURVE('',#5005,#7960);
#7960 = DEFINITIONAL_REPRESENTATION('',(#7961),#7965);
#7961 = LINE('',#7962,#7963);
#7962 = CARTESIAN_POINT('',(0.,0.));
#7963 = VECTOR('',#7964,1.);
#7964 = DIRECTION('',(1.,0.));
#7965 = ( GEOMETRIC_REPRESENTATION_CONTEXT(2) 
PARAMETRIC_REPRESENTATION_CONTEXT() REPRESENTATION_CONTEXT('2D SPACE',''
  ) );
#7966 = PCURVE('',#7428,#7967);
#7967 = DEFINITIONAL_REPRESENTATION('',(#7968),#7972);
#7968 = CIRCLE('',#7969,8.);
#7969 = AXIS2_PLACEMENT_2D('',#7970,#7971);
#7970 = CARTESIAN_POINT('',(0.,0.));
#7971 = DIRECTION('',(1.,0.));
#7972 = ( GEOMETRIC_REPRESENTATION_CONTEXT(2) 
PARAMETRIC_REPRESENTATION_CONTEXT() REPRESENTATION_CONTEXT('2D SPACE',''
  ) );
#7973 = ORIENTED_EDGE('',*,*,#7609,.T.);
#7974 = ADVANCED_FACE('',(#7975),#4893,.F.);
#7975 = FACE_BOUND('',#7976,.F.);
#7976 = EDGE_LOOP('',(#7977,#7978,#7979,#8001));
#7977 = ORIENTED_EDGE('',*,*,#7656,.F.);
#7978 = ORIENTED_EDGE('',*,*,#4873,.T.);
#7979 = ORIENTED_EDGE('',*,*,#7980,.T.);
#7980 = EDGE_CURVE('',#4702,#7351,#7981,.T.);
#7981 = SURFACE_CURVE('',#7982,(#7987,#7994),.PCURVE_S1.);
#7982 = CIRCLE('',#7983,11.5);
#7983 = AXIS2_PLACEMENT_3D('',#7984,#7985,#7986);
#7984 = CARTESIAN_POINT('',(-41.58438425085,364.5,295.7));
#7985 = DIRECTION('',(-1.,0.,0.));
#7986 = DIRECTION('',(0.,0.,-1.));
#7987 = PCURVE('',#4893,#7988);
#7988 = DEFINITIONAL_REPRESENTATION('',(#7989),#7993);
#7989 = CIRCLE('',#7990,11.5);
#7990 = AXIS2_PLACEMENT_2D('',#7991,#7992);
#7991 = CARTESIAN_POINT('',(0.,0.));
#7992 = DIRECTION('',(1.,0.));
#7993 = ( GEOMETRIC_REPRESENTATION_CONTEXT(2) 
PARAMETRIC_REPRESENTATION_CONTEXT() REPRESENTATION_CONTEXT('2D SPACE',''
  ) );
#7994 = PCURVE('',#4813,#7995);
#7995 = DEFINITIONAL_REPRESENTATION('',(#7996),#8000);
#7996 = LINE('',#7997,#7998);
#7997 = CARTESIAN_POINT('',(0.,0.));
#7998 = VECTOR('',#7999,1.);
#7999 = DIRECTION('',(1.,0.));
#8000 = ( GEOMETRIC_REPRESENTATION_CONTEXT(2) 
PARAMETRIC_REPRESENTATION_CONTEXT() REPRESENTATION_CONTEXT('2D SPACE',''
  ) );
#8001 = ORIENTED_EDGE('',*,*,#7371,.T.);
#8002 = ADVANCED_FACE('',(#8003),#4813,.T.);
#8003 = FACE_BOUND('',#8004,.T.);
#8004 = EDGE_LOOP('',(#8005,#8006,#8007));
#8005 = ORIENTED_EDGE('',*,*,#4701,.T.);
#8006 = ORIENTED_EDGE('',*,*,#7980,.T.);
#8007 = ORIENTED_EDGE('',*,*,#7350,.T.);
#8008 = ADVANCED_FACE('',(#8009),#6392,.T.);
#8009 = FACE_BOUND('',#8010,.T.);
#8010 = EDGE_LOOP('',(#8011,#8012,#8034));
#8011 = ORIENTED_EDGE('',*,*,#7550,.F.);
#8012 = ORIENTED_EDGE('',*,*,#8013,.T.);
#8013 = EDGE_CURVE('',#7530,#6261,#8014,.T.);
#8014 = SURFACE_CURVE('',#8015,(#8020,#8027),.PCURVE_S1.);
#8015 = CIRCLE('',#8016,11.5);
#8016 = AXIS2_PLACEMENT_3D('',#8017,#8018,#8019);
#8017 = CARTESIAN_POINT('',(41.584384250857,364.5,295.7));
#8018 = DIRECTION('',(1.,0.,0.));
#8019 = DIRECTION('',(-0.,0.,1.));
#8020 = PCURVE('',#6392,#8021);
#8021 = DEFINITIONAL_REPRESENTATION('',(#8022),#8026);
#8022 = LINE('',#8023,#8024);
#8023 = CARTESIAN_POINT('',(0.,0.));
#8024 = VECTOR('',#8025,1.);
#8025 = DIRECTION('',(1.,0.));
#8026 = ( GEOMETRIC_REPRESENTATION_CONTEXT(2) 
PARAMETRIC_REPRESENTATION_CONTEXT() REPRESENTATION_CONTEXT('2D SPACE',''
  ) );
#8027 = PCURVE('',#6280,#8028);
#8028 = DEFINITIONAL_REPRESENTATION('',(#8029),#8033);
#8029 = CIRCLE('',#8030,11.5);
#8030 = AXIS2_PLACEMENT_2D('',#8031,#8032);
#8031 = CARTESIAN_POINT('',(0.,0.));
#8032 = DIRECTION('',(1.,0.));
#8033 = ( GEOMETRIC_REPRESENTATION_CONTEXT(2) 
PARAMETRIC_REPRESENTATION_CONTEXT() REPRESENTATION_CONTEXT('2D SPACE',''
  ) );
#8034 = ORIENTED_EDGE('',*,*,#6294,.T.);
#8035 = ADVANCED_FACE('',(#8036),#6280,.F.);
#8036 = FACE_BOUND('',#8037,.F.);
#8037 = EDGE_LOOP('',(#8038,#8060,#8061,#8062));
#8038 = ORIENTED_EDGE('',*,*,#8039,.F.);
#8039 = EDGE_CURVE('',#7509,#6110,#8040,.T.);
#8040 = SURFACE_CURVE('',#8041,(#8046,#8053),.PCURVE_S1.);
#8041 = CIRCLE('',#8042,8.);
#8042 = AXIS2_PLACEMENT_3D('',#8043,#8044,#8045);
#8043 = CARTESIAN_POINT('',(41.584384250857,364.5,295.7));
#8044 = DIRECTION('',(1.,0.,0.));
#8045 = DIRECTION('',(-0.,0.,1.));
#8046 = PCURVE('',#6280,#8047);
#8047 = DEFINITIONAL_REPRESENTATION('',(#8048),#8052);
#8048 = CIRCLE('',#8049,8.);
#8049 = AXIS2_PLACEMENT_2D('',#8050,#8051);
#8050 = CARTESIAN_POINT('',(0.,0.));
#8051 = DIRECTION('',(1.,0.));
#8052 = ( GEOMETRIC_REPRESENTATION_CONTEXT(2) 
PARAMETRIC_REPRESENTATION_CONTEXT() REPRESENTATION_CONTEXT('2D SPACE',''
  ) );
#8053 = PCURVE('',#6207,#8054);
#8054 = DEFINITIONAL_REPRESENTATION('',(#8055),#8059);
#8055 = LINE('',#8056,#8057);
#8056 = CARTESIAN_POINT('',(0.,1.));
#8057 = VECTOR('',#8058,1.);
#8058 = DIRECTION('',(1.,0.));
#8059 = ( GEOMETRIC_REPRESENTATION_CONTEXT(2) 
PARAMETRIC_REPRESENTATION_CONTEXT() REPRESENTATION_CONTEXT('2D SPACE',''
  ) );
#8060 = ORIENTED_EDGE('',*,*,#7529,.T.);
#8061 = ORIENTED_EDGE('',*,*,#8013,.T.);
#8062 = ORIENTED_EDGE('',*,*,#6260,.T.);
#8063 = ADVANCED_FACE('',(#8064),#6207,.F.);
#8064 = FACE_BOUND('',#8065,.F.);
#8065 = EDGE_LOOP('',(#8066,#8067,#8090,#8112,#8113,#8114,#8115,#8116,
    #8140,#8161,#8352,#8381,#8402,#8424));
#8066 = ORIENTED_EDGE('',*,*,#7321,.F.);
#8067 = ORIENTED_EDGE('',*,*,#8068,.F.);
#8068 = EDGE_CURVE('',#8069,#7322,#8071,.T.);
#8069 = VERTEX_POINT('',#8070);
#8070 = CARTESIAN_POINT('',(40.584384250857,364.5,303.7));
#8071 = SEAM_CURVE('',#8072,(#8076,#8083),.PCURVE_S1.);
#8072 = LINE('',#8073,#8074);
#8073 = CARTESIAN_POINT('',(40.584384250857,364.5,303.7));
#8074 = VECTOR('',#8075,1.);
#8075 = DIRECTION('',(1.,0.,0.));
#8076 = PCURVE('',#6207,#8077);
#8077 = DEFINITIONAL_REPRESENTATION('',(#8078),#8082);
#8078 = LINE('',#8079,#8080);
#8079 = CARTESIAN_POINT('',(6.28318530718,-0.));
#8080 = VECTOR('',#8081,1.);
#8081 = DIRECTION('',(0.,1.));
#8082 = ( GEOMETRIC_REPRESENTATION_CONTEXT(2) 
PARAMETRIC_REPRESENTATION_CONTEXT() REPRESENTATION_CONTEXT('2D SPACE',''
  ) );
#8083 = PCURVE('',#6207,#8084);
#8084 = DEFINITIONAL_REPRESENTATION('',(#8085),#8089);
#8085 = LINE('',#8086,#8087);
#8086 = CARTESIAN_POINT('',(0.,-0.));
#8087 = VECTOR('',#8088,1.);
#8088 = DIRECTION('',(0.,1.));
#8089 = ( GEOMETRIC_REPRESENTATION_CONTEXT(2) 
PARAMETRIC_REPRESENTATION_CONTEXT() REPRESENTATION_CONTEXT('2D SPACE',''
  ) );
#8090 = ORIENTED_EDGE('',*,*,#8091,.T.);
#8091 = EDGE_CURVE('',#8069,#7483,#8092,.T.);
#8092 = SURFACE_CURVE('',#8093,(#8098,#8105),.PCURVE_S1.);
#8093 = CIRCLE('',#8094,8.);
#8094 = AXIS2_PLACEMENT_3D('',#8095,#8096,#8097);
#8095 = CARTESIAN_POINT('',(40.584384250857,364.5,295.7));
#8096 = DIRECTION('',(1.,0.,0.));
#8097 = DIRECTION('',(-0.,0.,1.));
#8098 = PCURVE('',#6207,#8099);
#8099 = DEFINITIONAL_REPRESENTATION('',(#8100),#8104);
#8100 = LINE('',#8101,#8102);
#8101 = CARTESIAN_POINT('',(0.,0.));
#8102 = VECTOR('',#8103,1.);
#8103 = DIRECTION('',(1.,0.));
#8104 = ( GEOMETRIC_REPRESENTATION_CONTEXT(2) 
PARAMETRIC_REPRESENTATION_CONTEXT() REPRESENTATION_CONTEXT('2D SPACE',''
  ) );
#8105 = PCURVE('',#7497,#8106);
#8106 = DEFINITIONAL_REPRESENTATION('',(#8107),#8111);
#8107 = CIRCLE('',#8108,8.);
#8108 = AXIS2_PLACEMENT_2D('',#8109,#8110);
#8109 = CARTESIAN_POINT('',(0.,0.));
#8110 = DIRECTION('',(1.,0.));
#8111 = ( GEOMETRIC_REPRESENTATION_CONTEXT(2) 
PARAMETRIC_REPRESENTATION_CONTEXT() REPRESENTATION_CONTEXT('2D SPACE',''
  ) );
#8112 = ORIENTED_EDGE('',*,*,#7508,.T.);
#8113 = ORIENTED_EDGE('',*,*,#8039,.T.);
#8114 = ORIENTED_EDGE('',*,*,#6109,.F.);
#8115 = ORIENTED_EDGE('',*,*,#7461,.F.);
#8116 = ORIENTED_EDGE('',*,*,#8117,.T.);
#8117 = EDGE_CURVE('',#7462,#8118,#8120,.T.);
#8118 = VERTEX_POINT('',#8119);
#8119 = CARTESIAN_POINT('',(40.584384250857,367.5,288.2838015129));
#8120 = SURFACE_CURVE('',#8121,(#8126,#8133),.PCURVE_S1.);
#8121 = CIRCLE('',#8122,8.);
#8122 = AXIS2_PLACEMENT_3D('',#8123,#8124,#8125);
#8123 = CARTESIAN_POINT('',(40.584384250857,364.5,295.7));
#8124 = DIRECTION('',(1.,0.,0.));
#8125 = DIRECTION('',(-0.,0.,1.));
#8126 = PCURVE('',#6207,#8127);
#8127 = DEFINITIONAL_REPRESENTATION('',(#8128),#8132);
#8128 = LINE('',#8129,#8130);
#8129 = CARTESIAN_POINT('',(0.,0.));
#8130 = VECTOR('',#8131,1.);
#8131 = DIRECTION('',(1.,0.));
#8132 = ( GEOMETRIC_REPRESENTATION_CONTEXT(2) 
PARAMETRIC_REPRESENTATION_CONTEXT() REPRESENTATION_CONTEXT('2D SPACE',''
  ) );
#8133 = PCURVE('',#7497,#8134);
#8134 = DEFINITIONAL_REPRESENTATION('',(#8135),#8139);
#8135 = CIRCLE('',#8136,8.);
#8136 = AXIS2_PLACEMENT_2D('',#8137,#8138);
#8137 = CARTESIAN_POINT('',(0.,0.));
#8138 = DIRECTION('',(1.,0.));
#8139 = ( GEOMETRIC_REPRESENTATION_CONTEXT(2) 
PARAMETRIC_REPRESENTATION_CONTEXT() REPRESENTATION_CONTEXT('2D SPACE',''
  ) );
#8140 = ORIENTED_EDGE('',*,*,#8141,.T.);
#8141 = EDGE_CURVE('',#8118,#8142,#8144,.T.);
#8142 = VERTEX_POINT('',#8143);
#8143 = CARTESIAN_POINT('',(41.137392686032,367.5,288.2838015129));
#8144 = SURFACE_CURVE('',#8145,(#8149,#8155),.PCURVE_S1.);
#8145 = LINE('',#8146,#8147);
#8146 = CARTESIAN_POINT('',(40.584384250857,367.5,288.2838015129));
#8147 = VECTOR('',#8148,1.);
#8148 = DIRECTION('',(1.,0.,0.));
#8149 = PCURVE('',#6207,#8150);
#8150 = DEFINITIONAL_REPRESENTATION('',(#8151),#8154);
#8151 = B_SPLINE_CURVE_WITH_KNOTS('',1,(#8152,#8153),.UNSPECIFIED.,.F.,
  .F.,(2,2),(-5.999999999062E-07,23.915616349143),
  .PIECEWISE_BEZIER_KNOTS.);
#8152 = CARTESIAN_POINT('',(3.525989428085,-5.999999999062E-07));
#8153 = CARTESIAN_POINT('',(3.525989428085,23.915616349143));
#8154 = ( GEOMETRIC_REPRESENTATION_CONTEXT(2) 
PARAMETRIC_REPRESENTATION_CONTEXT() REPRESENTATION_CONTEXT('2D SPACE',''
  ) );
#8155 = PCURVE('',#7718,#8156);
#8156 = DEFINITIONAL_REPRESENTATION('',(#8157),#8160);
#8157 = B_SPLINE_CURVE_WITH_KNOTS('',1,(#8158,#8159),.UNSPECIFIED.,.F.,
  .F.,(2,2),(-5.999999999062E-07,23.915616349143),
  .PIECEWISE_BEZIER_KNOTS.);
#8158 = CARTESIAN_POINT('',(127.12742580956,19.10395712424));
#8159 = CARTESIAN_POINT('',(142.04168874919,37.799451100753));
#8160 = ( GEOMETRIC_REPRESENTATION_CONTEXT(2) 
PARAMETRIC_REPRESENTATION_CONTEXT() REPRESENTATION_CONTEXT('2D SPACE',''
  ) );
#8161 = ORIENTED_EDGE('',*,*,#8162,.F.);
#8162 = EDGE_CURVE('',#8163,#8142,#8165,.T.);
#8163 = VERTEX_POINT('',#8164);
#8164 = CARTESIAN_POINT('',(41.584384250857,372.49923226879,
    295.58917080785));
#8165 = SURFACE_CURVE('',#8166,(#8217,#8271),.PCURVE_S1.);
#8166 = B_SPLINE_CURVE_WITH_KNOTS('',7,(#8167,#8168,#8169,#8170,#8171,
    #8172,#8173,#8174,#8175,#8176,#8177,#8178,#8179,#8180,#8181,#8182,
    #8183,#8184,#8185,#8186,#8187,#8188,#8189,#8190,#8191,#8192,#8193,
    #8194,#8195,#8196,#8197,#8198,#8199,#8200,#8201,#8202,#8203,#8204,
    #8205,#8206,#8207,#8208,#8209,#8210,#8211,#8212,#8213,#8214,#8215,
    #8216),.UNSPECIFIED.,.F.,.F.,(8,6,6,6,6,6,6,6,8),(0.,0.104196401219,
    0.18972971834,0.263177044195,0.464934088537,0.642476031849,
    0.780903318827,0.87669572057,1.),.UNSPECIFIED.);
#8167 = CARTESIAN_POINT('',(42.639955720161,367.45935578569,
    303.13251056734));
#8168 = CARTESIAN_POINT('',(42.609469768751,367.77337123003,
    303.00748102132));
#8169 = CARTESIAN_POINT('',(42.578384781598,368.07469853041,
    302.86957159721));
#8170 = CARTESIAN_POINT('',(42.546860067057,368.36308033277,
    302.7202268274));
#8171 = CARTESIAN_POINT('',(42.515031462975,368.63847623779,
    302.5607719106));
#8172 = CARTESIAN_POINT('',(42.483010252241,368.90101668436,
    302.3923786201));
#8173 = CARTESIAN_POINT('',(42.450882282013,369.15096250446,
    302.21603623162));
#8174 = CARTESIAN_POINT('',(42.392295298719,369.58380091377,
    301.88188778601));
#8175 = CARTESIAN_POINT('',(42.365855864519,369.77065384923,
    301.72644335128));
#8176 = CARTESIAN_POINT('',(42.339424818051,369.94940892269,
    301.56664487322));
#8177 = CARTESIAN_POINT('',(42.313033268768,370.12024368574,
    301.40289376373));
#8178 = CARTESIAN_POINT('',(42.286707611414,370.28333381652,
    301.23554288802));
#8179 = CARTESIAN_POINT('',(42.260469535909,370.43885366132,
    301.06489731251));
#8180 = CARTESIAN_POINT('',(42.211895242725,370.71416986376,
    300.74207436773));
#8181 = CARTESIAN_POINT('',(42.189532558665,370.83590309393,
    300.59070111552));
#8182 = CARTESIAN_POINT('',(42.167259362953,370.95228268353,
    300.43726263455));
#8183 = CARTESIAN_POINT('',(42.145086013998,371.0634061123,
    300.28191105467));
#8184 = CARTESIAN_POINT('',(42.123021833765,371.16936312747,
    300.12478375346));
#8185 = CARTESIAN_POINT('',(42.101075090807,371.2702367483,
    299.96600381234));
#8186 = CARTESIAN_POINT('',(42.019308473978,371.62944875233,
    299.36527828309));
#8187 = CARTESIAN_POINT('',(41.960321655601,371.85494230663,
    298.91335624186));
#8188 = CARTESIAN_POINT('',(41.902419504529,372.04431054595,
    298.45202941876));
#8189 = CARTESIAN_POINT('',(41.845735713722,372.19855446618,
    297.98306529976));
#8190 = CARTESIAN_POINT('',(41.790397921349,372.3183425226,
    297.5079804009));
#8191 = CARTESIAN_POINT('',(41.736528500328,372.40398787379,
    297.0280371716));
#8192 = CARTESIAN_POINT('',(41.638246162808,372.50051035832,
    296.11848673732));
#8193 = CARTESIAN_POINT('',(41.593491509935,372.51910991241,
    295.68991101284));
#8194 = CARTESIAN_POINT('',(41.550071543179,372.51105233017,
    295.25921460598));
#8195 = CARTESIAN_POINT('',(41.508098405256,372.47595046546,
    294.82719471941));
#8196 = CARTESIAN_POINT('',(41.467706469528,372.41318993689,
    294.39473516577));
#8197 = CARTESIAN_POINT('',(41.429054640493,372.32189379214,
    293.96280813541));
#8198 = CARTESIAN_POINT('',(41.363705926907,372.10632850712,
    293.19694926673));
#8199 = CARTESIAN_POINT('',(41.336259209206,371.9937800695,
    292.86248478272));
#8200 = CARTESIAN_POINT('',(41.310082976138,371.86252048383,
    292.52955557761));
#8201 = CARTESIAN_POINT('',(41.285291251962,371.71181432874,
    292.19881741637));
#8202 = CARTESIAN_POINT('',(41.262021617695,371.54083077891,
    291.87110235188));
#8203 = CARTESIAN_POINT('',(41.240437215419,371.34861802781,
    291.54742483077));
#8204 = CARTESIAN_POINT('',(41.207098485536,370.98550820679,
    291.00864704139));
#8205 = CARTESIAN_POINT('',(41.194366876414,370.82630960089,
    290.79085505145));
#8206 = CARTESIAN_POINT('',(41.182602813429,370.65604022779,
    290.57602265145));
#8207 = CARTESIAN_POINT('',(41.171882299262,370.47431726589,
    290.364664666));
#8208 = CARTESIAN_POINT('',(41.162291796565,370.2807690167,
    290.15740675454));
#8209 = CARTESIAN_POINT('',(41.153927365179,370.07504400033,
    289.95498322586));
#8210 = CARTESIAN_POINT('',(41.137841484209,369.57590749998,
    289.50498522482));
#8211 = CARTESIAN_POINT('',(41.130995996315,369.27432207087,
    289.26117726651));
#8212 = CARTESIAN_POINT('',(41.126581320105,368.95136932796,
    289.02860570216));
#8213 = CARTESIAN_POINT('',(41.124858018304,368.60675062461,
    288.80966659102));
#8214 = CARTESIAN_POINT('',(41.126092541532,368.24078111939,
    288.60718913981));
#8215 = CARTESIAN_POINT('',(41.130532117747,367.85457612229,
    288.42430753844));
#8216 = CARTESIAN_POINT('',(41.138326249978,367.45061124867,
    288.26401363239));
#8217 = PCURVE('',#6207,#8218);
#8218 = DEFINITIONAL_REPRESENTATION('',(#8219),#8270);
#8219 = B_SPLINE_CURVE_WITH_KNOTS('',7,(#8220,#8221,#8222,#8223,#8224,
    #8225,#8226,#8227,#8228,#8229,#8230,#8231,#8232,#8233,#8234,#8235,
    #8236,#8237,#8238,#8239,#8240,#8241,#8242,#8243,#8244,#8245,#8246,
    #8247,#8248,#8249,#8250,#8251,#8252,#8253,#8254,#8255,#8256,#8257,
    #8258,#8259,#8260,#8261,#8262,#8263,#8264,#8265,#8266,#8267,#8268,
    #8269),.UNSPECIFIED.,.F.,.F.,(8,6,6,6,6,6,6,6,8),(0.,0.104196401219,
    0.18972971834,0.263177044195,0.464934088537,0.642476031849,
    0.780903318827,0.87669572057,1.),.UNSPECIFIED.);
#8220 = CARTESIAN_POINT('',(5.904262963175,2.055571469304));
#8221 = CARTESIAN_POINT('',(5.862014056631,2.025085517894));
#8222 = CARTESIAN_POINT('',(5.820643099335,1.994000530741));
#8223 = CARTESIAN_POINT('',(5.780123586206,1.9624758162));
#8224 = CARTESIAN_POINT('',(5.740421387034,1.930647212117));
#8225 = CARTESIAN_POINT('',(5.701494922821,1.898626001384));
#8226 = CARTESIAN_POINT('',(5.663293855844,1.866498031156));
#8227 = CARTESIAN_POINT('',(5.594942251953,1.807911047861));
#8228 = CARTESIAN_POINT('',(5.564580236174,1.781471613662));
#8229 = CARTESIAN_POINT('',(5.534639149134,1.755040567194));
#8230 = CARTESIAN_POINT('',(5.505090501024,1.72864901791));
#8231 = CARTESIAN_POINT('',(5.475907261159,1.702323360557));
#8232 = CARTESIAN_POINT('',(5.447062709936,1.676085285052));
#8233 = CARTESIAN_POINT('',(5.39402768834,1.627510991868));
#8234 = CARTESIAN_POINT('',(5.369756607093,1.605148307808));
#8235 = CARTESIAN_POINT('',(5.345699344524,1.582875112095));
#8236 = CARTESIAN_POINT('',(5.321840440758,1.560701763141));
#8237 = CARTESIAN_POINT('',(5.298165291141,1.538637582908));
#8238 = CARTESIAN_POINT('',(5.274659758806,1.51669083995));
#8239 = CARTESIAN_POINT('',(5.187168292675,1.434924223121));
#8240 = CARTESIAN_POINT('',(5.124219080222,1.375937404744));
#8241 = CARTESIAN_POINT('',(5.062147505518,1.318035253671));
#8242 = CARTESIAN_POINT('',(5.000719383992,1.261351462865));
#8243 = CARTESIAN_POINT('',(4.939717703468,1.206013670491));
#8244 = CARTESIAN_POINT('',(4.878930058786,1.152144249471));
#8245 = CARTESIAN_POINT('',(4.764597854873,1.053861911951));
#8246 = CARTESIAN_POINT('',(4.711079541114,1.009107259078));
#8247 = CARTESIAN_POINT('',(4.657399493339,0.965687292322));
#8248 = CARTESIAN_POINT('',(4.603409873863,0.923714154399));
#8249 = CARTESIAN_POINT('',(4.548964259015,0.883322218671));
#8250 = CARTESIAN_POINT('',(4.49390075112,0.844670389636));
#8251 = CARTESIAN_POINT('',(4.394448485651,0.77932167605));
#8252 = CARTESIAN_POINT('',(4.350392405336,0.751874958348));
#8253 = CARTESIAN_POINT('',(4.305752528408,0.725698725281));
#8254 = CARTESIAN_POINT('',(4.260433468934,0.700907001105));
#8255 = CARTESIAN_POINT('',(4.214338447726,0.677637366838));
#8256 = CARTESIAN_POINT('',(4.16735925844,0.656052964562));
#8257 = CARTESIAN_POINT('',(4.086144819256,0.622714234679));
#8258 = CARTESIAN_POINT('',(4.052447745532,0.609982625557));
#8259 = CARTESIAN_POINT('',(4.018224224462,0.598218562572));
#8260 = CARTESIAN_POINT('',(3.983433147844,0.587498048405));
#8261 = CARTESIAN_POINT('',(3.948035682197,0.577907545708));
#8262 = CARTESIAN_POINT('',(3.911993264734,0.569543114322));
#8263 = CARTESIAN_POINT('',(3.827988480001,0.553457233352));
#8264 = CARTESIAN_POINT('',(3.779582464718,0.546611745457));
#8265 = CARTESIAN_POINT('',(3.729960802473,0.542197069248));
#8266 = CARTESIAN_POINT('',(3.679085832428,0.540473767447));
#8267 = CARTESIAN_POINT('',(3.626967941081,0.541708290675));
#8268 = CARTESIAN_POINT('',(3.573664408293,0.54614786689));
#8269 = CARTESIAN_POINT('',(3.519338747426,0.553941999121));
#8270 = ( GEOMETRIC_REPRESENTATION_CONTEXT(2) 
PARAMETRIC_REPRESENTATION_CONTEXT() REPRESENTATION_CONTEXT('2D SPACE',''
  ) );
#8271 = PCURVE('',#8272,#8299);
#8272 = OFFSET_SURFACE('',#8273,-3.5,.F.);
#8273 = B_SPLINE_SURFACE_WITH_KNOTS('',2,2,(
    (#8274,#8275,#8276,#8277,#8278)
    ,(#8279,#8280,#8281,#8282,#8283)
    ,(#8284,#8285,#8286,#8287,#8288)
    ,(#8289,#8290,#8291,#8292,#8293)
    ,(#8294,#8295,#8296,#8297,#8298
    )),.UNSPECIFIED.,.F.,.F.,.F.,(3,1,1,3),(3,1,1,3),(-33.53719886279,0.
    ,134.14879545117,167.68599431396),(-0.245441674319,0.,1.,
    1.245441674319),.UNSPECIFIED.);
#8274 = CARTESIAN_POINT('',(61.327222458657,261.65904362603,
    412.1010658644));
#8275 = CARTESIAN_POINT('',(60.651363174759,277.78831971949,
    411.63241494833));
#8276 = CARTESIAN_POINT('',(57.346159014904,356.6665,409.3405370468));
#8277 = CARTESIAN_POINT('',(54.040954855049,435.5446802805,
    407.04865914526));
#8278 = CARTESIAN_POINT('',(53.365095571151,451.67395637396,
    406.58000822919));
#8279 = CARTESIAN_POINT('',(59.998473598073,261.69847412548,
    396.17034001902));
#8280 = CARTESIAN_POINT('',(59.236325022958,277.78831971949,
    395.31028710819));
#8281 = CARTESIAN_POINT('',(55.5,356.6665,391.094));
#8282 = CARTESIAN_POINT('',(51.763674977042,435.5446802805,
    386.8777128918));
#8283 = CARTESIAN_POINT('',(51.001526401927,451.63452587451,
    386.01765998097));
#8284 = CARTESIAN_POINT('',(52.496819484792,261.73339438664,
    308.72028561521));
#8285 = CARTESIAN_POINT('',(51.736325022958,277.78831971949,
    309.86457628212));
#8286 = CARTESIAN_POINT('',(48.,356.6665,315.4865));
#8287 = CARTESIAN_POINT('',(44.263674977042,435.5446802805,
    321.10842371787));
#8288 = CARTESIAN_POINT('',(43.503180515208,451.59960561336,
    322.25271438478));
#8289 = CARTESIAN_POINT('',(44.972650045916,262.24363943898,
    221.37210591209));
#8290 = CARTESIAN_POINT('',(44.236325022958,277.78831971949,
    224.41886545604));
#8291 = CARTESIAN_POINT('',(40.5,356.6665,239.879));
#8292 = CARTESIAN_POINT('',(36.763674977042,435.5446802805,
    255.33913454395));
#8293 = CARTESIAN_POINT('',(36.027349954084,451.08936056101,
    258.3858940879));
#8294 = CARTESIAN_POINT('',(43.649260048834,262.11708622018,
    205.40750833109));
#8295 = CARTESIAN_POINT('',(42.821286871157,277.78831971949,
    208.0967376159));
#8296 = CARTESIAN_POINT('',(38.653840985096,356.6665,221.63246295319));
#8297 = CARTESIAN_POINT('',(34.486395099035,435.5446802805,
    235.16818829048));
#8298 = CARTESIAN_POINT('',(33.658421921358,451.21591377981,
    237.8574175753));
#8299 = DEFINITIONAL_REPRESENTATION('',(#8300),#8351);
#8300 = B_SPLINE_CURVE_WITH_KNOTS('',7,(#8301,#8302,#8303,#8304,#8305,
    #8306,#8307,#8308,#8309,#8310,#8311,#8312,#8313,#8314,#8315,#8316,
    #8317,#8318,#8319,#8320,#8321,#8322,#8323,#8324,#8325,#8326,#8327,
    #8328,#8329,#8330,#8331,#8332,#8333,#8334,#8335,#8336,#8337,#8338,
    #8339,#8340,#8341,#8342,#8343,#8344,#8345,#8346,#8347,#8348,#8349,
    #8350),.UNSPECIFIED.,.F.,.F.,(8,6,6,6,6,6,6,6,8),(0.,0.104196401219,
    0.18972971834,0.263177044195,0.464934088537,0.642476031849,
    0.780903318827,0.87669572057,1.),.UNSPECIFIED.);
#8301 = CARTESIAN_POINT('',(82.308403379536,0.586767165173));
#8302 = CARTESIAN_POINT('',(82.483144153155,0.589247075221));
#8303 = CARTESIAN_POINT('',(82.671293079539,0.591626866934));
#8304 = CARTESIAN_POINT('',(82.871205216213,0.593904501742));
#8305 = CARTESIAN_POINT('',(83.081383265694,0.596079654526));
#8306 = CARTESIAN_POINT('',(83.300514092831,0.598153349682));
#8307 = CARTESIAN_POINT('',(83.527499964596,0.600127641949));
#8308 = CARTESIAN_POINT('',(83.953559039706,0.603546718744));
#8309 = CARTESIAN_POINT('',(84.150318671916,0.605022760891));
#8310 = CARTESIAN_POINT('',(84.351267593935,0.606434887208));
#8311 = CARTESIAN_POINT('',(84.555964089018,0.607784497633));
#8312 = CARTESIAN_POINT('',(84.76402014166,0.60907297753));
#8313 = CARTESIAN_POINT('',(84.975101040563,0.610301701968));
#8314 = CARTESIAN_POINT('',(85.372535265924,0.612477007429));
#8315 = CARTESIAN_POINT('',(85.558160053684,0.613438877196));
#8316 = CARTESIAN_POINT('',(85.745615958001,0.614358487111));
#8317 = CARTESIAN_POINT('',(85.934735611139,0.615236606071));
#8318 = CARTESIAN_POINT('',(86.125367322783,0.616073941992));
#8319 = CARTESIAN_POINT('',(86.317374738309,0.61687114973));
#8320 = CARTESIAN_POINT('',(87.041519286478,0.619710183031));
#8321 = CARTESIAN_POINT('',(87.581714768764,0.621492728789));
#8322 = CARTESIAN_POINT('',(88.128890600796,0.622990090057));
#8323 = CARTESIAN_POINT('',(88.681022620489,0.624210160908));
#8324 = CARTESIAN_POINT('',(89.236330252351,0.625158210958));
#8325 = CARTESIAN_POINT('',(89.793279715073,0.625836705723));
#8326 = CARTESIAN_POINT('',(90.841001624148,0.62660311259));
#8327 = CARTESIAN_POINT('',(91.331510268651,0.626751993468));
#8328 = CARTESIAN_POINT('',(91.821196183218,0.626690407767));
#8329 = CARTESIAN_POINT('',(92.309010380353,0.626415294162));
#8330 = CARTESIAN_POINT('',(92.793775531291,0.625921796727));
#8331 = CARTESIAN_POINT('',(93.274178937306,0.625202985926));
#8332 = CARTESIAN_POINT('',(94.11877159568,0.623504552131));
#8333 = CARTESIAN_POINT('',(94.485144821793,0.622617475979));
#8334 = CARTESIAN_POINT('',(94.847210511552,0.621582652767));
#8335 = CARTESIAN_POINT('',(95.204082872989,0.620394272348));
#8336 = CARTESIAN_POINT('',(95.554663220114,0.619045770461));
#8337 = CARTESIAN_POINT('',(95.897631095053,0.617529626769));
#8338 = CARTESIAN_POINT('',(96.462395557205,0.614665128198));
#8339 = CARTESIAN_POINT('',(96.688930639721,0.613409155508));
#8340 = CARTESIAN_POINT('',(96.910504091428,0.61206575552));
#8341 = CARTESIAN_POINT('',(97.126468708043,0.610631903057));
#8342 = CARTESIAN_POINT('',(97.336054465637,0.609104660266));
#8343 = CARTESIAN_POINT('',(97.538373356245,0.607481248448));
#8344 = CARTESIAN_POINT('',(97.982199834944,0.603542280079));
#8345 = CARTESIAN_POINT('',(98.21823761324,0.601162165344));
#8346 = CARTESIAN_POINT('',(98.438400805458,0.598613284153));
#8347 = CARTESIAN_POINT('',(98.639934403451,0.595893267309));
#8348 = CARTESIAN_POINT('',(98.819692945955,0.593004590225));
#8349 = CARTESIAN_POINT('',(98.974322687818,0.589956044966));
#8350 = CARTESIAN_POINT('',(99.100842952561,0.586767165173));
#8351 = ( GEOMETRIC_REPRESENTATION_CONTEXT(2) 
PARAMETRIC_REPRESENTATION_CONTEXT() REPRESENTATION_CONTEXT('2D SPACE',''
  ) );
#8352 = ORIENTED_EDGE('',*,*,#8353,.T.);
#8353 = EDGE_CURVE('',#8163,#8354,#8356,.T.);
#8354 = VERTEX_POINT('',#8355);
#8355 = CARTESIAN_POINT('',(41.584384250857,367.5,303.11619848709));
#8356 = SURFACE_CURVE('',#8357,(#8362,#8369),.PCURVE_S1.);
#8357 = CIRCLE('',#8358,8.);
#8358 = AXIS2_PLACEMENT_3D('',#8359,#8360,#8361);
#8359 = CARTESIAN_POINT('',(41.584384250857,364.5,295.7));
#8360 = DIRECTION('',(1.,0.,0.));
#8361 = DIRECTION('',(-0.,0.,1.));
#8362 = PCURVE('',#6207,#8363);
#8363 = DEFINITIONAL_REPRESENTATION('',(#8364),#8368);
#8364 = LINE('',#8365,#8366);
#8365 = CARTESIAN_POINT('',(0.,1.));
#8366 = VECTOR('',#8367,1.);
#8367 = DIRECTION('',(1.,0.));
#8368 = ( GEOMETRIC_REPRESENTATION_CONTEXT(2) 
PARAMETRIC_REPRESENTATION_CONTEXT() REPRESENTATION_CONTEXT('2D SPACE',''
  ) );
#8369 = PCURVE('',#8370,#8375);
#8370 = PLANE('',#8371);
#8371 = AXIS2_PLACEMENT_3D('',#8372,#8373,#8374);
#8372 = CARTESIAN_POINT('',(41.584384250857,364.5,295.7));
#8373 = DIRECTION('',(1.,0.,0.));
#8374 = DIRECTION('',(-0.,0.,1.));
#8375 = DEFINITIONAL_REPRESENTATION('',(#8376),#8380);
#8376 = CIRCLE('',#8377,8.);
#8377 = AXIS2_PLACEMENT_2D('',#8378,#8379);
#8378 = CARTESIAN_POINT('',(0.,0.));
#8379 = DIRECTION('',(1.,0.));
#8380 = ( GEOMETRIC_REPRESENTATION_CONTEXT(2) 
PARAMETRIC_REPRESENTATION_CONTEXT() REPRESENTATION_CONTEXT('2D SPACE',''
  ) );
#8381 = ORIENTED_EDGE('',*,*,#8382,.F.);
#8382 = EDGE_CURVE('',#8383,#8354,#8385,.T.);
#8383 = VERTEX_POINT('',#8384);
#8384 = CARTESIAN_POINT('',(40.584384250857,367.5,303.11619848709));
#8385 = SURFACE_CURVE('',#8386,(#8390,#8396),.PCURVE_S1.);
#8386 = LINE('',#8387,#8388);
#8387 = CARTESIAN_POINT('',(40.584384250857,367.5,303.11619848709));
#8388 = VECTOR('',#8389,1.);
#8389 = DIRECTION('',(1.,0.,0.));
#8390 = PCURVE('',#6207,#8391);
#8391 = DEFINITIONAL_REPRESENTATION('',(#8392),#8395);
#8392 = B_SPLINE_CURVE_WITH_KNOTS('',1,(#8393,#8394),.UNSPECIFIED.,.F.,
  .F.,(2,2),(-5.999999999062E-07,23.915616349143),
  .PIECEWISE_BEZIER_KNOTS.);
#8393 = CARTESIAN_POINT('',(5.898788532684,-5.999999999062E-07));
#8394 = CARTESIAN_POINT('',(5.898788532684,23.915616349143));
#8395 = ( GEOMETRIC_REPRESENTATION_CONTEXT(2) 
PARAMETRIC_REPRESENTATION_CONTEXT() REPRESENTATION_CONTEXT('2D SPACE',''
  ) );
#8396 = PCURVE('',#7718,#8397);
#8397 = DEFINITIONAL_REPRESENTATION('',(#8398),#8401);
#8398 = B_SPLINE_CURVE_WITH_KNOTS('',1,(#8399,#8400),.UNSPECIFIED.,.F.,
  .F.,(2,2),(-5.999999999062E-07,23.915616349143),
  .PIECEWISE_BEZIER_KNOTS.);
#8399 = CARTESIAN_POINT('',(115.53253411691,28.353740183084));
#8400 = CARTESIAN_POINT('',(130.44679705653,47.049234159597));
#8401 = ( GEOMETRIC_REPRESENTATION_CONTEXT(2) 
PARAMETRIC_REPRESENTATION_CONTEXT() REPRESENTATION_CONTEXT('2D SPACE',''
  ) );
#8402 = ORIENTED_EDGE('',*,*,#8403,.T.);
#8403 = EDGE_CURVE('',#8383,#8069,#8404,.T.);
#8404 = SURFACE_CURVE('',#8405,(#8410,#8417),.PCURVE_S1.);
#8405 = CIRCLE('',#8406,8.);
#8406 = AXIS2_PLACEMENT_3D('',#8407,#8408,#8409);
#8407 = CARTESIAN_POINT('',(40.584384250857,364.5,295.7));
#8408 = DIRECTION('',(1.,0.,0.));
#8409 = DIRECTION('',(-0.,0.,1.));
#8410 = PCURVE('',#6207,#8411);
#8411 = DEFINITIONAL_REPRESENTATION('',(#8412),#8416);
#8412 = LINE('',#8413,#8414);
#8413 = CARTESIAN_POINT('',(0.,0.));
#8414 = VECTOR('',#8415,1.);
#8415 = DIRECTION('',(1.,0.));
#8416 = ( GEOMETRIC_REPRESENTATION_CONTEXT(2) 
PARAMETRIC_REPRESENTATION_CONTEXT() REPRESENTATION_CONTEXT('2D SPACE',''
  ) );
#8417 = PCURVE('',#7497,#8418);
#8418 = DEFINITIONAL_REPRESENTATION('',(#8419),#8423);
#8419 = CIRCLE('',#8420,8.);
#8420 = AXIS2_PLACEMENT_2D('',#8421,#8422);
#8421 = CARTESIAN_POINT('',(0.,0.));
#8422 = DIRECTION('',(1.,0.));
#8423 = ( GEOMETRIC_REPRESENTATION_CONTEXT(2) 
PARAMETRIC_REPRESENTATION_CONTEXT() REPRESENTATION_CONTEXT('2D SPACE',''
  ) );
#8424 = ORIENTED_EDGE('',*,*,#8068,.T.);
#8425 = ADVANCED_FACE('',(#8426),#7085,.T.);
#8426 = FACE_BOUND('',#8427,.T.);
#8427 = EDGE_LOOP('',(#8428,#8429,#8430,#8431));
#8428 = ORIENTED_EDGE('',*,*,#7247,.F.);
#8429 = ORIENTED_EDGE('',*,*,#7071,.F.);
#8430 = ORIENTED_EDGE('',*,*,#7117,.T.);
#8431 = ORIENTED_EDGE('',*,*,#8432,.F.);
#8432 = EDGE_CURVE('',#7248,#7118,#8433,.T.);
#8433 = SURFACE_CURVE('',#8434,(#8438,#8444),.PCURVE_S1.);
#8434 = LINE('',#8435,#8436);
#8435 = CARTESIAN_POINT('',(39.,420.,265.834));
#8436 = VECTOR('',#8437,1.);
#8437 = DIRECTION('',(-1.,0.,0.));
#8438 = PCURVE('',#7085,#8439);
#8439 = DEFINITIONAL_REPRESENTATION('',(#8440),#8443);
#8440 = B_SPLINE_CURVE_WITH_KNOTS('',1,(#8441,#8442),.UNSPECIFIED.,.F.,
  .F.,(2,2),(0.,78.),.PIECEWISE_BEZIER_KNOTS.);
#8441 = CARTESIAN_POINT('',(0.,1.));
#8442 = CARTESIAN_POINT('',(90.,1.));
#8443 = ( GEOMETRIC_REPRESENTATION_CONTEXT(2) 
PARAMETRIC_REPRESENTATION_CONTEXT() REPRESENTATION_CONTEXT('2D SPACE',''
  ) );
#8444 = PCURVE('',#7177,#8445);
#8445 = DEFINITIONAL_REPRESENTATION('',(#8446),#8450);
#8446 = LINE('',#8447,#8448);
#8447 = CARTESIAN_POINT('',(140.84047319219,0.));
#8448 = VECTOR('',#8449,1.);
#8449 = DIRECTION('',(-0.639020857855,-0.7691894066));
#8450 = ( GEOMETRIC_REPRESENTATION_CONTEXT(2) 
PARAMETRIC_REPRESENTATION_CONTEXT() REPRESENTATION_CONTEXT('2D SPACE',''
  ) );
#8451 = ADVANCED_FACE('',(#8452,#8458),#7177,.F.);
#8452 = FACE_BOUND('',#8453,.F.);
#8453 = EDGE_LOOP('',(#8454,#8455,#8456,#8457));
#8454 = ORIENTED_EDGE('',*,*,#7295,.F.);
#8455 = ORIENTED_EDGE('',*,*,#7164,.F.);
#8456 = ORIENTED_EDGE('',*,*,#8432,.F.);
#8457 = ORIENTED_EDGE('',*,*,#7269,.F.);
#8458 = FACE_BOUND('',#8459,.F.);
#8459 = EDGE_LOOP('',(#8460,#8809,#9171,#9197));
#8460 = ORIENTED_EDGE('',*,*,#8461,.F.);
#8461 = EDGE_CURVE('',#8462,#8464,#8466,.T.);
#8462 = VERTEX_POINT('',#8463);
#8463 = CARTESIAN_POINT('',(-35.86442288911,419.99999999816,
    269.38483538392));
#8464 = VERTEX_POINT('',#8465);
#8465 = CARTESIAN_POINT('',(35.86442289001,420.,269.38483538423));
#8466 = SURFACE_CURVE('',#8467,(#8500,#8536),.PCURVE_S1.);
#8467 = B_SPLINE_CURVE_WITH_KNOTS('',6,(#8468,#8469,#8470,#8471,#8472,
    #8473,#8474,#8475,#8476,#8477,#8478,#8479,#8480,#8481,#8482,#8483,
    #8484,#8485,#8486,#8487,#8488,#8489,#8490,#8491,#8492,#8493,#8494,
    #8495,#8496,#8497,#8498,#8499),.UNSPECIFIED.,.F.,.F.,(7,5,5,5,5,5,7)
  ,(0.,0.17244358493,0.182216489696,0.499890642721,0.82440700822,
    0.834210913144,1.),.UNSPECIFIED.);
#8468 = CARTESIAN_POINT('',(-61.47204698781,420.,269.38483538423));
#8469 = CARTESIAN_POINT('',(-57.52866459337,420.,269.38483538423));
#8470 = CARTESIAN_POINT('',(-53.66109597099,420.,269.38483538423));
#8471 = CARTESIAN_POINT('',(-49.8781957101,420.,269.38483538423));
#8472 = CARTESIAN_POINT('',(-46.19149088756,420.,269.38483538423));
#8473 = CARTESIAN_POINT('',(-42.6153071755,420.,269.38483538423));
#8474 = CARTESIAN_POINT('',(-38.9717945261,420.,269.38483538423));
#8475 = CARTESIAN_POINT('',(-38.77720485108,420.,269.38483538423));
#8476 = CARTESIAN_POINT('',(-38.58242802645,420.,269.38483538423));
#8477 = CARTESIAN_POINT('',(-38.38744907,420.,269.38483538423));
#8478 = CARTESIAN_POINT('',(-38.19257265482,420.,269.38483538423));
#8479 = CARTESIAN_POINT('',(-31.66478839859,420.,269.38483538423));
#8480 = CARTESIAN_POINT('',(-25.33183075645,420.,269.38483538423));
#8481 = CARTESIAN_POINT('',(-18.99887308612,420.,269.38483538423));
#8482 = CARTESIAN_POINT('',(-12.66591539701,420.,269.38483538423));
#8483 = CARTESIAN_POINT('',(-6.332957698506,420.,269.38483538423));
#8484 = CARTESIAN_POINT('',(6.469359863278,420.,269.38483538423));
#8485 = CARTESIAN_POINT('',(12.938719726554,420.,269.38483538423));
#8486 = CARTESIAN_POINT('',(19.408079579816,420.,269.38483538423));
#8487 = CARTESIAN_POINT('',(25.877439413049,420.,269.38483538423));
#8488 = CARTESIAN_POINT('',(32.346799216237,420.,269.38483538423));
#8489 = CARTESIAN_POINT('',(39.0116036311,420.,269.38483538423));
#8490 = CARTESIAN_POINT('',(39.206861194912,420.,269.38483538423));
#8491 = CARTESIAN_POINT('',(39.403110473901,420.,269.38483538423));
#8492 = CARTESIAN_POINT('',(39.599405915727,420.,269.38483538423));
#8493 = CARTESIAN_POINT('',(39.796248590919,420.,269.38483538423));
#8494 = CARTESIAN_POINT('',(43.328588670117,420.,269.38483538423));
#8495 = CARTESIAN_POINT('',(46.779216040307,420.,269.38483538423));
#8496 = CARTESIAN_POINT('',(50.33017869948,420.,269.38483538423));
#8497 = CARTESIAN_POINT('',(53.969009826052,420.,269.38483538423));
#8498 = CARTESIAN_POINT('',(57.685591788876,420.,269.38483538423));
#8499 = CARTESIAN_POINT('',(61.472046987813,420.,269.38483538423));
#8500 = PCURVE('',#7177,#8501);
#8501 = DEFINITIONAL_REPRESENTATION('',(#8502),#8535);
#8502 = B_SPLINE_CURVE_WITH_KNOTS('',6,(#8503,#8504,#8505,#8506,#8507,
    #8508,#8509,#8510,#8511,#8512,#8513,#8514,#8515,#8516,#8517,#8518,
    #8519,#8520,#8521,#8522,#8523,#8524,#8525,#8526,#8527,#8528,#8529,
    #8530,#8531,#8532,#8533,#8534),.UNSPECIFIED.,.F.,.F.,(7,5,5,5,5,5,7)
  ,(0.,0.17244358493,0.182216489696,0.499890642721,0.82440700822,
    0.834210913144,1.),.UNSPECIFIED.);
#8503 = CARTESIAN_POINT('',(73.90547457344,-75.01297632913));
#8504 = CARTESIAN_POINT('',(76.425378173985,-71.97976836515));
#8505 = CARTESIAN_POINT('',(78.89683519287,-69.00487555152));
#8506 = CARTESIAN_POINT('',(81.314187362764,-66.09510874462));
#8507 = CARTESIAN_POINT('',(83.670068641122,-63.25933444986));
#8508 = CARTESIAN_POINT('',(85.955324624654,-60.50857182248));
#8509 = CARTESIAN_POINT('',(88.28360520348,-57.70602048975));
#8510 = CARTESIAN_POINT('',(88.407952064537,-57.5563441731));
#8511 = CARTESIAN_POINT('',(88.532418518107,-57.40652390293));
#8512 = CARTESIAN_POINT('',(88.657014138122,-57.25654815512));
#8513 = CARTESIAN_POINT('',(88.781544232123,-57.10665128097));
#8514 = CARTESIAN_POINT('',(92.952934527436,-52.0855487825));
#8515 = CARTESIAN_POINT('',(96.999826552677,-47.21430485172));
#8516 = CARTESIAN_POINT('',(101.04671859592,-42.34306089926));
#8517 = CARTESIAN_POINT('',(105.09361065118,-37.47181693235));
#8518 = CARTESIAN_POINT('',(109.14050271244,-32.60057295821));
#8519 = CARTESIAN_POINT('',(117.32145066331,-22.75316590975));
#8520 = CARTESIAN_POINT('',(121.45550655291,-17.77700283544));
#8521 = CARTESIAN_POINT('',(125.58956243612,-12.80083976882));
#8522 = CARTESIAN_POINT('',(129.72361830652,-7.824676717618));
#8523 = CARTESIAN_POINT('',(133.85767415773,-2.84851368952));
#8524 = CARTESIAN_POINT('',(138.11662319235,2.277983263455));
#8525 = CARTESIAN_POINT('',(138.24139684828,2.428173313098));
#8526 = CARTESIAN_POINT('',(138.36680423089,2.57912617955));
#8527 = CARTESIAN_POINT('',(138.49224111252,2.730114553966));
#8528 = CARTESIAN_POINT('',(138.61802768769,2.881523854491));
#8529 = CARTESIAN_POINT('',(140.87526667533,5.598562423919));
#8530 = CARTESIAN_POINT('',(143.08028953757,8.252748443194));
#8531 = CARTESIAN_POINT('',(145.34942874225,10.984111303863));
#8532 = CARTESIAN_POINT('',(147.67471773034,13.78306165883));
#8533 = CARTESIAN_POINT('',(150.04969112451,16.641817133395));
#8534 = CARTESIAN_POINT('',(152.46931497397,19.554318360984));
#8535 = ( GEOMETRIC_REPRESENTATION_CONTEXT(2) 
PARAMETRIC_REPRESENTATION_CONTEXT() REPRESENTATION_CONTEXT('2D SPACE',''
  ) );
#8536 = PCURVE('',#8537,#8564);
#8537 = OFFSET_SURFACE('',#8538,-3.5,.F.);
#8538 = B_SPLINE_SURFACE_WITH_KNOTS('',2,2,(
    (#8539,#8540,#8541,#8542,#8543)
    ,(#8544,#8545,#8546,#8547,#8548)
    ,(#8549,#8550,#8551,#8552,#8553)
    ,(#8554,#8555,#8556,#8557,#8558)
    ,(#8559,#8560,#8561,#8562,#8563
    )),.UNSPECIFIED.,.F.,.F.,.F.,(3,1,1,3),(3,1,1,3),(-22.5,0.,90.,112.5
    ),(-0.249847194479,0.,1.,1.249847194479),.UNSPECIFIED.);
#8539 = CARTESIAN_POINT('',(69.,261.66625,238.75025));
#8540 = CARTESIAN_POINT('',(68.249541583437,277.50930270845,
    241.46028041861));
#8541 = CARTESIAN_POINT('',(64.5,356.6665,255.0005));
#8542 = CARTESIAN_POINT('',(60.750458416563,435.82369729154,
    268.54071958139));
#8543 = CARTESIAN_POINT('',(60.,451.66675,271.25075));
#8544 = CARTESIAN_POINT('',(58.123853958594,261.68560541691,
    238.75356083722));
#8545 = CARTESIAN_POINT('',(57.186926979297,277.50930270845,
    241.46028041861));
#8546 = CARTESIAN_POINT('',(52.5,356.6665,255.0005));
#8547 = CARTESIAN_POINT('',(47.813073020703,435.82369729154,
    268.54071958139));
#8548 = CARTESIAN_POINT('',(46.876146041406,451.64739458308,
    271.24743916278));
#8549 = CARTESIAN_POINT('',(0.,261.63175250616,238.74434903764));
#8550 = CARTESIAN_POINT('',(0.,277.50930270845,241.46028041861));
#8551 = CARTESIAN_POINT('',(0.,356.6665,255.0005));
#8552 = CARTESIAN_POINT('',(0.,435.82369729154,268.54071958139));
#8553 = CARTESIAN_POINT('',(0.,451.70124749383,271.25665096235));
#8554 = CARTESIAN_POINT('',(-58.12385395859,261.68560541691,
    238.75356083722));
#8555 = CARTESIAN_POINT('',(-57.18692697929,277.50930270845,
    241.46028041861));
#8556 = CARTESIAN_POINT('',(-52.5,356.6665,255.0005));
#8557 = CARTESIAN_POINT('',(-47.8130730207,435.82369729154,
    268.54071958139));
#8558 = CARTESIAN_POINT('',(-46.8761460414,451.64739458308,
    271.24743916278));
#8559 = CARTESIAN_POINT('',(-69.,261.66625,238.75025));
#8560 = CARTESIAN_POINT('',(-68.24954158343,277.50930270845,
    241.46028041861));
#8561 = CARTESIAN_POINT('',(-64.5,356.6665,255.0005));
#8562 = CARTESIAN_POINT('',(-60.75045841656,435.82369729154,
    268.54071958139));
#8563 = CARTESIAN_POINT('',(-60.,451.66675,271.25075));
#8564 = DEFINITIONAL_REPRESENTATION('',(#8565),#8808);
#8565 = B_SPLINE_CURVE_WITH_KNOTS('',11,(#8566,#8567,#8568,#8569,#8570,
    #8571,#8572,#8573,#8574,#8575,#8576,#8577,#8578,#8579,#8580,#8581,
    #8582,#8583,#8584,#8585,#8586,#8587,#8588,#8589,#8590,#8591,#8592,
    #8593,#8594,#8595,#8596,#8597,#8598,#8599,#8600,#8601,#8602,#8603,
    #8604,#8605,#8606,#8607,#8608,#8609,#8610,#8611,#8612,#8613,#8614,
    #8615,#8616,#8617,#8618,#8619,#8620,#8621,#8622,#8623,#8624,#8625,
    #8626,#8627,#8628,#8629,#8630,#8631,#8632,#8633,#8634,#8635,#8636,
    #8637,#8638,#8639,#8640,#8641,#8642,#8643,#8644,#8645,#8646,#8647,
    #8648,#8649,#8650,#8651,#8652,#8653,#8654,#8655,#8656,#8657,#8658,
    #8659,#8660,#8661,#8662,#8663,#8664,#8665,#8666,#8667,#8668,#8669,
    #8670,#8671,#8672,#8673,#8674,#8675,#8676,#8677,#8678,#8679,#8680,
    #8681,#8682,#8683,#8684,#8685,#8686,#8687,#8688,#8689,#8690,#8691,
    #8692,#8693,#8694,#8695,#8696,#8697,#8698,#8699,#8700,#8701,#8702,
    #8703,#8704,#8705,#8706,#8707,#8708,#8709,#8710,#8711,#8712,#8713,
    #8714,#8715,#8716,#8717,#8718,#8719,#8720,#8721,#8722,#8723,#8724,
    #8725,#8726,#8727,#8728,#8729,#8730,#8731,#8732,#8733,#8734,#8735,
    #8736,#8737,#8738,#8739,#8740,#8741,#8742,#8743,#8744,#8745,#8746,
    #8747,#8748,#8749,#8750,#8751,#8752,#8753,#8754,#8755,#8756,#8757,
    #8758,#8759,#8760,#8761,#8762,#8763,#8764,#8765,#8766,#8767,#8768,
    #8769,#8770,#8771,#8772,#8773,#8774,#8775,#8776,#8777,#8778,#8779,
    #8780,#8781,#8782,#8783,#8784,#8785,#8786,#8787,#8788,#8789,#8790,
    #8791,#8792,#8793,#8794,#8795,#8796,#8797,#8798,#8799,#8800,#8801,
    #8802,#8803,#8804,#8805,#8806,#8807),.UNSPECIFIED.,.F.,.F.,(12,10,10
    ,10,10,10,10,10,10,10,10,10,10,10,10,10,10,10,10,10,10,10,10,10,12),
  (0.,0.125,0.15625,0.171875,0.1728515625,0.173828125,0.17578125,
    0.1796875,0.181640625,0.1826171875,0.18359375,0.1875,0.25,0.5,0.75,
    0.8125,0.8203125,0.82421875,0.826171875,0.828125,0.83203125,
    0.8359375,0.84375,0.875,1.),.UNSPECIFIED.);
#8566 = CARTESIAN_POINT('',(112.5,1.004658782235));
#8567 = CARTESIAN_POINT('',(111.12502501176,1.004658788728));
#8568 = CARTESIAN_POINT('',(109.73779401731,1.0046587946));
#8569 = CARTESIAN_POINT('',(108.33801870295,1.004658799832));
#8570 = CARTESIAN_POINT('',(106.92541018512,1.004658804403));
#8571 = CARTESIAN_POINT('',(105.49967854546,1.004658808294));
#8572 = CARTESIAN_POINT('',(104.06053231288,1.004658811482));
#8573 = CARTESIAN_POINT('',(102.60767789124,1.004658813946));
#8574 = CARTESIAN_POINT('',(101.14081893424,1.004658815659));
#8575 = CARTESIAN_POINT('',(99.65965566608,1.0046588166));
#8576 = CARTESIAN_POINT('',(98.163884148823,1.00465881674));
#8577 = CARTESIAN_POINT('',(96.275523332925,1.004658815882));
#8578 = CARTESIAN_POINT('',(95.896918853378,1.004658815659));
#8579 = CARTESIAN_POINT('',(95.517377242132,1.004658815383));
#8580 = CARTESIAN_POINT('',(95.136893656045,1.004658815055));
#8581 = CARTESIAN_POINT('',(94.75546322433,1.004658814675));
#8582 = CARTESIAN_POINT('',(94.373081048246,1.00465881424));
#8583 = CARTESIAN_POINT('',(93.989742201557,1.004658813752));
#8584 = CARTESIAN_POINT('',(93.605441729992,1.004658813209));
#8585 = CARTESIAN_POINT('',(93.220174651748,1.004658812612));
#8586 = CARTESIAN_POINT('',(92.833935957117,1.00465881196));
#8587 = CARTESIAN_POINT('',(92.253112934503,1.004658810898));
#8588 = CARTESIAN_POINT('',(92.059261101555,1.004658810529));
#8589 = CARTESIAN_POINT('',(91.865164479928,1.004658810148));
#8590 = CARTESIAN_POINT('',(91.670822439644,1.004658809751));
#8591 = CARTESIAN_POINT('',(91.476234350775,1.004658809343));
#8592 = CARTESIAN_POINT('',(91.281399583379,1.004658808916));
#8593 = CARTESIAN_POINT('',(91.086317507447,1.00465880848));
#8594 = CARTESIAN_POINT('',(90.890987493121,1.004658808026));
#8595 = CARTESIAN_POINT('',(90.695408910358,1.00465880756));
#8596 = CARTESIAN_POINT('',(90.499581129268,1.004658807078));
#8597 = CARTESIAN_POINT('',(90.291248669288,1.004658806551));
#8598 = CARTESIAN_POINT('',(90.278992940867,1.00465880652));
#8599 = CARTESIAN_POINT('',(90.266735808801,1.004658806489));
#8600 = CARTESIAN_POINT('',(90.254478284446,1.004658806458));
#8601 = CARTESIAN_POINT('',(90.242219871671,1.004658806427));
#8602 = CARTESIAN_POINT('',(90.229959787769,1.004658806396));
#8603 = CARTESIAN_POINT('',(90.217698406138,1.004658806364));
#8604 = CARTESIAN_POINT('',(90.205436990297,1.004658806333));
#8605 = CARTESIAN_POINT('',(90.193175919982,1.004658806301));
#8606 = CARTESIAN_POINT('',(90.180913722094,1.00465880627));
#8607 = CARTESIAN_POINT('',(90.156388974964,1.004658806206));
#8608 = CARTESIAN_POINT('',(90.144126255773,1.004658806175));
#8609 = CARTESIAN_POINT('',(90.131863221624,1.004658806143));
#8610 = CARTESIAN_POINT('',(90.119599903249,1.004658806111));
#8611 = CARTESIAN_POINT('',(90.107336331239,1.00465880608));
#8612 = CARTESIAN_POINT('',(90.095072536411,1.004658806048));
#8613 = CARTESIAN_POINT('',(90.082808549293,1.004658806016));
#8614 = CARTESIAN_POINT('',(90.070544400718,1.004658805984));
#8615 = CARTESIAN_POINT('',(90.058280121252,1.004658805952));
#8616 = CARTESIAN_POINT('',(90.046015741651,1.00465880592));
#8617 = CARTESIAN_POINT('',(90.009222394399,1.004658805824));
#8618 = CARTESIAN_POINT('',(89.984693176041,1.00465880576));
#8619 = CARTESIAN_POINT('',(89.960163801072,1.004658805695));
#8620 = CARTESIAN_POINT('',(89.935634410016,1.004658805631));
#8621 = CARTESIAN_POINT('',(89.911105120254,1.004658805567));
#8622 = CARTESIAN_POINT('',(89.886576026069,1.004658805502));
#8623 = CARTESIAN_POINT('',(89.862047198738,1.004658805438));
#8624 = CARTESIAN_POINT('',(89.83751868625,1.004658805374));
#8625 = CARTESIAN_POINT('',(89.812990513726,1.00465880531));
#8626 = CARTESIAN_POINT('',(89.788462682997,1.004658805245));
#8627 = CARTESIAN_POINT('',(89.714880152728,1.004658805053));
#8628 = CARTESIAN_POINT('',(89.665826455842,1.004658804924));
#8629 = CARTESIAN_POINT('',(89.616774021466,1.004658804796));
#8630 = CARTESIAN_POINT('',(89.567722555129,1.004658804668));
#8631 = CARTESIAN_POINT('',(89.518671606371,1.004658804541));
#8632 = CARTESIAN_POINT('',(89.469620646413,1.004658804413));
#8633 = CARTESIAN_POINT('',(89.420569145722,1.004658804286));
#8634 = CARTESIAN_POINT('',(89.371516651865,1.004658804159));
#8635 = CARTESIAN_POINT('',(89.322462866922,1.004658804032));
#8636 = CARTESIAN_POINT('',(89.273407725388,1.004658803906));
#8637 = CARTESIAN_POINT('',(89.199823344787,1.004658803716));
#8638 = CARTESIAN_POINT('',(89.175294950074,1.004658803653));
#8639 = CARTESIAN_POINT('',(89.150766304435,1.004658803589));
#8640 = CARTESIAN_POINT('',(89.126237452799,1.004658803526));
#8641 = CARTESIAN_POINT('',(89.101708467686,1.004658803463));
#8642 = CARTESIAN_POINT('',(89.07717944989,1.0046588034));
#8643 = CARTESIAN_POINT('',(89.052650527603,1.004658803336));
#8644 = CARTESIAN_POINT('',(89.028121857313,1.004658803274));
#8645 = CARTESIAN_POINT('',(89.003593623063,1.00465880321));
#8646 = CARTESIAN_POINT('',(88.979066036942,1.004658803147));
#8647 = CARTESIAN_POINT('',(88.942275989772,1.004658803053));
#8648 = CARTESIAN_POINT('',(88.930012759969,1.004658803021));
#8649 = CARTESIAN_POINT('',(88.917750228123,1.00465880299));
#8650 = CARTESIAN_POINT('',(88.905487415772,1.004658802958));
#8651 = CARTESIAN_POINT('',(88.893224812918,1.004658802927));
#8652 = CARTESIAN_POINT('',(88.880963232825,1.004658802895));
#8653 = CARTESIAN_POINT('',(88.868702404965,1.004658802864));
#8654 = CARTESIAN_POINT('',(88.856441182661,1.004658802833));
#8655 = CARTESIAN_POINT('',(88.844179215797,1.004658802801));
#8656 = CARTESIAN_POINT('',(88.831917906042,1.00465880277));
#8657 = CARTESIAN_POINT('',(88.807394964484,1.004658802707));
#8658 = CARTESIAN_POINT('',(88.795133493835,1.004658802676));
#8659 = CARTESIAN_POINT('',(88.782872023316,1.004658802645));
#8660 = CARTESIAN_POINT('',(88.770610552931,1.004658802613));
#8661 = CARTESIAN_POINT('',(88.758349082656,1.004658802582));
#8662 = CARTESIAN_POINT('',(88.746087612545,1.00465880255));
#8663 = CARTESIAN_POINT('',(88.733826142507,1.004658802519));
#8664 = CARTESIAN_POINT('',(88.721564672647,1.004658802488));
#8665 = CARTESIAN_POINT('',(88.709303202871,1.004658802457));
#8666 = CARTESIAN_POINT('',(88.697041733238,1.004658802425));
#8667 = CARTESIAN_POINT('',(88.635734385651,1.004658802269));
#8668 = CARTESIAN_POINT('',(88.586688509522,1.004658802144));
#8669 = CARTESIAN_POINT('',(88.537642635271,1.004658802019));
#8670 = CARTESIAN_POINT('',(88.48859676281,1.004658801894));
#8671 = CARTESIAN_POINT('',(88.439550892099,1.00465880177));
#8672 = CARTESIAN_POINT('',(88.390505023035,1.004658801645));
#8673 = CARTESIAN_POINT('',(88.341459155576,1.004658801522));
#8674 = CARTESIAN_POINT('',(88.292413289635,1.004658801397));
#8675 = CARTESIAN_POINT('',(88.24336742515,1.004658801273));
#8676 = CARTESIAN_POINT('',(88.19432156205,1.00465880115));
#8677 = CARTESIAN_POINT('',(87.360541911707,1.004658799049));
#8678 = CARTESIAN_POINT('',(86.575808647125,1.004658797111));
#8679 = CARTESIAN_POINT('',(85.791075127844,1.004658795213));
#8680 = CARTESIAN_POINT('',(85.006341139509,1.004658793355));
#8681 = CARTESIAN_POINT('',(84.221606782219,1.004658791534));
#8682 = CARTESIAN_POINT('',(83.436872276756,1.004658789757));
#8683 = CARTESIAN_POINT('',(82.652137827312,1.004658788015));
#8684 = CARTESIAN_POINT('',(81.867403540189,1.004658786316));
#8685 = CARTESIAN_POINT('',(81.082669399009,1.004658784655));
#8686 = CARTESIAN_POINT('',(80.297935296008,1.004658783034));
#8687 = CARTESIAN_POINT('',(76.37426441429,1.004658775126));
#8688 = CARTESIAN_POINT('',(73.235327488771,1.004658769432));
#8689 = CARTESIAN_POINT('',(70.096390614823,1.004658764371));
#8690 = CARTESIAN_POINT('',(66.957453837453,1.004658759944));
#8691 = CARTESIAN_POINT('',(63.818517101029,1.004658756149));
#8692 = CARTESIAN_POINT('',(60.679580338159,1.004658752988));
#8693 = CARTESIAN_POINT('',(57.540643521204,1.004658750458));
#8694 = CARTESIAN_POINT('',(54.401706676736,1.004658748563));
#8695 = CARTESIAN_POINT('',(51.262769862519,1.004658747299));
#8696 = CARTESIAN_POINT('',(48.123833107462,1.004658746669));
#8697 = CARTESIAN_POINT('',(41.845959520861,1.004658746675));
#8698 = CARTESIAN_POINT('',(38.707022727589,1.004658747311));
#8699 = CARTESIAN_POINT('',(35.568085933852,1.004658748579));
#8700 = CARTESIAN_POINT('',(32.429149139163,1.004658750481));
#8701 = CARTESIAN_POINT('',(29.290212343034,1.004658753014));
#8702 = CARTESIAN_POINT('',(26.151275544957,1.004658756183));
#8703 = CARTESIAN_POINT('',(23.012338744477,1.004658759982));
#8704 = CARTESIAN_POINT('',(19.87340194106,1.004658764416));
#8705 = CARTESIAN_POINT('',(16.734465134254,1.004658769482));
#8706 = CARTESIAN_POINT('',(13.595528323544,1.004658775181));
#8707 = CARTESIAN_POINT('',(9.671857304678,1.004658783096));
#8708 = CARTESIAN_POINT('',(8.887123100483,1.004658784719));
#8709 = CARTESIAN_POINT('',(8.102388895906,1.004658786381));
#8710 = CARTESIAN_POINT('',(7.317654690982,1.004658788083));
#8711 = CARTESIAN_POINT('',(6.532920485754,1.004658789824));
#8712 = CARTESIAN_POINT('',(5.748186280255,1.004658791605));
#8713 = CARTESIAN_POINT('',(4.963452074527,1.004658793425));
#8714 = CARTESIAN_POINT('',(4.178717868606,1.004658795285));
#8715 = CARTESIAN_POINT('',(3.393983662531,1.004658797184));
#8716 = CARTESIAN_POINT('',(2.60924945634,1.004658799124));
#8717 = CARTESIAN_POINT('',(1.726423474288,1.004658801349));
#8718 = CARTESIAN_POINT('',(1.62833169852,1.004658801597));
#8719 = CARTESIAN_POINT('',(1.530239922769,1.004658801846));
#8720 = CARTESIAN_POINT('',(1.432148147033,1.004658802095));
#8721 = CARTESIAN_POINT('',(1.334056371318,1.004658802345));
#8722 = CARTESIAN_POINT('',(1.235964595618,1.004658802596));
#8723 = CARTESIAN_POINT('',(1.13787281994,1.004658802846));
#8724 = CARTESIAN_POINT('',(1.039781044279,1.004658803098));
#8725 = CARTESIAN_POINT('',(0.94168926864,1.00465880335));
#8726 = CARTESIAN_POINT('',(0.843597493021,1.004658803603));
#8727 = CARTESIAN_POINT('',(0.696459829626,1.004658803984));
#8728 = CARTESIAN_POINT('',(0.647413941831,1.00465880411));
#8729 = CARTESIAN_POINT('',(0.598368054041,1.004658804238));
#8730 = CARTESIAN_POINT('',(0.549322166254,1.004658804364));
#8731 = CARTESIAN_POINT('',(0.500276278471,1.004658804493));
#8732 = CARTESIAN_POINT('',(0.45123039069,1.004658804619));
#8733 = CARTESIAN_POINT('',(0.402184502912,1.004658804748));
#8734 = CARTESIAN_POINT('',(0.353138615136,1.004658804875));
#8735 = CARTESIAN_POINT('',(0.304092727363,1.004658805003));
#8736 = CARTESIAN_POINT('',(0.255046839591,1.004658805131));
#8737 = CARTESIAN_POINT('',(0.181478007935,1.004658805324));
#8738 = CARTESIAN_POINT('',(0.156955500631,1.004658805388));
#8739 = CARTESIAN_POINT('',(0.13243247001,1.004658805452));
#8740 = CARTESIAN_POINT('',(0.107902535441,1.004658805517));
#8741 = CARTESIAN_POINT('',(8.338026961031E-02,1.004658805581));
#8742 = CARTESIAN_POINT('',(5.885640437356E-02,1.004658805646));
#8743 = CARTESIAN_POINT('',(3.433015883419E-02,1.00465880571));
#8744 = CARTESIAN_POINT('',(9.812110448761E-03,1.004658805774));
#8745 = CARTESIAN_POINT('',(-1.470772985778E-02,1.004658805838));
#8746 = CARTESIAN_POINT('',(-3.922324480925E-02,1.004658805903));
#8747 = CARTESIAN_POINT('',(-8.824863124623E-02,1.00465880603));
#8748 = CARTESIAN_POINT('',(-0.112758224437,1.004658806094));
#8749 = CARTESIAN_POINT('',(-0.1372644735,1.004658806157));
#8750 = CARTESIAN_POINT('',(-0.161767170122,1.004658806221));
#8751 = CARTESIAN_POINT('',(-0.186266141777,1.004658806283));
#8752 = CARTESIAN_POINT('',(-0.210761251723,1.004658806347));
#8753 = CARTESIAN_POINT('',(-0.235252399007,1.004658806409));
#8754 = CARTESIAN_POINT('',(-0.259739518462,1.004658806472));
#8755 = CARTESIAN_POINT('',(-0.284222580708,1.004658806534));
#8756 = CARTESIAN_POINT('',(-0.308701592151,1.004658806596));
#8757 = CARTESIAN_POINT('',(-0.382126600649,1.004658806781));
#8758 = CARTESIAN_POINT('',(-0.431060377406,1.004658806903));
#8759 = CARTESIAN_POINT('',(-0.479978145183,1.004658807025));
#8760 = CARTESIAN_POINT('',(-0.528880158742,1.004658807145));
#8761 = CARTESIAN_POINT('',(-0.577766676274,1.004658807265));
#8762 = CARTESIAN_POINT('',(-0.626637927993,1.004658807383));
#8763 = CARTESIAN_POINT('',(-0.675494084727,1.004658807502));
#8764 = CARTESIAN_POINT('',(-0.724335226511,1.004658807618));
#8765 = CARTESIAN_POINT('',(-0.773161311178,1.004658807735));
#8766 = CARTESIAN_POINT('',(-0.821972142954,1.00465880785));
#8767 = CARTESIAN_POINT('',(-0.919562539146,1.004658808079));
#8768 = CARTESIAN_POINT('',(-0.968342443232,1.004658808192));
#8769 = CARTESIAN_POINT('',(-1.017104896129,1.004658808305));
#8770 = CARTESIAN_POINT('',(-1.065856052408,1.004658808416));
#8771 = CARTESIAN_POINT('',(-1.114585578908,1.004658808527));
#8772 = CARTESIAN_POINT('',(-1.163297244889,1.004658808636));
#8773 = CARTESIAN_POINT('',(-1.212009365322,1.004658808747));
#8774 = CARTESIAN_POINT('',(-1.260688387422,1.004658808854));
#8775 = CARTESIAN_POINT('',(-1.309361999787,1.004658808961));
#8776 = CARTESIAN_POINT('',(-1.358017082976,1.004658809068));
#8777 = CARTESIAN_POINT('',(-1.503937442879,1.004658809384));
#8778 = CARTESIAN_POINT('',(-1.601156086384,1.004658809591));
#8779 = CARTESIAN_POINT('',(-1.698313212494,1.004658809795));
#8780 = CARTESIAN_POINT('',(-1.795408900249,1.004658809996));
#8781 = CARTESIAN_POINT('',(-1.892443228681,1.004658810193));
#8782 = CARTESIAN_POINT('',(-1.989416276833,1.004658810386));
#8783 = CARTESIAN_POINT('',(-2.086328123734,1.004658810576));
#8784 = CARTESIAN_POINT('',(-2.183178848427,1.004658810762));
#8785 = CARTESIAN_POINT('',(-2.279968529946,1.004658810945));
#8786 = CARTESIAN_POINT('',(-2.376697247329,1.004658811124));
#8787 = CARTESIAN_POINT('',(-2.860036408741,1.004658812004));
#8788 = CARTESIAN_POINT('',(-3.245733569326,1.004658812652));
#8789 = CARTESIAN_POINT('',(-3.630461585048,1.004658813246));
#8790 = CARTESIAN_POINT('',(-4.0142254546,1.004658813783));
#8791 = CARTESIAN_POINT('',(-4.397030151681,1.004658814269));
#8792 = CARTESIAN_POINT('',(-4.778880625016,1.004658814699));
#8793 = CARTESIAN_POINT('',(-5.15978179832,1.004658815077));
#8794 = CARTESIAN_POINT('',(-5.539738570346,1.004658815401));
#8795 = CARTESIAN_POINT('',(-5.918755814835,1.004658815674));
#8796 = CARTESIAN_POINT('',(-6.296838380556,1.004658815894));
#8797 = CARTESIAN_POINT('',(-8.182601934185,1.004658816738));
#8798 = CARTESIAN_POINT('',(-9.676335173834,1.004658816589));
#8799 = CARTESIAN_POINT('',(-11.15549984031,1.004658815643));
#8800 = CARTESIAN_POINT('',(-12.62039950759,1.004658813923));
#8801 = CARTESIAN_POINT('',(-14.07133316625,1.004658811459));
#8802 = CARTESIAN_POINT('',(-15.50859602077,1.004658808269));
#8803 = CARTESIAN_POINT('',(-16.93248021151,1.004658804381));
#8804 = CARTESIAN_POINT('',(-18.34327546131,1.004658799812));
#8805 = CARTESIAN_POINT('',(-19.74126964678,1.004658794586));
#8806 = CARTESIAN_POINT('',(-21.12674929418,1.00465878872));
#8807 = CARTESIAN_POINT('',(-22.5,1.004658782235));
#8808 = ( GEOMETRIC_REPRESENTATION_CONTEXT(2) 
PARAMETRIC_REPRESENTATION_CONTEXT() REPRESENTATION_CONTEXT('2D SPACE',''
  ) );
#8809 = ORIENTED_EDGE('',*,*,#8810,.F.);
#8810 = EDGE_CURVE('',#8811,#8462,#8813,.T.);
#8811 = VERTEX_POINT('',#8812);
#8812 = CARTESIAN_POINT('',(-47.08722124649,419.99999999402,
    370.66557807117));
#8813 = SURFACE_CURVE('',#8814,(#8853,#8895),.PCURVE_S1.);
#8814 = B_SPLINE_CURVE_WITH_KNOTS('',7,(#8815,#8816,#8817,#8818,#8819,
    #8820,#8821,#8822,#8823,#8824,#8825,#8826,#8827,#8828,#8829,#8830,
    #8831,#8832,#8833,#8834,#8835,#8836,#8837,#8838,#8839,#8840,#8841,
    #8842,#8843,#8844,#8845,#8846,#8847,#8848,#8849,#8850,#8851,#8852),
  .UNSPECIFIED.,.F.,.F.,(8,6,6,6,6,6,8),(0.,0.175499583107,
    0.185179988817,0.499859632804,0.821299448253,0.831021459938,1.),
  .UNSPECIFIED.);
#8815 = CARTESIAN_POINT('',(-51.21053565933,420.,407.88153359244));
#8816 = CARTESIAN_POINT('',(-50.64412373129,420.,402.7689746625));
#8817 = CARTESIAN_POINT('',(-50.08899250177,420.,397.7582976631));
#8818 = CARTESIAN_POINT('',(-49.54647335195,420.,392.86152590167));
#8819 = CARTESIAN_POINT('',(-49.01840072042,420.,388.09522449723));
#8820 = CARTESIAN_POINT('',(-48.50714038062,420.,383.48075575065));
#8821 = CARTESIAN_POINT('',(-48.01561987346,420.,379.04455398544));
#8822 = CARTESIAN_POINT('',(-47.52160950849,420.,374.58600679833));
#8823 = CARTESIAN_POINT('',(-47.49592216107,420.,374.35417359491));
#8824 = CARTESIAN_POINT('',(-47.47023596393,420.,374.12235081416));
#8825 = CARTESIAN_POINT('',(-47.44451662996,420.,373.89022893357));
#8826 = CARTESIAN_POINT('',(-47.4187848999,420.,373.65799525079));
#8827 = CARTESIAN_POINT('',(-47.39306963815,420.,373.42591036582));
#8828 = CARTESIAN_POINT('',(-46.53165137602,420.,365.65145641283));
#8829 = CARTESIAN_POINT('',(-45.6959437693,420.,358.10913230385));
#8830 = CARTESIAN_POINT('',(-44.86023810668,420.,350.5669122963));
#8831 = CARTESIAN_POINT('',(-44.02453438609,420.,343.02479635037));
#8832 = CARTESIAN_POINT('',(-43.18883260529,420.,335.48278442642));
#8833 = CARTESIAN_POINT('',(-42.35313276189,420.,327.94087648497));
#8834 = CARTESIAN_POINT('',(-40.66378388914,420.,312.69525010196));
#8835 = CARTESIAN_POINT('',(-39.81013494388,420.,304.99153617549));
#8836 = CARTESIAN_POINT('',(-38.9564880148,420.,297.28793066528));
#8837 = CARTESIAN_POINT('',(-38.10284309917,420.,289.58443353306));
#8838 = CARTESIAN_POINT('',(-37.24920019426,420.,281.88104474427));
#8839 = CARTESIAN_POINT('',(-36.39555929732,420.,274.17776426803));
#8840 = CARTESIAN_POINT('',(-35.51610192613,420.,266.24160808937));
#8841 = CARTESIAN_POINT('',(-35.49031595791,420.,266.00891776844));
#8842 = CARTESIAN_POINT('',(-35.46439852458,420.,265.77504036329));
#8843 = CARTESIAN_POINT('',(-35.4384076432,420.,265.54049978357));
#8844 = CARTESIAN_POINT('',(-35.412374423,420.,265.30557695258));
#8845 = CARTESIAN_POINT('',(-35.38625246585,420.,265.0698528791));
#8846 = CARTESIAN_POINT('',(-34.90491041098,420.,260.72622464422));
#8847 = CARTESIAN_POINT('',(-34.42882774852,420.,256.42994814939));
#8848 = CARTESIAN_POINT('',(-33.93490778594,420.,251.97261150957));
#8849 = CARTESIAN_POINT('',(-33.42568497568,420.,247.37709611729));
#8850 = CARTESIAN_POINT('',(-32.90322288369,420.,242.66203251924));
#8851 = CARTESIAN_POINT('',(-32.36914062552,420.,237.8420391234));
#8852 = CARTESIAN_POINT('',(-31.82463637431,420.,232.9279344644));
#8853 = PCURVE('',#7177,#8854);
#8854 = DEFINITIONAL_REPRESENTATION('',(#8855),#8894);
#8855 = B_SPLINE_CURVE_WITH_KNOTS('',7,(#8856,#8857,#8858,#8859,#8860,
    #8861,#8862,#8863,#8864,#8865,#8866,#8867,#8868,#8869,#8870,#8871,
    #8872,#8873,#8874,#8875,#8876,#8877,#8878,#8879,#8880,#8881,#8882,
    #8883,#8884,#8885,#8886,#8887,#8888,#8889,#8890,#8891,#8892,#8893),
  .UNSPECIFIED.,.F.,.F.,(8,6,6,6,6,6,8),(0.,0.175499583107,
    0.185179988817,0.499859632804,0.821299448253,0.831021459938,1.),
  .UNSPECIFIED.);
#8856 = CARTESIAN_POINT('',(-26.06739876541,21.382348379558));
#8857 = CARTESIAN_POINT('',(-21.77292355973,18.550994641136));
#8858 = CARTESIAN_POINT('',(-17.56402345738,15.77606858756));
#8859 = CARTESIAN_POINT('',(-13.45079743943,13.064229278772));
#8860 = CARTESIAN_POINT('',(-9.447159464463,10.4246511406));
#8861 = CARTESIAN_POINT('',(-5.571052966577,7.869165401003));
#8862 = CARTESIAN_POINT('',(-1.844681707102,5.412412310608));
#8863 = CARTESIAN_POINT('',(1.900468485265,2.94329520181));
#8864 = CARTESIAN_POINT('',(2.095206880222,2.814907384796));
#8865 = CARTESIAN_POINT('',(2.28993652311,2.68652534331));
#8866 = CARTESIAN_POINT('',(2.484917405552,2.557977659278));
#8867 = CARTESIAN_POINT('',(2.679992206426,2.429368066264));
#8868 = CARTESIAN_POINT('',(2.874942030002,2.300840890894));
#8869 = CARTESIAN_POINT('',(9.40543388958,-2.004603541613));
#8870 = CARTESIAN_POINT('',(15.740944287109,-6.181488525853));
#8871 = CARTESIAN_POINT('',(22.076373368612,-10.35830848249));
#8872 = CARTESIAN_POINT('',(28.411721166018,-14.53506343536));
#8873 = CARTESIAN_POINT('',(34.746987711246,-18.71175340809));
#8874 = CARTESIAN_POINT('',(41.082173036204,-22.88837842406));
#8875 = CARTESIAN_POINT('',(53.888476512882,-31.3312224169));
#8876 = CARTESIAN_POINT('',(60.359591137917,-35.59743857321));
#8877 = CARTESIAN_POINT('',(66.830621081922,-39.86358700009));
#8878 = CARTESIAN_POINT('',(73.301566376084,-44.12966771991));
#8879 = CARTESIAN_POINT('',(79.772427048746,-48.39568075264));
#8880 = CARTESIAN_POINT('',(86.2432031254,-52.6616261159));
#8881 = CARTESIAN_POINT('',(92.909601990938,-57.05652615179));
#8882 = CARTESIAN_POINT('',(93.105062692351,-57.18538582668));
#8883 = CARTESIAN_POINT('',(93.301520495309,-57.31490295159));
#8884 = CARTESIAN_POINT('',(93.498535339974,-57.44478736342));
#8885 = CARTESIAN_POINT('',(93.695871263634,-57.57488347521));
#8886 = CARTESIAN_POINT('',(93.893880199309,-57.70542334215));
#8887 = CARTESIAN_POINT('',(97.542540636611,-60.11084917345));
#8888 = CARTESIAN_POINT('',(101.15141775563,-62.49006172412));
#8889 = CARTESIAN_POINT('',(104.89557903883,-64.95847480453));
#8890 = CARTESIAN_POINT('',(108.75580479349,-67.50341620154));
#8891 = CARTESIAN_POINT('',(112.71644593878,-70.11456788029));
#8892 = CARTESIAN_POINT('',(116.76522350153,-72.78383377973));
#8893 = CARTESIAN_POINT('',(120.89305032187,-75.50522225262));
#8894 = ( GEOMETRIC_REPRESENTATION_CONTEXT(2) 
PARAMETRIC_REPRESENTATION_CONTEXT() REPRESENTATION_CONTEXT('2D SPACE',''
  ) );
#8895 = PCURVE('',#7856,#8896);
#8896 = DEFINITIONAL_REPRESENTATION('',(#8897),#9170);
#8897 = B_SPLINE_CURVE_WITH_KNOTS('',11,(#8898,#8899,#8900,#8901,#8902,
    #8903,#8904,#8905,#8906,#8907,#8908,#8909,#8910,#8911,#8912,#8913,
    #8914,#8915,#8916,#8917,#8918,#8919,#8920,#8921,#8922,#8923,#8924,
    #8925,#8926,#8927,#8928,#8929,#8930,#8931,#8932,#8933,#8934,#8935,
    #8936,#8937,#8938,#8939,#8940,#8941,#8942,#8943,#8944,#8945,#8946,
    #8947,#8948,#8949,#8950,#8951,#8952,#8953,#8954,#8955,#8956,#8957,
    #8958,#8959,#8960,#8961,#8962,#8963,#8964,#8965,#8966,#8967,#8968,
    #8969,#8970,#8971,#8972,#8973,#8974,#8975,#8976,#8977,#8978,#8979,
    #8980,#8981,#8982,#8983,#8984,#8985,#8986,#8987,#8988,#8989,#8990,
    #8991,#8992,#8993,#8994,#8995,#8996,#8997,#8998,#8999,#9000,#9001,
    #9002,#9003,#9004,#9005,#9006,#9007,#9008,#9009,#9010,#9011,#9012,
    #9013,#9014,#9015,#9016,#9017,#9018,#9019,#9020,#9021,#9022,#9023,
    #9024,#9025,#9026,#9027,#9028,#9029,#9030,#9031,#9032,#9033,#9034,
    #9035,#9036,#9037,#9038,#9039,#9040,#9041,#9042,#9043,#9044,#9045,
    #9046,#9047,#9048,#9049,#9050,#9051,#9052,#9053,#9054,#9055,#9056,
    #9057,#9058,#9059,#9060,#9061,#9062,#9063,#9064,#9065,#9066,#9067,
    #9068,#9069,#9070,#9071,#9072,#9073,#9074,#9075,#9076,#9077,#9078,
    #9079,#9080,#9081,#9082,#9083,#9084,#9085,#9086,#9087,#9088,#9089,
    #9090,#9091,#9092,#9093,#9094,#9095,#9096,#9097,#9098,#9099,#9100,
    #9101,#9102,#9103,#9104,#9105,#9106,#9107,#9108,#9109,#9110,#9111,
    #9112,#9113,#9114,#9115,#9116,#9117,#9118,#9119,#9120,#9121,#9122,
    #9123,#9124,#9125,#9126,#9127,#9128,#9129,#9130,#9131,#9132,#9133,
    #9134,#9135,#9136,#9137,#9138,#9139,#9140,#9141,#9142,#9143,#9144,
    #9145,#9146,#9147,#9148,#9149,#9150,#9151,#9152,#9153,#9154,#9155,
    #9156,#9157,#9158,#9159,#9160,#9161,#9162,#9163,#9164,#9165,#9166,
    #9167,#9168,#9169),.UNSPECIFIED.,.F.,.F.,(12,10,10,10,10,10,10,10,10
    ,10,10,10,10,10,10,10,10,10,10,10,10,10,10,10,10,10,10,12),(0.,0.125
    ,0.15625,0.171875,0.173828125,0.1748046875,0.17529296875,0.17578125,
    0.1796875,0.18359375,0.1845703125,0.185546875,0.1875,0.25,0.5,0.75,
    0.8125,0.8203125,0.8212890625,0.822265625,0.82421875,0.828125,
    0.830078125,0.83203125,0.8359375,0.84375,0.875,1.),.UNSPECIFIED.);
#8898 = CARTESIAN_POINT('',(167.68599431396,1.00106151621));
#8899 = CARTESIAN_POINT('',(165.72302886749,1.001070377213));
#8900 = CARTESIAN_POINT('',(163.73684007402,1.001079342764));
#8901 = CARTESIAN_POINT('',(161.72663228464,1.001088416448));
#8902 = CARTESIAN_POINT('',(159.69161035845,1.001097601851));
#8903 = CARTESIAN_POINT('',(157.63097826464,1.001106902556));
#8904 = CARTESIAN_POINT('',(155.54393716376,1.001116322173));
#8905 = CARTESIAN_POINT('',(153.42968295744,1.001125864322));
#8906 = CARTESIAN_POINT('',(151.28740332008,1.00113553268));
#8907 = CARTESIAN_POINT('',(149.11627419844,1.001145330967));
#8908 = CARTESIAN_POINT('',(146.91545579125,1.00115526299));
#8909 = CARTESIAN_POINT('',(144.12624605254,1.001167850067));
#8910 = CARTESIAN_POINT('',(143.56649473784,1.001170376085));
#8911 = CARTESIAN_POINT('',(143.00482064268,1.001172910766));
#8912 = CARTESIAN_POINT('',(142.44121025451,1.001175454172));
#8913 = CARTESIAN_POINT('',(141.87564996287,1.001178006366));
#8914 = CARTESIAN_POINT('',(141.30812605736,1.001180567407));
#8915 = CARTESIAN_POINT('',(140.73862473042,1.001183137361));
#8916 = CARTESIAN_POINT('',(140.16713207431,1.00118571629));
#8917 = CARTESIAN_POINT('',(139.59363408374,1.001188304258));
#8918 = CARTESIAN_POINT('',(139.01811665404,1.001190901329));
#8919 = CARTESIAN_POINT('',(138.15179004623,1.001194810688));
#8920 = CARTESIAN_POINT('',(137.86250609309,1.0011961161));
#8921 = CARTESIAN_POINT('',(137.57271194319,1.001197423812));
#8922 = CARTESIAN_POINT('',(137.28240580836,1.001198733832));
#8923 = CARTESIAN_POINT('',(136.99158589222,1.001200046169));
#8924 = CARTESIAN_POINT('',(136.70025038968,1.001201360831));
#8925 = CARTESIAN_POINT('',(136.40839748743,1.001202677825));
#8926 = CARTESIAN_POINT('',(136.11602536356,1.001203997162));
#8927 = CARTESIAN_POINT('',(135.82313218778,1.001205318848));
#8928 = CARTESIAN_POINT('',(135.52971612135,1.001206642892));
#8929 = CARTESIAN_POINT('',(135.19903271653,1.001208135105));
#8930 = CARTESIAN_POINT('',(135.16228191697,1.001208300943));
#8931 = CARTESIAN_POINT('',(135.12552291477,1.001208466819));
#8932 = CARTESIAN_POINT('',(135.08875570628,1.001208632731));
#8933 = CARTESIAN_POINT('',(135.05198028801,1.00120879868));
#8934 = CARTESIAN_POINT('',(135.01519665605,1.001208964667));
#8935 = CARTESIAN_POINT('',(134.97840480723,1.00120913069));
#8936 = CARTESIAN_POINT('',(134.94160473743,1.001209296751));
#8937 = CARTESIAN_POINT('',(134.90479644345,1.001209462849));
#8938 = CARTESIAN_POINT('',(134.86797992141,1.001209628983));
#8939 = CARTESIAN_POINT('',(134.81274279101,1.001209878241));
#8940 = CARTESIAN_POINT('',(134.7943283563,1.001209961337));
#8941 = CARTESIAN_POINT('',(134.77591186326,1.001210044441));
#8942 = CARTESIAN_POINT('',(134.75749331137,1.001210127555));
#8943 = CARTESIAN_POINT('',(134.73907270028,1.001210210678));
#8944 = CARTESIAN_POINT('',(134.7206500294,1.00121029381));
#8945 = CARTESIAN_POINT('',(134.70222529842,1.001210376952));
#8946 = CARTESIAN_POINT('',(134.68379850677,1.001210460103));
#8947 = CARTESIAN_POINT('',(134.66536965406,1.001210543263));
#8948 = CARTESIAN_POINT('',(134.64693873981,1.001210626433));
#8949 = CARTESIAN_POINT('',(134.61928927546,1.001210751201));
#8950 = CARTESIAN_POINT('',(134.61007227186,1.001210792793));
#8951 = CARTESIAN_POINT('',(134.60085475267,1.001210834387));
#8952 = CARTESIAN_POINT('',(134.59163671794,1.001210875984));
#8953 = CARTESIAN_POINT('',(134.58241816742,1.001210917583));
#8954 = CARTESIAN_POINT('',(134.57319910135,1.001210959183));
#8955 = CARTESIAN_POINT('',(134.56397951931,1.001211000787));
#8956 = CARTESIAN_POINT('',(134.55475942159,1.001211042393));
#8957 = CARTESIAN_POINT('',(134.54553880787,1.001211084001));
#8958 = CARTESIAN_POINT('',(134.53631767825,1.001211125611));
#8959 = CARTESIAN_POINT('',(134.51787438696,1.001211208836));
#8960 = CARTESIAN_POINT('',(134.5086522391,1.001211250451));
#8961 = CARTESIAN_POINT('',(134.49942960319,1.001211292069));
#8962 = CARTESIAN_POINT('',(134.49020634096,1.001211333688));
#8963 = CARTESIAN_POINT('',(134.48098248031,1.001211375311));
#8964 = CARTESIAN_POINT('',(134.47175823037,1.001211416936));
#8965 = CARTESIAN_POINT('',(134.46253382784,1.001211458561));
#8966 = CARTESIAN_POINT('',(134.45330935538,1.001211500187));
#8967 = CARTESIAN_POINT('',(134.44408466618,1.001211541813));
#8968 = CARTESIAN_POINT('',(134.43485955501,1.001211583442));
#8969 = CARTESIAN_POINT('',(134.35183236153,1.001211958105));
#8970 = CARTESIAN_POINT('',(134.27801669532,1.001212291205));
#8971 = CARTESIAN_POINT('',(134.20419311722,1.001212624343));
#8972 = CARTESIAN_POINT('',(134.13036601828,1.001212957501));
#8973 = CARTESIAN_POINT('',(134.05653854414,1.001213290663));
#8974 = CARTESIAN_POINT('',(133.98271276344,1.001213623821));
#8975 = CARTESIAN_POINT('',(133.90888983579,1.001213956968));
#8976 = CARTESIAN_POINT('',(133.83507018023,1.001214290103));
#8977 = CARTESIAN_POINT('',(133.76125364324,1.001214623225));
#8978 = CARTESIAN_POINT('',(133.6874396671,1.001214956336));
#8979 = CARTESIAN_POINT('',(133.53981524898,1.001215622544));
#8980 = CARTESIAN_POINT('',(133.46600480701,1.001215955641));
#8981 = CARTESIAN_POINT('',(133.39219533832,1.001216288733));
#8982 = CARTESIAN_POINT('',(133.31838581318,1.001216621826));
#8983 = CARTESIAN_POINT('',(133.24457513378,1.001216954922));
#8984 = CARTESIAN_POINT('',(133.17076230314,1.001217288029));
#8985 = CARTESIAN_POINT('',(133.09694659234,1.001217621145));
#8986 = CARTESIAN_POINT('',(133.02312770988,1.001217954277));
#8987 = CARTESIAN_POINT('',(132.94930596881,1.001218287418));
#8988 = CARTESIAN_POINT('',(132.87548245578,1.001218620567));
#8989 = CARTESIAN_POINT('',(132.78320338451,1.001219037));
#8990 = CARTESIAN_POINT('',(132.76474758694,1.001219120286));
#8991 = CARTESIAN_POINT('',(132.74629183686,1.001219203572));
#8992 = CARTESIAN_POINT('',(132.72783616917,1.001219286859));
#8993 = CARTESIAN_POINT('',(132.70938062338,1.001219370143));
#8994 = CARTESIAN_POINT('',(132.69092524269,1.001219453428));
#8995 = CARTESIAN_POINT('',(132.67247007522,1.001219536711));
#8996 = CARTESIAN_POINT('',(132.65401517271,1.001219619994));
#8997 = CARTESIAN_POINT('',(132.63556059164,1.001219703274));
#8998 = CARTESIAN_POINT('',(132.61710639243,1.001219786553));
#8999 = CARTESIAN_POINT('',(132.58019888744,1.001219953107));
#9000 = CARTESIAN_POINT('',(132.56174538781,1.001220036382));
#9001 = CARTESIAN_POINT('',(132.54329415348,1.001220119648));
#9002 = CARTESIAN_POINT('',(132.52483588414,1.001220202945));
#9003 = CARTESIAN_POINT('',(132.50639894606,1.001220286148));
#9004 = CARTESIAN_POINT('',(132.48792494,1.001220369513));
#9005 = CARTESIAN_POINT('',(132.46949851956,1.00122045267));
#9006 = CARTESIAN_POINT('',(132.4510365433,1.001220535982));
#9007 = CARTESIAN_POINT('',(132.43259058866,1.001220619225));
#9008 = CARTESIAN_POINT('',(132.41414040917,1.001220702485));
#9009 = CARTESIAN_POINT('',(132.35879142308,1.001220952261));
#9010 = CARTESIAN_POINT('',(132.32189209768,1.001221118777));
#9011 = CARTESIAN_POINT('',(132.28499277094,1.001221285294));
#9012 = CARTESIAN_POINT('',(132.24809344287,1.001221451811));
#9013 = CARTESIAN_POINT('',(132.21119411349,1.001221618327));
#9014 = CARTESIAN_POINT('',(132.17429478272,1.001221784843));
#9015 = CARTESIAN_POINT('',(132.13739545071,1.00122195136));
#9016 = CARTESIAN_POINT('',(132.10049611728,1.001222117875));
#9017 = CARTESIAN_POINT('',(132.0635967826,1.001222284391));
#9018 = CARTESIAN_POINT('',(132.02669744656,1.001222450907));
#9019 = CARTESIAN_POINT('',(130.80901931402,1.001227945923));
#9020 = CARTESIAN_POINT('',(129.62823914857,1.00123327429));
#9021 = CARTESIAN_POINT('',(128.44745774394,1.001238602524));
#9022 = CARTESIAN_POINT('',(127.26667515758,1.001243930624));
#9023 = CARTESIAN_POINT('',(126.0858913926,1.001249258591));
#9024 = CARTESIAN_POINT('',(124.90510641699,1.001254586422));
#9025 = CARTESIAN_POINT('',(123.72432018269,1.001259914121));
#9026 = CARTESIAN_POINT('',(122.54353264505,1.001265241686));
#9027 = CARTESIAN_POINT('',(121.36274378174,1.001270569117));
#9028 = CARTESIAN_POINT('',(120.18195361222,1.001275896414));
#9029 = CARTESIAN_POINT('',(114.27799663504,1.001302532228));
#9030 = CARTESIAN_POINT('',(109.55481077979,1.001323838732));
#9031 = CARTESIAN_POINT('',(104.83160464526,1.001345143086));
#9032 = CARTESIAN_POINT('',(100.10837822772,1.001366445289));
#9033 = CARTESIAN_POINT('',(95.385131525166,1.001387745345));
#9034 = CARTESIAN_POINT('',(90.661864537797,1.00140904326));
#9035 = CARTESIAN_POINT('',(85.938577267394,1.001430339045));
#9036 = CARTESIAN_POINT('',(81.215269718017,1.001451632714));
#9037 = CARTESIAN_POINT('',(76.491941895364,1.001472924286));
#9038 = CARTESIAN_POINT('',(71.768593807237,1.001494213782));
#9039 = CARTESIAN_POINT('',(62.321857119323,1.001536788673));
#9040 = CARTESIAN_POINT('',(57.598468513457,1.001558074045));
#9041 = CARTESIAN_POINT('',(52.875059648865,1.001579357386));
#9042 = CARTESIAN_POINT('',(48.151630528728,1.001600638734));
#9043 = CARTESIAN_POINT('',(43.428181156225,1.00162191813));
#9044 = CARTESIAN_POINT('',(38.70471153455,1.001643195613));
#9045 = CARTESIAN_POINT('',(33.981221666863,1.001664471225));
#9046 = CARTESIAN_POINT('',(29.257711556371,1.001685745004));
#9047 = CARTESIAN_POINT('',(24.534181206237,1.001707016992));
#9048 = CARTESIAN_POINT('',(19.810630619653,1.001728287227));
#9049 = CARTESIAN_POINT('',(13.906167094833,1.001754872882));
#9050 = CARTESIAN_POINT('',(12.725273124993,1.001760189908));
#9051 = CARTESIAN_POINT('',(11.544377890402,1.001765506828));
#9052 = CARTESIAN_POINT('',(10.363481391174,1.001770823645));
#9053 = CARTESIAN_POINT('',(9.182583627444,1.001776140359));
#9054 = CARTESIAN_POINT('',(8.001684599319,1.00178145697));
#9055 = CARTESIAN_POINT('',(6.820784306934,1.001786773481));
#9056 = CARTESIAN_POINT('',(5.639882750402,1.001792089891));
#9057 = CARTESIAN_POINT('',(4.458979929849,1.001797406202));
#9058 = CARTESIAN_POINT('',(3.278075845397,1.001802722415));
#9059 = CARTESIAN_POINT('',(1.949557328637,1.001808703044));
#9060 = CARTESIAN_POINT('',(1.801944140393,1.001809367557));
#9061 = CARTESIAN_POINT('',(1.654330932435,1.001810032068));
#9062 = CARTESIAN_POINT('',(1.506717704763,1.001810696579));
#9063 = CARTESIAN_POINT('',(1.35910445738,1.001811361086));
#9064 = CARTESIAN_POINT('',(1.211491190286,1.001812025594));
#9065 = CARTESIAN_POINT('',(1.063877903483,1.001812690098));
#9066 = CARTESIAN_POINT('',(0.916264596971,1.001813354603));
#9067 = CARTESIAN_POINT('',(0.768651270753,1.001814019105));
#9068 = CARTESIAN_POINT('',(0.621037924829,1.001814683606));
#9069 = CARTESIAN_POINT('',(0.454972888496,1.001815431167));
#9070 = CARTESIAN_POINT('',(0.436521217485,1.00181551423));
#9071 = CARTESIAN_POINT('',(0.418069546165,1.001815597292));
#9072 = CARTESIAN_POINT('',(0.399617874537,1.001815680355));
#9073 = CARTESIAN_POINT('',(0.381166202601,1.001815763416));
#9074 = CARTESIAN_POINT('',(0.362714530357,1.001815846479));
#9075 = CARTESIAN_POINT('',(0.344262857805,1.001815929541));
#9076 = CARTESIAN_POINT('',(0.325811184945,1.001816012604));
#9077 = CARTESIAN_POINT('',(0.307359511777,1.001816095666));
#9078 = CARTESIAN_POINT('',(0.288907838301,1.001816178728));
#9079 = CARTESIAN_POINT('',(0.252004490732,1.001816344852));
#9080 = CARTESIAN_POINT('',(0.233552076085,1.001816427917));
#9081 = CARTESIAN_POINT('',(0.215098950801,1.001816510983));
#9082 = CARTESIAN_POINT('',(0.196645318632,1.00181659405));
#9083 = CARTESIAN_POINT('',(0.178191451713,1.001816677115));
#9084 = CARTESIAN_POINT('',(0.159737616644,1.001816760179));
#9085 = CARTESIAN_POINT('',(0.141284031777,1.001816843239));
#9086 = CARTESIAN_POINT('',(0.122830855726,1.001816926296));
#9087 = CARTESIAN_POINT('',(0.104378207081,1.001817009348));
#9088 = CARTESIAN_POINT('',(8.592621534473E-02,1.001817092395));
#9089 = CARTESIAN_POINT('',(3.057287854222E-02,1.001817341517));
#9090 = CARTESIAN_POINT('',(-6.325952306345E-03,1.001817507574));
#9091 = CARTESIAN_POINT('',(-4.322025993402E-02,1.001817673602));
#9092 = CARTESIAN_POINT('',(-8.010910404046E-02,1.001817839596));
#9093 = CARTESIAN_POINT('',(-0.116991714859,1.001818005554));
#9094 = CARTESIAN_POINT('',(-0.153867474454,1.001818171472));
#9095 = CARTESIAN_POINT('',(-0.190735898024,1.001818337351));
#9096 = CARTESIAN_POINT('',(-0.227596615196,1.001818503188));
#9097 = CARTESIAN_POINT('',(-0.264449351328,1.001818668983));
#9098 = CARTESIAN_POINT('',(-0.301293908806,1.001818834736));
#9099 = CARTESIAN_POINT('',(-0.411802627421,1.001819331871));
#9100 = CARTESIAN_POINT('',(-0.48544184595,1.001819663128));
#9101 = CARTESIAN_POINT('',(-0.559046737474,1.001819994219));
#9102 = CARTESIAN_POINT('',(-0.6326172749,1.001820325152));
#9103 = CARTESIAN_POINT('',(-0.706154012989,1.001820655933));
#9104 = CARTESIAN_POINT('',(-0.77965772479,1.00182098657));
#9105 = CARTESIAN_POINT('',(-0.853129132019,1.001821317068));
#9106 = CARTESIAN_POINT('',(-0.926568729383,1.001821647429));
#9107 = CARTESIAN_POINT('',(-0.999976702851,1.001821977652));
#9108 = CARTESIAN_POINT('',(-1.073352941865,1.001822307734));
#9109 = CARTESIAN_POINT('',(-1.18336924732,1.001822802637));
#9110 = CARTESIAN_POINT('',(-1.220033369921,1.001822967569));
#9111 = CARTESIAN_POINT('',(-1.256689438428,1.001823132463));
#9112 = CARTESIAN_POINT('',(-1.29333738646,1.00182329732));
#9113 = CARTESIAN_POINT('',(-1.32997715613,1.001823462138));
#9114 = CARTESIAN_POINT('',(-1.366608698042,1.001823626917));
#9115 = CARTESIAN_POINT('',(-1.4032319713,1.001823791656));
#9116 = CARTESIAN_POINT('',(-1.439846943494,1.001823956356));
#9117 = CARTESIAN_POINT('',(-1.476453590715,1.001824121017));
#9118 = CARTESIAN_POINT('',(-1.513051897542,1.001824285637));
#9119 = CARTESIAN_POINT('',(-1.586231816564,1.0018246148));
#9120 = CARTESIAN_POINT('',(-1.622813283725,1.001824779341));
#9121 = CARTESIAN_POINT('',(-1.659387467678,1.001824943855));
#9122 = CARTESIAN_POINT('',(-1.695951407956,1.001825108307));
#9123 = CARTESIAN_POINT('',(-1.73250864151,1.001825272739));
#9124 = CARTESIAN_POINT('',(-1.769059609668,1.00182543716));
#9125 = CARTESIAN_POINT('',(-1.805601246637,1.001825601526));
#9126 = CARTESIAN_POINT('',(-1.842133460159,1.00182576584));
#9127 = CARTESIAN_POINT('',(-1.878659380072,1.001825930139));
#9128 = CARTESIAN_POINT('',(-1.915176311671,1.001826094391));
#9129 = CARTESIAN_POINT('',(-2.024703240498,1.00182658704));
#9130 = CARTESIAN_POINT('',(-2.097688733164,1.001826915325));
#9131 = CARTESIAN_POINT('',(-2.170641794599,1.001827243462));
#9132 = CARTESIAN_POINT('',(-2.243562453457,1.00182757145));
#9133 = CARTESIAN_POINT('',(-2.316450738392,1.001827899293));
#9134 = CARTESIAN_POINT('',(-2.389306678058,1.001828226985));
#9135 = CARTESIAN_POINT('',(-2.462130301111,1.001828554532));
#9136 = CARTESIAN_POINT('',(-2.534921636203,1.00182888193));
#9137 = CARTESIAN_POINT('',(-2.607680711989,1.001829209181));
#9138 = CARTESIAN_POINT('',(-2.680407557123,1.001829536285));
#9139 = CARTESIAN_POINT('',(-2.898491486533,1.001830517157));
#9140 = CARTESIAN_POINT('',(-3.043751967201,1.001831170483));
#9141 = CARTESIAN_POINT('',(-3.188883868189,1.001831823223));
#9142 = CARTESIAN_POINT('',(-3.333887415428,1.001832475377));
#9143 = CARTESIAN_POINT('',(-3.478762834837,1.001833126945));
#9144 = CARTESIAN_POINT('',(-3.623510352351,1.001833777931));
#9145 = CARTESIAN_POINT('',(-3.768130193889,1.001834428332));
#9146 = CARTESIAN_POINT('',(-3.912622585382,1.001835078153));
#9147 = CARTESIAN_POINT('',(-4.056987752755,1.001835727392));
#9148 = CARTESIAN_POINT('',(-4.201225921934,1.001836376052));
#9149 = CARTESIAN_POINT('',(-4.921782906495,1.001839616457));
#9150 = CARTESIAN_POINT('',(-5.496200112309,1.001842199523));
#9151 = CARTESIAN_POINT('',(-6.068603226735,1.001844773393));
#9152 = CARTESIAN_POINT('',(-6.639006431525,1.001847338135));
#9153 = CARTESIAN_POINT('',(-7.207423799778,1.00184989381));
#9154 = CARTESIAN_POINT('',(-7.773869295877,1.001852440484));
#9155 = CARTESIAN_POINT('',(-8.338356775566,1.001854978218));
#9156 = CARTESIAN_POINT('',(-8.900899985876,1.001857507076));
#9157 = CARTESIAN_POINT('',(-9.461512565178,1.001860027118));
#9158 = CARTESIAN_POINT('',(-10.02020804315,1.001862538408));
#9159 = CARTESIAN_POINT('',(-12.80416703146,1.001875051393));
#9160 = CARTESIAN_POINT('',(-15.00087580582,1.001884922706));
#9161 = CARTESIAN_POINT('',(-17.1679868998,1.001894658851));
#9162 = CARTESIAN_POINT('',(-19.30633870374,1.00190426363));
#9163 = CARTESIAN_POINT('',(-21.41675197145,1.001913740767));
#9164 = CARTESIAN_POINT('',(-23.50003398814,1.001923093912));
#9165 = CARTESIAN_POINT('',(-25.5569821961,1.001932326681));
#9166 = CARTESIAN_POINT('',(-27.58838727965,1.001941442647));
#9167 = CARTESIAN_POINT('',(-29.59503570763,1.001950445369));
#9168 = CARTESIAN_POINT('',(-31.57771173508,1.001959338391));
#9169 = CARTESIAN_POINT('',(-33.53719886279,1.001968125254));
#9170 = ( GEOMETRIC_REPRESENTATION_CONTEXT(2) 
PARAMETRIC_REPRESENTATION_CONTEXT() REPRESENTATION_CONTEXT('2D SPACE',''
  ) );
#9171 = ORIENTED_EDGE('',*,*,#9172,.T.);
#9172 = EDGE_CURVE('',#8811,#9173,#9175,.T.);
#9173 = VERTEX_POINT('',#9174);
#9174 = CARTESIAN_POINT('',(47.087221246535,419.99999999394,
    370.66557807118));
#9175 = SURFACE_CURVE('',#9176,(#9180,#9186),.PCURVE_S1.);
#9176 = LINE('',#9177,#9178);
#9177 = CARTESIAN_POINT('',(-25.5,420.,370.66557807121));
#9178 = VECTOR('',#9179,1.);
#9179 = DIRECTION('',(1.,0.,1.098462835488E-16));
#9180 = PCURVE('',#7177,#9181);
#9181 = DEFINITIONAL_REPRESENTATION('',(#9182),#9185);
#9182 = B_SPLINE_CURVE_WITH_KNOTS('',1,(#9183,#9184),.UNSPECIFIED.,.F.,
  .F.,(2,2),(-9.9999745E+06,1.00000255E+07),.PIECEWISE_BEZIER_KNOTS.);
#9183 = CARTESIAN_POINT('',(-6.390173295231E+06,-7.691857074824E+06));
#9184 = CARTESIAN_POINT('',(6.390243861872E+06,7.691931057181E+06));
#9185 = ( GEOMETRIC_REPRESENTATION_CONTEXT(2) 
PARAMETRIC_REPRESENTATION_CONTEXT() REPRESENTATION_CONTEXT('2D SPACE',''
  ) );
#9186 = PCURVE('',#9187,#9192);
#9187 = PLANE('',#9188);
#9188 = AXIS2_PLACEMENT_3D('',#9189,#9190,#9191);
#9189 = CARTESIAN_POINT('',(2.668607819678E-16,356.56676315062,
    372.47392135133));
#9190 = DIRECTION('',(-1.098016749311E-16,2.849624267978E-02,
    0.999593899618));
#9191 = DIRECTION('',(1.,-2.54571656767E-16,1.171035664448E-16));
#9192 = DEFINITIONAL_REPRESENTATION('',(#9193),#9196);
#9193 = B_SPLINE_CURVE_WITH_KNOTS('',1,(#9194,#9195),.UNSPECIFIED.,.F.,
  .F.,(2,2),(-9.9999745E+06,1.00000255E+07),.PIECEWISE_BEZIER_KNOTS.);
#9194 = CARTESIAN_POINT('',(-1.E+07,63.459007574063));
#9195 = CARTESIAN_POINT('',(1.E+07,63.459007579156));
#9196 = ( GEOMETRIC_REPRESENTATION_CONTEXT(2) 
PARAMETRIC_REPRESENTATION_CONTEXT() REPRESENTATION_CONTEXT('2D SPACE',''
  ) );
#9197 = ORIENTED_EDGE('',*,*,#9198,.F.);
#9198 = EDGE_CURVE('',#8464,#9173,#9199,.T.);
#9199 = SURFACE_CURVE('',#9200,(#9239,#9281),.PCURVE_S1.);
#9200 = B_SPLINE_CURVE_WITH_KNOTS('',7,(#9201,#9202,#9203,#9204,#9205,
    #9206,#9207,#9208,#9209,#9210,#9211,#9212,#9213,#9214,#9215,#9216,
    #9217,#9218,#9219,#9220,#9221,#9222,#9223,#9224,#9225,#9226,#9227,
    #9228,#9229,#9230,#9231,#9232,#9233,#9234,#9235,#9236,#9237,#9238),
  .UNSPECIFIED.,.F.,.F.,(8,6,6,6,6,6,8),(0.,0.175490378859,
    0.185169735988,0.49983240667,0.821289971666,0.831013034381,1.),
  .UNSPECIFIED.);
#9201 = CARTESIAN_POINT('',(31.824636374304,420.,232.92793446435));
#9202 = CARTESIAN_POINT('',(32.391111369191,420.,238.04032322121));
#9203 = CARTESIAN_POINT('',(32.946292954538,420.,243.05073183637));
#9204 = CARTESIAN_POINT('',(33.488848126841,420.,247.94712430155));
#9205 = CARTESIAN_POINT('',(34.016940678686,420.,252.71292217083));
#9206 = CARTESIAN_POINT('',(34.52820321055,420.,257.32675183939));
#9207 = CARTESIAN_POINT('',(35.01970693627,420.,261.76217190266));
#9208 = CARTESIAN_POINT('',(35.513678559892,420.,266.21974000646));
#9209 = CARTESIAN_POINT('',(35.539362349485,420.,266.45150832843));
#9210 = CARTESIAN_POINT('',(35.565044945454,420.,266.68326602201));
#9211 = CARTESIAN_POINT('',(35.590760705573,420.,266.91532324134));
#9212 = CARTESIAN_POINT('',(35.616488913926,420.,267.14749288501));
#9213 = CARTESIAN_POINT('',(35.642200690266,420.,267.37951420051));
#9214 = CARTESIAN_POINT('',(36.503547114411,420.,275.15225008534));
#9215 = CARTESIAN_POINT('',(37.33919025128,420.,282.6931275536));
#9216 = CARTESIAN_POINT('',(38.174835312559,420.,290.23410881884));
#9217 = CARTESIAN_POINT('',(39.010482300818,420.,297.77519390985));
#9218 = CARTESIAN_POINT('',(39.846131218621,420.,305.31638285891));
#9219 = CARTESIAN_POINT('',(40.681782068535,420.,312.85767570174));
#9220 = CARTESIAN_POINT('',(42.371132906125,420.,328.10331981949));
#9221 = CARTESIAN_POINT('',(43.224832978201,420.,335.80767563041));
#9222 = CARTESIAN_POINT('',(44.078535072085,420.,343.51213995215));
#9223 = CARTESIAN_POINT('',(44.932239190333,420.,351.21671282675));
#9224 = CARTESIAN_POINT('',(45.785945335322,420.,358.92139429644));
#9225 = CARTESIAN_POINT('',(46.639653509252,420.,366.62618440363));
#9226 = CARTESIAN_POINT('',(47.51918571607,420.,374.56413172446));
#9227 = CARTESIAN_POINT('',(47.544975204681,420.,374.79688676472));
#9228 = CARTESIAN_POINT('',(47.570895958368,420.,375.03082713828));
#9229 = CARTESIAN_POINT('',(47.596890163251,420.,375.26543081638));
#9230 = CARTESIAN_POINT('',(47.622926743274,420.,375.50041719986));
#9231 = CARTESIAN_POINT('',(47.649051922441,420.,375.73620366765));
#9232 = CARTESIAN_POINT('',(48.130426265622,420.,380.08073757662));
#9233 = CARTESIAN_POINT('',(48.606520665792,420.,384.37773108308));
#9234 = CARTESIAN_POINT('',(49.100434918039,420.,388.83565310695));
#9235 = CARTESIAN_POINT('',(49.609635740451,420.,393.43162922081));
#9236 = CARTESIAN_POINT('',(50.132061037382,420.,398.14703920652));
#9237 = CARTESIAN_POINT('',(50.666093257531,420.,402.96727644951));
#9238 = CARTESIAN_POINT('',(51.210535659332,420.,407.88153359243));
#9239 = PCURVE('',#7177,#9240);
#9240 = DEFINITIONAL_REPRESENTATION('',(#9241),#9280);
#9241 = B_SPLINE_CURVE_WITH_KNOTS('',7,(#9242,#9243,#9244,#9245,#9246,
    #9247,#9248,#9249,#9250,#9251,#9252,#9253,#9254,#9255,#9256,#9257,
    #9258,#9259,#9260,#9261,#9262,#9263,#9264,#9265,#9266,#9267,#9268,
    #9269,#9270,#9271,#9272,#9273,#9274,#9275,#9276,#9277,#9278,#9279),
  .UNSPECIFIED.,.F.,.F.,(8,6,6,6,6,6,8),(0.,0.175490378859,
    0.185169735988,0.49983240667,0.821289971666,0.831013034381,1.),
  .UNSPECIFIED.);
#9242 = CARTESIAN_POINT('',(161.56626319559,-26.54687591661));
#9243 = CARTESIAN_POINT('',(157.99585725857,-22.84422630234));
#9244 = CARTESIAN_POINT('',(154.49667664198,-19.21543089669));
#9245 = CARTESIAN_POINT('',(151.07712749885,-15.66920629217));
#9246 = CARTESIAN_POINT('',(147.74878841931,-12.21755885279));
#9247 = CARTESIAN_POINT('',(144.52658693609,-8.875967736491));
#9248 = CARTESIAN_POINT('',(141.42898994205,-5.663582343584));
#9249 = CARTESIAN_POINT('',(138.3159339481,-2.435145609895));
#9250 = CARTESIAN_POINT('',(138.15407268731,-2.26728511909));
#9251 = CARTESIAN_POINT('',(137.99221883901,-2.099432338167));
#9252 = CARTESIAN_POINT('',(137.83015579127,-1.931362644533));
#9253 = CARTESIAN_POINT('',(137.6680142226,-1.763211534355));
#9254 = CARTESIAN_POINT('',(137.50597624599,-1.595167848297));
#9255 = CARTESIAN_POINT('',(132.07768847394,4.034311049575));
#9256 = CARTESIAN_POINT('',(126.81131880307,9.495856886902));
#9257 = CARTESIAN_POINT('',(121.5448705224,14.957470532896));
#9258 = CARTESIAN_POINT('',(116.27834361142,20.41915200794));
#9259 = CARTESIAN_POINT('',(111.01173804696,25.880901334624));
#9260 = CARTESIAN_POINT('',(105.74505380316,31.342718537756));
#9261 = CARTESIAN_POINT('',(95.097796272448,42.384433888742));
#9262 = CARTESIAN_POINT('',(89.717219550421,47.964335000111));
#9263 = CARTESIAN_POINT('',(84.336560654995,53.544307007312));
#9264 = CARTESIAN_POINT('',(78.955819555468,59.124349939175));
#9265 = CARTESIAN_POINT('',(73.57499622088,64.704463824513));
#9266 = CARTESIAN_POINT('',(68.194090620015,70.284648692117));
#9267 = CARTESIAN_POINT('',(62.650345055991,76.033689454934));
#9268 = CARTESIAN_POINT('',(62.487792365827,76.202261781872));
#9269 = CARTESIAN_POINT('',(62.324411810963,76.371692529221));
#9270 = CARTESIAN_POINT('',(62.160567986126,76.541603639881));
#9271 = CARTESIAN_POINT('',(61.996456866961,76.711791901774));
#9272 = CARTESIAN_POINT('',(61.831786948119,76.882559583754));
#9273 = CARTESIAN_POINT('',(58.797625734449,80.029075414632));
#9274 = CARTESIAN_POINT('',(55.796658101072,83.141150660475));
#9275 = CARTESIAN_POINT('',(52.683293214034,86.369769427021));
#9276 = CARTESIAN_POINT('',(49.473507020626,89.698365904412));
#9277 = CARTESIAN_POINT('',(46.180304273252,93.113455242758));
#9278 = CARTESIAN_POINT('',(42.813886576081,96.604459307364));
#9279 = CARTESIAN_POINT('',(39.381802091091,100.16355145052));
#9280 = ( GEOMETRIC_REPRESENTATION_CONTEXT(2) 
PARAMETRIC_REPRESENTATION_CONTEXT() REPRESENTATION_CONTEXT('2D SPACE',''
  ) );
#9281 = PCURVE('',#8272,#9282);
#9282 = DEFINITIONAL_REPRESENTATION('',(#9283),#9556);
#9283 = B_SPLINE_CURVE_WITH_KNOTS('',11,(#9284,#9285,#9286,#9287,#9288,
    #9289,#9290,#9291,#9292,#9293,#9294,#9295,#9296,#9297,#9298,#9299,
    #9300,#9301,#9302,#9303,#9304,#9305,#9306,#9307,#9308,#9309,#9310,
    #9311,#9312,#9313,#9314,#9315,#9316,#9317,#9318,#9319,#9320,#9321,
    #9322,#9323,#9324,#9325,#9326,#9327,#9328,#9329,#9330,#9331,#9332,
    #9333,#9334,#9335,#9336,#9337,#9338,#9339,#9340,#9341,#9342,#9343,
    #9344,#9345,#9346,#9347,#9348,#9349,#9350,#9351,#9352,#9353,#9354,
    #9355,#9356,#9357,#9358,#9359,#9360,#9361,#9362,#9363,#9364,#9365,
    #9366,#9367,#9368,#9369,#9370,#9371,#9372,#9373,#9374,#9375,#9376,
    #9377,#9378,#9379,#9380,#9381,#9382,#9383,#9384,#9385,#9386,#9387,
    #9388,#9389,#9390,#9391,#9392,#9393,#9394,#9395,#9396,#9397,#9398,
    #9399,#9400,#9401,#9402,#9403,#9404,#9405,#9406,#9407,#9408,#9409,
    #9410,#9411,#9412,#9413,#9414,#9415,#9416,#9417,#9418,#9419,#9420,
    #9421,#9422,#9423,#9424,#9425,#9426,#9427,#9428,#9429,#9430,#9431,
    #9432,#9433,#9434,#9435,#9436,#9437,#9438,#9439,#9440,#9441,#9442,
    #9443,#9444,#9445,#9446,#9447,#9448,#9449,#9450,#9451,#9452,#9453,
    #9454,#9455,#9456,#9457,#9458,#9459,#9460,#9461,#9462,#9463,#9464,
    #9465,#9466,#9467,#9468,#9469,#9470,#9471,#9472,#9473,#9474,#9475,
    #9476,#9477,#9478,#9479,#9480,#9481,#9482,#9483,#9484,#9485,#9486,
    #9487,#9488,#9489,#9490,#9491,#9492,#9493,#9494,#9495,#9496,#9497,
    #9498,#9499,#9500,#9501,#9502,#9503,#9504,#9505,#9506,#9507,#9508,
    #9509,#9510,#9511,#9512,#9513,#9514,#9515,#9516,#9517,#9518,#9519,
    #9520,#9521,#9522,#9523,#9524,#9525,#9526,#9527,#9528,#9529,#9530,
    #9531,#9532,#9533,#9534,#9535,#9536,#9537,#9538,#9539,#9540,#9541,
    #9542,#9543,#9544,#9545,#9546,#9547,#9548,#9549,#9550,#9551,#9552,
    #9553,#9554,#9555),.UNSPECIFIED.,.F.,.F.,(12,10,10,10,10,10,10,10,10
    ,10,10,10,10,10,10,10,10,10,10,10,10,10,10,10,10,10,10,12),(0.,0.125
    ,0.15625,0.171875,0.173828125,0.1748046875,0.17529296875,0.17578125,
    0.1796875,0.18359375,0.1845703125,0.185546875,0.1875,0.25,0.5,0.75,
    0.8125,0.8203125,0.8212890625,0.822265625,0.82421875,0.828125,
    0.830078125,0.83203125,0.8359375,0.84375,0.875,1.),.UNSPECIFIED.);
#9284 = CARTESIAN_POINT('',(167.68599431396,1.001968124362));
#9285 = CARTESIAN_POINT('',(165.72308549474,1.001959322276));
#9286 = CARTESIAN_POINT('',(163.73692656118,1.001950413731));
#9287 = CARTESIAN_POINT('',(161.72672176602,1.001941395131));
#9288 = CARTESIAN_POINT('',(159.69167596079,1.001932262885));
#9289 = CARTESIAN_POINT('',(157.63099320447,1.00192301339));
#9290 = CARTESIAN_POINT('',(155.54387485665,1.001913643038));
#9291 = CARTESIAN_POINT('',(153.42951715139,1.001904148185));
#9292 = CARTESIAN_POINT('',(151.28710825647,1.00189452516));
#9293 = CARTESIAN_POINT('',(149.11582481345,1.001884770227));
#9294 = CARTESIAN_POINT('',(146.914827962,1.001874879583));
#9295 = CARTESIAN_POINT('',(144.12536656768,1.001862341766));
#9296 = CARTESIAN_POINT('',(143.5655634934,1.001859825477));
#9297 = CARTESIAN_POINT('',(143.0038362302,1.001857300401));
#9298 = CARTESIAN_POINT('',(142.44017128632,1.001854766476));
#9299 = CARTESIAN_POINT('',(141.87455507278,1.001852223645));
#9300 = CARTESIAN_POINT('',(141.30697390157,1.001849671838));
#9301 = CARTESIAN_POINT('',(140.73741398811,1.001847111));
#9302 = CARTESIAN_POINT('',(140.16586144856,1.001844541062));
#9303 = CARTESIAN_POINT('',(139.59230230222,1.001841961964));
#9304 = CARTESIAN_POINT('',(139.01672246979,1.00183937364));
#9305 = CARTESIAN_POINT('',(138.15030042666,1.00183547722));
#9306 = CARTESIAN_POINT('',(137.86098435644,1.001834176091));
#9307 = CARTESIAN_POINT('',(137.57115778803,1.001832872631));
#9308 = CARTESIAN_POINT('',(137.28081893767,1.001831566832));
#9309 = CARTESIAN_POINT('',(136.98996601297,1.001830258687));
#9310 = CARTESIAN_POINT('',(136.69859721391,1.001828948187));
#9311 = CARTESIAN_POINT('',(136.40671073132,1.001827635323));
#9312 = CARTESIAN_POINT('',(136.11430474875,1.001826320088));
#9313 = CARTESIAN_POINT('',(135.82137744063,1.001825002473));
#9314 = CARTESIAN_POINT('',(135.52792697374,1.00182368247));
#9315 = CARTESIAN_POINT('',(135.1972045728,1.001822194769));
#9316 = CARTESIAN_POINT('',(135.16044943624,1.001822029432));
#9317 = CARTESIAN_POINT('',(135.1236860929,1.001821864057));
#9318 = CARTESIAN_POINT('',(135.0869145393,1.001821698645));
#9319 = CARTESIAN_POINT('',(135.05013477162,1.001821533195));
#9320 = CARTESIAN_POINT('',(135.01334678651,1.001821367707));
#9321 = CARTESIAN_POINT('',(134.97655058011,1.001821202182));
#9322 = CARTESIAN_POINT('',(134.93974614901,1.00182103662));
#9323 = CARTESIAN_POINT('',(134.90293348948,1.00182087102));
#9324 = CARTESIAN_POINT('',(134.86611259797,1.001820705382));
#9325 = CARTESIAN_POINT('',(134.81086890729,1.001820456869));
#9326 = CARTESIAN_POINT('',(134.79245228483,1.001820374022));
#9327 = CARTESIAN_POINT('',(134.77403360302,1.001820291166));
#9328 = CARTESIAN_POINT('',(134.75561286137,1.0018202083));
#9329 = CARTESIAN_POINT('',(134.73719005953,1.001820125425));
#9330 = CARTESIAN_POINT('',(134.71876519686,1.001820042541));
#9331 = CARTESIAN_POINT('',(134.70033827315,1.001819959646));
#9332 = CARTESIAN_POINT('',(134.68190928772,1.001819876743));
#9333 = CARTESIAN_POINT('',(134.66347824028,1.00181979383));
#9334 = CARTESIAN_POINT('',(134.64504513029,1.001819710908));
#9335 = CARTESIAN_POINT('',(134.61739237084,1.00181958651));
#9336 = CARTESIAN_POINT('',(134.60817426862,1.001819545042));
#9337 = CARTESIAN_POINT('',(134.59895565059,1.001819503572));
#9338 = CARTESIAN_POINT('',(134.58973651671,1.001819462098));
#9339 = CARTESIAN_POINT('',(134.58051686689,1.001819420624));
#9340 = CARTESIAN_POINT('',(134.57129670115,1.001819379145));
#9341 = CARTESIAN_POINT('',(134.56207601932,1.001819337666));
#9342 = CARTESIAN_POINT('',(134.55285482146,1.001819296183));
#9343 = CARTESIAN_POINT('',(134.54363310742,1.001819254699));
#9344 = CARTESIAN_POINT('',(134.5344108772,1.001819213212));
#9345 = CARTESIAN_POINT('',(134.51596538424,1.001819130233));
#9346 = CARTESIAN_POINT('',(134.50674216033,1.001819088741));
#9347 = CARTESIAN_POINT('',(134.49751838638,1.001819047247));
#9348 = CARTESIAN_POINT('',(134.48829398915,1.00181900575));
#9349 = CARTESIAN_POINT('',(134.47906905048,1.001818964251));
#9350 = CARTESIAN_POINT('',(134.46984377224,1.00181892275));
#9351 = CARTESIAN_POINT('',(134.4606183453,1.001818881248));
#9352 = CARTESIAN_POINT('',(134.45139281845,1.001818839744));
#9353 = CARTESIAN_POINT('',(134.44216706048,1.001818798239));
#9354 = CARTESIAN_POINT('',(134.43294091287,1.001818756732));
#9355 = CARTESIAN_POINT('',(134.34990432743,1.00181838316));
#9356 = CARTESIAN_POINT('',(134.27608044779,1.001818051006));
#9357 = CARTESIAN_POINT('',(134.2022487628,1.001817718789));
#9358 = CARTESIAN_POINT('',(134.12841363763,1.001817386529));
#9359 = CARTESIAN_POINT('',(134.05457819493,1.001817054241));
#9360 = CARTESIAN_POINT('',(133.98074448281,1.001816721937));
#9361 = CARTESIAN_POINT('',(133.90691364359,1.001816389624));
#9362 = CARTESIAN_POINT('',(133.83308608158,1.001816057307));
#9363 = CARTESIAN_POINT('',(133.75926163181,1.001815724989));
#9364 = CARTESIAN_POINT('',(133.68543972804,1.00181539267));
#9365 = CARTESIAN_POINT('',(133.53779941433,1.00181472803));
#9366 = CARTESIAN_POINT('',(133.46398100439,1.001814395709));
#9367 = CARTESIAN_POINT('',(133.39016354229,1.001814063388));
#9368 = CARTESIAN_POINT('',(133.31634599601,1.001813731061));
#9369 = CARTESIAN_POINT('',(133.24252726909,1.001813398732));
#9370 = CARTESIAN_POINT('',(133.16870636847,1.001813066394));
#9371 = CARTESIAN_POINT('',(133.09488257361,1.001812734049));
#9372 = CARTESIAN_POINT('',(133.0210556036,1.001812401694));
#9373 = CARTESIAN_POINT('',(132.94722578675,1.001812069333));
#9374 = CARTESIAN_POINT('',(132.87339422778,1.00181173697));
#9375 = CARTESIAN_POINT('',(132.78110516412,1.001811321521));
#9376 = CARTESIAN_POINT('',(132.7626473713,1.001811238432));
#9377 = CARTESIAN_POINT('',(132.74418962964,1.001811155343));
#9378 = CARTESIAN_POINT('',(132.72573197418,1.001811072254));
#9379 = CARTESIAN_POINT('',(132.70727444518,1.001810989167));
#9380 = CARTESIAN_POINT('',(132.68881708567,1.001810906079));
#9381 = CARTESIAN_POINT('',(132.67035994484,1.001810822994));
#9382 = CARTESIAN_POINT('',(132.65190307424,1.001810739909));
#9383 = CARTESIAN_POINT('',(132.63344653121,1.001810656826));
#9384 = CARTESIAN_POINT('',(132.61499037639,1.001810573744));
#9385 = CARTESIAN_POINT('',(132.57807897396,1.001810407584));
#9386 = CARTESIAN_POINT('',(132.55962362546,1.001810324505));
#9387 = CARTESIAN_POINT('',(132.54116985753,1.001810241433));
#9388 = CARTESIAN_POINT('',(132.52271146338,1.001810158343));
#9389 = CARTESIAN_POINT('',(132.5042694385,1.001810075314));
#9390 = CARTESIAN_POINT('',(132.4857968256,1.001809992171));
#9391 = CARTESIAN_POINT('',(132.4673667919,1.001809909188));
#9392 = CARTESIAN_POINT('',(132.44890302978,1.001809826078));
#9393 = CARTESIAN_POINT('',(132.43045519366,1.001809743028));
#9394 = CARTESIAN_POINT('',(132.41200298878,1.001809659961));
#9395 = CARTESIAN_POINT('',(132.35664803693,1.001809410767));
#9396 = CARTESIAN_POINT('',(132.31974473687,1.001809244638));
#9397 = CARTESIAN_POINT('',(132.28284143805,1.001809078508));
#9398 = CARTESIAN_POINT('',(132.24593814034,1.001808912379));
#9399 = CARTESIAN_POINT('',(132.20903484394,1.001808746249));
#9400 = CARTESIAN_POINT('',(132.17213154858,1.00180858012));
#9401 = CARTESIAN_POINT('',(132.13522825458,1.001808413989));
#9402 = CARTESIAN_POINT('',(132.09832496164,1.00180824786));
#9403 = CARTESIAN_POINT('',(132.06142166998,1.001808081729));
#9404 = CARTESIAN_POINT('',(132.02451837949,1.001807915599));
#9405 = CARTESIAN_POINT('',(130.80670983294,1.001802433302));
#9406 = CARTESIAN_POINT('',(129.62580582985,1.001797117039));
#9407 = CARTESIAN_POINT('',(128.44490309145,1.001791800679));
#9408 = CARTESIAN_POINT('',(127.26400162551,1.001786484221));
#9409 = CARTESIAN_POINT('',(126.08310143688,1.001781167664));
#9410 = CARTESIAN_POINT('',(124.90220252781,1.001775851007));
#9411 = CARTESIAN_POINT('',(123.72130489747,1.00177053425));
#9412 = CARTESIAN_POINT('',(122.54040854254,1.001765217391));
#9413 = CARTESIAN_POINT('',(121.35951345662,1.001759900429));
#9414 = CARTESIAN_POINT('',(120.17861963068,1.001754583364));
#9415 = CARTESIAN_POINT('',(114.27415674135,1.001727997516));
#9416 = CARTESIAN_POINT('',(109.55060666766,1.001706727144));
#9417 = CARTESIAN_POINT('',(104.82707683418,1.001685455039));
#9418 = CARTESIAN_POINT('',(100.10356724338,1.001664181159));
#9419 = CARTESIAN_POINT('',(95.380077897661,1.001642905462));
#9420 = CARTESIAN_POINT('',(90.656608799518,1.001621627906));
#9421 = CARTESIAN_POINT('',(85.933159951348,1.001600348452));
#9422 = CARTESIAN_POINT('',(81.209731355639,1.001579067057));
#9423 = CARTESIAN_POINT('',(76.486323014807,1.00155778368));
#9424 = CARTESIAN_POINT('',(71.762934931315,1.00153649828));
#9425 = CARTESIAN_POINT('',(62.316199283883,1.00149392335));
#9426 = CARTESIAN_POINT('',(57.592851722478,1.00147263382));
#9427 = CARTESIAN_POINT('',(52.86952442701,1.001451342215));
#9428 = CARTESIAN_POINT('',(48.146217401209,1.001430048521));
#9429 = CARTESIAN_POINT('',(43.422930648616,1.001408752729));
#9430 = CARTESIAN_POINT('',(38.699664173034,1.001387454826));
#9431 = CARTESIAN_POINT('',(33.976417977979,1.0013661548));
#9432 = CARTESIAN_POINT('',(29.253192067219,1.001344852642));
#9433 = CARTESIAN_POINT('',(24.529986444344,1.001323548338));
#9434 = CARTESIAN_POINT('',(19.806801113045,1.001302241877));
#9435 = CARTESIAN_POINT('',(13.902844817948,1.001275606092));
#9436 = CARTESIAN_POINT('',(12.722054827122,1.001270278801));
#9437 = CARTESIAN_POINT('',(11.541266104633,1.001264951376));
#9438 = CARTESIAN_POINT('',(10.360478650612,1.001259623816));
#9439 = CARTESIAN_POINT('',(9.179692465215,1.001254296124));
#9440 = CARTESIAN_POINT('',(7.998907548562,1.001248968296));
#9441 = CARTESIAN_POINT('',(6.818123900815,1.001243640336));
#9442 = CARTESIAN_POINT('',(5.637341522095,1.001238312242));
#9443 = CARTESIAN_POINT('',(4.456560412556,1.001232984014));
#9444 = CARTESIAN_POINT('',(3.27578057233,1.001227655654));
#9445 = CARTESIAN_POINT('',(1.947404680216,1.001221661098));
#9446 = CARTESIAN_POINT('',(1.799807378737,1.001220995034));
#9447 = CARTESIAN_POINT('',(1.652210097125,1.001220328969));
#9448 = CARTESIAN_POINT('',(1.504612835384,1.0012196629));
#9449 = CARTESIAN_POINT('',(1.357015593513,1.001218996831));
#9450 = CARTESIAN_POINT('',(1.209418371515,1.001218330758));
#9451 = CARTESIAN_POINT('',(1.061821169389,1.001217664685));
#9452 = CARTESIAN_POINT('',(0.914223987138,1.001216998608));
#9453 = CARTESIAN_POINT('',(0.766626824763,1.00121633253));
#9454 = CARTESIAN_POINT('',(0.619029682265,1.001215666449));
#9455 = CARTESIAN_POINT('',(0.452982919317,1.001214917106));
#9456 = CARTESIAN_POINT('',(0.4345332793,1.001214833846));
#9457 = CARTESIAN_POINT('',(0.416083639593,1.001214750586));
#9458 = CARTESIAN_POINT('',(0.397634000197,1.001214667325));
#9459 = CARTESIAN_POINT('',(0.379184361111,1.001214584065));
#9460 = CARTESIAN_POINT('',(0.360734722336,1.001214500804));
#9461 = CARTESIAN_POINT('',(0.342285083871,1.001214417544));
#9462 = CARTESIAN_POINT('',(0.323835445716,1.001214334283));
#9463 = CARTESIAN_POINT('',(0.305385807872,1.001214251023));
#9464 = CARTESIAN_POINT('',(0.286936170338,1.001214167762));
#9465 = CARTESIAN_POINT('',(0.250036895892,1.001214001241));
#9466 = CARTESIAN_POINT('',(0.231586358412,1.001213917976));
#9467 = CARTESIAN_POINT('',(0.213135172724,1.001213834709));
#9468 = CARTESIAN_POINT('',(0.194683576689,1.00121375144));
#9469 = CARTESIAN_POINT('',(0.176231793974,1.00121366817));
#9470 = CARTESIAN_POINT('',(0.157780034061,1.001213584901));
#9471 = CARTESIAN_POINT('',(0.139328492238,1.001213501633));
#9472 = CARTESIAN_POINT('',(0.120877349605,1.001213418367));
#9473 = CARTESIAN_POINT('',(0.102426773073,1.001213335104));
#9474 = CARTESIAN_POINT('',(8.397691536209E-02,1.001213251844));
#9475 = CARTESIAN_POINT('',(2.862991428207E-02,1.001213002078));
#9476 = CARTESIAN_POINT('',(-8.264649633351E-03,1.001212835583));
#9477 = CARTESIAN_POINT('',(-4.515465570229E-02,1.00121266911));
#9478 = CARTESIAN_POINT('',(-8.203917100757E-02,1.001212502663));
#9479 = CARTESIAN_POINT('',(-0.118917432144,1.001212336246));
#9480 = CARTESIAN_POINT('',(-0.155788826601,1.00121216986));
#9481 = CARTESIAN_POINT('',(-0.192652874155,1.001212003509));
#9482 = CARTESIAN_POINT('',(-0.229509208248,1.001211837193));
#9483 = CARTESIAN_POINT('',(-0.266357557379,1.001211670914));
#9484 = CARTESIAN_POINT('',(-0.303197726488,1.001211504672));
#9485 = CARTESIAN_POINT('',(-0.413693282049,1.001211006061));
#9486 = CARTESIAN_POINT('',(-0.48732372791,1.001210673806));
#9487 = CARTESIAN_POINT('',(-0.560919865741,1.001210341707));
#9488 = CARTESIAN_POINT('',(-0.634481676379,1.001210009762));
#9489 = CARTESIAN_POINT('',(-0.70800971652,1.001209677971));
#9490 = CARTESIAN_POINT('',(-0.781504757207,1.001209346325));
#9491 = CARTESIAN_POINT('',(-0.854967515975,1.001209014826));
#9492 = CARTESIAN_POINT('',(-0.928398482643,1.001208683468));
#9493 = CARTESIAN_POINT('',(-1.001797838778,1.001208352252));
#9494 = CARTESIAN_POINT('',(-1.075165470789,1.001208021179));
#9495 = CARTESIAN_POINT('',(-1.185168879654,1.001207524786));
#9496 = CARTESIAN_POINT('',(-1.221828705741,1.001207359357));
#9497 = CARTESIAN_POINT('',(-1.258480479905,1.001207193965));
#9498 = CARTESIAN_POINT('',(-1.295124135745,1.001207028609));
#9499 = CARTESIAN_POINT('',(-1.331759615522,1.001206863292));
#9500 = CARTESIAN_POINT('',(-1.368386870144,1.00120669801));
#9501 = CARTESIAN_POINT('',(-1.405005859188,1.001206532767));
#9502 = CARTESIAN_POINT('',(-1.441616550872,1.001206367561));
#9503 = CARTESIAN_POINT('',(-1.478218922083,1.001206202393));
#9504 = CARTESIAN_POINT('',(-1.514812958356,1.001206037262));
#9505 = CARTESIAN_POINT('',(-1.587984349415,1.001205707077));
#9506 = CARTESIAN_POINT('',(-1.624561572312,1.001205542023));
#9507 = CARTESIAN_POINT('',(-1.661131466033,1.001205377001));
#9508 = CARTESIAN_POINT('',(-1.697691189834,1.001205212027));
#9509 = CARTESIAN_POINT('',(-1.734244235338,1.001205047082));
#9510 = CARTESIAN_POINT('',(-1.770790968738,1.001204882163));
#9511 = CARTESIAN_POINT('',(-1.80732833733,1.001204717287));
#9512 = CARTESIAN_POINT('',(-1.843856312869,1.001204552456));
#9513 = CARTESIAN_POINT('',(-1.880378031679,1.00120438765));
#9514 = CARTESIAN_POINT('',(-1.916890732985,1.001204222886));
#9515 = CARTESIAN_POINT('',(-2.026405010157,1.001203728702));
#9516 = CARTESIAN_POINT('',(-2.099382085485,1.001203399391));
#9517 = CARTESIAN_POINT('',(-2.17232674675,1.001203070228));
#9518 = CARTESIAN_POINT('',(-2.245239022668,1.001202741209));
#9519 = CARTESIAN_POINT('',(-2.318118941972,1.001202412338));
#9520 = CARTESIAN_POINT('',(-2.390966533368,1.001202083611));
#9521 = CARTESIAN_POINT('',(-2.463781825595,1.001201755031));
#9522 = CARTESIAN_POINT('',(-2.536564847359,1.001201426596));
#9523 = CARTESIAN_POINT('',(-2.609315627392,1.001201098306));
#9524 = CARTESIAN_POINT('',(-2.682034194411,1.001200770162));
#9525 = CARTESIAN_POINT('',(-2.900093342596,1.001199786164));
#9526 = CARTESIAN_POINT('',(-3.045337373303,1.001199130746));
#9527 = CARTESIAN_POINT('',(-3.190452895687,1.001198475907));
#9528 = CARTESIAN_POINT('',(-3.335440136173,1.001197821646));
#9529 = CARTESIAN_POINT('',(-3.480299321189,1.001197167964));
#9530 = CARTESIAN_POINT('',(-3.625030677157,1.001196514857));
#9531 = CARTESIAN_POINT('',(-3.769634430507,1.001195862326));
#9532 = CARTESIAN_POINT('',(-3.91411080766,1.001195210369));
#9533 = CARTESIAN_POINT('',(-4.058460035047,1.001194558986));
#9534 = CARTESIAN_POINT('',(-4.202682339091,1.001193908174));
#9535 = CARTESIAN_POINT('',(-4.923160374725,1.001190656972));
#9536 = CARTESIAN_POINT('',(-5.49751562665,1.00118806515));
#9537 = CARTESIAN_POINT('',(-6.069858022358,1.001185482401));
#9538 = CARTESIAN_POINT('',(-6.640201772143,1.001182908661));
#9539 = CARTESIAN_POINT('',(-7.208560976269,1.001180343865));
#9540 = CARTESIAN_POINT('',(-7.774949624908,1.00117778795));
#9541 = CARTESIAN_POINT('',(-8.339381598214,1.001175240853));
#9542 = CARTESIAN_POINT('',(-8.901870666253,1.001172702511));
#9543 = CARTESIAN_POINT('',(-9.462430489056,1.001170172861));
#9544 = CARTESIAN_POINT('',(-10.02107461658,1.001167651843));
#9545 = CARTESIAN_POINT('',(-12.80478397743,1.001155089606));
#9546 = CARTESIAN_POINT('',(-15.00131585442,1.001145176941));
#9547 = CARTESIAN_POINT('',(-17.16827408425,1.001135397489));
#9548 = CARTESIAN_POINT('',(-19.30649799381,1.001125747448));
#9549 = CARTESIAN_POINT('',(-21.41680902995,1.001116223105));
#9550 = CARTESIAN_POINT('',(-23.50001496915,1.00110682081));
#9551 = CARTESIAN_POINT('',(-25.55691357964,1.001097536966));
#9552 = CARTESIAN_POINT('',(-27.5882957354,1.001088368004));
#9553 = CARTESIAN_POINT('',(-29.59494798278,1.00107931038));
#9554 = CARTESIAN_POINT('',(-31.57765455893,1.001070360559));
#9555 = CARTESIAN_POINT('',(-33.53719886279,1.001061515012));
#9556 = ( GEOMETRIC_REPRESENTATION_CONTEXT(2) 
PARAMETRIC_REPRESENTATION_CONTEXT() REPRESENTATION_CONTEXT('2D SPACE',''
  ) );
#9557 = ADVANCED_FACE('',(#9558),#7497,.T.);
#9558 = FACE_BOUND('',#9559,.T.);
#9559 = EDGE_LOOP('',(#9560,#9561,#9562,#9563,#9564));
#9560 = ORIENTED_EDGE('',*,*,#8403,.T.);
#9561 = ORIENTED_EDGE('',*,*,#8091,.T.);
#9562 = ORIENTED_EDGE('',*,*,#7482,.F.);
#9563 = ORIENTED_EDGE('',*,*,#8117,.T.);
#9564 = ORIENTED_EDGE('',*,*,#9565,.T.);
#9565 = EDGE_CURVE('',#8118,#8383,#9566,.T.);
#9566 = SURFACE_CURVE('',#9567,(#9571,#9577),.PCURVE_S1.);
#9567 = LINE('',#9568,#9569);
#9568 = CARTESIAN_POINT('',(40.584384250857,367.5,335.72459199712));
#9569 = VECTOR('',#9570,1.);
#9570 = DIRECTION('',(-0.,0.,1.));
#9571 = PCURVE('',#7497,#9572);
#9572 = DEFINITIONAL_REPRESENTATION('',(#9573),#9576);
#9573 = B_SPLINE_CURVE_WITH_KNOTS('',1,(#9574,#9575),.UNSPECIFIED.,.F.,
  .F.,(2,2),(-48.02459199712,-32.02459199712),.PIECEWISE_BEZIER_KNOTS.);
#9574 = CARTESIAN_POINT('',(-8.,-3.));
#9575 = CARTESIAN_POINT('',(8.,-3.));
#9576 = ( GEOMETRIC_REPRESENTATION_CONTEXT(2) 
PARAMETRIC_REPRESENTATION_CONTEXT() REPRESENTATION_CONTEXT('2D SPACE',''
  ) );
#9577 = PCURVE('',#7718,#9578);
#9578 = DEFINITIONAL_REPRESENTATION('',(#9579),#9582);
#9579 = B_SPLINE_CURVE_WITH_KNOTS('',1,(#9580,#9581),.UNSPECIFIED.,.F.,
  .F.,(2,2),(-48.02459199712,-32.02459199712),.PIECEWISE_BEZIER_KNOTS.);
#9580 = CARTESIAN_POINT('',(127.58379984498,18.739887149828));
#9581 = CARTESIAN_POINT('',(115.07616082984,28.717811095568));
#9582 = ( GEOMETRIC_REPRESENTATION_CONTEXT(2) 
PARAMETRIC_REPRESENTATION_CONTEXT() REPRESENTATION_CONTEXT('2D SPACE',''
  ) );
#9583 = ADVANCED_FACE('',(#9584),#7428,.T.);
#9584 = FACE_BOUND('',#9585,.T.);
#9585 = EDGE_LOOP('',(#9586,#9587,#9588,#9589,#9590));
#9586 = ORIENTED_EDGE('',*,*,#7952,.T.);
#9587 = ORIENTED_EDGE('',*,*,#7632,.T.);
#9588 = ORIENTED_EDGE('',*,*,#7413,.F.);
#9589 = ORIENTED_EDGE('',*,*,#7679,.T.);
#9590 = ORIENTED_EDGE('',*,*,#9591,.T.);
#9591 = EDGE_CURVE('',#7680,#7932,#9592,.T.);
#9592 = SURFACE_CURVE('',#9593,(#9597,#9603),.PCURVE_S1.);
#9593 = LINE('',#9594,#9595);
#9594 = CARTESIAN_POINT('',(-40.58438425085,367.5,335.72459199712));
#9595 = VECTOR('',#9596,1.);
#9596 = DIRECTION('',(-0.,-0.,-1.));
#9597 = PCURVE('',#7428,#9598);
#9598 = DEFINITIONAL_REPRESENTATION('',(#9599),#9602);
#9599 = B_SPLINE_CURVE_WITH_KNOTS('',1,(#9600,#9601),.UNSPECIFIED.,.F.,
  .F.,(2,2),(32.024591997126,48.024591997126),.PIECEWISE_BEZIER_KNOTS.);
#9600 = CARTESIAN_POINT('',(-8.,-3.));
#9601 = CARTESIAN_POINT('',(8.,-3.));
#9602 = ( GEOMETRIC_REPRESENTATION_CONTEXT(2) 
PARAMETRIC_REPRESENTATION_CONTEXT() REPRESENTATION_CONTEXT('2D SPACE',''
  ) );
#9603 = PCURVE('',#7718,#9604);
#9604 = DEFINITIONAL_REPRESENTATION('',(#9605),#9608);
#9605 = B_SPLINE_CURVE_WITH_KNOTS('',1,(#9606,#9607),.UNSPECIFIED.,.F.,
  .F.,(2,2),(32.024591997126,48.024591997126),.PIECEWISE_BEZIER_KNOTS.);
#9606 = CARTESIAN_POINT('',(64.457673399874,-34.7340423871));
#9607 = CARTESIAN_POINT('',(76.965312415013,-44.71196633284));
#9608 = ( GEOMETRIC_REPRESENTATION_CONTEXT(2) 
PARAMETRIC_REPRESENTATION_CONTEXT() REPRESENTATION_CONTEXT('2D SPACE',''
  ) );
#9609 = ADVANCED_FACE('',(#9610),#7593,.F.);
#9610 = FACE_BOUND('',#9611,.F.);
#9611 = EDGE_LOOP('',(#9612,#9640,#9661,#9662));
#9612 = ORIENTED_EDGE('',*,*,#9613,.F.);
#9613 = EDGE_CURVE('',#9614,#9614,#9616,.T.);
#9614 = VERTEX_POINT('',#9615);
#9615 = CARTESIAN_POINT('',(-3.673940397442E-15,367.5,310.7));
#9616 = SURFACE_CURVE('',#9617,(#9622,#9629),.PCURVE_S1.);
#9617 = CIRCLE('',#9618,15.);
#9618 = AXIS2_PLACEMENT_3D('',#9619,#9620,#9621);
#9619 = CARTESIAN_POINT('',(0.,367.5,295.7));
#9620 = DIRECTION('',(0.,1.,0.));
#9621 = DIRECTION('',(0.,-0.,1.));
#9622 = PCURVE('',#7593,#9623);
#9623 = DEFINITIONAL_REPRESENTATION('',(#9624),#9628);
#9624 = LINE('',#9625,#9626);
#9625 = CARTESIAN_POINT('',(0.,7.));
#9626 = VECTOR('',#9627,1.);
#9627 = DIRECTION('',(1.,0.));
#9628 = ( GEOMETRIC_REPRESENTATION_CONTEXT(2) 
PARAMETRIC_REPRESENTATION_CONTEXT() REPRESENTATION_CONTEXT('2D SPACE',''
  ) );
#9629 = PCURVE('',#7718,#9630);
#9630 = DEFINITIONAL_REPRESENTATION('',(#9631),#9639);
#9631 = ( BOUNDED_CURVE() B_SPLINE_CURVE(2,(#9632,#9633,#9634,#9635,
#9636,#9637,#9638),.UNSPECIFIED.,.T.,.F.) B_SPLINE_CURVE_WITH_KNOTS((1,2
    ,2,2,2,1),(-2.094395102393,0.,2.094395102393,4.188790204786,
6.28318530718,8.377580409573),.UNSPECIFIED.) CURVE() 
GEOMETRIC_REPRESENTATION_ITEM() RATIONAL_B_SPLINE_CURVE((1.,0.5,1.,0.5,
1.,0.5,1.)) REPRESENTATION_ITEM('') );
#9632 = CARTESIAN_POINT('',(84.294825045735,1.357226080491));
#9633 = CARTESIAN_POINT('',(100.49695432205,21.667100696383));
#9634 = CARTESIAN_POINT('',(109.98475704893,-2.51929216026));
#9635 = CARTESIAN_POINT('',(119.47255977581,-26.7056850169));
#9636 = CARTESIAN_POINT('',(93.782627772612,-22.82916677615));
#9637 = CARTESIAN_POINT('',(68.09269576941,-18.9526485354));
#9638 = CARTESIAN_POINT('',(84.294825045735,1.357226080491));
#9639 = ( GEOMETRIC_REPRESENTATION_CONTEXT(2) 
PARAMETRIC_REPRESENTATION_CONTEXT() REPRESENTATION_CONTEXT('2D SPACE',''
  ) );
#9640 = ORIENTED_EDGE('',*,*,#9641,.F.);
#9641 = EDGE_CURVE('',#7573,#9614,#9642,.T.);
#9642 = SEAM_CURVE('',#9643,(#9647,#9654),.PCURVE_S1.);
#9643 = LINE('',#9644,#9645);
#9644 = CARTESIAN_POINT('',(-3.673940397442E-15,360.5,310.7));
#9645 = VECTOR('',#9646,1.);
#9646 = DIRECTION('',(0.,1.,0.));
#9647 = PCURVE('',#7593,#9648);
#9648 = DEFINITIONAL_REPRESENTATION('',(#9649),#9653);
#9649 = LINE('',#9650,#9651);
#9650 = CARTESIAN_POINT('',(6.28318530718,-0.));
#9651 = VECTOR('',#9652,1.);
#9652 = DIRECTION('',(0.,1.));
#9653 = ( GEOMETRIC_REPRESENTATION_CONTEXT(2) 
PARAMETRIC_REPRESENTATION_CONTEXT() REPRESENTATION_CONTEXT('2D SPACE',''
  ) );
#9654 = PCURVE('',#7593,#9655);
#9655 = DEFINITIONAL_REPRESENTATION('',(#9656),#9660);
#9656 = LINE('',#9657,#9658);
#9657 = CARTESIAN_POINT('',(0.,-0.));
#9658 = VECTOR('',#9659,1.);
#9659 = DIRECTION('',(0.,1.));
#9660 = ( GEOMETRIC_REPRESENTATION_CONTEXT(2) 
PARAMETRIC_REPRESENTATION_CONTEXT() REPRESENTATION_CONTEXT('2D SPACE',''
  ) );
#9661 = ORIENTED_EDGE('',*,*,#7572,.T.);
#9662 = ORIENTED_EDGE('',*,*,#9641,.T.);
#9663 = ADVANCED_FACE('',(#9664,#11269),#7718,.F.);
#9664 = FACE_BOUND('',#9665,.F.);
#9665 = EDGE_LOOP('',(#9666,#9689,#10042,#10068,#10087,#10088,#10089,
    #10090,#10443,#10499,#10859,#10860,#10861,#10862,#10883,#10909));
#9666 = ORIENTED_EDGE('',*,*,#9667,.F.);
#9667 = EDGE_CURVE('',#9668,#9670,#9672,.T.);
#9668 = VERTEX_POINT('',#9669);
#9669 = CARTESIAN_POINT('',(-49.61183314285,367.5,372.16223860632));
#9670 = VERTEX_POINT('',#9671);
#9671 = CARTESIAN_POINT('',(49.611833142858,367.5,372.16223860632));
#9672 = SURFACE_CURVE('',#9673,(#9677,#9683),.PCURVE_S1.);
#9673 = LINE('',#9674,#9675);
#9674 = CARTESIAN_POINT('',(-26.81447022507,367.5,372.16223860632));
#9675 = VECTOR('',#9676,1.);
#9676 = DIRECTION('',(1.,0.,1.098462835488E-16));
#9677 = PCURVE('',#7718,#9678);
#9678 = DEFINITIONAL_REPRESENTATION('',(#9679),#9682);
#9679 = B_SPLINE_CURVE_WITH_KNOTS('',1,(#9680,#9681),.UNSPECIFIED.,.F.,
  .F.,(2,2),(-26.3533909423,79.982331392456),.PIECEWISE_BEZIER_KNOTS.);
#9680 = CARTESIAN_POINT('',(3.091552005987,-1.876453440747));
#9681 = CARTESIAN_POINT('',(69.404661391707,81.249098395327));
#9682 = ( GEOMETRIC_REPRESENTATION_CONTEXT(2) 
PARAMETRIC_REPRESENTATION_CONTEXT() REPRESENTATION_CONTEXT('2D SPACE',''
  ) );
#9683 = PCURVE('',#9187,#9684);
#9684 = DEFINITIONAL_REPRESENTATION('',(#9685),#9688);
#9685 = B_SPLINE_CURVE_WITH_KNOTS('',1,(#9686,#9687),.UNSPECIFIED.,.F.,
  .F.,(2,2),(-26.3533909423,79.982331392456),.PIECEWISE_BEZIER_KNOTS.);
#9686 = CARTESIAN_POINT('',(-53.16786116737,10.937678644857));
#9687 = CARTESIAN_POINT('',(53.167861167378,10.937678644857));
#9688 = ( GEOMETRIC_REPRESENTATION_CONTEXT(2) 
PARAMETRIC_REPRESENTATION_CONTEXT() REPRESENTATION_CONTEXT('2D SPACE',''
  ) );
#9689 = ORIENTED_EDGE('',*,*,#9690,.T.);
#9690 = EDGE_CURVE('',#9668,#9691,#9693,.T.);
#9691 = VERTEX_POINT('',#9692);
#9692 = CARTESIAN_POINT('',(-43.00837130081,367.5,306.80180165558));
#9693 = SURFACE_CURVE('',#9694,(#9808,#9925),.PCURVE_S1.);
#9694 = B_SPLINE_CURVE_WITH_KNOTS('',4,(#9695,#9696,#9697,#9698,#9699,
    #9700,#9701,#9702,#9703,#9704,#9705,#9706,#9707,#9708,#9709,#9710,
    #9711,#9712,#9713,#9714,#9715,#9716,#9717,#9718,#9719,#9720,#9721,
    #9722,#9723,#9724,#9725,#9726,#9727,#9728,#9729,#9730,#9731,#9732,
    #9733,#9734,#9735,#9736,#9737,#9738,#9739,#9740,#9741,#9742,#9743,
    #9744,#9745,#9746,#9747,#9748,#9749,#9750,#9751,#9752,#9753,#9754,
    #9755,#9756,#9757,#9758,#9759,#9760,#9761,#9762,#9763,#9764,#9765,
    #9766,#9767,#9768,#9769,#9770,#9771,#9772,#9773,#9774,#9775,#9776,
    #9777,#9778,#9779,#9780,#9781,#9782,#9783,#9784,#9785,#9786,#9787,
    #9788,#9789,#9790,#9791,#9792,#9793,#9794,#9795,#9796,#9797,#9798,
    #9799,#9800,#9801,#9802,#9803,#9804,#9805,#9806,#9807),
  .UNSPECIFIED.,.F.,.F.,(5,3,3,3,3,3,3,3,3,3,3,3,3,3,3,3,3,3,3,3,3,3,3,3
    ,3,3,3,3,3,3,3,3,3,3,3,3,3,5),(0.,4.090190998966E-02,
    5.61025782413E-02,9.030399944794E-02,0.118405081832,0.147806131899,
    0.177207097721,0.181007216407,0.208108022027,0.221808402063,
    0.224908485519,0.22820857333,0.233208704356,0.263909455464,
    0.303510288719,0.330710772564,0.357811182972,0.397511655072,
    0.437111973107,0.476712138484,0.516312151232,0.540512083897,
    0.564711959578,0.588911778282,0.613111540016,0.626711381112,
    0.67051074709,0.714209928605,0.757908924461,0.801607734701,
    0.83190680082,0.842106466375,0.86700560748,0.89180469217,
    0.916703713069,0.94150267805,0.970801378267,1.),.UNSPECIFIED.);
#9695 = CARTESIAN_POINT('',(-49.65838396344,367.5,372.623009206));
#9696 = CARTESIAN_POINT('',(-49.54212254289,367.5,371.47222698544));
#9697 = CARTESIAN_POINT('',(-49.42586114266,367.5,370.32144671422));
#9698 = CARTESIAN_POINT('',(-49.30959976274,367.5,369.17066839223));
#9699 = CARTESIAN_POINT('',(-49.15013136566,367.5,367.59222079613));
#9700 = CARTESIAN_POINT('',(-49.10692433099,367.5,367.16454984213));
#9701 = CARTESIAN_POINT('',(-49.06371729912,367.5,366.73687915732));
#9702 = CARTESIAN_POINT('',(-48.92329468878,367.5,365.34695262373));
#9703 = CARTESIAN_POINT('',(-48.8260791217,367.5,364.38469786851));
#9704 = CARTESIAN_POINT('',(-48.72886356881,367.5,363.42244447595));
#9705 = CARTESIAN_POINT('',(-48.55177234761,367.5,361.66957256487));
#9706 = CARTESIAN_POINT('',(-48.47189667468,367.5,360.87895360362));
#9707 = CARTESIAN_POINT('',(-48.39202101133,367.5,360.08833556219));
#9708 = CARTESIAN_POINT('',(-48.22857462305,367.5,358.47052704416));
#9709 = CARTESIAN_POINT('',(-48.14500389903,367.5,357.64333665462));
#9710 = CARTESIAN_POINT('',(-48.06143318548,367.5,356.81614727188));
#9711 = CARTESIAN_POINT('',(-47.89429201883,367.5,355.16177289012));
#9712 = CARTESIAN_POINT('',(-47.81072156572,367.5,354.33458789109));
#9713 = CARTESIAN_POINT('',(-47.72715112309,367.5,353.50740389875));
#9714 = CARTESIAN_POINT('',(-47.63277908793,367.5,352.57330627835));
#9715 = CARTESIAN_POINT('',(-47.6219774851,367.5,352.46639166045));
#9716 = CARTESIAN_POINT('',(-47.61117588244,367.5,352.35947705937));
#9717 = CARTESIAN_POINT('',(-47.52334191507,367.5,351.49009382475));
#9718 = CARTESIAN_POINT('',(-47.44630955909,367.5,350.72762602968));
#9719 = CARTESIAN_POINT('',(-47.36927721201,367.5,349.96515908986));
#9720 = CARTESIAN_POINT('',(-47.2533024039,367.5,348.81724043716));
#9721 = CARTESIAN_POINT('',(-47.21435993624,367.5,348.43178808763));
#9722 = CARTESIAN_POINT('',(-47.17541747085,367.5,348.04633595666));
#9723 = CARTESIAN_POINT('',(-47.12766321673,367.5,347.57366506976));
#9724 = CARTESIAN_POINT('',(-47.11885142584,367.5,347.48644610646));
#9725 = CARTESIAN_POINT('',(-47.11003963506,367.5,347.39922715435));
#9726 = CARTESIAN_POINT('',(-47.09184755404,367.5,347.21916227301));
#9727 = CARTESIAN_POINT('',(-47.08246726382,367.5,347.12631634527));
#9728 = CARTESIAN_POINT('',(-47.07308697372,367.5,347.03347043021));
#9729 = CARTESIAN_POINT('',(-47.04949412895,367.5,346.79994897505));
#9730 = CARTESIAN_POINT('',(-47.03528157445,367.5,346.65927345138));
#9731 = CARTESIAN_POINT('',(-47.02106902026,367.5,346.51859795682));
#9732 = CARTESIAN_POINT('',(-46.91959153721,367.5,345.5141766356));
#9733 = CARTESIAN_POINT('',(-46.83232661947,367.5,344.65043187723));
#9734 = CARTESIAN_POINT('',(-46.74506171315,367.5,343.78668821621));
#9735 = CARTESIAN_POINT('',(-46.54523401678,367.5,341.80880596512));
#9736 = CARTESIAN_POINT('',(-46.4326712343,367.5,340.69466810348));
#9737 = CARTESIAN_POINT('',(-46.32010847081,367.5,339.58053206739));
#9738 = CARTESIAN_POINT('',(-46.13023015332,367.5,337.70113644413));
#9739 = CARTESIAN_POINT('',(-46.0529145893,367.5,336.93587589272));
#9740 = CARTESIAN_POINT('',(-45.97559903423,367.5,336.17061620248));
#9741 = CARTESIAN_POINT('',(-45.82125239402,367.5,334.64291401188));
#9742 = CARTESIAN_POINT('',(-45.74422130881,367.5,333.88047150519));
#9743 = CARTESIAN_POINT('',(-45.66719023248,367.5,333.11802985327));
#9744 = CARTESIAN_POINT('',(-45.47731328197,367.5,331.23865912244));
#9745 = CARTESIAN_POINT('',(-45.36446741797,367.5,330.12173102308));
#9746 = CARTESIAN_POINT('',(-45.25162157303,367.5,329.00480475785));
#9747 = CARTESIAN_POINT('',(-45.02621460221,367.5,326.77377360803));
#9748 = CARTESIAN_POINT('',(-44.91365347624,367.5,325.6596687142));
#9749 = CARTESIAN_POINT('',(-44.80109236922,367.5,324.54556564497));
#9750 = CARTESIAN_POINT('',(-44.57597062699,367.5,322.31736745024));
#9751 = CARTESIAN_POINT('',(-44.46340999178,367.5,321.20327232472));
#9752 = CARTESIAN_POINT('',(-44.35084937551,367.5,320.0891790235));
#9753 = CARTESIAN_POINT('',(-44.12572861469,367.5,317.86100036339));
#9754 = CARTESIAN_POINT('',(-44.01316847013,367.5,316.74691500449));
#9755 = CARTESIAN_POINT('',(-43.90060834451,367.5,315.63283146958));
#9756 = CARTESIAN_POINT('',(-43.71926171947,367.5,313.83792415973));
#9757 = CARTESIAN_POINT('',(-43.6504752082,367.5,313.15709924207));
#9758 = CARTESIAN_POINT('',(-43.581688704,367.5,312.47627500549));
#9759 = CARTESIAN_POINT('',(-43.4441158717,367.5,311.11462949759));
#9760 = CARTESIAN_POINT('',(-43.3753295436,367.5,310.43380822627));
#9761 = CARTESIAN_POINT('',(-43.30654322256,367.5,309.75298763596));
#9762 = CARTESIAN_POINT('',(-43.16897075657,367.5,308.39134942026));
#9763 = CARTESIAN_POINT('',(-43.10018461161,367.5,307.71053179486));
#9764 = CARTESIAN_POINT('',(-43.03139847371,367.5,307.02971485041));
#9765 = CARTESIAN_POINT('',(-42.89382637396,367.5,305.66808392609));
#9766 = CARTESIAN_POINT('',(-42.82504041212,367.5,304.98726994622));
#9767 = CARTESIAN_POINT('',(-42.75625445733,367.5,304.30645664722));
#9768 = CARTESIAN_POINT('',(-42.64881201499,367.5,303.24303929413));
#9769 = CARTESIAN_POINT('',(-42.61015552262,367.5,302.86043477423));
#9770 = CARTESIAN_POINT('',(-42.57149903248,367.5,302.47783046935));
#9771 = CARTESIAN_POINT('',(-42.40834626187,367.5,300.86301958835));
#9772 = CARTESIAN_POINT('',(-42.28385000228,367.5,299.63081502734));
#9773 = CARTESIAN_POINT('',(-42.1593537658,367.5,298.39861269624));
#9774 = CARTESIAN_POINT('',(-41.91064610538,367.5,295.93703096589));
#9775 = CARTESIAN_POINT('',(-41.78643468134,367.5,294.70765155646));
#9776 = CARTESIAN_POINT('',(-41.66222328028,367.5,293.47827436631));
#9777 = CARTESIAN_POINT('',(-41.41380105182,367.5,291.01952964722));
#9778 = CARTESIAN_POINT('',(-41.28959022441,367.5,289.79016211825));
#9779 = CARTESIAN_POINT('',(-41.16537941997,367.5,288.56079680812));
#9780 = CARTESIAN_POINT('',(-40.91695838458,367.5,286.10207584692));
#9781 = CARTESIAN_POINT('',(-40.79274815363,367.5,284.87272019584));
#9782 = CARTESIAN_POINT('',(-40.66853794562,367.5,283.64336676311));
#9783 = CARTESIAN_POINT('',(-40.45820521878,367.5,281.56163092916));
#9784 = CARTESIAN_POINT('',(-40.37208268804,367.5,280.70924737616));
#9785 = CARTESIAN_POINT('',(-40.28596016832,367.5,279.85686488945));
#9786 = CARTESIAN_POINT('',(-40.17084598105,367.5,278.71754375337));
#9787 = CARTESIAN_POINT('',(-40.14185430374,367.5,278.43060415862));
#9788 = CARTESIAN_POINT('',(-40.11286262768,367.5,278.14366468468));
#9789 = CARTESIAN_POINT('',(-40.01309727914,367.5,277.15625692861));
#9790 = CARTESIAN_POINT('',(-39.94232361285,367.5,276.45578924564));
#9791 = CARTESIAN_POINT('',(-39.87154995401,367.5,275.75532228264));
#9792 = CARTESIAN_POINT('',(-39.73028705288,367.5,274.35720459805));
#9793 = CARTESIAN_POINT('',(-39.65979781053,367.5,273.6595538707));
#9794 = CARTESIAN_POINT('',(-39.58930857557,367.5,272.96190385745));
#9795 = CARTESIAN_POINT('',(-39.44804606045,367.5,271.56379384775));
#9796 = CARTESIAN_POINT('',(-39.37727278035,367.5,270.86333385707));
#9797 = CARTESIAN_POINT('',(-39.30649950769,367.5,270.16287458616));
#9798 = CARTESIAN_POINT('',(-39.16523737732,367.5,268.76477225405));
#9799 = CARTESIAN_POINT('',(-39.09474851955,367.5,268.06712918708));
#9800 = CARTESIAN_POINT('',(-39.02425966915,367.5,267.36948683402));
#9801 = CARTESIAN_POINT('',(-38.87049188756,367.5,265.84761751996));
#9802 = CARTESIAN_POINT('',(-38.78721295929,367.5,265.02339084152));
#9803 = CARTESIAN_POINT('',(-38.7039340413,367.5,264.19916515944));
#9804 = CARTESIAN_POINT('',(-38.53766068991,367.5,262.55353117408));
#9805 = CARTESIAN_POINT('',(-38.45466625644,367.5,261.73212286402));
#9806 = CARTESIAN_POINT('',(-38.37167183317,367.5,260.91071554336));
#9807 = CARTESIAN_POINT('',(-38.2886774201,367.5,260.08930921204));
#9808 = PCURVE('',#7718,#9809);
#9809 = DEFINITIONAL_REPRESENTATION('',(#9810),#9924);
#9810 = B_SPLINE_CURVE_WITH_KNOTS('',4,(#9811,#9812,#9813,#9814,#9815,
    #9816,#9817,#9818,#9819,#9820,#9821,#9822,#9823,#9824,#9825,#9826,
    #9827,#9828,#9829,#9830,#9831,#9832,#9833,#9834,#9835,#9836,#9837,
    #9838,#9839,#9840,#9841,#9842,#9843,#9844,#9845,#9846,#9847,#9848,
    #9849,#9850,#9851,#9852,#9853,#9854,#9855,#9856,#9857,#9858,#9859,
    #9860,#9861,#9862,#9863,#9864,#9865,#9866,#9867,#9868,#9869,#9870,
    #9871,#9872,#9873,#9874,#9875,#9876,#9877,#9878,#9879,#9880,#9881,
    #9882,#9883,#9884,#9885,#9886,#9887,#9888,#9889,#9890,#9891,#9892,
    #9893,#9894,#9895,#9896,#9897,#9898,#9899,#9900,#9901,#9902,#9903,
    #9904,#9905,#9906,#9907,#9908,#9909,#9910,#9911,#9912,#9913,#9914,
    #9915,#9916,#9917,#9918,#9919,#9920,#9921,#9922,#9923),
  .UNSPECIFIED.,.F.,.F.,(5,3,3,3,3,3,3,3,3,3,3,3,3,3,3,3,3,3,3,3,3,3,3,3
    ,3,3,3,3,3,3,3,3,3,3,3,3,3,5),(0.,4.090190998966E-02,
    5.61025782413E-02,9.030399944794E-02,0.118405081832,0.147806131899,
    0.177207097721,0.181007216407,0.208108022027,0.221808402063,
    0.224908485519,0.22820857333,0.233208704356,0.263909455464,
    0.303510288719,0.330710772564,0.357811182972,0.397511655072,
    0.437111973107,0.476712138484,0.516312151232,0.540512083897,
    0.564711959578,0.588911778282,0.613111540016,0.626711381112,
    0.67051074709,0.714209928605,0.757908924461,0.801607734701,
    0.83190680082,0.842106466375,0.86700560748,0.89180469217,
    0.916703713069,0.94150267805,0.970801378267,1.),.UNSPECIFIED.);
#9811 = CARTESIAN_POINT('',(4.919936024771,1.154347059169));
#9812 = CARTESIAN_POINT('',(5.892037038012,0.527580709473));
#9813 = CARTESIAN_POINT('',(6.864136514731,-9.91844404624E-02));
#9814 = CARTESIAN_POINT('',(7.836234455018,-0.725948390706));
#9815 = CARTESIAN_POINT('',(9.169597972152,-1.585639448283));
#9816 = CARTESIAN_POINT('',(9.530864873134,-1.818567589546));
#9817 = CARTESIAN_POINT('',(9.892131561936,-2.05149556513));
#9818 = CARTESIAN_POINT('',(11.066245653558,-2.808509685289));
#9819 = CARTESIAN_POINT('',(11.879092194413,-3.332595156809));
#9820 = CARTESIAN_POINT('',(12.691937661176,-3.856679789641));
#9821 = CARTESIAN_POINT('',(14.172643401186,-4.81136913638));
#9822 = CARTESIAN_POINT('',(14.840504023402,-5.241974122777));
#9823 = CARTESIAN_POINT('',(15.508363920589,-5.672578543043));
#9824 = CARTESIAN_POINT('',(16.874977706256,-6.553706163591));
#9825 = CARTESIAN_POINT('',(17.573731526103,-7.004229310283));
#9826 = CARTESIAN_POINT('',(18.272484552371,-7.454751837313));
#9827 = CARTESIAN_POINT('',(19.669987015625,-8.355794361184));
#9828 = CARTESIAN_POINT('',(20.36873645262,-8.806314358031));
#9829 = CARTESIAN_POINT('',(21.067485096113,-9.256833735274));
#9830 = CARTESIAN_POINT('',(21.85654714801,-9.765582714363));
#9831 = CARTESIAN_POINT('',(21.946861336613,-9.823812925428));
#9832 = CARTESIAN_POINT('',(22.037175511961,-9.882043126143));
#9833 = CARTESIAN_POINT('',(22.771571281379,-10.35554589099));
#9834 = CARTESIAN_POINT('',(23.415652214551,-10.77081793907));
#9835 = CARTESIAN_POINT('',(24.059732473601,-11.18608946075));
#9836 = CARTESIAN_POINT('',(25.029416219956,-11.81129408436));
#9837 = CARTESIAN_POINT('',(25.355020209077,-12.02122757814));
#9838 = CARTESIAN_POINT('',(25.68062402593,-12.2311609374));
#9839 = CARTESIAN_POINT('',(26.079904347311,-12.48859726171));
#9840 = CARTESIAN_POINT('',(26.153581015286,-12.53610035439));
#9841 = CARTESIAN_POINT('',(26.22725767444,-12.58360344018));
#9842 = CARTESIAN_POINT('',(26.379364282935,-12.68167429699));
#9843 = CARTESIAN_POINT('',(26.4577942311,-12.73224206709));
#9844 = CARTESIAN_POINT('',(26.536224169271,-12.78280982939));
#9845 = CARTESIAN_POINT('',(26.733487273907,-12.90999536274));
#9846 = CARTESIAN_POINT('',(26.852320427422,-12.98661312368));
#9847 = CARTESIAN_POINT('',(26.971153557992,-13.0632308667));
#9848 = CARTESIAN_POINT('',(27.819620677557,-13.61028060586));
#9849 = CARTESIAN_POINT('',(28.549253824502,-14.08071194447));
#9850 = CARTESIAN_POINT('',(29.278886106503,-14.55114260768));
#9851 = CARTESIAN_POINT('',(30.949667529487,-15.62837923165));
#9852 = CARTESIAN_POINT('',(31.890816096317,-16.23518474407));
#9853 = CARTESIAN_POINT('',(32.831963224211,-16.84198913288));
#9854 = CARTESIAN_POINT('',(34.41955031379,-17.86558520419));
#9855 = CARTESIAN_POINT('',(35.065991035491,-18.28237748017));
#9856 = CARTESIAN_POINT('',(35.712431078407,-18.6991692261));
#9857 = CARTESIAN_POINT('',(37.002931488407,-19.53121823926));
#9858 = CARTESIAN_POINT('',(37.646991860478,-19.94647551038));
#9859 = CARTESIAN_POINT('',(38.291051558817,-20.3617322554));
#9860 = CARTESIAN_POINT('',(39.878618336819,-21.38531387189));
#9861 = CARTESIAN_POINT('',(40.822124644395,-21.99363814045));
#9862 = CARTESIAN_POINT('',(41.765629506296,-22.60196128011));
#9863 = CARTESIAN_POINT('',(43.650256122867,-23.81707066205));
#9864 = CARTESIAN_POINT('',(44.591377884822,-24.42385691001));
#9865 = CARTESIAN_POINT('',(45.532498208613,-25.03064203493));
#9866 = CARTESIAN_POINT('',(47.414732352139,-26.24420769973));
#9867 = CARTESIAN_POINT('',(48.355846171882,-26.85098823962));
#9868 = CARTESIAN_POINT('',(49.296958553709,-27.45776765665));
#9869 = CARTESIAN_POINT('',(51.179176814456,-28.67132190645));
#9870 = CARTESIAN_POINT('',(52.12028269339,-29.27809673924));
#9871 = CARTESIAN_POINT('',(53.06138713465,-29.88487044935));
#9872 = CARTESIAN_POINT('',(54.577606855254,-30.8624473559));
#9873 = CARTESIAN_POINT('',(55.15272303529,-31.23325125569));
#9874 = CARTESIAN_POINT('',(55.727838678494,-31.60405473627));
#9875 = CARTESIAN_POINT('',(56.878067537062,-32.34565998591));
#9876 = CARTESIAN_POINT('',(57.453180752429,-32.71646175496));
#9877 = CARTESIAN_POINT('',(58.028293431021,-33.08726310484));
#9878 = CARTESIAN_POINT('',(59.178516360642,-33.82886409327));
#9879 = CARTESIAN_POINT('',(59.753626611674,-34.19966373181));
#9880 = CARTESIAN_POINT('',(60.328736325989,-34.57046295122));
#9881 = CARTESIAN_POINT('',(61.478953327336,-35.3120596789));
#9882 = CARTESIAN_POINT('',(62.05406061437,-35.68285718717));
#9883 = CARTESIAN_POINT('',(62.629167364748,-36.05365427635));
#9884 = CARTESIAN_POINT('',(63.527473170561,-36.6328321631));
#9885 = CARTESIAN_POINT('',(63.850672593144,-36.84121324739));
#9886 = CARTESIAN_POINT('',(64.173871846253,-37.04959419934));
#9887 = CARTESIAN_POINT('',(65.537959190882,-37.92908196173));
#9888 = CARTESIAN_POINT('',(66.578845694107,-38.60018753184));
#9889 = CARTESIAN_POINT('',(67.619730439741,-39.27129172939));
#9890 = CARTESIAN_POINT('',(69.699115552852,-40.61196233282));
#9891 = CARTESIAN_POINT('',(70.73761592836,-41.28152874497));
#9892 = CARTESIAN_POINT('',(71.776114554657,-41.95109379108));
#9893 = CARTESIAN_POINT('',(73.853103897085,-43.29021830684));
#9894 = CARTESIAN_POINT('',(74.891594613229,-43.95977777649));
#9895 = CARTESIAN_POINT('',(75.930083580535,-44.62933588038));
#9896 = CARTESIAN_POINT('',(78.00705360674,-45.9684465129));
#9897 = CARTESIAN_POINT('',(79.045534665655,-46.63799904153));
#9898 = CARTESIAN_POINT('',(80.084013976109,-47.30755020468));
#9899 = CARTESIAN_POINT('',(81.842531744092,-48.44133995505));
#9900 = CARTESIAN_POINT('',(82.562571109412,-48.90557925122));
#9901 = CARTESIAN_POINT('',(83.282609634311,-49.36981789106));
#9902 = CARTESIAN_POINT('',(84.245035765434,-49.99033370016));
#9903 = CARTESIAN_POINT('',(84.487424116786,-50.14661145137));
#9904 = CARTESIAN_POINT('',(84.729812372909,-50.3028891282));
#9905 = CARTESIAN_POINT('',(85.563911800029,-50.84066728619));
#9906 = CARTESIAN_POINT('',(86.155622498768,-51.22216739852));
#9907 = CARTESIAN_POINT('',(86.74733263006,-51.6036670677));
#9908 = CARTESIAN_POINT('',(87.928373991515,-52.36513247709));
#9909 = CARTESIAN_POINT('',(88.51770522623,-52.74509822088));
#9910 = CARTESIAN_POINT('',(89.107035898117,-53.1250635251));
#9911 = CARTESIAN_POINT('',(90.288071019182,-53.88652445005));
#9912 = CARTESIAN_POINT('',(90.879775463816,-54.26802006722));
#9913 = CARTESIAN_POINT('',(91.471479341147,-54.64951524133));
#9914 = CARTESIAN_POINT('',(92.65250822049,-55.41097167914));
#9915 = CARTESIAN_POINT('',(93.24183322705,-55.79093294638));
#9916 = CARTESIAN_POINT('',(93.831157670931,-56.17089377418));
#9917 = CARTESIAN_POINT('',(95.116737373337,-56.99975779711));
#9918 = CARTESIAN_POINT('',(95.812992409155,-57.4486608183));
#9919 = CARTESIAN_POINT('',(96.509246659685,-57.89756322618));
#9920 = CARTESIAN_POINT('',(97.899375328076,-58.79383345689));
#9921 = CARTESIAN_POINT('',(98.593249751292,-59.2412012839));
#9922 = CARTESIAN_POINT('',(99.287123394696,-59.68856850187));
#9923 = CARTESIAN_POINT('',(99.980996258344,-60.13593511084));
#9924 = ( GEOMETRIC_REPRESENTATION_CONTEXT(2) 
PARAMETRIC_REPRESENTATION_CONTEXT() REPRESENTATION_CONTEXT('2D SPACE',''
  ) );
#9925 = PCURVE('',#7856,#9926);
#9926 = DEFINITIONAL_REPRESENTATION('',(#9927),#10041);
#9927 = B_SPLINE_CURVE_WITH_KNOTS('',4,(#9928,#9929,#9930,#9931,#9932,
    #9933,#9934,#9935,#9936,#9937,#9938,#9939,#9940,#9941,#9942,#9943,
    #9944,#9945,#9946,#9947,#9948,#9949,#9950,#9951,#9952,#9953,#9954,
    #9955,#9956,#9957,#9958,#9959,#9960,#9961,#9962,#9963,#9964,#9965,
    #9966,#9967,#9968,#9969,#9970,#9971,#9972,#9973,#9974,#9975,#9976,
    #9977,#9978,#9979,#9980,#9981,#9982,#9983,#9984,#9985,#9986,#9987,
    #9988,#9989,#9990,#9991,#9992,#9993,#9994,#9995,#9996,#9997,#9998,
    #9999,#10000,#10001,#10002,#10003,#10004,#10005,#10006,#10007,#10008
    ,#10009,#10010,#10011,#10012,#10013,#10014,#10015,#10016,#10017,
    #10018,#10019,#10020,#10021,#10022,#10023,#10024,#10025,#10026,
    #10027,#10028,#10029,#10030,#10031,#10032,#10033,#10034,#10035,
    #10036,#10037,#10038,#10039,#10040),.UNSPECIFIED.,.F.,.F.,(5,3,3,3,3
    ,3,3,3,3,3,3,3,3,3,3,3,3,3,3,3,3,3,3,3,3,3,3,3,3,3,3,3,3,3,3,3,3,5),
  (0.,4.090190998966E-02,5.61025782413E-02,9.030399944794E-02,
    0.118405081832,0.147806131899,0.177207097721,0.181007216407,
    0.208108022027,0.221808402063,0.224908485519,0.22820857333,
    0.233208704356,0.263909455464,0.303510288719,0.330710772564,
    0.357811182972,0.397511655072,0.437111973107,0.476712138484,
    0.516312151232,0.540512083897,0.564711959578,0.588911778282,
    0.613111540016,0.626711381112,0.67051074709,0.714209928605,
    0.757908924461,0.801607734701,0.83190680082,0.842106466375,
    0.86700560748,0.89180469217,0.916703713069,0.94150267805,
    0.970801378267,1.),.UNSPECIFIED.);
#9928 = CARTESIAN_POINT('',(130.32279621385,0.586765021576));
#9929 = CARTESIAN_POINT('',(129.02312256533,0.586770375269));
#9930 = CARTESIAN_POINT('',(127.72344718896,0.586775728799));
#9931 = CARTESIAN_POINT('',(126.42377008488,0.586781082165));
#9932 = CARTESIAN_POINT('',(124.64108234824,0.586788424812));
#9933 = CARTESIAN_POINT('',(124.15807320469,0.586790414237));
#9934 = CARTESIAN_POINT('',(123.67506382254,0.586792403639));
#9935 = CARTESIAN_POINT('',(122.10528517213,0.586798869108));
#9936 = CARTESIAN_POINT('',(121.01851493459,0.586803345082));
#9937 = CARTESIAN_POINT('',(119.93174348924,0.586807820938));
#9938 = CARTESIAN_POINT('',(117.95204046133,0.586815974097));
#9939 = CARTESIAN_POINT('',(117.05910927118,0.586819651439));
#9940 = CARTESIAN_POINT('',(116.16617726576,0.5868233287));
#9941 = CARTESIAN_POINT('',(114.33900418315,0.586830853167));
#9942 = CARTESIAN_POINT('',(113.4047630288,0.586834700365));
#9943 = CARTESIAN_POINT('',(112.47052098208,0.586838547474));
#9944 = CARTESIAN_POINT('',(110.60203778096,0.5868462415));
#9945 = CARTESIAN_POINT('',(109.66779662656,0.586850088418));
#9946 = CARTESIAN_POINT('',(108.73355457989,0.586853935244));
#9947 = CARTESIAN_POINT('',(107.67855934764,0.586858279176));
#9948 = CARTESIAN_POINT('',(107.55780703938,0.58685877637));
#9949 = CARTESIAN_POINT('',(107.43705471622,0.586859273563));
#9950 = CARTESIAN_POINT('',(106.45514884263,0.586863316512));
#9951 = CARTESIAN_POINT('',(105.59399454905,0.58686686219));
#9952 = CARTESIAN_POINT('',(104.73283949744,0.58687040779));
#9953 = CARTESIAN_POINT('',(103.43634010333,0.586875745694));
#9954 = CARTESIAN_POINT('',(103.00099632512,0.586877538056));
#9955 = CARTESIAN_POINT('',(102.56565235319,0.586879330397));
#9956 = CARTESIAN_POINT('',(102.03179973435,0.58688152828));
#9957 = CARTESIAN_POINT('',(101.93329127123,0.586881933841));
#9958 = CARTESIAN_POINT('',(101.83478279819,0.5868823394));
#9959 = CARTESIAN_POINT('',(101.63141047897,0.586883176681));
#9960 = CARTESIAN_POINT('',(101.52654663147,0.586883608404));
#9961 = CARTESIAN_POINT('',(101.42168277273,0.586884040124));
#9962 = CARTESIAN_POINT('',(101.15793431552,0.586885125965));
#9963 = CARTESIAN_POINT('',(100.99904970248,0.586885780082));
#9964 = CARTESIAN_POINT('',(100.84016506365,0.586886434198));
#9965 = CARTESIAN_POINT('',(99.705730254687,0.586891104553));
#9966 = CARTESIAN_POINT('',(98.730179137706,0.586895120694));
#9967 = CARTESIAN_POINT('',(97.754627048122,0.586899136733));
#9968 = CARTESIAN_POINT('',(95.520710175679,0.586908332813));
#9969 = CARTESIAN_POINT('',(94.262344747213,0.586913512787));
#9970 = CARTESIAN_POINT('',(93.00397770071,0.586918692587));
#9971 = CARTESIAN_POINT('',(90.881277816124,0.586927429922));
#9972 = CARTESIAN_POINT('',(90.016945832638,0.58693098755));
#9973 = CARTESIAN_POINT('',(89.152613085886,0.586934545095));
#9974 = CARTESIAN_POINT('',(87.427126039719,0.586941646929));
#9975 = CARTESIAN_POINT('',(86.565971745906,0.58694519122));
#9976 = CARTESIAN_POINT('',(85.704816694519,0.586948735426));
#9977 = CARTESIAN_POINT('',(83.582119394084,0.586957471477));
#9978 = CARTESIAN_POINT('',(82.320576276865,0.586962663224));
#9979 = CARTESIAN_POINT('',(81.059031534071,0.58696785479));
#9980 = CARTESIAN_POINT('',(78.539121354157,0.586978224459));
#9981 = CARTESIAN_POINT('',(77.280755925228,0.586983402563));
#9982 = CARTESIAN_POINT('',(76.022388879179,0.586988580485));
#9983 = CARTESIAN_POINT('',(73.505656404045,0.586998935937));
#9984 = CARTESIAN_POINT('',(72.247290974978,0.587004113469));
#9985 = CARTESIAN_POINT('',(70.988923929065,0.587009290814));
#9986 = CARTESIAN_POINT('',(68.472191453928,0.587019645109));
#9987 = CARTESIAN_POINT('',(67.213826024714,0.587024822059));
#9988 = CARTESIAN_POINT('',(65.955458978944,0.58702999882));
#9989 = CARTESIAN_POINT('',(63.928089632678,0.587038338839));
#9990 = CARTESIAN_POINT('',(63.159088344939,0.587041502218));
#9991 = CARTESIAN_POINT('',(62.390086453574,0.587044665525));
#9992 = CARTESIAN_POINT('',(60.852083274432,0.587050991988));
#9993 = CARTESIAN_POINT('',(60.083081986659,0.587054155143));
#9994 = CARTESIAN_POINT('',(59.314080095327,0.587057318227));
#9995 = CARTESIAN_POINT('',(57.776076916185,0.587063644242));
#9996 = CARTESIAN_POINT('',(57.007075628377,0.587066807173));
#9997 = CARTESIAN_POINT('',(56.238073737079,0.587069970031));
#9998 = CARTESIAN_POINT('',(54.700070557936,0.587076295594));
#9999 = CARTESIAN_POINT('',(53.931069270094,0.587079458299));
#10000 = CARTESIAN_POINT('',(53.16206737883,0.58708262093));
#10001 = CARTESIAN_POINT('',(51.96089898747,0.587087560789));
#10002 = CARTESIAN_POINT('',(51.528732900197,0.587089338067));
#10003 = CARTESIAN_POINT('',(51.096566622365,0.587091115322));
#10004 = CARTESIAN_POINT('',(49.272573795225,0.587098616269));
#10005 = CARTESIAN_POINT('',(47.880745460032,0.587104339741));
#10006 = CARTESIAN_POINT('',(46.488915148603,0.587110062968));
#10007 = CARTESIAN_POINT('',(43.708434180751,0.587121495837));
#10008 = CARTESIAN_POINT('',(42.319783533358,0.587127205481));
#10009 = CARTESIAN_POINT('',(40.931130919164,0.587132914877));
#10010 = CARTESIAN_POINT('',(38.153827657343,0.587144333145));
#10011 = CARTESIAN_POINT('',(36.765177009735,0.587150042018));
#10012 = CARTESIAN_POINT('',(35.376524395752,0.587155750638));
#10013 = CARTESIAN_POINT('',(32.599221133924,0.587167167348));
#10014 = CARTESIAN_POINT('',(31.210570486095,0.587172875438));
#10015 = CARTESIAN_POINT('',(29.821917872329,0.587178583271));
#10016 = CARTESIAN_POINT('',(27.47042387712,0.587188248261));
#10017 = CARTESIAN_POINT('',(26.50758351638,0.58719220555));
#10018 = CARTESIAN_POINT('',(25.544742210689,0.587196162715));
#10019 = CARTESIAN_POINT('',(24.257775483819,0.587201451824));
#10020 = CARTESIAN_POINT('',(23.933650900442,0.58720278388));
#10021 = CARTESIAN_POINT('',(23.609526209992,0.587204115922));
#10022 = CARTESIAN_POINT('',(22.49415693236,0.587208699658));
#10023 = CARTESIAN_POINT('',(21.702911814183,0.587211951282));
#10024 = CARTESIAN_POINT('',(20.911666057984,0.587215202821));
#10025 = CARTESIAN_POINT('',(19.332352868412,0.587221692662));
#10026 = CARTESIAN_POINT('',(18.544285440155,0.587224930965));
#10027 = CARTESIAN_POINT('',(17.756217379074,0.587228169183));
#10028 = CARTESIAN_POINT('',(16.176904204842,0.587234658496));
#10029 = CARTESIAN_POINT('',(15.38565908658,0.587237909592));
#10030 = CARTESIAN_POINT('',(14.594413330466,0.5872411606));
#10031 = CARTESIAN_POINT('',(13.015100140893,0.58724764938));
#10032 = CARTESIAN_POINT('',(12.227032712551,0.587250887152));
#10033 = CARTESIAN_POINT('',(11.438964651554,0.587254124837));
#10034 = CARTESIAN_POINT('',(9.719833374406,0.587261187491));
#10035 = CARTESIAN_POINT('',(8.788769907853,0.587265012426));
#10036 = CARTESIAN_POINT('',(7.857705558353,0.587268837239));
#10037 = CARTESIAN_POINT('',(5.998755425713,0.587276473555));
#10038 = CARTESIAN_POINT('',(5.070869648597,0.587280285059));
#10039 = CARTESIAN_POINT('',(4.14298299469,0.587284096441));
#10040 = CARTESIAN_POINT('',(3.215095464065,0.5872879077));
#10041 = ( GEOMETRIC_REPRESENTATION_CONTEXT(2) 
PARAMETRIC_REPRESENTATION_CONTEXT() REPRESENTATION_CONTEXT('2D SPACE',''
  ) );
#10042 = ORIENTED_EDGE('',*,*,#10043,.F.);
#10043 = EDGE_CURVE('',#10044,#9691,#10046,.T.);
#10044 = VERTEX_POINT('',#10045);
#10045 = CARTESIAN_POINT('',(-41.58438425085,367.5,306.80180165558));
#10046 = SURFACE_CURVE('',#10047,(#10051,#10057),.PCURVE_S1.);
#10047 = LINE('',#10048,#10049);
#10048 = CARTESIAN_POINT('',(-41.58438425085,367.5,306.80180165558));
#10049 = VECTOR('',#10050,1.);
#10050 = DIRECTION('',(-1.,0.,0.));
#10051 = PCURVE('',#7718,#10052);
#10052 = DEFINITIONAL_REPRESENTATION('',(#10053),#10056);
#10053 = B_SPLINE_CURVE_WITH_KNOTS('',1,(#10054,#10055),.UNSPECIFIED.,
  .F.,.F.,(2,2),(-5.999999999062E-07,21.915616349143),
  .PIECEWISE_BEZIER_KNOTS.);
#10054 = CARTESIAN_POINT('',(61.409290064647,-33.58142304313));
#10055 = CARTESIAN_POINT('',(47.74226761824,-50.71346214275));
#10056 = ( GEOMETRIC_REPRESENTATION_CONTEXT(2) 
PARAMETRIC_REPRESENTATION_CONTEXT() REPRESENTATION_CONTEXT('2D SPACE',''
  ) );
#10057 = PCURVE('',#10058,#10063);
#10058 = CYLINDRICAL_SURFACE('',#10059,11.5);
#10059 = AXIS2_PLACEMENT_3D('',#10060,#10061,#10062);
#10060 = CARTESIAN_POINT('',(-41.58438425085,364.5,295.7));
#10061 = DIRECTION('',(-1.,0.,0.));
#10062 = DIRECTION('',(0.,0.,-1.));
#10063 = DEFINITIONAL_REPRESENTATION('',(#10064),#10067);
#10064 = B_SPLINE_CURVE_WITH_KNOTS('',1,(#10065,#10066),.UNSPECIFIED.,
  .F.,.F.,(2,2),(-5.999999999062E-07,21.915616349143),
  .PIECEWISE_BEZIER_KNOTS.);
#10065 = CARTESIAN_POINT('',(3.40551550172,-5.999999999062E-07));
#10066 = CARTESIAN_POINT('',(3.40551550172,21.915616349143));
#10067 = ( GEOMETRIC_REPRESENTATION_CONTEXT(2) 
PARAMETRIC_REPRESENTATION_CONTEXT() REPRESENTATION_CONTEXT('2D SPACE',''
  ) );
#10068 = ORIENTED_EDGE('',*,*,#10069,.T.);
#10069 = EDGE_CURVE('',#10044,#7704,#10070,.T.);
#10070 = SURFACE_CURVE('',#10071,(#10075,#10081),.PCURVE_S1.);
#10071 = LINE('',#10072,#10073);
#10072 = CARTESIAN_POINT('',(-41.58438425085,367.5,335.72459199712));
#10073 = VECTOR('',#10074,1.);
#10074 = DIRECTION('',(-0.,-0.,-1.));
#10075 = PCURVE('',#7718,#10076);
#10076 = DEFINITIONAL_REPRESENTATION('',(#10077),#10080);
#10077 = B_SPLINE_CURVE_WITH_KNOTS('',1,(#10078,#10079),.UNSPECIFIED.,
  .F.,.F.,(2,2),(28.524591997126,51.524591997126),
  .PIECEWISE_BEZIER_KNOTS.);
#10078 = CARTESIAN_POINT('',(61.098007118704,-33.33309896242));
#10079 = CARTESIAN_POINT('',(79.077738202966,-47.67636463442));
#10080 = ( GEOMETRIC_REPRESENTATION_CONTEXT(2) 
PARAMETRIC_REPRESENTATION_CONTEXT() REPRESENTATION_CONTEXT('2D SPACE',''
  ) );
#10081 = PCURVE('',#7746,#10082);
#10082 = DEFINITIONAL_REPRESENTATION('',(#10083),#10086);
#10083 = B_SPLINE_CURVE_WITH_KNOTS('',1,(#10084,#10085),.UNSPECIFIED.,
  .F.,.F.,(2,2),(28.524591997126,51.524591997126),
  .PIECEWISE_BEZIER_KNOTS.);
#10084 = CARTESIAN_POINT('',(-11.5,-3.));
#10085 = CARTESIAN_POINT('',(11.5,-3.));
#10086 = ( GEOMETRIC_REPRESENTATION_CONTEXT(2) 
PARAMETRIC_REPRESENTATION_CONTEXT() REPRESENTATION_CONTEXT('2D SPACE',''
  ) );
#10087 = ORIENTED_EDGE('',*,*,#7703,.F.);
#10088 = ORIENTED_EDGE('',*,*,#9591,.T.);
#10089 = ORIENTED_EDGE('',*,*,#7931,.T.);
#10090 = ORIENTED_EDGE('',*,*,#10091,.T.);
#10091 = EDGE_CURVE('',#7759,#10092,#10094,.T.);
#10092 = VERTEX_POINT('',#10093);
#10093 = CARTESIAN_POINT('',(-38.32051983327,367.5,260.40445770101));
#10094 = SURFACE_CURVE('',#10095,(#10209,#10326),.PCURVE_S1.);
#10095 = B_SPLINE_CURVE_WITH_KNOTS('',4,(#10096,#10097,#10098,#10099,
    #10100,#10101,#10102,#10103,#10104,#10105,#10106,#10107,#10108,
    #10109,#10110,#10111,#10112,#10113,#10114,#10115,#10116,#10117,
    #10118,#10119,#10120,#10121,#10122,#10123,#10124,#10125,#10126,
    #10127,#10128,#10129,#10130,#10131,#10132,#10133,#10134,#10135,
    #10136,#10137,#10138,#10139,#10140,#10141,#10142,#10143,#10144,
    #10145,#10146,#10147,#10148,#10149,#10150,#10151,#10152,#10153,
    #10154,#10155,#10156,#10157,#10158,#10159,#10160,#10161,#10162,
    #10163,#10164,#10165,#10166,#10167,#10168,#10169,#10170,#10171,
    #10172,#10173,#10174,#10175,#10176,#10177,#10178,#10179,#10180,
    #10181,#10182,#10183,#10184,#10185,#10186,#10187,#10188,#10189,
    #10190,#10191,#10192,#10193,#10194,#10195,#10196,#10197,#10198,
    #10199,#10200,#10201,#10202,#10203,#10204,#10205,#10206,#10207,
    #10208),.UNSPECIFIED.,.F.,.F.,(5,3,3,3,3,3,3,3,3,3,3,3,3,3,3,3,3,3,3
    ,3,3,3,3,3,3,3,3,3,3,3,3,3,3,3,3,3,3,5),(0.,4.090190998966E-02,
    5.61025782413E-02,9.030399944794E-02,0.118405081832,0.147806131899,
    0.177207097721,0.181007216407,0.208108022027,0.221808402063,
    0.224908485519,0.22820857333,0.233208704356,0.263909455464,
    0.303510288719,0.330710772564,0.357811182972,0.397511655072,
    0.437111973107,0.476712138484,0.516312151232,0.540512083897,
    0.564711959578,0.588911778282,0.613111540016,0.626711381112,
    0.67051074709,0.714209928605,0.757908924461,0.801607734701,
    0.83190680082,0.842106466375,0.86700560748,0.89180469217,
    0.916703713069,0.94150267805,0.970801378267,1.),.UNSPECIFIED.);
#10096 = CARTESIAN_POINT('',(-49.65838396344,367.5,372.623009206));
#10097 = CARTESIAN_POINT('',(-49.54212254289,367.5,371.47222698544));
#10098 = CARTESIAN_POINT('',(-49.42586114266,367.5,370.32144671422));
#10099 = CARTESIAN_POINT('',(-49.30959976274,367.5,369.17066839223));
#10100 = CARTESIAN_POINT('',(-49.15013136566,367.5,367.59222079613));
#10101 = CARTESIAN_POINT('',(-49.10692433099,367.5,367.16454984213));
#10102 = CARTESIAN_POINT('',(-49.06371729912,367.5,366.73687915732));
#10103 = CARTESIAN_POINT('',(-48.92329468878,367.5,365.34695262373));
#10104 = CARTESIAN_POINT('',(-48.8260791217,367.5,364.38469786851));
#10105 = CARTESIAN_POINT('',(-48.72886356881,367.5,363.42244447595));
#10106 = CARTESIAN_POINT('',(-48.55177234761,367.5,361.66957256487));
#10107 = CARTESIAN_POINT('',(-48.47189667468,367.5,360.87895360362));
#10108 = CARTESIAN_POINT('',(-48.39202101133,367.5,360.08833556219));
#10109 = CARTESIAN_POINT('',(-48.22857462305,367.5,358.47052704416));
#10110 = CARTESIAN_POINT('',(-48.14500389903,367.5,357.64333665462));
#10111 = CARTESIAN_POINT('',(-48.06143318548,367.5,356.81614727188));
#10112 = CARTESIAN_POINT('',(-47.89429201883,367.5,355.16177289012));
#10113 = CARTESIAN_POINT('',(-47.81072156572,367.5,354.33458789109));
#10114 = CARTESIAN_POINT('',(-47.72715112309,367.5,353.50740389875));
#10115 = CARTESIAN_POINT('',(-47.63277908793,367.5,352.57330627835));
#10116 = CARTESIAN_POINT('',(-47.6219774851,367.5,352.46639166045));
#10117 = CARTESIAN_POINT('',(-47.61117588244,367.5,352.35947705937));
#10118 = CARTESIAN_POINT('',(-47.52334191507,367.5,351.49009382475));
#10119 = CARTESIAN_POINT('',(-47.44630955909,367.5,350.72762602968));
#10120 = CARTESIAN_POINT('',(-47.36927721201,367.5,349.96515908986));
#10121 = CARTESIAN_POINT('',(-47.2533024039,367.5,348.81724043716));
#10122 = CARTESIAN_POINT('',(-47.21435993624,367.5,348.43178808763));
#10123 = CARTESIAN_POINT('',(-47.17541747085,367.5,348.04633595666));
#10124 = CARTESIAN_POINT('',(-47.12766321673,367.5,347.57366506976));
#10125 = CARTESIAN_POINT('',(-47.11885142584,367.5,347.48644610646));
#10126 = CARTESIAN_POINT('',(-47.11003963506,367.5,347.39922715435));
#10127 = CARTESIAN_POINT('',(-47.09184755404,367.5,347.21916227301));
#10128 = CARTESIAN_POINT('',(-47.08246726382,367.5,347.12631634527));
#10129 = CARTESIAN_POINT('',(-47.07308697372,367.5,347.03347043021));
#10130 = CARTESIAN_POINT('',(-47.04949412895,367.5,346.79994897505));
#10131 = CARTESIAN_POINT('',(-47.03528157445,367.5,346.65927345138));
#10132 = CARTESIAN_POINT('',(-47.02106902026,367.5,346.51859795682));
#10133 = CARTESIAN_POINT('',(-46.91959153721,367.5,345.5141766356));
#10134 = CARTESIAN_POINT('',(-46.83232661947,367.5,344.65043187723));
#10135 = CARTESIAN_POINT('',(-46.74506171315,367.5,343.78668821621));
#10136 = CARTESIAN_POINT('',(-46.54523401678,367.5,341.80880596512));
#10137 = CARTESIAN_POINT('',(-46.4326712343,367.5,340.69466810348));
#10138 = CARTESIAN_POINT('',(-46.32010847081,367.5,339.58053206739));
#10139 = CARTESIAN_POINT('',(-46.13023015332,367.5,337.70113644413));
#10140 = CARTESIAN_POINT('',(-46.0529145893,367.5,336.93587589272));
#10141 = CARTESIAN_POINT('',(-45.97559903423,367.5,336.17061620248));
#10142 = CARTESIAN_POINT('',(-45.82125239402,367.5,334.64291401188));
#10143 = CARTESIAN_POINT('',(-45.74422130881,367.5,333.88047150519));
#10144 = CARTESIAN_POINT('',(-45.66719023248,367.5,333.11802985327));
#10145 = CARTESIAN_POINT('',(-45.47731328197,367.5,331.23865912244));
#10146 = CARTESIAN_POINT('',(-45.36446741797,367.5,330.12173102308));
#10147 = CARTESIAN_POINT('',(-45.25162157303,367.5,329.00480475785));
#10148 = CARTESIAN_POINT('',(-45.02621460221,367.5,326.77377360803));
#10149 = CARTESIAN_POINT('',(-44.91365347624,367.5,325.6596687142));
#10150 = CARTESIAN_POINT('',(-44.80109236922,367.5,324.54556564497));
#10151 = CARTESIAN_POINT('',(-44.57597062699,367.5,322.31736745024));
#10152 = CARTESIAN_POINT('',(-44.46340999178,367.5,321.20327232472));
#10153 = CARTESIAN_POINT('',(-44.35084937551,367.5,320.0891790235));
#10154 = CARTESIAN_POINT('',(-44.12572861469,367.5,317.86100036339));
#10155 = CARTESIAN_POINT('',(-44.01316847013,367.5,316.74691500449));
#10156 = CARTESIAN_POINT('',(-43.90060834451,367.5,315.63283146958));
#10157 = CARTESIAN_POINT('',(-43.71926171947,367.5,313.83792415973));
#10158 = CARTESIAN_POINT('',(-43.6504752082,367.5,313.15709924207));
#10159 = CARTESIAN_POINT('',(-43.581688704,367.5,312.47627500549));
#10160 = CARTESIAN_POINT('',(-43.4441158717,367.5,311.11462949759));
#10161 = CARTESIAN_POINT('',(-43.3753295436,367.5,310.43380822627));
#10162 = CARTESIAN_POINT('',(-43.30654322256,367.5,309.75298763596));
#10163 = CARTESIAN_POINT('',(-43.16897075657,367.5,308.39134942026));
#10164 = CARTESIAN_POINT('',(-43.10018461161,367.5,307.71053179486));
#10165 = CARTESIAN_POINT('',(-43.03139847371,367.5,307.02971485041));
#10166 = CARTESIAN_POINT('',(-42.89382637396,367.5,305.66808392609));
#10167 = CARTESIAN_POINT('',(-42.82504041212,367.5,304.98726994622));
#10168 = CARTESIAN_POINT('',(-42.75625445733,367.5,304.30645664722));
#10169 = CARTESIAN_POINT('',(-42.64881201499,367.5,303.24303929413));
#10170 = CARTESIAN_POINT('',(-42.61015552262,367.5,302.86043477423));
#10171 = CARTESIAN_POINT('',(-42.57149903248,367.5,302.47783046935));
#10172 = CARTESIAN_POINT('',(-42.40834626187,367.5,300.86301958835));
#10173 = CARTESIAN_POINT('',(-42.28385000228,367.5,299.63081502734));
#10174 = CARTESIAN_POINT('',(-42.1593537658,367.5,298.39861269624));
#10175 = CARTESIAN_POINT('',(-41.91064610538,367.5,295.93703096589));
#10176 = CARTESIAN_POINT('',(-41.78643468134,367.5,294.70765155646));
#10177 = CARTESIAN_POINT('',(-41.66222328028,367.5,293.47827436631));
#10178 = CARTESIAN_POINT('',(-41.41380105182,367.5,291.01952964722));
#10179 = CARTESIAN_POINT('',(-41.28959022441,367.5,289.79016211825));
#10180 = CARTESIAN_POINT('',(-41.16537941997,367.5,288.56079680812));
#10181 = CARTESIAN_POINT('',(-40.91695838458,367.5,286.10207584692));
#10182 = CARTESIAN_POINT('',(-40.79274815363,367.5,284.87272019584));
#10183 = CARTESIAN_POINT('',(-40.66853794562,367.5,283.64336676311));
#10184 = CARTESIAN_POINT('',(-40.45820521878,367.5,281.56163092916));
#10185 = CARTESIAN_POINT('',(-40.37208268804,367.5,280.70924737616));
#10186 = CARTESIAN_POINT('',(-40.28596016832,367.5,279.85686488945));
#10187 = CARTESIAN_POINT('',(-40.17084598105,367.5,278.71754375337));
#10188 = CARTESIAN_POINT('',(-40.14185430374,367.5,278.43060415862));
#10189 = CARTESIAN_POINT('',(-40.11286262768,367.5,278.14366468468));
#10190 = CARTESIAN_POINT('',(-40.01309727914,367.5,277.15625692861));
#10191 = CARTESIAN_POINT('',(-39.94232361285,367.5,276.45578924564));
#10192 = CARTESIAN_POINT('',(-39.87154995401,367.5,275.75532228264));
#10193 = CARTESIAN_POINT('',(-39.73028705288,367.5,274.35720459805));
#10194 = CARTESIAN_POINT('',(-39.65979781053,367.5,273.6595538707));
#10195 = CARTESIAN_POINT('',(-39.58930857557,367.5,272.96190385745));
#10196 = CARTESIAN_POINT('',(-39.44804606045,367.5,271.56379384775));
#10197 = CARTESIAN_POINT('',(-39.37727278035,367.5,270.86333385707));
#10198 = CARTESIAN_POINT('',(-39.30649950769,367.5,270.16287458616));
#10199 = CARTESIAN_POINT('',(-39.16523737732,367.5,268.76477225405));
#10200 = CARTESIAN_POINT('',(-39.09474851955,367.5,268.06712918708));
#10201 = CARTESIAN_POINT('',(-39.02425966915,367.5,267.36948683402));
#10202 = CARTESIAN_POINT('',(-38.87049188756,367.5,265.84761751996));
#10203 = CARTESIAN_POINT('',(-38.78721295929,367.5,265.02339084152));
#10204 = CARTESIAN_POINT('',(-38.7039340413,367.5,264.19916515944));
#10205 = CARTESIAN_POINT('',(-38.53766068991,367.5,262.55353117408));
#10206 = CARTESIAN_POINT('',(-38.45466625644,367.5,261.73212286402));
#10207 = CARTESIAN_POINT('',(-38.37167183317,367.5,260.91071554336));
#10208 = CARTESIAN_POINT('',(-38.2886774201,367.5,260.08930921204));
#10209 = PCURVE('',#7718,#10210);
#10210 = DEFINITIONAL_REPRESENTATION('',(#10211),#10325);
#10211 = B_SPLINE_CURVE_WITH_KNOTS('',4,(#10212,#10213,#10214,#10215,
    #10216,#10217,#10218,#10219,#10220,#10221,#10222,#10223,#10224,
    #10225,#10226,#10227,#10228,#10229,#10230,#10231,#10232,#10233,
    #10234,#10235,#10236,#10237,#10238,#10239,#10240,#10241,#10242,
    #10243,#10244,#10245,#10246,#10247,#10248,#10249,#10250,#10251,
    #10252,#10253,#10254,#10255,#10256,#10257,#10258,#10259,#10260,
    #10261,#10262,#10263,#10264,#10265,#10266,#10267,#10268,#10269,
    #10270,#10271,#10272,#10273,#10274,#10275,#10276,#10277,#10278,
    #10279,#10280,#10281,#10282,#10283,#10284,#10285,#10286,#10287,
    #10288,#10289,#10290,#10291,#10292,#10293,#10294,#10295,#10296,
    #10297,#10298,#10299,#10300,#10301,#10302,#10303,#10304,#10305,
    #10306,#10307,#10308,#10309,#10310,#10311,#10312,#10313,#10314,
    #10315,#10316,#10317,#10318,#10319,#10320,#10321,#10322,#10323,
    #10324),.UNSPECIFIED.,.F.,.F.,(5,3,3,3,3,3,3,3,3,3,3,3,3,3,3,3,3,3,3
    ,3,3,3,3,3,3,3,3,3,3,3,3,3,3,3,3,3,3,5),(0.,4.090190998966E-02,
    5.61025782413E-02,9.030399944794E-02,0.118405081832,0.147806131899,
    0.177207097721,0.181007216407,0.208108022027,0.221808402063,
    0.224908485519,0.22820857333,0.233208704356,0.263909455464,
    0.303510288719,0.330710772564,0.357811182972,0.397511655072,
    0.437111973107,0.476712138484,0.516312151232,0.540512083897,
    0.564711959578,0.588911778282,0.613111540016,0.626711381112,
    0.67051074709,0.714209928605,0.757908924461,0.801607734701,
    0.83190680082,0.842106466375,0.86700560748,0.89180469217,
    0.916703713069,0.94150267805,0.970801378267,1.),.UNSPECIFIED.);
#10212 = CARTESIAN_POINT('',(4.919936024771,1.154347059169));
#10213 = CARTESIAN_POINT('',(5.892037038012,0.527580709473));
#10214 = CARTESIAN_POINT('',(6.864136514731,-9.91844404624E-02));
#10215 = CARTESIAN_POINT('',(7.836234455018,-0.725948390706));
#10216 = CARTESIAN_POINT('',(9.169597972152,-1.585639448283));
#10217 = CARTESIAN_POINT('',(9.530864873134,-1.818567589546));
#10218 = CARTESIAN_POINT('',(9.892131561936,-2.05149556513));
#10219 = CARTESIAN_POINT('',(11.066245653558,-2.808509685289));
#10220 = CARTESIAN_POINT('',(11.879092194413,-3.332595156809));
#10221 = CARTESIAN_POINT('',(12.691937661176,-3.856679789641));
#10222 = CARTESIAN_POINT('',(14.172643401186,-4.81136913638));
#10223 = CARTESIAN_POINT('',(14.840504023402,-5.241974122777));
#10224 = CARTESIAN_POINT('',(15.508363920589,-5.672578543043));
#10225 = CARTESIAN_POINT('',(16.874977706256,-6.553706163591));
#10226 = CARTESIAN_POINT('',(17.573731526103,-7.004229310283));
#10227 = CARTESIAN_POINT('',(18.272484552371,-7.454751837313));
#10228 = CARTESIAN_POINT('',(19.669987015625,-8.355794361184));
#10229 = CARTESIAN_POINT('',(20.36873645262,-8.806314358031));
#10230 = CARTESIAN_POINT('',(21.067485096113,-9.256833735274));
#10231 = CARTESIAN_POINT('',(21.85654714801,-9.765582714363));
#10232 = CARTESIAN_POINT('',(21.946861336613,-9.823812925428));
#10233 = CARTESIAN_POINT('',(22.037175511961,-9.882043126143));
#10234 = CARTESIAN_POINT('',(22.771571281379,-10.35554589099));
#10235 = CARTESIAN_POINT('',(23.415652214551,-10.77081793907));
#10236 = CARTESIAN_POINT('',(24.059732473601,-11.18608946075));
#10237 = CARTESIAN_POINT('',(25.029416219956,-11.81129408436));
#10238 = CARTESIAN_POINT('',(25.355020209077,-12.02122757814));
#10239 = CARTESIAN_POINT('',(25.68062402593,-12.2311609374));
#10240 = CARTESIAN_POINT('',(26.079904347311,-12.48859726171));
#10241 = CARTESIAN_POINT('',(26.153581015286,-12.53610035439));
#10242 = CARTESIAN_POINT('',(26.22725767444,-12.58360344018));
#10243 = CARTESIAN_POINT('',(26.379364282935,-12.68167429699));
#10244 = CARTESIAN_POINT('',(26.4577942311,-12.73224206709));
#10245 = CARTESIAN_POINT('',(26.536224169271,-12.78280982939));
#10246 = CARTESIAN_POINT('',(26.733487273907,-12.90999536274));
#10247 = CARTESIAN_POINT('',(26.852320427422,-12.98661312368));
#10248 = CARTESIAN_POINT('',(26.971153557992,-13.0632308667));
#10249 = CARTESIAN_POINT('',(27.819620677557,-13.61028060586));
#10250 = CARTESIAN_POINT('',(28.549253824502,-14.08071194447));
#10251 = CARTESIAN_POINT('',(29.278886106503,-14.55114260768));
#10252 = CARTESIAN_POINT('',(30.949667529487,-15.62837923165));
#10253 = CARTESIAN_POINT('',(31.890816096317,-16.23518474407));
#10254 = CARTESIAN_POINT('',(32.831963224211,-16.84198913288));
#10255 = CARTESIAN_POINT('',(34.41955031379,-17.86558520419));
#10256 = CARTESIAN_POINT('',(35.065991035491,-18.28237748017));
#10257 = CARTESIAN_POINT('',(35.712431078407,-18.6991692261));
#10258 = CARTESIAN_POINT('',(37.002931488407,-19.53121823926));
#10259 = CARTESIAN_POINT('',(37.646991860478,-19.94647551038));
#10260 = CARTESIAN_POINT('',(38.291051558817,-20.3617322554));
#10261 = CARTESIAN_POINT('',(39.878618336819,-21.38531387189));
#10262 = CARTESIAN_POINT('',(40.822124644395,-21.99363814045));
#10263 = CARTESIAN_POINT('',(41.765629506296,-22.60196128011));
#10264 = CARTESIAN_POINT('',(43.650256122867,-23.81707066205));
#10265 = CARTESIAN_POINT('',(44.591377884822,-24.42385691001));
#10266 = CARTESIAN_POINT('',(45.532498208613,-25.03064203493));
#10267 = CARTESIAN_POINT('',(47.414732352139,-26.24420769973));
#10268 = CARTESIAN_POINT('',(48.355846171882,-26.85098823962));
#10269 = CARTESIAN_POINT('',(49.296958553709,-27.45776765665));
#10270 = CARTESIAN_POINT('',(51.179176814456,-28.67132190645));
#10271 = CARTESIAN_POINT('',(52.12028269339,-29.27809673924));
#10272 = CARTESIAN_POINT('',(53.06138713465,-29.88487044935));
#10273 = CARTESIAN_POINT('',(54.577606855254,-30.8624473559));
#10274 = CARTESIAN_POINT('',(55.15272303529,-31.23325125569));
#10275 = CARTESIAN_POINT('',(55.727838678494,-31.60405473627));
#10276 = CARTESIAN_POINT('',(56.878067537062,-32.34565998591));
#10277 = CARTESIAN_POINT('',(57.453180752429,-32.71646175496));
#10278 = CARTESIAN_POINT('',(58.028293431021,-33.08726310484));
#10279 = CARTESIAN_POINT('',(59.178516360642,-33.82886409327));
#10280 = CARTESIAN_POINT('',(59.753626611674,-34.19966373181));
#10281 = CARTESIAN_POINT('',(60.328736325989,-34.57046295122));
#10282 = CARTESIAN_POINT('',(61.478953327336,-35.3120596789));
#10283 = CARTESIAN_POINT('',(62.05406061437,-35.68285718717));
#10284 = CARTESIAN_POINT('',(62.629167364748,-36.05365427635));
#10285 = CARTESIAN_POINT('',(63.527473170561,-36.6328321631));
#10286 = CARTESIAN_POINT('',(63.850672593144,-36.84121324739));
#10287 = CARTESIAN_POINT('',(64.173871846253,-37.04959419934));
#10288 = CARTESIAN_POINT('',(65.537959190882,-37.92908196173));
#10289 = CARTESIAN_POINT('',(66.578845694107,-38.60018753184));
#10290 = CARTESIAN_POINT('',(67.619730439741,-39.27129172939));
#10291 = CARTESIAN_POINT('',(69.699115552852,-40.61196233282));
#10292 = CARTESIAN_POINT('',(70.73761592836,-41.28152874497));
#10293 = CARTESIAN_POINT('',(71.776114554657,-41.95109379108));
#10294 = CARTESIAN_POINT('',(73.853103897085,-43.29021830684));
#10295 = CARTESIAN_POINT('',(74.891594613229,-43.95977777649));
#10296 = CARTESIAN_POINT('',(75.930083580535,-44.62933588038));
#10297 = CARTESIAN_POINT('',(78.00705360674,-45.9684465129));
#10298 = CARTESIAN_POINT('',(79.045534665655,-46.63799904153));
#10299 = CARTESIAN_POINT('',(80.084013976109,-47.30755020468));
#10300 = CARTESIAN_POINT('',(81.842531744092,-48.44133995505));
#10301 = CARTESIAN_POINT('',(82.562571109412,-48.90557925122));
#10302 = CARTESIAN_POINT('',(83.282609634311,-49.36981789106));
#10303 = CARTESIAN_POINT('',(84.245035765434,-49.99033370016));
#10304 = CARTESIAN_POINT('',(84.487424116786,-50.14661145137));
#10305 = CARTESIAN_POINT('',(84.729812372909,-50.3028891282));
#10306 = CARTESIAN_POINT('',(85.563911800029,-50.84066728619));
#10307 = CARTESIAN_POINT('',(86.155622498768,-51.22216739852));
#10308 = CARTESIAN_POINT('',(86.74733263006,-51.6036670677));
#10309 = CARTESIAN_POINT('',(87.928373991515,-52.36513247709));
#10310 = CARTESIAN_POINT('',(88.51770522623,-52.74509822088));
#10311 = CARTESIAN_POINT('',(89.107035898117,-53.1250635251));
#10312 = CARTESIAN_POINT('',(90.288071019182,-53.88652445005));
#10313 = CARTESIAN_POINT('',(90.879775463816,-54.26802006722));
#10314 = CARTESIAN_POINT('',(91.471479341147,-54.64951524133));
#10315 = CARTESIAN_POINT('',(92.65250822049,-55.41097167914));
#10316 = CARTESIAN_POINT('',(93.24183322705,-55.79093294638));
#10317 = CARTESIAN_POINT('',(93.831157670931,-56.17089377418));
#10318 = CARTESIAN_POINT('',(95.116737373337,-56.99975779711));
#10319 = CARTESIAN_POINT('',(95.812992409155,-57.4486608183));
#10320 = CARTESIAN_POINT('',(96.509246659685,-57.89756322618));
#10321 = CARTESIAN_POINT('',(97.899375328076,-58.79383345689));
#10322 = CARTESIAN_POINT('',(98.593249751292,-59.2412012839));
#10323 = CARTESIAN_POINT('',(99.287123394696,-59.68856850187));
#10324 = CARTESIAN_POINT('',(99.980996258344,-60.13593511084));
#10325 = ( GEOMETRIC_REPRESENTATION_CONTEXT(2) 
PARAMETRIC_REPRESENTATION_CONTEXT() REPRESENTATION_CONTEXT('2D SPACE',''
  ) );
#10326 = PCURVE('',#7856,#10327);
#10327 = DEFINITIONAL_REPRESENTATION('',(#10328),#10442);
#10328 = B_SPLINE_CURVE_WITH_KNOTS('',4,(#10329,#10330,#10331,#10332,
    #10333,#10334,#10335,#10336,#10337,#10338,#10339,#10340,#10341,
    #10342,#10343,#10344,#10345,#10346,#10347,#10348,#10349,#10350,
    #10351,#10352,#10353,#10354,#10355,#10356,#10357,#10358,#10359,
    #10360,#10361,#10362,#10363,#10364,#10365,#10366,#10367,#10368,
    #10369,#10370,#10371,#10372,#10373,#10374,#10375,#10376,#10377,
    #10378,#10379,#10380,#10381,#10382,#10383,#10384,#10385,#10386,
    #10387,#10388,#10389,#10390,#10391,#10392,#10393,#10394,#10395,
    #10396,#10397,#10398,#10399,#10400,#10401,#10402,#10403,#10404,
    #10405,#10406,#10407,#10408,#10409,#10410,#10411,#10412,#10413,
    #10414,#10415,#10416,#10417,#10418,#10419,#10420,#10421,#10422,
    #10423,#10424,#10425,#10426,#10427,#10428,#10429,#10430,#10431,
    #10432,#10433,#10434,#10435,#10436,#10437,#10438,#10439,#10440,
    #10441),.UNSPECIFIED.,.F.,.F.,(5,3,3,3,3,3,3,3,3,3,3,3,3,3,3,3,3,3,3
    ,3,3,3,3,3,3,3,3,3,3,3,3,3,3,3,3,3,3,5),(0.,4.090190998966E-02,
    5.61025782413E-02,9.030399944794E-02,0.118405081832,0.147806131899,
    0.177207097721,0.181007216407,0.208108022027,0.221808402063,
    0.224908485519,0.22820857333,0.233208704356,0.263909455464,
    0.303510288719,0.330710772564,0.357811182972,0.397511655072,
    0.437111973107,0.476712138484,0.516312151232,0.540512083897,
    0.564711959578,0.588911778282,0.613111540016,0.626711381112,
    0.67051074709,0.714209928605,0.757908924461,0.801607734701,
    0.83190680082,0.842106466375,0.86700560748,0.89180469217,
    0.916703713069,0.94150267805,0.970801378267,1.),.UNSPECIFIED.);
#10329 = CARTESIAN_POINT('',(130.32279621385,0.586765021576));
#10330 = CARTESIAN_POINT('',(129.02312256533,0.586770375269));
#10331 = CARTESIAN_POINT('',(127.72344718896,0.586775728799));
#10332 = CARTESIAN_POINT('',(126.42377008488,0.586781082165));
#10333 = CARTESIAN_POINT('',(124.64108234824,0.586788424812));
#10334 = CARTESIAN_POINT('',(124.15807320469,0.586790414237));
#10335 = CARTESIAN_POINT('',(123.67506382254,0.586792403639));
#10336 = CARTESIAN_POINT('',(122.10528517213,0.586798869108));
#10337 = CARTESIAN_POINT('',(121.01851493459,0.586803345082));
#10338 = CARTESIAN_POINT('',(119.93174348924,0.586807820938));
#10339 = CARTESIAN_POINT('',(117.95204046133,0.586815974097));
#10340 = CARTESIAN_POINT('',(117.05910927118,0.586819651439));
#10341 = CARTESIAN_POINT('',(116.16617726576,0.5868233287));
#10342 = CARTESIAN_POINT('',(114.33900418315,0.586830853167));
#10343 = CARTESIAN_POINT('',(113.4047630288,0.586834700365));
#10344 = CARTESIAN_POINT('',(112.47052098208,0.586838547474));
#10345 = CARTESIAN_POINT('',(110.60203778096,0.5868462415));
#10346 = CARTESIAN_POINT('',(109.66779662656,0.586850088418));
#10347 = CARTESIAN_POINT('',(108.73355457989,0.586853935244));
#10348 = CARTESIAN_POINT('',(107.67855934764,0.586858279176));
#10349 = CARTESIAN_POINT('',(107.55780703938,0.58685877637));
#10350 = CARTESIAN_POINT('',(107.43705471622,0.586859273563));
#10351 = CARTESIAN_POINT('',(106.45514884263,0.586863316512));
#10352 = CARTESIAN_POINT('',(105.59399454905,0.58686686219));
#10353 = CARTESIAN_POINT('',(104.73283949744,0.58687040779));
#10354 = CARTESIAN_POINT('',(103.43634010333,0.586875745694));
#10355 = CARTESIAN_POINT('',(103.00099632512,0.586877538056));
#10356 = CARTESIAN_POINT('',(102.56565235319,0.586879330397));
#10357 = CARTESIAN_POINT('',(102.03179973435,0.58688152828));
#10358 = CARTESIAN_POINT('',(101.93329127123,0.586881933841));
#10359 = CARTESIAN_POINT('',(101.83478279819,0.5868823394));
#10360 = CARTESIAN_POINT('',(101.63141047897,0.586883176681));
#10361 = CARTESIAN_POINT('',(101.52654663147,0.586883608404));
#10362 = CARTESIAN_POINT('',(101.42168277273,0.586884040124));
#10363 = CARTESIAN_POINT('',(101.15793431552,0.586885125965));
#10364 = CARTESIAN_POINT('',(100.99904970248,0.586885780082));
#10365 = CARTESIAN_POINT('',(100.84016506365,0.586886434198));
#10366 = CARTESIAN_POINT('',(99.705730254687,0.586891104553));
#10367 = CARTESIAN_POINT('',(98.730179137706,0.586895120694));
#10368 = CARTESIAN_POINT('',(97.754627048122,0.586899136733));
#10369 = CARTESIAN_POINT('',(95.520710175679,0.586908332813));
#10370 = CARTESIAN_POINT('',(94.262344747213,0.586913512787));
#10371 = CARTESIAN_POINT('',(93.00397770071,0.586918692587));
#10372 = CARTESIAN_POINT('',(90.881277816124,0.586927429922));
#10373 = CARTESIAN_POINT('',(90.016945832638,0.58693098755));
#10374 = CARTESIAN_POINT('',(89.152613085886,0.586934545095));
#10375 = CARTESIAN_POINT('',(87.427126039719,0.586941646929));
#10376 = CARTESIAN_POINT('',(86.565971745906,0.58694519122));
#10377 = CARTESIAN_POINT('',(85.704816694519,0.586948735426));
#10378 = CARTESIAN_POINT('',(83.582119394084,0.586957471477));
#10379 = CARTESIAN_POINT('',(82.320576276865,0.586962663224));
#10380 = CARTESIAN_POINT('',(81.059031534071,0.58696785479));
#10381 = CARTESIAN_POINT('',(78.539121354157,0.586978224459));
#10382 = CARTESIAN_POINT('',(77.280755925228,0.586983402563));
#10383 = CARTESIAN_POINT('',(76.022388879179,0.586988580485));
#10384 = CARTESIAN_POINT('',(73.505656404045,0.586998935937));
#10385 = CARTESIAN_POINT('',(72.247290974978,0.587004113469));
#10386 = CARTESIAN_POINT('',(70.988923929065,0.587009290814));
#10387 = CARTESIAN_POINT('',(68.472191453928,0.587019645109));
#10388 = CARTESIAN_POINT('',(67.213826024714,0.587024822059));
#10389 = CARTESIAN_POINT('',(65.955458978944,0.58702999882));
#10390 = CARTESIAN_POINT('',(63.928089632678,0.587038338839));
#10391 = CARTESIAN_POINT('',(63.159088344939,0.587041502218));
#10392 = CARTESIAN_POINT('',(62.390086453574,0.587044665525));
#10393 = CARTESIAN_POINT('',(60.852083274432,0.587050991988));
#10394 = CARTESIAN_POINT('',(60.083081986659,0.587054155143));
#10395 = CARTESIAN_POINT('',(59.314080095327,0.587057318227));
#10396 = CARTESIAN_POINT('',(57.776076916185,0.587063644242));
#10397 = CARTESIAN_POINT('',(57.007075628377,0.587066807173));
#10398 = CARTESIAN_POINT('',(56.238073737079,0.587069970031));
#10399 = CARTESIAN_POINT('',(54.700070557936,0.587076295594));
#10400 = CARTESIAN_POINT('',(53.931069270094,0.587079458299));
#10401 = CARTESIAN_POINT('',(53.16206737883,0.58708262093));
#10402 = CARTESIAN_POINT('',(51.96089898747,0.587087560789));
#10403 = CARTESIAN_POINT('',(51.528732900197,0.587089338067));
#10404 = CARTESIAN_POINT('',(51.096566622365,0.587091115322));
#10405 = CARTESIAN_POINT('',(49.272573795225,0.587098616269));
#10406 = CARTESIAN_POINT('',(47.880745460032,0.587104339741));
#10407 = CARTESIAN_POINT('',(46.488915148603,0.587110062968));
#10408 = CARTESIAN_POINT('',(43.708434180751,0.587121495837));
#10409 = CARTESIAN_POINT('',(42.319783533358,0.587127205481));
#10410 = CARTESIAN_POINT('',(40.931130919164,0.587132914877));
#10411 = CARTESIAN_POINT('',(38.153827657343,0.587144333145));
#10412 = CARTESIAN_POINT('',(36.765177009735,0.587150042018));
#10413 = CARTESIAN_POINT('',(35.376524395752,0.587155750638));
#10414 = CARTESIAN_POINT('',(32.599221133924,0.587167167348));
#10415 = CARTESIAN_POINT('',(31.210570486095,0.587172875438));
#10416 = CARTESIAN_POINT('',(29.821917872329,0.587178583271));
#10417 = CARTESIAN_POINT('',(27.47042387712,0.587188248261));
#10418 = CARTESIAN_POINT('',(26.50758351638,0.58719220555));
#10419 = CARTESIAN_POINT('',(25.544742210689,0.587196162715));
#10420 = CARTESIAN_POINT('',(24.257775483819,0.587201451824));
#10421 = CARTESIAN_POINT('',(23.933650900442,0.58720278388));
#10422 = CARTESIAN_POINT('',(23.609526209992,0.587204115922));
#10423 = CARTESIAN_POINT('',(22.49415693236,0.587208699658));
#10424 = CARTESIAN_POINT('',(21.702911814183,0.587211951282));
#10425 = CARTESIAN_POINT('',(20.911666057984,0.587215202821));
#10426 = CARTESIAN_POINT('',(19.332352868412,0.587221692662));
#10427 = CARTESIAN_POINT('',(18.544285440155,0.587224930965));
#10428 = CARTESIAN_POINT('',(17.756217379074,0.587228169183));
#10429 = CARTESIAN_POINT('',(16.176904204842,0.587234658496));
#10430 = CARTESIAN_POINT('',(15.38565908658,0.587237909592));
#10431 = CARTESIAN_POINT('',(14.594413330466,0.5872411606));
#10432 = CARTESIAN_POINT('',(13.015100140893,0.58724764938));
#10433 = CARTESIAN_POINT('',(12.227032712551,0.587250887152));
#10434 = CARTESIAN_POINT('',(11.438964651554,0.587254124837));
#10435 = CARTESIAN_POINT('',(9.719833374406,0.587261187491));
#10436 = CARTESIAN_POINT('',(8.788769907853,0.587265012426));
#10437 = CARTESIAN_POINT('',(7.857705558353,0.587268837239));
#10438 = CARTESIAN_POINT('',(5.998755425713,0.587276473555));
#10439 = CARTESIAN_POINT('',(5.070869648597,0.587280285059));
#10440 = CARTESIAN_POINT('',(4.14298299469,0.587284096441));
#10441 = CARTESIAN_POINT('',(3.215095464065,0.5872879077));
#10442 = ( GEOMETRIC_REPRESENTATION_CONTEXT(2) 
PARAMETRIC_REPRESENTATION_CONTEXT() REPRESENTATION_CONTEXT('2D SPACE',''
  ) );
#10443 = ORIENTED_EDGE('',*,*,#10444,.T.);
#10444 = EDGE_CURVE('',#10092,#10445,#10447,.T.);
#10445 = VERTEX_POINT('',#10446);
#10446 = CARTESIAN_POINT('',(38.320519833269,367.5,260.40445770101));
#10447 = SURFACE_CURVE('',#10448,(#10463,#10481),.PCURVE_S1.);
#10448 = B_SPLINE_CURVE_WITH_KNOTS('',4,(#10449,#10450,#10451,#10452,
    #10453,#10454,#10455,#10456,#10457,#10458,#10459,#10460,#10461,
    #10462),.UNSPECIFIED.,.F.,.F.,(5,3,3,3,5),(0.,0.25,0.5,0.75,1.),
  .UNSPECIFIED.);
#10449 = CARTESIAN_POINT('',(-38.53284779171,367.5,260.40445770101));
#10450 = CARTESIAN_POINT('',(-33.71624181775,367.5,260.40445770101));
#10451 = CARTESIAN_POINT('',(-28.89963584379,367.5,260.40445770101));
#10452 = CARTESIAN_POINT('',(-24.08302986982,367.5,260.40445770101));
#10453 = CARTESIAN_POINT('',(-14.44981792189,367.5,260.40445770101));
#10454 = CARTESIAN_POINT('',(-9.633211947931,367.5,260.40445770101));
#10455 = CARTESIAN_POINT('',(-4.816605973966,367.5,260.40445770101));
#10456 = CARTESIAN_POINT('',(4.816605973963,367.5,260.40445770101));
#10457 = CARTESIAN_POINT('',(9.633211947928,367.5,260.40445770101));
#10458 = CARTESIAN_POINT('',(14.449817921893,367.5,260.40445770101));
#10459 = CARTESIAN_POINT('',(24.083029869823,367.5,260.40445770101));
#10460 = CARTESIAN_POINT('',(28.899635843789,367.5,260.40445770101));
#10461 = CARTESIAN_POINT('',(33.716241817754,367.5,260.40445770101));
#10462 = CARTESIAN_POINT('',(38.532847791719,367.5,260.40445770101));
#10463 = PCURVE('',#7718,#10464);
#10464 = DEFINITIONAL_REPRESENTATION('',(#10465),#10480);
#10465 = B_SPLINE_CURVE_WITH_KNOTS('',4,(#10466,#10467,#10468,#10469,
    #10470,#10471,#10472,#10473,#10474,#10475,#10476,#10477,#10478,
    #10479),.UNSPECIFIED.,.F.,.F.,(5,3,3,3,5),(0.,0.25,0.5,0.75,1.),
  .UNSPECIFIED.);
#10466 = CARTESIAN_POINT('',(99.582366449972,-60.13027681157));
#10467 = CARTESIAN_POINT('',(102.58609945527,-56.36500376154));
#10468 = CARTESIAN_POINT('',(105.58983246057,-52.59973071151));
#10469 = CARTESIAN_POINT('',(108.59356546587,-48.83445766148));
#10470 = CARTESIAN_POINT('',(114.60103147647,-41.30391156142));
#10471 = CARTESIAN_POINT('',(117.60476448177,-37.53863851138));
#10472 = CARTESIAN_POINT('',(120.60849748707,-33.77336546135));
#10473 = CARTESIAN_POINT('',(126.61596349768,-26.24281936129));
#10474 = CARTESIAN_POINT('',(129.61969650298,-22.47754631125));
#10475 = CARTESIAN_POINT('',(132.62342950828,-18.71227326122));
#10476 = CARTESIAN_POINT('',(138.63089551888,-11.18172716116));
#10477 = CARTESIAN_POINT('',(141.63462852418,-7.416454111129));
#10478 = CARTESIAN_POINT('',(144.63836152948,-3.651181061097));
#10479 = CARTESIAN_POINT('',(147.64209453479,0.114091988936));
#10480 = ( GEOMETRIC_REPRESENTATION_CONTEXT(2) 
PARAMETRIC_REPRESENTATION_CONTEXT() REPRESENTATION_CONTEXT('2D SPACE',''
  ) );
#10481 = PCURVE('',#8537,#10482);
#10482 = DEFINITIONAL_REPRESENTATION('',(#10483),#10498);
#10483 = B_SPLINE_CURVE_WITH_KNOTS('',4,(#10484,#10485,#10486,#10487,
    #10488,#10489,#10490,#10491,#10492,#10493,#10494,#10495,#10496,
    #10497),.UNSPECIFIED.,.F.,.F.,(5,3,3,3,5),(0.,0.25,0.5,0.75,1.),
  .UNSPECIFIED.);
#10484 = CARTESIAN_POINT('',(86.824044547933,0.590186241871));
#10485 = CARTESIAN_POINT('',(81.596038979442,0.590186241871));
#10486 = CARTESIAN_POINT('',(76.368033410951,0.590186241871));
#10487 = CARTESIAN_POINT('',(71.140027842459,0.590186241871));
#10488 = CARTESIAN_POINT('',(60.684016705477,0.590186241871));
#10489 = CARTESIAN_POINT('',(55.456011136985,0.590186241871));
#10490 = CARTESIAN_POINT('',(50.228005568493,0.590186241871));
#10491 = CARTESIAN_POINT('',(39.77199443151,0.590186241871));
#10492 = CARTESIAN_POINT('',(34.543988863018,0.590186241871));
#10493 = CARTESIAN_POINT('',(29.315983294527,0.590186241871));
#10494 = CARTESIAN_POINT('',(18.859972157543,0.590186241871));
#10495 = CARTESIAN_POINT('',(13.631966589051,0.590186241871));
#10496 = CARTESIAN_POINT('',(8.403961020559,0.590186241871));
#10497 = CARTESIAN_POINT('',(3.175955452067,0.590186241871));
#10498 = ( GEOMETRIC_REPRESENTATION_CONTEXT(2) 
PARAMETRIC_REPRESENTATION_CONTEXT() REPRESENTATION_CONTEXT('2D SPACE',''
  ) );
#10499 = ORIENTED_EDGE('',*,*,#10500,.T.);
#10500 = EDGE_CURVE('',#10445,#8142,#10501,.T.);
#10501 = SURFACE_CURVE('',#10502,(#10619,#10739),.PCURVE_S1.);
#10502 = B_SPLINE_CURVE_WITH_KNOTS('',4,(#10503,#10504,#10505,#10506,
    #10507,#10508,#10509,#10510,#10511,#10512,#10513,#10514,#10515,
    #10516,#10517,#10518,#10519,#10520,#10521,#10522,#10523,#10524,
    #10525,#10526,#10527,#10528,#10529,#10530,#10531,#10532,#10533,
    #10534,#10535,#10536,#10537,#10538,#10539,#10540,#10541,#10542,
    #10543,#10544,#10545,#10546,#10547,#10548,#10549,#10550,#10551,
    #10552,#10553,#10554,#10555,#10556,#10557,#10558,#10559,#10560,
    #10561,#10562,#10563,#10564,#10565,#10566,#10567,#10568,#10569,
    #10570,#10571,#10572,#10573,#10574,#10575,#10576,#10577,#10578,
    #10579,#10580,#10581,#10582,#10583,#10584,#10585,#10586,#10587,
    #10588,#10589,#10590,#10591,#10592,#10593,#10594,#10595,#10596,
    #10597,#10598,#10599,#10600,#10601,#10602,#10603,#10604,#10605,
    #10606,#10607,#10608,#10609,#10610,#10611,#10612,#10613,#10614,
    #10615,#10616,#10617,#10618),.UNSPECIFIED.,.F.,.F.,(5,3,3,3,3,3,3,3,
    3,3,3,3,3,3,3,3,3,3,3,3,3,3,3,3,3,3,3,3,3,3,3,3,3,3,3,3,3,3,5),(0.,
    2.549879179633E-02,5.089765108828E-02,7.629657302344E-02,
    0.101695557611,0.127194601231,0.152593711396,0.177992884238,
    0.203392119767,0.228891415352,0.254290776526,0.279690200412,
    0.305089687018,0.330589234701,0.355988847018,0.381388522078,
    0.406788259891,0.434488045503,0.462087906135,0.489687840888,
    0.517287849772,0.544887932797,0.572488089972,0.600088321305,
    0.627588625566,0.662689120894,0.697689734285,0.706189901259,
    0.74069065123,0.775191517158,0.804492343639,0.833693250529,
    0.851993861245,0.870594515421,0.895595447812,0.920596441129,
    0.953297832361,0.985999327852,1.),.UNSPECIFIED.);
#10503 = CARTESIAN_POINT('',(38.288677420102,367.5,260.08930921204));
#10504 = CARTESIAN_POINT('',(38.361155404801,367.5,260.80663310541));
#10505 = CARTESIAN_POINT('',(38.433633397276,367.5,261.52395775328));
#10506 = CARTESIAN_POINT('',(38.506111397531,367.5,262.24128315571));
#10507 = CARTESIAN_POINT('',(38.650783364501,367.5,263.67312419149));
#10508 = CARTESIAN_POINT('',(38.722977331156,367.5,264.38763981894));
#10509 = CARTESIAN_POINT('',(38.795171305533,367.5,265.10215619514));
#10510 = CARTESIAN_POINT('',(38.939559447793,367.5,266.53119220739));
#10511 = CARTESIAN_POINT('',(39.011753615676,367.5,267.24571184345));
#10512 = CARTESIAN_POINT('',(39.083947791285,367.5,267.96023222836));
#10513 = CARTESIAN_POINT('',(39.228336336042,367.5,269.38927625848));
#10514 = CARTESIAN_POINT('',(39.300530705191,367.5,270.1037999037));
#10515 = CARTESIAN_POINT('',(39.372725082069,367.5,270.81832429786));
#10516 = CARTESIAN_POINT('',(39.517398260312,367.5,272.2501894485));
#10517 = CARTESIAN_POINT('',(39.589877061738,367.5,272.96753021087));
#10518 = CARTESIAN_POINT('',(39.662355870958,367.5,273.68487172821));
#10519 = CARTESIAN_POINT('',(39.807029452822,367.5,275.11674493241));
#10520 = CARTESIAN_POINT('',(39.879224225405,367.5,275.83127661339));
#10521 = CARTESIAN_POINT('',(39.951419005725,367.5,276.5458090435));
#10522 = CARTESIAN_POINT('',(40.095808760003,367.5,277.97487716537));
#10523 = CARTESIAN_POINT('',(40.168003733961,367.5,278.68941285713));
#10524 = CARTESIAN_POINT('',(40.240198715661,367.5,279.40394929813));
#10525 = CARTESIAN_POINT('',(40.384588872729,367.5,280.8330254422));
#10526 = CARTESIAN_POINT('',(40.456784048098,367.5,281.54756514529));
#10527 = CARTESIAN_POINT('',(40.528979231212,367.5,282.2621055977));
#10528 = CARTESIAN_POINT('',(40.673654025231,367.5,283.69400292981));
#10529 = CARTESIAN_POINT('',(40.746133636196,367.5,284.41135981542));
#10530 = CARTESIAN_POINT('',(40.818613254972,367.5,285.12871745638));
#10531 = CARTESIAN_POINT('',(40.9632884529,367.5,286.56062284633));
#10532 = CARTESIAN_POINT('',(41.03548403199,367.5,287.27517058943));
#10533 = CARTESIAN_POINT('',(41.107679618833,367.5,287.98971908204));
#10534 = CARTESIAN_POINT('',(41.252070986283,367.5,289.41881933064));
#10535 = CARTESIAN_POINT('',(41.324266766889,367.5,290.13337108662));
#10536 = CARTESIAN_POINT('',(41.396462555253,367.5,290.84792359221));
#10537 = CARTESIAN_POINT('',(41.540854325773,367.5,292.27703186718));
#10538 = CARTESIAN_POINT('',(41.613050307929,367.5,292.99158763655));
#10539 = CARTESIAN_POINT('',(41.685246297847,367.5,293.70614415563));
#10540 = CARTESIAN_POINT('',(41.82992270877,367.5,295.13807368601));
#10541 = CARTESIAN_POINT('',(41.902403129838,367.5,295.85544670323));
#10542 = CARTESIAN_POINT('',(41.974883558731,367.5,296.57282047615));
#10543 = CARTESIAN_POINT('',(42.119560373837,367.5,298.00475806847));
#10544 = CARTESIAN_POINT('',(42.191756759989,367.5,298.71932188194));
#10545 = CARTESIAN_POINT('',(42.263953153909,367.5,299.4338864453));
#10546 = CARTESIAN_POINT('',(42.408346135631,367.5,300.86301883702));
#10547 = CARTESIAN_POINT('',(42.480542723433,367.5,301.57758666539));
#10548 = CARTESIAN_POINT('',(42.552739319006,367.5,302.29215524373));
#10549 = CARTESIAN_POINT('',(42.697132704065,367.5,303.72129566581));
#10550 = CARTESIAN_POINT('',(42.76932949355,367.5,304.43586750955));
#10551 = CARTESIAN_POINT('',(42.84152629081,367.5,305.15044010335));
#10552 = CARTESIAN_POINT('',(42.992457610199,367.5,306.6442942641));
#10553 = CARTESIAN_POINT('',(43.071192133801,367.5,307.42357597304));
#10554 = CARTESIAN_POINT('',(43.149926666654,367.5,308.20285857413));
#10555 = CARTESIAN_POINT('',(43.307111721677,367.5,309.75861435166));
#10556 = CARTESIAN_POINT('',(43.385562243781,367.5,310.53508752169));
#10557 = CARTESIAN_POINT('',(43.464012775073,367.5,311.31156157754));
#10558 = CARTESIAN_POINT('',(43.62091406672,367.5,312.86451354627));
#10559 = CARTESIAN_POINT('',(43.699364827076,367.5,313.64099145916));
#10560 = CARTESIAN_POINT('',(43.777815596624,367.5,314.41747025797));
#10561 = CARTESIAN_POINT('',(43.934717364818,367.5,315.97043171313));
#10562 = CARTESIAN_POINT('',(44.013168363464,367.5,316.74691436947));
#10563 = CARTESIAN_POINT('',(44.091619371307,367.5,317.52339791185));
#10564 = CARTESIAN_POINT('',(44.248521616126,367.5,319.07636885461));
#10565 = CARTESIAN_POINT('',(44.326972853102,367.5,319.85285625499));
#10566 = CARTESIAN_POINT('',(44.405424099278,367.5,320.62934454152));
#10567 = CARTESIAN_POINT('',(44.562326820798,367.5,322.18232497305));
#10568 = CARTESIAN_POINT('',(44.640778296143,367.5,322.95881711806));
#10569 = CARTESIAN_POINT('',(44.719229780691,367.5,323.73531014931));
#10570 = CARTESIAN_POINT('',(44.876132978989,367.5,325.28830007077));
#10571 = CARTESIAN_POINT('',(44.954584692739,367.5,326.06479696097));
#10572 = CARTESIAN_POINT('',(45.033036415696,367.5,326.84129473752));
#10573 = CARTESIAN_POINT('',(45.189655844295,367.5,328.39148073775));
#10574 = CARTESIAN_POINT('',(45.267823549871,367.5,329.16516895503));
#10575 = CARTESIAN_POINT('',(45.345991264591,367.5,329.93885805234));
#10576 = CARTESIAN_POINT('',(45.523929732822,367.5,331.70006079247));
#10577 = CARTESIAN_POINT('',(45.623700492088,367.5,332.68757498897));
#10578 = CARTESIAN_POINT('',(45.723471266257,367.5,333.67509061931));
#10579 = CARTESIAN_POINT('',(45.922728936744,367.5,335.64731467021));
#10580 = CARTESIAN_POINT('',(46.022215832977,367.5,336.63202308263));
#10581 = CARTESIAN_POINT('',(46.121702744035,367.5,337.61673292093));
#10582 = CARTESIAN_POINT('',(46.24535083168,367.5,338.84058885599));
#10583 = CARTESIAN_POINT('',(46.269511994311,367.5,339.07973361089));
#10584 = CARTESIAN_POINT('',(46.293673157817,367.5,339.31887844989));
#10585 = CARTESIAN_POINT('',(46.415900430065,367.5,340.5286724467));
#10586 = CARTESIAN_POINT('',(46.513966552342,367.5,341.49932290597));
#10587 = CARTESIAN_POINT('',(46.612032689033,367.5,342.46997475091));
#10588 = CARTESIAN_POINT('',(46.808165320849,367.5,344.41128447465));
#10589 = CARTESIAN_POINT('',(46.906231815974,367.5,345.38194235347));
#10590 = CARTESIAN_POINT('',(47.004298325518,367.5,346.35260161813));
#10591 = CARTESIAN_POINT('',(47.18565059102,367.5,348.14762300663));
#10592 = CARTESIAN_POINT('',(47.268936342958,367.5,348.97198474418));
#10593 = CARTESIAN_POINT('',(47.3522221053,367.5,349.79634748141));
#10594 = CARTESIAN_POINT('',(47.518509635588,367.5,351.44226376887));
#10595 = CARTESIAN_POINT('',(47.601511403464,367.5,352.26381731228));
#10596 = CARTESIAN_POINT('',(47.684513181678,367.5,353.08537184867));
#10597 = CARTESIAN_POINT('',(47.819533334825,367.5,354.42180754886));
#10598 = CARTESIAN_POINT('',(47.87155170348,367.5,354.93668810965));
#10599 = CARTESIAN_POINT('',(47.923570076196,367.5,355.45156906049));
#10600 = CARTESIAN_POINT('',(48.028459685099,367.5,356.48977336102));
#10601 = CARTESIAN_POINT('',(48.08133092142,367.5,357.01309672361));
#10602 = CARTESIAN_POINT('',(48.134202161938,367.5,357.53642048917));
#10603 = CARTESIAN_POINT('',(48.258137058612,367.5,358.76313885193));
#10604 = CARTESIAN_POINT('',(48.329200718153,367.5,359.46653377417));
#10605 = CARTESIAN_POINT('',(48.400264385278,367.5,360.16992942445));
#10606 = CARTESIAN_POINT('',(48.542391907875,367.5,361.57672389528));
#10607 = CARTESIAN_POINT('',(48.613455763347,367.5,362.28012271584));
#10608 = CARTESIAN_POINT('',(48.684519626404,367.5,362.98352226449));
#10609 = CARTESIAN_POINT('',(48.848535301279,367.5,364.60697269096));
#10610 = CARTESIAN_POINT('',(48.941487118489,367.5,365.52702408638));
#10611 = CARTESIAN_POINT('',(49.03443894868,367.5,366.44707672761));
#10612 = CARTESIAN_POINT('',(49.220342931379,367.5,368.28718743509));
#10613 = CARTESIAN_POINT('',(49.313295083887,367.5,369.20724550136));
#10614 = CARTESIAN_POINT('',(49.406247249381,367.5,370.12730481356));
#10615 = CARTESIAN_POINT('',(49.538995558188,367.5,371.44127598773));
#10616 = CARTESIAN_POINT('',(49.578791690894,367.5,371.83518683209));
#10617 = CARTESIAN_POINT('',(49.61858782598,367.5,372.22909790484));
#10618 = CARTESIAN_POINT('',(49.658383963448,367.5,372.623009206));
#10619 = PCURVE('',#7718,#10620);
#10620 = DEFINITIONAL_REPRESENTATION('',(#10621),#10738);
#10621 = B_SPLINE_CURVE_WITH_KNOTS('',4,(#10622,#10623,#10624,#10625,
    #10626,#10627,#10628,#10629,#10630,#10631,#10632,#10633,#10634,
    #10635,#10636,#10637,#10638,#10639,#10640,#10641,#10642,#10643,
    #10644,#10645,#10646,#10647,#10648,#10649,#10650,#10651,#10652,
    #10653,#10654,#10655,#10656,#10657,#10658,#10659,#10660,#10661,
    #10662,#10663,#10664,#10665,#10666,#10667,#10668,#10669,#10670,
    #10671,#10672,#10673,#10674,#10675,#10676,#10677,#10678,#10679,
    #10680,#10681,#10682,#10683,#10684,#10685,#10686,#10687,#10688,
    #10689,#10690,#10691,#10692,#10693,#10694,#10695,#10696,#10697,
    #10698,#10699,#10700,#10701,#10702,#10703,#10704,#10705,#10706,
    #10707,#10708,#10709,#10710,#10711,#10712,#10713,#10714,#10715,
    #10716,#10717,#10718,#10719,#10720,#10721,#10722,#10723,#10724,
    #10725,#10726,#10727,#10728,#10729,#10730,#10731,#10732,#10733,
    #10734,#10735,#10736,#10737),.UNSPECIFIED.,.F.,.F.,(5,3,3,3,3,3,3,3,
    3,3,3,3,3,3,3,3,3,3,3,3,3,3,3,3,3,3,3,3,3,3,3,3,3,3,3,3,3,3,5),(0.,
    2.549879179633E-02,5.089765108828E-02,7.629657302344E-02,
    0.101695557611,0.127194601231,0.152593711396,0.177992884238,
    0.203392119767,0.228891415352,0.254290776526,0.279690200412,
    0.305089687018,0.330589234701,0.355988847018,0.381388522078,
    0.406788259891,0.434488045503,0.462087906135,0.489687840888,
    0.517287849772,0.544887932797,0.572488089972,0.600088321305,
    0.627588625566,0.662689120894,0.697689734285,0.706189901259,
    0.74069065123,0.775191517158,0.804492343639,0.833693250529,
    0.851993861245,0.870594515421,0.895595447812,0.920596441129,
    0.953297832361,0.985999327852,1.),.UNSPECIFIED.);
#10622 = CARTESIAN_POINT('',(147.73618516844,-0.273315668626));
#10623 = CARTESIAN_POINT('',(147.22063213743,0.23068006398));
#10624 = CARTESIAN_POINT('',(146.70507852145,0.734676273187));
#10625 = CARTESIAN_POINT('',(146.18952432048,1.238672959029));
#10626 = CARTESIAN_POINT('',(145.16043526303,2.244692065021));
#10627 = CARTESIAN_POINT('',(144.64690041115,2.746714481442));
#10628 = CARTESIAN_POINT('',(144.13336497876,3.248737370833));
#10629 = CARTESIAN_POINT('',(143.10629168633,4.252785333798));
#10630 = CARTESIAN_POINT('',(142.5927538263,4.754810407374));
#10631 = CARTESIAN_POINT('',(142.07921538568,5.256835953986));
#10632 = CARTESIAN_POINT('',(141.05213607648,6.260889231699));
#10633 = CARTESIAN_POINT('',(140.53859520788,6.762916962806));
#10634 = CARTESIAN_POINT('',(140.02505375864,7.264945167009));
#10635 = CARTESIAN_POINT('',(138.99594660533,8.270980258397));
#10636 = CARTESIAN_POINT('',(138.48038089668,8.774987149314));
#10637 = CARTESIAN_POINT('',(137.96481460272,9.278994517128));
#10638 = CARTESIAN_POINT('',(136.93570140542,10.285034946411));
#10639 = CARTESIAN_POINT('',(136.42215450665,10.787068004148));
#10640 = CARTESIAN_POINT('',(135.90860702708,11.289101535113));
#10641 = CARTESIAN_POINT('',(134.88150963897,12.293170782444));
#10642 = CARTESIAN_POINT('',(134.36795973044,12.795206498812));
#10643 = CARTESIAN_POINT('',(133.85440924103,13.29724268847));
#10644 = CARTESIAN_POINT('',(132.82730583293,14.301317253484));
#10645 = CARTESIAN_POINT('',(132.31375291424,14.803355628845));
#10646 = CARTESIAN_POINT('',(131.80019941461,15.305394477554));
#10647 = CARTESIAN_POINT('',(130.77106811178,16.31145090106));
#10648 = CARTESIAN_POINT('',(130.25549030401,16.815468479589));
#10649 = CARTESIAN_POINT('',(129.73991191063,17.319486535272));
#10650 = CARTESIAN_POINT('',(128.71077456065,18.325548299558));
#10651 = CARTESIAN_POINT('',(128.19721560863,18.827592004431));
#10652 = CARTESIAN_POINT('',(127.68365607552,19.329636182781));
#10653 = CARTESIAN_POINT('',(126.65653457909,20.333726726047));
#10654 = CARTESIAN_POINT('',(126.14297261575,20.835773090968));
#10655 = CARTESIAN_POINT('',(125.62941007126,21.337819929424));
#10656 = CARTESIAN_POINT('',(124.60228255175,22.34191579319));
#10657 = CARTESIAN_POINT('',(124.08871757673,22.843964818502));
#10658 = CARTESIAN_POINT('',(123.57515202048,23.346014317408));
#10659 = CARTESIAN_POINT('',(122.54599655572,24.352092084384));
#10660 = CARTESIAN_POINT('',(122.03040664262,24.856120356192));
#10661 = CARTESIAN_POINT('',(121.51481614364,25.36014910539));
#10662 = CARTESIAN_POINT('',(120.4856546287,26.366232215914));
#10663 = CARTESIAN_POINT('',(119.97208361732,26.868286573502));
#10664 = CARTESIAN_POINT('',(119.45851202459,27.370341404806));
#10665 = CARTESIAN_POINT('',(118.43136640768,28.374453255098));
#10666 = CARTESIAN_POINT('',(117.9177923835,28.876510274091));
#10667 = CARTESIAN_POINT('',(117.4042177779,29.378567766854));
#10668 = CARTESIAN_POINT('',(116.37706613496,30.38268494034));
#10669 = CARTESIAN_POINT('',(115.86348909763,30.884744621065));
#10670 = CARTESIAN_POINT('',(115.3499114788,31.386804775618));
#10671 = CARTESIAN_POINT('',(114.27624851893,32.436389629425));
#10672 = CARTESIAN_POINT('',(113.7161630678,32.983914418386));
#10673 = CARTESIAN_POINT('',(113.15607692502,33.531439770937));
#10674 = CARTESIAN_POINT('',(112.03792372898,34.624516443014));
#10675 = CARTESIAN_POINT('',(111.47985668069,35.170067758479));
#10676 = CARTESIAN_POINT('',(110.92178894566,35.715619633545));
#10677 = CARTESIAN_POINT('',(109.80565060331,36.806725968065));
#10678 = CARTESIAN_POINT('',(109.24757999598,37.352280427523));
#10679 = CARTESIAN_POINT('',(108.68950870182,37.897835446649));
#10680 = CARTESIAN_POINT('',(107.57336324085,38.988948069625));
#10681 = CARTESIAN_POINT('',(107.01528907403,39.534505673475));
#10682 = CARTESIAN_POINT('',(106.45721422031,40.080063837065));
#10683 = CARTESIAN_POINT('',(105.34106163986,41.171182749294));
#10684 = CARTESIAN_POINT('',(104.78298391312,41.716743497935));
#10685 = CARTESIAN_POINT('',(104.22490549939,42.262304806384));
#10686 = CARTESIAN_POINT('',(103.10874579858,43.353430008653));
#10687 = CARTESIAN_POINT('',(102.55066451149,43.898993902477));
#10688 = CARTESIAN_POINT('',(101.99258253734,44.444558356175));
#10689 = CARTESIAN_POINT('',(100.87641571533,45.535689849262));
#10690 = CARTESIAN_POINT('',(100.31833086746,46.081256888655));
#10691 = CARTESIAN_POINT('',(99.760245332461,46.626824487987));
#10692 = CARTESIAN_POINT('',(98.646093448071,47.715985568472));
#10693 = CARTESIAN_POINT('',(98.090027103652,48.259579045576));
#10694 = CARTESIAN_POINT('',(97.53396007699,48.803173078634));
#10695 = CARTESIAN_POINT('',(96.268145601801,50.040594148736));
#10696 = CARTESIAN_POINT('',(95.558397724042,50.734421535558));
#10697 = CARTESIAN_POINT('',(94.848648734702,51.428249828204));
#10698 = CARTESIAN_POINT('',(93.431168196953,52.813933865538));
#10699 = CARTESIAN_POINT('',(92.723436654863,53.505789605076));
#10700 = CARTESIAN_POINT('',(92.015704007366,54.197646245415));
#10701 = CARTESIAN_POINT('',(91.136091693128,55.057526688278));
#10702 = CARTESIAN_POINT('',(90.964213066663,55.225549643075));
#10703 = CARTESIAN_POINT('',(90.792334374996,55.393572651007));
#10704 = CARTESIAN_POINT('',(89.922828614489,56.243573094081));
#10705 = CARTESIAN_POINT('',(89.225200536694,56.92555135143));
#10706 = CARTESIAN_POINT('',(88.527571384674,57.607530484176));
#10707 = CARTESIAN_POINT('',(87.132308587322,58.971492792706));
#10708 = CARTESIAN_POINT('',(86.434674941983,59.653475968497));
#10709 = CARTESIAN_POINT('',(85.737040222282,60.335460019801));
#10710 = CARTESIAN_POINT('',(84.446917694826,61.596639742735));
#10711 = CARTESIAN_POINT('',(83.854430186541,62.17583517032));
#10712 = CARTESIAN_POINT('',(83.261941903264,62.755031229464));
#10713 = CARTESIAN_POINT('',(82.078984250622,63.911449475642));
#10714 = CARTESIAN_POINT('',(81.488514886534,64.488671658376));
#10715 = CARTESIAN_POINT('',(80.898044752654,65.065894468434));
#10716 = CARTESIAN_POINT('',(79.937517597304,66.004871787817));
#10717 = CARTESIAN_POINT('',(79.567461043297,66.366625916194));
#10718 = CARTESIAN_POINT('',(79.197404186916,66.728380290985));
#10719 = CARTESIAN_POINT('',(78.451222682247,67.457820598202));
#10720 = CARTESIAN_POINT('',(78.075098023963,67.825506538774));
#10721 = CARTESIAN_POINT('',(77.698973053288,68.193192733922));
#10722 = CARTESIAN_POINT('',(76.817301960696,69.05508245114));
#10723 = CARTESIAN_POINT('',(76.311755586804,69.549286178552));
#10724 = CARTESIAN_POINT('',(75.806208648516,70.04349036591));
#10725 = CARTESIAN_POINT('',(74.795112411106,71.031900864908));
#10726 = CARTESIAN_POINT('',(74.289563111981,71.526107176552));
#10727 = CARTESIAN_POINT('',(73.784013248412,72.020313948182));
#10728 = CARTESIAN_POINT('',(72.617201000697,73.160946056879));
#10729 = CARTESIAN_POINT('',(71.955938215286,73.807371720951));
#10730 = CARTESIAN_POINT('',(71.294674464094,74.453798172078));
#10731 = CARTESIAN_POINT('',(69.972142921812,75.746654709459));
#10732 = CARTESIAN_POINT('',(69.310875130714,76.393084795719));
#10733 = CARTESIAN_POINT('',(68.649606373734,77.03951566912));
#10734 = CARTESIAN_POINT('',(67.705223586635,77.962707692193));
#10735 = CARTESIAN_POINT('',(67.422110345392,78.239468198972));
#10736 = CARTESIAN_POINT('',(67.13899692709,78.516228850046));
#10737 = CARTESIAN_POINT('',(66.855883331726,78.792989645416));
#10738 = ( GEOMETRIC_REPRESENTATION_CONTEXT(2) 
PARAMETRIC_REPRESENTATION_CONTEXT() REPRESENTATION_CONTEXT('2D SPACE',''
  ) );
#10739 = PCURVE('',#8272,#10740);
#10740 = DEFINITIONAL_REPRESENTATION('',(#10741),#10858);
#10741 = B_SPLINE_CURVE_WITH_KNOTS('',4,(#10742,#10743,#10744,#10745,
    #10746,#10747,#10748,#10749,#10750,#10751,#10752,#10753,#10754,
    #10755,#10756,#10757,#10758,#10759,#10760,#10761,#10762,#10763,
    #10764,#10765,#10766,#10767,#10768,#10769,#10770,#10771,#10772,
    #10773,#10774,#10775,#10776,#10777,#10778,#10779,#10780,#10781,
    #10782,#10783,#10784,#10785,#10786,#10787,#10788,#10789,#10790,
    #10791,#10792,#10793,#10794,#10795,#10796,#10797,#10798,#10799,
    #10800,#10801,#10802,#10803,#10804,#10805,#10806,#10807,#10808,
    #10809,#10810,#10811,#10812,#10813,#10814,#10815,#10816,#10817,
    #10818,#10819,#10820,#10821,#10822,#10823,#10824,#10825,#10826,
    #10827,#10828,#10829,#10830,#10831,#10832,#10833,#10834,#10835,
    #10836,#10837,#10838,#10839,#10840,#10841,#10842,#10843,#10844,
    #10845,#10846,#10847,#10848,#10849,#10850,#10851,#10852,#10853,
    #10854,#10855,#10856,#10857),.UNSPECIFIED.,.F.,.F.,(5,3,3,3,3,3,3,3,
    3,3,3,3,3,3,3,3,3,3,3,3,3,3,3,3,3,3,3,3,3,3,3,3,3,3,3,3,3,3,5),(0.,
    2.549879179633E-02,5.089765108828E-02,7.629657302344E-02,
    0.101695557611,0.127194601231,0.152593711396,0.177992884238,
    0.203392119767,0.228891415352,0.254290776526,0.279690200412,
    0.305089687018,0.330589234701,0.355988847018,0.381388522078,
    0.406788259891,0.434488045503,0.462087906135,0.489687840888,
    0.517287849772,0.544887932797,0.572488089972,0.600088321305,
    0.627588625566,0.662689120894,0.697689734285,0.706189901259,
    0.74069065123,0.775191517158,0.804492343639,0.833693250529,
    0.851993861245,0.870594515421,0.895595447812,0.920596441129,
    0.953297832361,0.985999327852,1.),.UNSPECIFIED.);
#10742 = CARTESIAN_POINT('',(130.93369998711,0.5872879077));
#10743 = CARTESIAN_POINT('',(130.12338739186,0.587284579375));
#10744 = CARTESIAN_POINT('',(129.31307546523,0.587281250956));
#10745 = CARTESIAN_POINT('',(128.50276420726,0.587277922444));
#10746 = CARTESIAN_POINT('',(126.88531872297,0.58727127828));
#10747 = CARTESIAN_POINT('',(126.07818449143,0.587267962628));
#10748 = CARTESIAN_POINT('',(125.2710509234,0.587264646884));
#10749 = CARTESIAN_POINT('',(123.65678312379,0.587258015206));
#10750 = CARTESIAN_POINT('',(122.8496488922,0.587254699272));
#10751 = CARTESIAN_POINT('',(122.04251532422,0.587251383246));
#10752 = CARTESIAN_POINT('',(120.42824752461,0.587244751006));
#10753 = CARTESIAN_POINT('',(119.62111329297,0.587241434791));
#10754 = CARTESIAN_POINT('',(118.81397972504,0.587238118486));
#10755 = CARTESIAN_POINT('',(117.19653422505,0.587231472631));
#10756 = CARTESIAN_POINT('',(116.38622229824,0.58722814308));
#10757 = CARTESIAN_POINT('',(115.57591104045,0.58722481344));
#10758 = CARTESIAN_POINT('',(113.95846555617,0.587218167028));
#10759 = CARTESIAN_POINT('',(113.15133132445,0.587214850258));
#10760 = CARTESIAN_POINT('',(112.34419775661,0.587211533399));
#10761 = CARTESIAN_POINT('',(110.729929957,0.587204899497));
#10762 = CARTESIAN_POINT('',(109.92279572523,0.587201582453));
#10763 = CARTESIAN_POINT('',(109.11566215743,0.587198265322));
#10764 = CARTESIAN_POINT('',(107.50139435782,0.587191630875));
#10765 = CARTESIAN_POINT('',(106.69426012601,0.587188313561));
#10766 = CARTESIAN_POINT('',(105.88712655826,0.587184996158));
#10767 = CARTESIAN_POINT('',(104.26968105827,0.587178348111));
#10768 = CARTESIAN_POINT('',(103.45936913127,0.587175017466));
#10769 = CARTESIAN_POINT('',(102.64905787366,0.587171686733));
#10770 = CARTESIAN_POINT('',(101.0316123894,0.587165038148));
#10771 = CARTESIAN_POINT('',(100.2244781575,0.587161720296));
#10772 = CARTESIAN_POINT('',(99.417344589838,0.587158402358));
#10773 = CARTESIAN_POINT('',(97.80307679023,0.587151766305));
#10774 = CARTESIAN_POINT('',(96.995942558289,0.587148448189));
#10775 = CARTESIAN_POINT('',(96.188808990668,0.587145129988));
#10776 = CARTESIAN_POINT('',(94.57454119106,0.587138493408));
#10777 = CARTESIAN_POINT('',(93.767406959076,0.58713517503));
#10778 = CARTESIAN_POINT('',(92.960273391498,0.587131856567));
#10779 = CARTESIAN_POINT('',(91.342827891508,0.587125206401));
#10780 = CARTESIAN_POINT('',(90.532515964343,0.587121874697));
#10781 = CARTESIAN_POINT('',(89.722204706909,0.587118542909));
#10782 = CARTESIAN_POINT('',(88.104759222647,0.587111892223));
#10783 = CARTESIAN_POINT('',(87.297624990583,0.587108573326));
#10784 = CARTESIAN_POINT('',(86.490491423086,0.587105254346));
#10785 = CARTESIAN_POINT('',(84.876223623481,0.587098616214));
#10786 = CARTESIAN_POINT('',(84.069089391376,0.587095297062));
#10787 = CARTESIAN_POINT('',(83.26195582392,0.587091977828));
#10788 = CARTESIAN_POINT('',(81.647688024316,0.587085339189));
#10789 = CARTESIAN_POINT('',(80.840553792171,0.587082019783));
#10790 = CARTESIAN_POINT('',(80.033420224756,0.587078700297));
#10791 = CARTESIAN_POINT('',(78.346065308446,0.587071760562));
#10792 = CARTESIAN_POINT('',(77.465844085395,0.587068140299));
#10793 = CARTESIAN_POINT('',(76.585623653013,0.58706451994));
#10794 = CARTESIAN_POINT('',(74.828359698591,0.587057292093));
#10795 = CARTESIAN_POINT('',(73.95131617086,0.587053684606));
#10796 = CARTESIAN_POINT('',(73.074273428197,0.587050077024));
#10797 = CARTESIAN_POINT('',(71.320187157749,0.587042861665));
#10798 = CARTESIAN_POINT('',(70.443143629966,0.587039253887));
#10799 = CARTESIAN_POINT('',(69.566100887355,0.587035646016));
#10800 = CARTESIAN_POINT('',(67.812014616908,0.587028430081));
#10801 = CARTESIAN_POINT('',(66.934971089077,0.587024822015));
#10802 = CARTESIAN_POINT('',(66.057928346514,0.587021213858));
#10803 = CARTESIAN_POINT('',(64.303842076068,0.587013997352));
#10804 = CARTESIAN_POINT('',(63.426798548189,0.587010389002));
#10805 = CARTESIAN_POINT('',(62.549755805674,0.587006780562));
#10806 = CARTESIAN_POINT('',(60.795669535229,0.58699956349));
#10807 = CARTESIAN_POINT('',(59.918626007302,0.586995954859));
#10808 = CARTESIAN_POINT('',(59.041583264836,0.586992346138));
#10809 = CARTESIAN_POINT('',(57.287496994392,0.586985128508));
#10810 = CARTESIAN_POINT('',(56.410453466418,0.586981519598));
#10811 = CARTESIAN_POINT('',(55.533410724,0.5869779106));
#10812 = CARTESIAN_POINT('',(53.7825021546,0.586970705493));
#10813 = CARTESIAN_POINT('',(52.908636321939,0.586967109385));
#10814 = CARTESIAN_POINT('',(52.034771269246,0.58696351319));
#10815 = CARTESIAN_POINT('',(50.045535016304,0.58695532673));
#10816 = CARTESIAN_POINT('',(48.930164306772,0.58695073641));
#10817 = CARTESIAN_POINT('',(47.814794868055,0.586946145951));
#10818 = CARTESIAN_POINT('',(45.587232423072,0.586936977815));
#10819 = CARTESIAN_POINT('',(44.475039409582,0.58693240014));
#10820 = CARTESIAN_POINT('',(43.362847659863,0.586927822328));
#10821 = CARTESIAN_POINT('',(41.980553198093,0.586922132588));
#10822 = CARTESIAN_POINT('',(41.710449296727,0.58692102079));
#10823 = CARTESIAN_POINT('',(41.440345469905,0.586919908984));
#10824 = CARTESIAN_POINT('',(40.073935956495,0.586914284503));
#10825 = CARTESIAN_POINT('',(38.977631423418,0.586909771704));
#10826 = CARTESIAN_POINT('',(37.881328118479,0.586905258773));
#10827 = CARTESIAN_POINT('',(35.688720280371,0.586896232636));
#10828 = CARTESIAN_POINT('',(34.592415747209,0.586891719429));
#10829 = CARTESIAN_POINT('',(33.496112442356,0.586887206093));
#10830 = CARTESIAN_POINT('',(31.468745128845,0.586878859442));
#10831 = CARTESIAN_POINT('',(30.537680777804,0.586875026163));
#10832 = CARTESIAN_POINT('',(29.606617312812,0.586871192792));
#10833 = CARTESIAN_POINT('',(27.747667198301,0.58686353894));
#10834 = CARTESIAN_POINT('',(26.819780542748,0.586859718459));
#10835 = CARTESIAN_POINT('',(25.891894767307,0.586855897888));
#10836 = CARTESIAN_POINT('',(24.382491622533,0.586849682766));
#10837 = CARTESIAN_POINT('',(23.800973718741,0.58684728827));
#10838 = CARTESIAN_POINT('',(23.219456160661,0.586844893739));
#10839 = CARTESIAN_POINT('',(22.046887604077,0.586840065348));
#10840 = CARTESIAN_POINT('',(21.455836617002,0.586837631486));
#10841 = CARTESIAN_POINT('',(20.864785987091,0.586835197588));
#10842 = CARTESIAN_POINT('',(19.479311616745,0.586829492232));
#10843 = CARTESIAN_POINT('',(18.684888164398,0.586826220744));
#10844 = CARTESIAN_POINT('',(17.890465357344,0.586822949192));
#10845 = CARTESIAN_POINT('',(16.30161909791,0.586816405953));
#10846 = CARTESIAN_POINT('',(15.507195645534,0.586813134265));
#10847 = CARTESIAN_POINT('',(14.71277283851,0.586809862514));
#10848 = CARTESIAN_POINT('',(12.879243566929,0.586802311154));
#10849 = CARTESIAN_POINT('',(11.840137561156,0.5867980315));
#10850 = CARTESIAN_POINT('',(10.801032659608,0.586793751739));
#10851 = CARTESIAN_POINT('',(8.722821752218,0.58678519199));
#10852 = CARTESIAN_POINT('',(7.683715746381,0.586780912002));
#10853 = CARTESIAN_POINT('',(6.644610844899,0.586776631909));
#10854 = CARTESIAN_POINT('',(5.160629791537,0.586770519206));
#10855 = CARTESIAN_POINT('',(4.715752737685,0.586768686681));
#10856 = CARTESIAN_POINT('',(4.270875886274,0.586766854138));
#10857 = CARTESIAN_POINT('',(3.825999237313,0.586765021576));
#10858 = ( GEOMETRIC_REPRESENTATION_CONTEXT(2) 
PARAMETRIC_REPRESENTATION_CONTEXT() REPRESENTATION_CONTEXT('2D SPACE',''
  ) );
#10859 = ORIENTED_EDGE('',*,*,#8141,.F.);
#10860 = ORIENTED_EDGE('',*,*,#9565,.T.);
#10861 = ORIENTED_EDGE('',*,*,#8382,.T.);
#10862 = ORIENTED_EDGE('',*,*,#10863,.T.);
#10863 = EDGE_CURVE('',#8354,#10864,#10866,.T.);
#10864 = VERTEX_POINT('',#10865);
#10865 = CARTESIAN_POINT('',(41.584384250857,367.5,306.80180165558));
#10866 = SURFACE_CURVE('',#10867,(#10871,#10877),.PCURVE_S1.);
#10867 = LINE('',#10868,#10869);
#10868 = CARTESIAN_POINT('',(41.584384250857,367.5,335.72459199712));
#10869 = VECTOR('',#10870,1.);
#10870 = DIRECTION('',(-0.,0.,1.));
#10871 = PCURVE('',#7718,#10872);
#10872 = DEFINITIONAL_REPRESENTATION('',(#10873),#10876);
#10873 = B_SPLINE_CURVE_WITH_KNOTS('',1,(#10874,#10875),.UNSPECIFIED.,
  .F.,.F.,(2,2),(-51.52459199712,-28.52459199712),
  .PIECEWISE_BEZIER_KNOTS.);
#10874 = CARTESIAN_POINT('',(130.94346612615,17.338943725144));
#10875 = CARTESIAN_POINT('',(112.96373504188,31.682209397145));
#10876 = ( GEOMETRIC_REPRESENTATION_CONTEXT(2) 
PARAMETRIC_REPRESENTATION_CONTEXT() REPRESENTATION_CONTEXT('2D SPACE',''
  ) );
#10877 = PCURVE('',#8370,#10878);
#10878 = DEFINITIONAL_REPRESENTATION('',(#10879),#10882);
#10879 = B_SPLINE_CURVE_WITH_KNOTS('',1,(#10880,#10881),.UNSPECIFIED.,
  .F.,.F.,(2,2),(-51.52459199712,-28.52459199712),
  .PIECEWISE_BEZIER_KNOTS.);
#10880 = CARTESIAN_POINT('',(-11.5,-3.));
#10881 = CARTESIAN_POINT('',(11.5,-3.));
#10882 = ( GEOMETRIC_REPRESENTATION_CONTEXT(2) 
PARAMETRIC_REPRESENTATION_CONTEXT() REPRESENTATION_CONTEXT('2D SPACE',''
  ) );
#10883 = ORIENTED_EDGE('',*,*,#10884,.T.);
#10884 = EDGE_CURVE('',#10864,#10885,#10887,.T.);
#10885 = VERTEX_POINT('',#10886);
#10886 = CARTESIAN_POINT('',(43.00837130081,367.5,306.80180165558));
#10887 = SURFACE_CURVE('',#10888,(#10892,#10898),.PCURVE_S1.);
#10888 = LINE('',#10889,#10890);
#10889 = CARTESIAN_POINT('',(41.584384250857,367.5,306.80180165558));
#10890 = VECTOR('',#10891,1.);
#10891 = DIRECTION('',(1.,0.,0.));
#10892 = PCURVE('',#7718,#10893);
#10893 = DEFINITIONAL_REPRESENTATION('',(#10894),#10897);
#10894 = B_SPLINE_CURVE_WITH_KNOTS('',1,(#10895,#10896),.UNSPECIFIED.,
  .F.,.F.,(2,2),(-5.999999999062E-07,21.915616349143),
  .PIECEWISE_BEZIER_KNOTS.);
#10895 = CARTESIAN_POINT('',(113.27501723948,31.433884378367));
#10896 = CARTESIAN_POINT('',(126.94203968589,48.565923477988));
#10897 = ( GEOMETRIC_REPRESENTATION_CONTEXT(2) 
PARAMETRIC_REPRESENTATION_CONTEXT() REPRESENTATION_CONTEXT('2D SPACE',''
  ) );
#10898 = PCURVE('',#10899,#10904);
#10899 = CYLINDRICAL_SURFACE('',#10900,11.5);
#10900 = AXIS2_PLACEMENT_3D('',#10901,#10902,#10903);
#10901 = CARTESIAN_POINT('',(41.584384250857,364.5,295.7));
#10902 = DIRECTION('',(1.,0.,0.));
#10903 = DIRECTION('',(-0.,0.,1.));
#10904 = DEFINITIONAL_REPRESENTATION('',(#10905),#10908);
#10905 = B_SPLINE_CURVE_WITH_KNOTS('',1,(#10906,#10907),.UNSPECIFIED.,
  .F.,.F.,(2,2),(-5.999999999062E-07,21.915616349143),
  .PIECEWISE_BEZIER_KNOTS.);
#10906 = CARTESIAN_POINT('',(6.01926245905,-5.999999999062E-07));
#10907 = CARTESIAN_POINT('',(6.01926245905,21.915616349143));
#10908 = ( GEOMETRIC_REPRESENTATION_CONTEXT(2) 
PARAMETRIC_REPRESENTATION_CONTEXT() REPRESENTATION_CONTEXT('2D SPACE',''
  ) );
#10909 = ORIENTED_EDGE('',*,*,#10910,.T.);
#10910 = EDGE_CURVE('',#10885,#9670,#10911,.T.);
#10911 = SURFACE_CURVE('',#10912,(#11029,#11149),.PCURVE_S1.);
#10912 = B_SPLINE_CURVE_WITH_KNOTS('',4,(#10913,#10914,#10915,#10916,
    #10917,#10918,#10919,#10920,#10921,#10922,#10923,#10924,#10925,
    #10926,#10927,#10928,#10929,#10930,#10931,#10932,#10933,#10934,
    #10935,#10936,#10937,#10938,#10939,#10940,#10941,#10942,#10943,
    #10944,#10945,#10946,#10947,#10948,#10949,#10950,#10951,#10952,
    #10953,#10954,#10955,#10956,#10957,#10958,#10959,#10960,#10961,
    #10962,#10963,#10964,#10965,#10966,#10967,#10968,#10969,#10970,
    #10971,#10972,#10973,#10974,#10975,#10976,#10977,#10978,#10979,
    #10980,#10981,#10982,#10983,#10984,#10985,#10986,#10987,#10988,
    #10989,#10990,#10991,#10992,#10993,#10994,#10995,#10996,#10997,
    #10998,#10999,#11000,#11001,#11002,#11003,#11004,#11005,#11006,
    #11007,#11008,#11009,#11010,#11011,#11012,#11013,#11014,#11015,
    #11016,#11017,#11018,#11019,#11020,#11021,#11022,#11023,#11024,
    #11025,#11026,#11027,#11028),.UNSPECIFIED.,.F.,.F.,(5,3,3,3,3,3,3,3,
    3,3,3,3,3,3,3,3,3,3,3,3,3,3,3,3,3,3,3,3,3,3,3,3,3,3,3,3,3,3,5),(0.,
    2.549879179633E-02,5.089765108828E-02,7.629657302344E-02,
    0.101695557611,0.127194601231,0.152593711396,0.177992884238,
    0.203392119767,0.228891415352,0.254290776526,0.279690200412,
    0.305089687018,0.330589234701,0.355988847018,0.381388522078,
    0.406788259891,0.434488045503,0.462087906135,0.489687840888,
    0.517287849772,0.544887932797,0.572488089972,0.600088321305,
    0.627588625566,0.662689120894,0.697689734285,0.706189901259,
    0.74069065123,0.775191517158,0.804492343639,0.833693250529,
    0.851993861245,0.870594515421,0.895595447812,0.920596441129,
    0.953297832361,0.985999327852,1.),.UNSPECIFIED.);
#10913 = CARTESIAN_POINT('',(38.288677420102,367.5,260.08930921204));
#10914 = CARTESIAN_POINT('',(38.361155404801,367.5,260.80663310541));
#10915 = CARTESIAN_POINT('',(38.433633397276,367.5,261.52395775328));
#10916 = CARTESIAN_POINT('',(38.506111397531,367.5,262.24128315571));
#10917 = CARTESIAN_POINT('',(38.650783364501,367.5,263.67312419149));
#10918 = CARTESIAN_POINT('',(38.722977331156,367.5,264.38763981894));
#10919 = CARTESIAN_POINT('',(38.795171305533,367.5,265.10215619514));
#10920 = CARTESIAN_POINT('',(38.939559447793,367.5,266.53119220739));
#10921 = CARTESIAN_POINT('',(39.011753615676,367.5,267.24571184345));
#10922 = CARTESIAN_POINT('',(39.083947791285,367.5,267.96023222836));
#10923 = CARTESIAN_POINT('',(39.228336336042,367.5,269.38927625848));
#10924 = CARTESIAN_POINT('',(39.300530705191,367.5,270.1037999037));
#10925 = CARTESIAN_POINT('',(39.372725082069,367.5,270.81832429786));
#10926 = CARTESIAN_POINT('',(39.517398260312,367.5,272.2501894485));
#10927 = CARTESIAN_POINT('',(39.589877061738,367.5,272.96753021087));
#10928 = CARTESIAN_POINT('',(39.662355870958,367.5,273.68487172821));
#10929 = CARTESIAN_POINT('',(39.807029452822,367.5,275.11674493241));
#10930 = CARTESIAN_POINT('',(39.879224225405,367.5,275.83127661339));
#10931 = CARTESIAN_POINT('',(39.951419005725,367.5,276.5458090435));
#10932 = CARTESIAN_POINT('',(40.095808760003,367.5,277.97487716537));
#10933 = CARTESIAN_POINT('',(40.168003733961,367.5,278.68941285713));
#10934 = CARTESIAN_POINT('',(40.240198715661,367.5,279.40394929813));
#10935 = CARTESIAN_POINT('',(40.384588872729,367.5,280.8330254422));
#10936 = CARTESIAN_POINT('',(40.456784048098,367.5,281.54756514529));
#10937 = CARTESIAN_POINT('',(40.528979231212,367.5,282.2621055977));
#10938 = CARTESIAN_POINT('',(40.673654025231,367.5,283.69400292981));
#10939 = CARTESIAN_POINT('',(40.746133636196,367.5,284.41135981542));
#10940 = CARTESIAN_POINT('',(40.818613254972,367.5,285.12871745638));
#10941 = CARTESIAN_POINT('',(40.9632884529,367.5,286.56062284633));
#10942 = CARTESIAN_POINT('',(41.03548403199,367.5,287.27517058943));
#10943 = CARTESIAN_POINT('',(41.107679618833,367.5,287.98971908204));
#10944 = CARTESIAN_POINT('',(41.252070986283,367.5,289.41881933064));
#10945 = CARTESIAN_POINT('',(41.324266766889,367.5,290.13337108662));
#10946 = CARTESIAN_POINT('',(41.396462555253,367.5,290.84792359221));
#10947 = CARTESIAN_POINT('',(41.540854325773,367.5,292.27703186718));
#10948 = CARTESIAN_POINT('',(41.613050307929,367.5,292.99158763655));
#10949 = CARTESIAN_POINT('',(41.685246297847,367.5,293.70614415563));
#10950 = CARTESIAN_POINT('',(41.82992270877,367.5,295.13807368601));
#10951 = CARTESIAN_POINT('',(41.902403129838,367.5,295.85544670323));
#10952 = CARTESIAN_POINT('',(41.974883558731,367.5,296.57282047615));
#10953 = CARTESIAN_POINT('',(42.119560373837,367.5,298.00475806847));
#10954 = CARTESIAN_POINT('',(42.191756759989,367.5,298.71932188194));
#10955 = CARTESIAN_POINT('',(42.263953153909,367.5,299.4338864453));
#10956 = CARTESIAN_POINT('',(42.408346135631,367.5,300.86301883702));
#10957 = CARTESIAN_POINT('',(42.480542723433,367.5,301.57758666539));
#10958 = CARTESIAN_POINT('',(42.552739319006,367.5,302.29215524373));
#10959 = CARTESIAN_POINT('',(42.697132704065,367.5,303.72129566581));
#10960 = CARTESIAN_POINT('',(42.76932949355,367.5,304.43586750955));
#10961 = CARTESIAN_POINT('',(42.84152629081,367.5,305.15044010335));
#10962 = CARTESIAN_POINT('',(42.992457610199,367.5,306.6442942641));
#10963 = CARTESIAN_POINT('',(43.071192133801,367.5,307.42357597304));
#10964 = CARTESIAN_POINT('',(43.149926666654,367.5,308.20285857413));
#10965 = CARTESIAN_POINT('',(43.307111721677,367.5,309.75861435166));
#10966 = CARTESIAN_POINT('',(43.385562243781,367.5,310.53508752169));
#10967 = CARTESIAN_POINT('',(43.464012775073,367.5,311.31156157754));
#10968 = CARTESIAN_POINT('',(43.62091406672,367.5,312.86451354627));
#10969 = CARTESIAN_POINT('',(43.699364827076,367.5,313.64099145916));
#10970 = CARTESIAN_POINT('',(43.777815596624,367.5,314.41747025797));
#10971 = CARTESIAN_POINT('',(43.934717364818,367.5,315.97043171313));
#10972 = CARTESIAN_POINT('',(44.013168363464,367.5,316.74691436947));
#10973 = CARTESIAN_POINT('',(44.091619371307,367.5,317.52339791185));
#10974 = CARTESIAN_POINT('',(44.248521616126,367.5,319.07636885461));
#10975 = CARTESIAN_POINT('',(44.326972853102,367.5,319.85285625499));
#10976 = CARTESIAN_POINT('',(44.405424099278,367.5,320.62934454152));
#10977 = CARTESIAN_POINT('',(44.562326820798,367.5,322.18232497305));
#10978 = CARTESIAN_POINT('',(44.640778296143,367.5,322.95881711806));
#10979 = CARTESIAN_POINT('',(44.719229780691,367.5,323.73531014931));
#10980 = CARTESIAN_POINT('',(44.876132978989,367.5,325.28830007077));
#10981 = CARTESIAN_POINT('',(44.954584692739,367.5,326.06479696097));
#10982 = CARTESIAN_POINT('',(45.033036415696,367.5,326.84129473752));
#10983 = CARTESIAN_POINT('',(45.189655844295,367.5,328.39148073775));
#10984 = CARTESIAN_POINT('',(45.267823549871,367.5,329.16516895503));
#10985 = CARTESIAN_POINT('',(45.345991264591,367.5,329.93885805234));
#10986 = CARTESIAN_POINT('',(45.523929732822,367.5,331.70006079247));
#10987 = CARTESIAN_POINT('',(45.623700492088,367.5,332.68757498897));
#10988 = CARTESIAN_POINT('',(45.723471266257,367.5,333.67509061931));
#10989 = CARTESIAN_POINT('',(45.922728936744,367.5,335.64731467021));
#10990 = CARTESIAN_POINT('',(46.022215832977,367.5,336.63202308263));
#10991 = CARTESIAN_POINT('',(46.121702744035,367.5,337.61673292093));
#10992 = CARTESIAN_POINT('',(46.24535083168,367.5,338.84058885599));
#10993 = CARTESIAN_POINT('',(46.269511994311,367.5,339.07973361089));
#10994 = CARTESIAN_POINT('',(46.293673157817,367.5,339.31887844989));
#10995 = CARTESIAN_POINT('',(46.415900430065,367.5,340.5286724467));
#10996 = CARTESIAN_POINT('',(46.513966552342,367.5,341.49932290597));
#10997 = CARTESIAN_POINT('',(46.612032689033,367.5,342.46997475091));
#10998 = CARTESIAN_POINT('',(46.808165320849,367.5,344.41128447465));
#10999 = CARTESIAN_POINT('',(46.906231815974,367.5,345.38194235347));
#11000 = CARTESIAN_POINT('',(47.004298325518,367.5,346.35260161813));
#11001 = CARTESIAN_POINT('',(47.18565059102,367.5,348.14762300663));
#11002 = CARTESIAN_POINT('',(47.268936342958,367.5,348.97198474418));
#11003 = CARTESIAN_POINT('',(47.3522221053,367.5,349.79634748141));
#11004 = CARTESIAN_POINT('',(47.518509635588,367.5,351.44226376887));
#11005 = CARTESIAN_POINT('',(47.601511403464,367.5,352.26381731228));
#11006 = CARTESIAN_POINT('',(47.684513181678,367.5,353.08537184867));
#11007 = CARTESIAN_POINT('',(47.819533334825,367.5,354.42180754886));
#11008 = CARTESIAN_POINT('',(47.87155170348,367.5,354.93668810965));
#11009 = CARTESIAN_POINT('',(47.923570076196,367.5,355.45156906049));
#11010 = CARTESIAN_POINT('',(48.028459685099,367.5,356.48977336102));
#11011 = CARTESIAN_POINT('',(48.08133092142,367.5,357.01309672361));
#11012 = CARTESIAN_POINT('',(48.134202161938,367.5,357.53642048917));
#11013 = CARTESIAN_POINT('',(48.258137058612,367.5,358.76313885193));
#11014 = CARTESIAN_POINT('',(48.329200718153,367.5,359.46653377417));
#11015 = CARTESIAN_POINT('',(48.400264385278,367.5,360.16992942445));
#11016 = CARTESIAN_POINT('',(48.542391907875,367.5,361.57672389528));
#11017 = CARTESIAN_POINT('',(48.613455763347,367.5,362.28012271584));
#11018 = CARTESIAN_POINT('',(48.684519626404,367.5,362.98352226449));
#11019 = CARTESIAN_POINT('',(48.848535301279,367.5,364.60697269096));
#11020 = CARTESIAN_POINT('',(48.941487118489,367.5,365.52702408638));
#11021 = CARTESIAN_POINT('',(49.03443894868,367.5,366.44707672761));
#11022 = CARTESIAN_POINT('',(49.220342931379,367.5,368.28718743509));
#11023 = CARTESIAN_POINT('',(49.313295083887,367.5,369.20724550136));
#11024 = CARTESIAN_POINT('',(49.406247249381,367.5,370.12730481356));
#11025 = CARTESIAN_POINT('',(49.538995558188,367.5,371.44127598773));
#11026 = CARTESIAN_POINT('',(49.578791690894,367.5,371.83518683209));
#11027 = CARTESIAN_POINT('',(49.61858782598,367.5,372.22909790484));
#11028 = CARTESIAN_POINT('',(49.658383963448,367.5,372.623009206));
#11029 = PCURVE('',#7718,#11030);
#11030 = DEFINITIONAL_REPRESENTATION('',(#11031),#11148);
#11031 = B_SPLINE_CURVE_WITH_KNOTS('',4,(#11032,#11033,#11034,#11035,
    #11036,#11037,#11038,#11039,#11040,#11041,#11042,#11043,#11044,
    #11045,#11046,#11047,#11048,#11049,#11050,#11051,#11052,#11053,
    #11054,#11055,#11056,#11057,#11058,#11059,#11060,#11061,#11062,
    #11063,#11064,#11065,#11066,#11067,#11068,#11069,#11070,#11071,
    #11072,#11073,#11074,#11075,#11076,#11077,#11078,#11079,#11080,
    #11081,#11082,#11083,#11084,#11085,#11086,#11087,#11088,#11089,
    #11090,#11091,#11092,#11093,#11094,#11095,#11096,#11097,#11098,
    #11099,#11100,#11101,#11102,#11103,#11104,#11105,#11106,#11107,
    #11108,#11109,#11110,#11111,#11112,#11113,#11114,#11115,#11116,
    #11117,#11118,#11119,#11120,#11121,#11122,#11123,#11124,#11125,
    #11126,#11127,#11128,#11129,#11130,#11131,#11132,#11133,#11134,
    #11135,#11136,#11137,#11138,#11139,#11140,#11141,#11142,#11143,
    #11144,#11145,#11146,#11147),.UNSPECIFIED.,.F.,.F.,(5,3,3,3,3,3,3,3,
    3,3,3,3,3,3,3,3,3,3,3,3,3,3,3,3,3,3,3,3,3,3,3,3,3,3,3,3,3,3,5),(0.,
    2.549879179633E-02,5.089765108828E-02,7.629657302344E-02,
    0.101695557611,0.127194601231,0.152593711396,0.177992884238,
    0.203392119767,0.228891415352,0.254290776526,0.279690200412,
    0.305089687018,0.330589234701,0.355988847018,0.381388522078,
    0.406788259891,0.434488045503,0.462087906135,0.489687840888,
    0.517287849772,0.544887932797,0.572488089972,0.600088321305,
    0.627588625566,0.662689120894,0.697689734285,0.706189901259,
    0.74069065123,0.775191517158,0.804492343639,0.833693250529,
    0.851993861245,0.870594515421,0.895595447812,0.920596441129,
    0.953297832361,0.985999327852,1.),.UNSPECIFIED.);
#11032 = CARTESIAN_POINT('',(147.73618516844,-0.273315668626));
#11033 = CARTESIAN_POINT('',(147.22063213743,0.23068006398));
#11034 = CARTESIAN_POINT('',(146.70507852145,0.734676273187));
#11035 = CARTESIAN_POINT('',(146.18952432048,1.238672959029));
#11036 = CARTESIAN_POINT('',(145.16043526303,2.244692065021));
#11037 = CARTESIAN_POINT('',(144.64690041115,2.746714481442));
#11038 = CARTESIAN_POINT('',(144.13336497876,3.248737370833));
#11039 = CARTESIAN_POINT('',(143.10629168633,4.252785333798));
#11040 = CARTESIAN_POINT('',(142.5927538263,4.754810407374));
#11041 = CARTESIAN_POINT('',(142.07921538568,5.256835953986));
#11042 = CARTESIAN_POINT('',(141.05213607648,6.260889231699));
#11043 = CARTESIAN_POINT('',(140.53859520788,6.762916962806));
#11044 = CARTESIAN_POINT('',(140.02505375864,7.264945167009));
#11045 = CARTESIAN_POINT('',(138.99594660533,8.270980258397));
#11046 = CARTESIAN_POINT('',(138.48038089668,8.774987149314));
#11047 = CARTESIAN_POINT('',(137.96481460272,9.278994517128));
#11048 = CARTESIAN_POINT('',(136.93570140542,10.285034946411));
#11049 = CARTESIAN_POINT('',(136.42215450665,10.787068004148));
#11050 = CARTESIAN_POINT('',(135.90860702708,11.289101535113));
#11051 = CARTESIAN_POINT('',(134.88150963897,12.293170782444));
#11052 = CARTESIAN_POINT('',(134.36795973044,12.795206498812));
#11053 = CARTESIAN_POINT('',(133.85440924103,13.29724268847));
#11054 = CARTESIAN_POINT('',(132.82730583293,14.301317253484));
#11055 = CARTESIAN_POINT('',(132.31375291424,14.803355628845));
#11056 = CARTESIAN_POINT('',(131.80019941461,15.305394477554));
#11057 = CARTESIAN_POINT('',(130.77106811178,16.31145090106));
#11058 = CARTESIAN_POINT('',(130.25549030401,16.815468479589));
#11059 = CARTESIAN_POINT('',(129.73991191063,17.319486535272));
#11060 = CARTESIAN_POINT('',(128.71077456065,18.325548299558));
#11061 = CARTESIAN_POINT('',(128.19721560863,18.827592004431));
#11062 = CARTESIAN_POINT('',(127.68365607552,19.329636182781));
#11063 = CARTESIAN_POINT('',(126.65653457909,20.333726726047));
#11064 = CARTESIAN_POINT('',(126.14297261575,20.835773090968));
#11065 = CARTESIAN_POINT('',(125.62941007126,21.337819929424));
#11066 = CARTESIAN_POINT('',(124.60228255175,22.34191579319));
#11067 = CARTESIAN_POINT('',(124.08871757673,22.843964818502));
#11068 = CARTESIAN_POINT('',(123.57515202048,23.346014317408));
#11069 = CARTESIAN_POINT('',(122.54599655572,24.352092084384));
#11070 = CARTESIAN_POINT('',(122.03040664262,24.856120356192));
#11071 = CARTESIAN_POINT('',(121.51481614364,25.36014910539));
#11072 = CARTESIAN_POINT('',(120.4856546287,26.366232215914));
#11073 = CARTESIAN_POINT('',(119.97208361732,26.868286573502));
#11074 = CARTESIAN_POINT('',(119.45851202459,27.370341404806));
#11075 = CARTESIAN_POINT('',(118.43136640768,28.374453255098));
#11076 = CARTESIAN_POINT('',(117.9177923835,28.876510274091));
#11077 = CARTESIAN_POINT('',(117.4042177779,29.378567766854));
#11078 = CARTESIAN_POINT('',(116.37706613496,30.38268494034));
#11079 = CARTESIAN_POINT('',(115.86348909763,30.884744621065));
#11080 = CARTESIAN_POINT('',(115.3499114788,31.386804775618));
#11081 = CARTESIAN_POINT('',(114.27624851893,32.436389629425));
#11082 = CARTESIAN_POINT('',(113.7161630678,32.983914418386));
#11083 = CARTESIAN_POINT('',(113.15607692502,33.531439770937));
#11084 = CARTESIAN_POINT('',(112.03792372898,34.624516443014));
#11085 = CARTESIAN_POINT('',(111.47985668069,35.170067758479));
#11086 = CARTESIAN_POINT('',(110.92178894566,35.715619633545));
#11087 = CARTESIAN_POINT('',(109.80565060331,36.806725968065));
#11088 = CARTESIAN_POINT('',(109.24757999598,37.352280427523));
#11089 = CARTESIAN_POINT('',(108.68950870182,37.897835446649));
#11090 = CARTESIAN_POINT('',(107.57336324085,38.988948069625));
#11091 = CARTESIAN_POINT('',(107.01528907403,39.534505673475));
#11092 = CARTESIAN_POINT('',(106.45721422031,40.080063837065));
#11093 = CARTESIAN_POINT('',(105.34106163986,41.171182749294));
#11094 = CARTESIAN_POINT('',(104.78298391312,41.716743497935));
#11095 = CARTESIAN_POINT('',(104.22490549939,42.262304806384));
#11096 = CARTESIAN_POINT('',(103.10874579858,43.353430008653));
#11097 = CARTESIAN_POINT('',(102.55066451149,43.898993902477));
#11098 = CARTESIAN_POINT('',(101.99258253734,44.444558356175));
#11099 = CARTESIAN_POINT('',(100.87641571533,45.535689849262));
#11100 = CARTESIAN_POINT('',(100.31833086746,46.081256888655));
#11101 = CARTESIAN_POINT('',(99.760245332461,46.626824487987));
#11102 = CARTESIAN_POINT('',(98.646093448071,47.715985568472));
#11103 = CARTESIAN_POINT('',(98.090027103652,48.259579045576));
#11104 = CARTESIAN_POINT('',(97.53396007699,48.803173078634));
#11105 = CARTESIAN_POINT('',(96.268145601801,50.040594148736));
#11106 = CARTESIAN_POINT('',(95.558397724042,50.734421535558));
#11107 = CARTESIAN_POINT('',(94.848648734702,51.428249828204));
#11108 = CARTESIAN_POINT('',(93.431168196953,52.813933865538));
#11109 = CARTESIAN_POINT('',(92.723436654863,53.505789605076));
#11110 = CARTESIAN_POINT('',(92.015704007366,54.197646245415));
#11111 = CARTESIAN_POINT('',(91.136091693128,55.057526688278));
#11112 = CARTESIAN_POINT('',(90.964213066663,55.225549643075));
#11113 = CARTESIAN_POINT('',(90.792334374996,55.393572651007));
#11114 = CARTESIAN_POINT('',(89.922828614489,56.243573094081));
#11115 = CARTESIAN_POINT('',(89.225200536694,56.92555135143));
#11116 = CARTESIAN_POINT('',(88.527571384674,57.607530484176));
#11117 = CARTESIAN_POINT('',(87.132308587322,58.971492792706));
#11118 = CARTESIAN_POINT('',(86.434674941983,59.653475968497));
#11119 = CARTESIAN_POINT('',(85.737040222282,60.335460019801));
#11120 = CARTESIAN_POINT('',(84.446917694826,61.596639742735));
#11121 = CARTESIAN_POINT('',(83.854430186541,62.17583517032));
#11122 = CARTESIAN_POINT('',(83.261941903264,62.755031229464));
#11123 = CARTESIAN_POINT('',(82.078984250622,63.911449475642));
#11124 = CARTESIAN_POINT('',(81.488514886534,64.488671658376));
#11125 = CARTESIAN_POINT('',(80.898044752654,65.065894468434));
#11126 = CARTESIAN_POINT('',(79.937517597304,66.004871787817));
#11127 = CARTESIAN_POINT('',(79.567461043297,66.366625916194));
#11128 = CARTESIAN_POINT('',(79.197404186916,66.728380290985));
#11129 = CARTESIAN_POINT('',(78.451222682247,67.457820598202));
#11130 = CARTESIAN_POINT('',(78.075098023963,67.825506538774));
#11131 = CARTESIAN_POINT('',(77.698973053288,68.193192733922));
#11132 = CARTESIAN_POINT('',(76.817301960696,69.05508245114));
#11133 = CARTESIAN_POINT('',(76.311755586804,69.549286178552));
#11134 = CARTESIAN_POINT('',(75.806208648516,70.04349036591));
#11135 = CARTESIAN_POINT('',(74.795112411106,71.031900864908));
#11136 = CARTESIAN_POINT('',(74.289563111981,71.526107176552));
#11137 = CARTESIAN_POINT('',(73.784013248412,72.020313948182));
#11138 = CARTESIAN_POINT('',(72.617201000697,73.160946056879));
#11139 = CARTESIAN_POINT('',(71.955938215286,73.807371720951));
#11140 = CARTESIAN_POINT('',(71.294674464094,74.453798172078));
#11141 = CARTESIAN_POINT('',(69.972142921812,75.746654709459));
#11142 = CARTESIAN_POINT('',(69.310875130714,76.393084795719));
#11143 = CARTESIAN_POINT('',(68.649606373734,77.03951566912));
#11144 = CARTESIAN_POINT('',(67.705223586635,77.962707692193));
#11145 = CARTESIAN_POINT('',(67.422110345392,78.239468198972));
#11146 = CARTESIAN_POINT('',(67.13899692709,78.516228850046));
#11147 = CARTESIAN_POINT('',(66.855883331726,78.792989645416));
#11148 = ( GEOMETRIC_REPRESENTATION_CONTEXT(2) 
PARAMETRIC_REPRESENTATION_CONTEXT() REPRESENTATION_CONTEXT('2D SPACE',''
  ) );
#11149 = PCURVE('',#8272,#11150);
#11150 = DEFINITIONAL_REPRESENTATION('',(#11151),#11268);
#11151 = B_SPLINE_CURVE_WITH_KNOTS('',4,(#11152,#11153,#11154,#11155,
    #11156,#11157,#11158,#11159,#11160,#11161,#11162,#11163,#11164,
    #11165,#11166,#11167,#11168,#11169,#11170,#11171,#11172,#11173,
    #11174,#11175,#11176,#11177,#11178,#11179,#11180,#11181,#11182,
    #11183,#11184,#11185,#11186,#11187,#11188,#11189,#11190,#11191,
    #11192,#11193,#11194,#11195,#11196,#11197,#11198,#11199,#11200,
    #11201,#11202,#11203,#11204,#11205,#11206,#11207,#11208,#11209,
    #11210,#11211,#11212,#11213,#11214,#11215,#11216,#11217,#11218,
    #11219,#11220,#11221,#11222,#11223,#11224,#11225,#11226,#11227,
    #11228,#11229,#11230,#11231,#11232,#11233,#11234,#11235,#11236,
    #11237,#11238,#11239,#11240,#11241,#11242,#11243,#11244,#11245,
    #11246,#11247,#11248,#11249,#11250,#11251,#11252,#11253,#11254,
    #11255,#11256,#11257,#11258,#11259,#11260,#11261,#11262,#11263,
    #11264,#11265,#11266,#11267),.UNSPECIFIED.,.F.,.F.,(5,3,3,3,3,3,3,3,
    3,3,3,3,3,3,3,3,3,3,3,3,3,3,3,3,3,3,3,3,3,3,3,3,3,3,3,3,3,3,5),(0.,
    2.549879179633E-02,5.089765108828E-02,7.629657302344E-02,
    0.101695557611,0.127194601231,0.152593711396,0.177992884238,
    0.203392119767,0.228891415352,0.254290776526,0.279690200412,
    0.305089687018,0.330589234701,0.355988847018,0.381388522078,
    0.406788259891,0.434488045503,0.462087906135,0.489687840888,
    0.517287849772,0.544887932797,0.572488089972,0.600088321305,
    0.627588625566,0.662689120894,0.697689734285,0.706189901259,
    0.74069065123,0.775191517158,0.804492343639,0.833693250529,
    0.851993861245,0.870594515421,0.895595447812,0.920596441129,
    0.953297832361,0.985999327852,1.),.UNSPECIFIED.);
#11152 = CARTESIAN_POINT('',(130.93369998711,0.5872879077));
#11153 = CARTESIAN_POINT('',(130.12338739186,0.587284579375));
#11154 = CARTESIAN_POINT('',(129.31307546523,0.587281250956));
#11155 = CARTESIAN_POINT('',(128.50276420726,0.587277922444));
#11156 = CARTESIAN_POINT('',(126.88531872297,0.58727127828));
#11157 = CARTESIAN_POINT('',(126.07818449143,0.587267962628));
#11158 = CARTESIAN_POINT('',(125.2710509234,0.587264646884));
#11159 = CARTESIAN_POINT('',(123.65678312379,0.587258015206));
#11160 = CARTESIAN_POINT('',(122.8496488922,0.587254699272));
#11161 = CARTESIAN_POINT('',(122.04251532422,0.587251383246));
#11162 = CARTESIAN_POINT('',(120.42824752461,0.587244751006));
#11163 = CARTESIAN_POINT('',(119.62111329297,0.587241434791));
#11164 = CARTESIAN_POINT('',(118.81397972504,0.587238118486));
#11165 = CARTESIAN_POINT('',(117.19653422505,0.587231472631));
#11166 = CARTESIAN_POINT('',(116.38622229824,0.58722814308));
#11167 = CARTESIAN_POINT('',(115.57591104045,0.58722481344));
#11168 = CARTESIAN_POINT('',(113.95846555617,0.587218167028));
#11169 = CARTESIAN_POINT('',(113.15133132445,0.587214850258));
#11170 = CARTESIAN_POINT('',(112.34419775661,0.587211533399));
#11171 = CARTESIAN_POINT('',(110.729929957,0.587204899497));
#11172 = CARTESIAN_POINT('',(109.92279572523,0.587201582453));
#11173 = CARTESIAN_POINT('',(109.11566215743,0.587198265322));
#11174 = CARTESIAN_POINT('',(107.50139435782,0.587191630875));
#11175 = CARTESIAN_POINT('',(106.69426012601,0.587188313561));
#11176 = CARTESIAN_POINT('',(105.88712655826,0.587184996158));
#11177 = CARTESIAN_POINT('',(104.26968105827,0.587178348111));
#11178 = CARTESIAN_POINT('',(103.45936913127,0.587175017466));
#11179 = CARTESIAN_POINT('',(102.64905787366,0.587171686733));
#11180 = CARTESIAN_POINT('',(101.0316123894,0.587165038148));
#11181 = CARTESIAN_POINT('',(100.2244781575,0.587161720296));
#11182 = CARTESIAN_POINT('',(99.417344589838,0.587158402358));
#11183 = CARTESIAN_POINT('',(97.80307679023,0.587151766305));
#11184 = CARTESIAN_POINT('',(96.995942558289,0.587148448189));
#11185 = CARTESIAN_POINT('',(96.188808990668,0.587145129988));
#11186 = CARTESIAN_POINT('',(94.57454119106,0.587138493408));
#11187 = CARTESIAN_POINT('',(93.767406959076,0.58713517503));
#11188 = CARTESIAN_POINT('',(92.960273391498,0.587131856567));
#11189 = CARTESIAN_POINT('',(91.342827891508,0.587125206401));
#11190 = CARTESIAN_POINT('',(90.532515964343,0.587121874697));
#11191 = CARTESIAN_POINT('',(89.722204706909,0.587118542909));
#11192 = CARTESIAN_POINT('',(88.104759222647,0.587111892223));
#11193 = CARTESIAN_POINT('',(87.297624990583,0.587108573326));
#11194 = CARTESIAN_POINT('',(86.490491423086,0.587105254346));
#11195 = CARTESIAN_POINT('',(84.876223623481,0.587098616214));
#11196 = CARTESIAN_POINT('',(84.069089391376,0.587095297062));
#11197 = CARTESIAN_POINT('',(83.26195582392,0.587091977828));
#11198 = CARTESIAN_POINT('',(81.647688024316,0.587085339189));
#11199 = CARTESIAN_POINT('',(80.840553792171,0.587082019783));
#11200 = CARTESIAN_POINT('',(80.033420224756,0.587078700297));
#11201 = CARTESIAN_POINT('',(78.346065308446,0.587071760562));
#11202 = CARTESIAN_POINT('',(77.465844085395,0.587068140299));
#11203 = CARTESIAN_POINT('',(76.585623653013,0.58706451994));
#11204 = CARTESIAN_POINT('',(74.828359698591,0.587057292093));
#11205 = CARTESIAN_POINT('',(73.95131617086,0.587053684606));
#11206 = CARTESIAN_POINT('',(73.074273428197,0.587050077024));
#11207 = CARTESIAN_POINT('',(71.320187157749,0.587042861665));
#11208 = CARTESIAN_POINT('',(70.443143629966,0.587039253887));
#11209 = CARTESIAN_POINT('',(69.566100887355,0.587035646016));
#11210 = CARTESIAN_POINT('',(67.812014616908,0.587028430081));
#11211 = CARTESIAN_POINT('',(66.934971089077,0.587024822015));
#11212 = CARTESIAN_POINT('',(66.057928346514,0.587021213858));
#11213 = CARTESIAN_POINT('',(64.303842076068,0.587013997352));
#11214 = CARTESIAN_POINT('',(63.426798548189,0.587010389002));
#11215 = CARTESIAN_POINT('',(62.549755805674,0.587006780562));
#11216 = CARTESIAN_POINT('',(60.795669535229,0.58699956349));
#11217 = CARTESIAN_POINT('',(59.918626007302,0.586995954859));
#11218 = CARTESIAN_POINT('',(59.041583264836,0.586992346138));
#11219 = CARTESIAN_POINT('',(57.287496994392,0.586985128508));
#11220 = CARTESIAN_POINT('',(56.410453466418,0.586981519598));
#11221 = CARTESIAN_POINT('',(55.533410724,0.5869779106));
#11222 = CARTESIAN_POINT('',(53.7825021546,0.586970705493));
#11223 = CARTESIAN_POINT('',(52.908636321939,0.586967109385));
#11224 = CARTESIAN_POINT('',(52.034771269246,0.58696351319));
#11225 = CARTESIAN_POINT('',(50.045535016304,0.58695532673));
#11226 = CARTESIAN_POINT('',(48.930164306772,0.58695073641));
#11227 = CARTESIAN_POINT('',(47.814794868055,0.586946145951));
#11228 = CARTESIAN_POINT('',(45.587232423072,0.586936977815));
#11229 = CARTESIAN_POINT('',(44.475039409582,0.58693240014));
#11230 = CARTESIAN_POINT('',(43.362847659863,0.586927822328));
#11231 = CARTESIAN_POINT('',(41.980553198093,0.586922132588));
#11232 = CARTESIAN_POINT('',(41.710449296727,0.58692102079));
#11233 = CARTESIAN_POINT('',(41.440345469905,0.586919908984));
#11234 = CARTESIAN_POINT('',(40.073935956495,0.586914284503));
#11235 = CARTESIAN_POINT('',(38.977631423418,0.586909771704));
#11236 = CARTESIAN_POINT('',(37.881328118479,0.586905258773));
#11237 = CARTESIAN_POINT('',(35.688720280371,0.586896232636));
#11238 = CARTESIAN_POINT('',(34.592415747209,0.586891719429));
#11239 = CARTESIAN_POINT('',(33.496112442356,0.586887206093));
#11240 = CARTESIAN_POINT('',(31.468745128845,0.586878859442));
#11241 = CARTESIAN_POINT('',(30.537680777804,0.586875026163));
#11242 = CARTESIAN_POINT('',(29.606617312812,0.586871192792));
#11243 = CARTESIAN_POINT('',(27.747667198301,0.58686353894));
#11244 = CARTESIAN_POINT('',(26.819780542748,0.586859718459));
#11245 = CARTESIAN_POINT('',(25.891894767307,0.586855897888));
#11246 = CARTESIAN_POINT('',(24.382491622533,0.586849682766));
#11247 = CARTESIAN_POINT('',(23.800973718741,0.58684728827));
#11248 = CARTESIAN_POINT('',(23.219456160661,0.586844893739));
#11249 = CARTESIAN_POINT('',(22.046887604077,0.586840065348));
#11250 = CARTESIAN_POINT('',(21.455836617002,0.586837631486));
#11251 = CARTESIAN_POINT('',(20.864785987091,0.586835197588));
#11252 = CARTESIAN_POINT('',(19.479311616745,0.586829492232));
#11253 = CARTESIAN_POINT('',(18.684888164398,0.586826220744));
#11254 = CARTESIAN_POINT('',(17.890465357344,0.586822949192));
#11255 = CARTESIAN_POINT('',(16.30161909791,0.586816405953));
#11256 = CARTESIAN_POINT('',(15.507195645534,0.586813134265));
#11257 = CARTESIAN_POINT('',(14.71277283851,0.586809862514));
#11258 = CARTESIAN_POINT('',(12.879243566929,0.586802311154));
#11259 = CARTESIAN_POINT('',(11.840137561156,0.5867980315));
#11260 = CARTESIAN_POINT('',(10.801032659608,0.586793751739));
#11261 = CARTESIAN_POINT('',(8.722821752218,0.58678519199));
#11262 = CARTESIAN_POINT('',(7.683715746381,0.586780912002));
#11263 = CARTESIAN_POINT('',(6.644610844899,0.586776631909));
#11264 = CARTESIAN_POINT('',(5.160629791537,0.586770519206));
#11265 = CARTESIAN_POINT('',(4.715752737685,0.586768686681));
#11266 = CARTESIAN_POINT('',(4.270875886274,0.586766854138));
#11267 = CARTESIAN_POINT('',(3.825999237313,0.586765021576));
#11268 = ( GEOMETRIC_REPRESENTATION_CONTEXT(2) 
PARAMETRIC_REPRESENTATION_CONTEXT() REPRESENTATION_CONTEXT('2D SPACE',''
  ) );
#11269 = FACE_BOUND('',#11270,.F.);
#11270 = EDGE_LOOP('',(#11271));
#11271 = ORIENTED_EDGE('',*,*,#9613,.T.);
#11272 = ADVANCED_FACE('',(#11273),#7856,.F.);
#11273 = FACE_BOUND('',#11274,.F.);
#11274 = EDGE_LOOP('',(#11275,#11276,#11744,#11745,#11898,#11899,#11900,
    #11929));
#11275 = ORIENTED_EDGE('',*,*,#9690,.F.);
#11276 = ORIENTED_EDGE('',*,*,#11277,.T.);
#11277 = EDGE_CURVE('',#9668,#8811,#11278,.T.);
#11278 = SURFACE_CURVE('',#11279,(#11432,#11588),.PCURVE_S1.);
#11279 = B_SPLINE_CURVE_WITH_KNOTS('',4,(#11280,#11281,#11282,#11283,
    #11284,#11285,#11286,#11287,#11288,#11289,#11290,#11291,#11292,
    #11293,#11294,#11295,#11296,#11297,#11298,#11299,#11300,#11301,
    #11302,#11303,#11304,#11305,#11306,#11307,#11308,#11309,#11310,
    #11311,#11312,#11313,#11314,#11315,#11316,#11317,#11318,#11319,
    #11320,#11321,#11322,#11323,#11324,#11325,#11326,#11327,#11328,
    #11329,#11330,#11331,#11332,#11333,#11334,#11335,#11336,#11337,
    #11338,#11339,#11340,#11341,#11342,#11343,#11344,#11345,#11346,
    #11347,#11348,#11349,#11350,#11351,#11352,#11353,#11354,#11355,
    #11356,#11357,#11358,#11359,#11360,#11361,#11362,#11363,#11364,
    #11365,#11366,#11367,#11368,#11369,#11370,#11371,#11372,#11373,
    #11374,#11375,#11376,#11377,#11378,#11379,#11380,#11381,#11382,
    #11383,#11384,#11385,#11386,#11387,#11388,#11389,#11390,#11391,
    #11392,#11393,#11394,#11395,#11396,#11397,#11398,#11399,#11400,
    #11401,#11402,#11403,#11404,#11405,#11406,#11407,#11408,#11409,
    #11410,#11411,#11412,#11413,#11414,#11415,#11416,#11417,#11418,
    #11419,#11420,#11421,#11422,#11423,#11424,#11425,#11426,#11427,
    #11428,#11429,#11430,#11431),.UNSPECIFIED.,.F.,.F.,(5,3,3,3,3,3,3,3,
    3,3,3,3,3,3,3,3,3,3,3,3,3,3,3,3,3,3,3,3,3,3,3,3,3,3,3,3,3,3,3,3,3,3,
    3,3,3,3,3,3,3,3,5),(0.,2.470005838638E-02,2.760171323094E-02,
    3.500593681645E-02,4.641244590653E-02,5.131524460576E-02,
    6.632381556828E-02,8.123233469063E-02,0.101844121632,0.108948186524,
    0.153873921804,0.168882530768,0.171984310681,0.183891145584,
    0.206804309001,0.229617428951,0.252430563178,0.275243711977,
    0.277144808378,0.301358782177,0.325472715299,0.328374393065,
    0.332676881252,0.364395241774,0.395913517412,0.415324788646,
    0.422428916745,0.424830312532,0.464953662234,0.504977008588,
    0.535294731279,0.539297073406,0.563911490541,0.588325813055,
    0.622345809243,0.656265792786,0.681880915153,0.707295947014,
    0.732711007152,0.758126096342,0.783641274968,0.809056424817,
    0.834471606214,0.859886820052,0.866490778677,0.890805373302,
    0.917921686937,0.944837920261,0.971854255345,0.997069540003,1.),
  .UNSPECIFIED.);
#11280 = CARTESIAN_POINT('',(-53.16786116737,293.333,374.27657807121));
#11281 = CARTESIAN_POINT('',(-53.13041049983,294.11518422135,
    374.25427970444));
#11282 = CARTESIAN_POINT('',(-53.092958543,294.89736828105,
    374.23198134229));
#11283 = CARTESIAN_POINT('',(-53.05550528751,295.67955217738,
    374.20968298478));
#11284 = CARTESIAN_POINT('',(-53.01365072547,296.55362343282,
    374.18476511902));
#11285 = CARTESIAN_POINT('',(-53.00925070907,296.64551095475,
    374.18214560611));
#11286 = CARTESIAN_POINT('',(-53.00485067459,296.73739847441,
    374.17952609326));
#11287 = CARTESIAN_POINT('',(-52.98922290038,297.06375761564,
    374.1702223057));
#11288 = CARTESIAN_POINT('',(-52.97799506096,297.29822922464,
    374.16353803134));
#11289 = CARTESIAN_POINT('',(-52.96676710354,297.53270081871,
    374.15685375741));
#11290 = CARTESIAN_POINT('',(-52.93824171827,298.12838544974,
    374.13987208734));
#11291 = CARTESIAN_POINT('',(-52.920944128,298.48959846613,
    374.12957469179));
#11292 = CARTESIAN_POINT('',(-52.90364625609,298.85081144683,
    374.11927729726));
#11293 = CARTESIAN_POINT('',(-52.8789129285,299.36728261676,
    374.10455383026));
#11294 = CARTESIAN_POINT('',(-52.8714777032,299.52254083525,
    374.10012775695));
#11295 = CARTESIAN_POINT('',(-52.86404242562,299.67779904709,
    374.09570168384));
#11296 = CARTESIAN_POINT('',(-52.83384587623,300.30833758356,
    374.07772640492));
#11297 = CARTESIAN_POINT('',(-52.81108416609,300.78361785247,
    374.0641772007));
#11298 = CARTESIAN_POINT('',(-52.78832196308,301.25889805861,
    374.05062799827));
#11299 = CARTESIAN_POINT('',(-52.74294831017,302.20628997804,
    374.02361992023));
#11300 = CARTESIAN_POINT('',(-52.72033686684,302.67840169217,
    374.0101610446));
#11301 = CARTESIAN_POINT('',(-52.69772493284,303.15051334355,
    373.99670217075));
#11302 = CARTESIAN_POINT('',(-52.6438496742,304.27534324599,
    373.96463572268));
#11303 = CARTESIAN_POINT('',(-52.61258590034,304.92806143947,
    373.9460281501));
#11304 = CARTESIAN_POINT('',(-52.58132117857,305.58077951114,
    373.92742058098));
#11305 = CARTESIAN_POINT('',(-52.53927946555,306.45846343093,
    373.90239972603));
#11306 = CARTESIAN_POINT('',(-52.52850331479,306.68342938738,
    373.8959864371));
#11307 = CARTESIAN_POINT('',(-52.51772705049,306.90839532917,
    373.88957314859));
#11308 = CARTESIAN_POINT('',(-52.43880142028,308.55603402764,
    373.84260256162));
#11309 = CARTESIAN_POINT('',(-52.37064761755,309.9787062114,
    373.80204527949));
#11310 = CARTESIAN_POINT('',(-52.3024892028,311.401377796,
    373.76148801444));
#11311 = CARTESIAN_POINT('',(-52.21155446126,313.29932896645,
    373.70738156464));
#11312 = CARTESIAN_POINT('',(-52.18878228831,313.7746090954,
    373.69383236441));
#11313 = CARTESIAN_POINT('',(-52.16600959115,314.24988915566,
    373.68028316614));
#11314 = CARTESIAN_POINT('',(-52.13852990002,314.82339370131,
    373.66393380194));
#11315 = CARTESIAN_POINT('',(-52.13382341018,314.92161825288,
    373.66113363414));
#11316 = CARTESIAN_POINT('',(-52.12911689783,315.0198428015,
    373.65833346641));
#11317 = CARTESIAN_POINT('',(-52.10634333836,315.49512293502,
    373.64478426605));
#11318 = CARTESIAN_POINT('',(-52.08827598172,315.87217847924,
    373.63403523457));
#11319 = CARTESIAN_POINT('',(-52.07020829182,316.2492339796,
    373.62328620435));
#11320 = CARTESIAN_POINT('',(-52.0173706919,317.35188388283,
    373.59185205969));
#11321 = CARTESIAN_POINT('',(-51.98259987772,318.07747816648,
    373.57116694867));
#11322 = CARTESIAN_POINT('',(-51.94782781623,318.80307228514,
    373.55048184235));
#11323 = CARTESIAN_POINT('',(-51.87843300827,320.25109210035,
    373.50920195451));
#11324 = CARTESIAN_POINT('',(-51.84381027276,320.97351779834,
    373.48860717295));
#11325 = CARTESIAN_POINT('',(-51.80918628336,321.69594332939,
    373.46801239615));
#11326 = CARTESIAN_POINT('',(-51.7399357574,323.14079450619,
    373.42682283929));
#11327 = CARTESIAN_POINT('',(-51.70530922084,323.86322015193,
    373.40622805922));
#11328 = CARTESIAN_POINT('',(-51.67068141266,324.58564562725,
    373.38563328401));
#11329 = CARTESIAN_POINT('',(-51.6014232129,326.03049669497,
    373.34444373026));
#11330 = CARTESIAN_POINT('',(-51.56679282131,326.75292228738,
    373.32384895171));
#11331 = CARTESIAN_POINT('',(-51.53216114003,327.47534770579,
    373.30325417813));
#11332 = CARTESIAN_POINT('',(-51.49464207719,328.25797507306,
    373.28094317823));
#11333 = CARTESIAN_POINT('',(-51.49175598547,328.31817719652,
    373.27922694695));
#11334 = CARTESIAN_POINT('',(-51.48886988474,328.37837931876,
    373.2775107157));
#11335 = CARTESIAN_POINT('',(-51.4492238367,329.20536663828,
    373.25393511029));
#11336 = CARTESIAN_POINT('',(-51.41246243341,329.97215163837,
    373.23207574175));
#11337 = CARTESIAN_POINT('',(-51.37569955407,330.73893643783,
    373.21021637892));
#11338 = CARTESIAN_POINT('',(-51.30232271377,332.26933764,
    373.16658797736));
#11339 = CARTESIAN_POINT('',(-51.26570876506,333.03295404438,
    373.14481893857));
#11340 = CARTESIAN_POINT('',(-51.22909333022,333.79657024532,
    373.12304990558));
#11341 = CARTESIAN_POINT('',(-51.18807020927,334.65207367936,
    373.09866136792));
#11342 = CARTESIAN_POINT('',(-51.18366399894,334.74396111522,
    373.09604185746));
#11343 = CARTESIAN_POINT('',(-51.17925776691,334.8358485481,
    373.09342234709));
#11344 = CARTESIAN_POINT('',(-51.1683181017,335.06398287154,
    373.08691873493));
#11345 = CARTESIAN_POINT('',(-51.1617846425,335.20022975852,
    373.08303463324));
#11346 = CARTESIAN_POINT('',(-51.15525113547,335.33647663893,
    373.07915053173));
#11347 = CARTESIAN_POINT('',(-51.10055157955,336.47714869071,
    373.04663245853));
#11348 = CARTESIAN_POINT('',(-51.05238297594,337.48157351035,
    373.01799849685));
#11349 = CARTESIAN_POINT('',(-51.00421174378,338.48599796638,
    372.98936454554));
#11350 = CARTESIAN_POINT('',(-50.90816785824,340.48851006009,
    372.93227729179));
#11351 = CARTESIAN_POINT('',(-50.86029523826,341.4865977024,
    372.90382398922));
#11352 = CARTESIAN_POINT('',(-50.81241997033,342.48468497491,
    372.8753706972));
#11353 = CARTESIAN_POINT('',(-50.73505527068,344.09746715855,
    372.82939379346));
#11354 = CARTESIAN_POINT('',(-50.7055674992,344.71216230269,
    372.81187017511));
#11355 = CARTESIAN_POINT('',(-50.67607870691,345.32685730315,
    372.79434656086));
#11356 = CARTESIAN_POINT('',(-50.63579621687,346.16651789841,
    372.77040966799));
#11357 = CARTESIAN_POINT('',(-50.62500340874,346.39148361883,
    372.76399638579));
#11358 = CARTESIAN_POINT('',(-50.61421046272,346.61644931975,
    372.75758310414));
#11359 = CARTESIAN_POINT('',(-50.59976901141,346.91745975032,
    372.74900195306));
#11360 = CARTESIAN_POINT('',(-50.59612062855,346.99350449729,
    372.74683408312));
#11361 = CARTESIAN_POINT('',(-50.59247222988,347.06954924203,
    372.74466621325));
#11362 = CARTESIAN_POINT('',(-50.52786484688,348.41617579034,
    372.70627682638));
#11363 = CARTESIAN_POINT('',(-50.46690146282,349.68675697092,
    372.67005532715));
#11364 = CARTESIAN_POINT('',(-50.40593360646,350.95733751433,
    372.63383384608));
#11365 = CARTESIAN_POINT('',(-50.28414079911,353.49533051126,
    372.56148119929));
#11366 = CARTESIAN_POINT('',(-50.22331587067,354.76274296802,
    372.52535003346));
#11367 = CARTESIAN_POINT('',(-50.16248637545,356.0301547659,
    372.48921888642));
#11368 = CARTESIAN_POINT('',(-50.05557034788,358.25763101771,
    372.42571839501));
#11369 = CARTESIAN_POINT('',(-50.0094857876,359.21769575799,
    372.39834904248));
#11370 = CARTESIAN_POINT('',(-49.96339854599,360.17776010704,
    372.3709797011));
#11371 = CARTESIAN_POINT('',(-49.9112241105,361.26456525382,
    372.33999725591));
#11372 = CARTESIAN_POINT('',(-49.90513957768,361.39130644173,
    372.33638414098));
#11373 = CARTESIAN_POINT('',(-49.89905499759,361.51804762272,
    372.33277102624));
#11374 = CARTESIAN_POINT('',(-49.85554989178,362.42424743061,
    372.30693724549));
#11375 = CARTESIAN_POINT('',(-49.81812762352,363.20370580167,
    372.28471658677));
#11376 = CARTESIAN_POINT('',(-49.78070355094,363.98316390676,
    372.26249593563));
#11377 = CARTESIAN_POINT('',(-49.70615600878,365.53574323829,
    372.21823528396));
#11378 = CARTESIAN_POINT('',(-49.66903256866,366.30886446907,
    372.19619528329));
#11379 = CARTESIAN_POINT('',(-49.63190732448,367.0819854318,
    372.17415529026));
#11380 = CARTESIAN_POINT('',(-49.54304577078,368.93240666915,
    372.12140381523));
#11381 = CARTESIAN_POINT('',(-49.49130774853,370.00970668825,
    372.09069234051));
#11382 = CARTESIAN_POINT('',(-49.43956615488,371.08700617157,
    372.05998088106));
#11383 = CARTESIAN_POINT('',(-49.33622786416,373.23843698369,
    371.99864827933));
#11384 = CARTESIAN_POINT('',(-49.28463118829,374.3125683157,
    371.96802713697));
#11385 = CARTESIAN_POINT('',(-49.23303088042,375.38669909662,
    371.93740601031));
#11386 = CARTESIAN_POINT('',(-49.14245747194,377.27197290111,
    371.88366096458));
#11387 = CARTESIAN_POINT('',(-49.10348595015,378.08311616563,
    371.86053703863));
#11388 = CARTESIAN_POINT('',(-49.06451231512,378.89425910625,
    371.83741312191));
#11389 = CARTESIAN_POINT('',(-48.98686523769,380.51020815462,
    371.79134593777));
#11390 = CARTESIAN_POINT('',(-48.94819182847,381.31501426749,
    371.7684026702));
#11391 = CARTESIAN_POINT('',(-48.90951630262,382.1198200531,
    371.74545941196));
#11392 = CARTESIAN_POINT('',(-48.83216093764,383.72943185658,
    371.69957288885));
#11393 = CARTESIAN_POINT('',(-48.7934810985,384.53423787446,
    371.67662962399));
#11394 = CARTESIAN_POINT('',(-48.75479910575,385.33904355643,
    371.6536863687));
#11395 = CARTESIAN_POINT('',(-48.67743073098,386.94865515956,
    371.6077998513));
#11396 = CARTESIAN_POINT('',(-48.63874434894,387.75346108071,
    371.5848565892));
#11397 = CARTESIAN_POINT('',(-48.60005577545,388.55826665702,
    371.56191333692));
#11398 = CARTESIAN_POINT('',(-48.5225218352,390.17104658616,
    371.51593649746));
#11399 = CARTESIAN_POINT('',(-48.48367645099,390.97902093623,
    371.49290291035));
#11400 = CARTESIAN_POINT('',(-48.44482881892,391.78699492939,
    371.46986933342));
#11401 = CARTESIAN_POINT('',(-48.36728132469,393.39977464178,
    371.42389250014));
#11402 = CARTESIAN_POINT('',(-48.32858148028,394.20458036384,
    371.4009492437));
#11403 = CARTESIAN_POINT('',(-48.28987936588,395.0093857222,
    371.37800599764));
#11404 = CARTESIAN_POINT('',(-48.21247050847,396.61899670063,
    371.33211949806));
#11405 = CARTESIAN_POINT('',(-48.17376376546,397.4238023207,
    371.30917624453));
#11406 = CARTESIAN_POINT('',(-48.13505471187,398.22860756718,
    371.28623300166));
#11407 = CARTESIAN_POINT('',(-48.05763189258,399.83821832995,
    371.24034650822));
#11408 = CARTESIAN_POINT('',(-48.01891812686,400.64302384624,
    371.21740325766));
#11409 = CARTESIAN_POINT('',(-47.98020200901,401.4478289787,
    371.19446001803));
#11410 = CARTESIAN_POINT('',(-47.93142279916,402.4617563861,
    371.1655551583));
#11411 = CARTESIAN_POINT('',(-47.92136192032,402.67087902392,
    371.15959352784));
#11412 = CARTESIAN_POINT('',(-47.91130088086,402.88000163536,
    371.15363189813));
#11413 = CARTESIAN_POINT('',(-47.86419613962,403.85907617942,
    371.12572061754));
#11414 = CARTESIAN_POINT('',(-47.8271504164,404.62902777979,
    371.10377097613));
#11415 = CARTESIAN_POINT('',(-47.79010249197,405.39897901678,
    371.08182134508));
#11416 = CARTESIAN_POINT('',(-47.711732993,407.02760055483,
    371.03539289588));
#11417 = CARTESIAN_POINT('',(-47.67041087728,407.88627076615,
    371.0109140803));
#11418 = CARTESIAN_POINT('',(-47.62908597339,408.74494051279,
    370.98643527797));
#11419 = CARTESIAN_POINT('',(-47.54673547524,410.45594328948,
    370.93765831928));
#11420 = CARTESIAN_POINT('',(-47.50570992236,411.30827632647,
    370.91336016272));
#11421 = CARTESIAN_POINT('',(-47.46468156873,412.16060889193,
    370.88906201961));
#11422 = CARTESIAN_POINT('',(-47.38246660979,413.86844289776,
    370.84037539566));
#11423 = CARTESIAN_POINT('',(-47.34127998339,414.72394433457,
    370.81598691494));
#11424 = CARTESIAN_POINT('',(-47.30009048009,415.57944528205,
    370.79159844816));
#11425 = CARTESIAN_POINT('',(-47.22045176456,417.23341404181,
    370.74444740494));
#11426 = CARTESIAN_POINT('',(-47.1820029268,418.03188191812,
    370.72168482667));
#11427 = CARTESIAN_POINT('',(-47.14355153505,418.83034935566,
    370.69892226091));
#11428 = CARTESIAN_POINT('',(-47.10062853741,419.72161226985,
    370.67351429843));
#11429 = CARTESIAN_POINT('',(-47.09615947411,419.81440818541,
    370.6708688892));
#11430 = CARTESIAN_POINT('',(-47.09169037598,419.90720409491,
    370.66822348014));
#11431 = CARTESIAN_POINT('',(-47.08722124623,420.,370.66557807121));
#11432 = PCURVE('',#7856,#11433);
#11433 = DEFINITIONAL_REPRESENTATION('',(#11434),#11587);
#11434 = B_SPLINE_CURVE_WITH_KNOTS('',4,(#11435,#11436,#11437,#11438,
    #11439,#11440,#11441,#11442,#11443,#11444,#11445,#11446,#11447,
    #11448,#11449,#11450,#11451,#11452,#11453,#11454,#11455,#11456,
    #11457,#11458,#11459,#11460,#11461,#11462,#11463,#11464,#11465,
    #11466,#11467,#11468,#11469,#11470,#11471,#11472,#11473,#11474,
    #11475,#11476,#11477,#11478,#11479,#11480,#11481,#11482,#11483,
    #11484,#11485,#11486,#11487,#11488,#11489,#11490,#11491,#11492,
    #11493,#11494,#11495,#11496,#11497,#11498,#11499,#11500,#11501,
    #11502,#11503,#11504,#11505,#11506,#11507,#11508,#11509,#11510,
    #11511,#11512,#11513,#11514,#11515,#11516,#11517,#11518,#11519,
    #11520,#11521,#11522,#11523,#11524,#11525,#11526,#11527,#11528,
    #11529,#11530,#11531,#11532,#11533,#11534,#11535,#11536,#11537,
    #11538,#11539,#11540,#11541,#11542,#11543,#11544,#11545,#11546,
    #11547,#11548,#11549,#11550,#11551,#11552,#11553,#11554,#11555,
    #11556,#11557,#11558,#11559,#11560,#11561,#11562,#11563,#11564,
    #11565,#11566,#11567,#11568,#11569,#11570,#11571,#11572,#11573,
    #11574,#11575,#11576,#11577,#11578,#11579,#11580,#11581,#11582,
    #11583,#11584,#11585,#11586),.UNSPECIFIED.,.F.,.F.,(5,3,3,3,3,3,3,3,
    3,3,3,3,3,3,3,3,3,3,3,3,3,3,3,3,3,3,3,3,3,3,3,3,3,3,3,3,3,3,3,3,3,3,
    3,3,3,3,3,3,3,3,5),(0.,2.470005838638E-02,2.760171323094E-02,
    3.500593681645E-02,4.641244590653E-02,5.131524460576E-02,
    6.632381556828E-02,8.123233469063E-02,0.101844121632,0.108948186524,
    0.153873921804,0.168882530768,0.171984310681,0.183891145584,
    0.206804309001,0.229617428951,0.252430563178,0.275243711977,
    0.277144808378,0.301358782177,0.325472715299,0.328374393065,
    0.332676881252,0.364395241774,0.395913517412,0.415324788646,
    0.422428916745,0.424830312532,0.464953662234,0.504977008588,
    0.535294731279,0.539297073406,0.563911490541,0.588325813055,
    0.622345809243,0.656265792786,0.681880915153,0.707295947014,
    0.732711007152,0.758126096342,0.783641274968,0.809056424817,
    0.834471606214,0.859886820052,0.866490778677,0.890805373302,
    0.917921686937,0.944837920261,0.971854255345,0.997069540003,1.),
  .UNSPECIFIED.);
#11435 = CARTESIAN_POINT('',(130.32279621385,1.24593087234E-03));
#11436 = CARTESIAN_POINT('',(130.31796094158,7.420993594421E-03));
#11437 = CARTESIAN_POINT('',(130.31310948171,1.359605487801E-02));
#11438 = CARTESIAN_POINT('',(130.3082417119,1.97711147584E-02));
#11439 = CARTESIAN_POINT('',(130.3027837347,2.667159203983E-02));
#11440 = CARTESIAN_POINT('',(130.30220973317,2.739701087939E-02));
#11441 = CARTESIAN_POINT('',(130.30163550466,2.812242969895E-02));
#11442 = CARTESIAN_POINT('',(130.29959519632,3.069891737902E-02));
#11443 = CARTESIAN_POINT('',(130.29812786442,3.254998612915E-02));
#11444 = CARTESIAN_POINT('',(130.29665904992,3.44010547485E-02));
#11445 = CARTESIAN_POINT('',(130.2929236915,3.910376990733E-02));
#11446 = CARTESIAN_POINT('',(130.29065510696,4.195541626667E-02));
#11447 = CARTESIAN_POINT('',(130.28838298356,4.480706231322E-02));
#11448 = CARTESIAN_POINT('',(130.28512916786,4.888441565481E-02));
#11449 = CARTESIAN_POINT('',(130.28415037073,5.011012320603E-02));
#11450 = CARTESIAN_POINT('',(130.28317091652,5.133583069908E-02));
#11451 = CARTESIAN_POINT('',(130.27919045984,5.631370462943E-02));
#11452 = CARTESIAN_POINT('',(130.27618394866,6.00658705788E-02));
#11453 = CARTESIAN_POINT('',(130.27317124236,6.38180359786E-02));
#11454 = CARTESIAN_POINT('',(130.26715350726,7.129735256484E-02));
#11455 = CARTESIAN_POINT('',(130.26414856116,7.502450375864E-02));
#11456 = CARTESIAN_POINT('',(130.26113744582,7.875165440349E-02));
#11457 = CARTESIAN_POINT('',(130.25394854382,8.76317793136E-02));
#11458 = CARTESIAN_POINT('',(130.24976510828,9.278475307545E-02));
#11459 = CARTESIAN_POINT('',(130.24556975092,9.79377257726E-02));
#11460 = CARTESIAN_POINT('',(130.23991228671,0.104866722197));
#11461 = CARTESIAN_POINT('',(130.2384607529,0.10664274687));
#11462 = CARTESIAN_POINT('',(130.23700779066,0.108418771416));
#11463 = CARTESIAN_POINT('',(130.22635588638,0.121426281472));
#11464 = CARTESIAN_POINT('',(130.21710112392,0.132657761979));
#11465 = CARTESIAN_POINT('',(130.20778831268,0.143889237259));
#11466 = CARTESIAN_POINT('',(130.19528577032,0.158872871525));
#11467 = CARTESIAN_POINT('',(130.19214834393,0.162625035242));
#11468 = CARTESIAN_POINT('',(130.18900431579,0.166377198361));
#11469 = CARTESIAN_POINT('',(130.18520251788,0.170904807981));
#11470 = CARTESIAN_POINT('',(130.18455109779,0.171680255057));
#11471 = CARTESIAN_POINT('',(130.18389939412,0.172455702107));
#11472 = CARTESIAN_POINT('',(130.18074461531,0.176207865714));
#11473 = CARTESIAN_POINT('',(130.17823764124,0.179184581915));
#11474 = CARTESIAN_POINT('',(130.17572646875,0.182161297735));
#11475 = CARTESIAN_POINT('',(130.16837054577,0.190866316939));
#11476 = CARTESIAN_POINT('',(130.16351440344,0.196594619285));
#11477 = CARTESIAN_POINT('',(130.15864254259,0.202322920197));
#11478 = CARTESIAN_POINT('',(130.14888849515,0.213754508217));
#11479 = CARTESIAN_POINT('',(130.14400644653,0.219457795339));
#11480 = CARTESIAN_POINT('',(130.1391085895,0.22516108101));
#11481 = CARTESIAN_POINT('',(130.12928102485,0.236567652993));
#11482 = CARTESIAN_POINT('',(130.12435131721,0.242270939303));
#11483 = CARTESIAN_POINT('',(130.11940557043,0.247974224135));
#11484 = CARTESIAN_POINT('',(130.10948176021,0.259380794456));
#11485 = CARTESIAN_POINT('',(130.10450369676,0.265084079944));
#11486 = CARTESIAN_POINT('',(130.09950935895,0.270787363924));
#11487 = CARTESIAN_POINT('',(130.09408106573,0.276965920085));
#11488 = CARTESIAN_POINT('',(130.09366339073,0.277441193779));
#11489 = CARTESIAN_POINT('',(130.09324560181,0.277916467463));
#11490 = CARTESIAN_POINT('',(130.08750493354,0.284445229147));
#11491 = CARTESIAN_POINT('',(130.08216367622,0.290498715439));
#11492 = CARTESIAN_POINT('',(130.07680378334,0.296552199993));
#11493 = CARTESIAN_POINT('',(130.06606865541,0.308634155467));
#11494 = CARTESIAN_POINT('',(130.06069357524,0.314662626399));
#11495 = CARTESIAN_POINT('',(130.05529972301,0.320691095573));
#11496 = CARTESIAN_POINT('',(130.04923562122,0.327444980498));
#11497 = CARTESIAN_POINT('',(130.04858401758,0.328170398002));
#11498 = CARTESIAN_POINT('',(130.04793213973,0.328895815481));
#11499 = CARTESIAN_POINT('',(130.04631300282,0.330696852031));
#11500 = CARTESIAN_POINT('',(130.04534541479,0.331772471072));
#11501 = CARTESIAN_POINT('',(130.04437722247,0.332848090057));
#11502 = CARTESIAN_POINT('',(130.03626635617,0.341853276117));
#11503 = CARTESIAN_POINT('',(130.02909139971,0.349782840154));
#11504 = CARTESIAN_POINT('',(130.02188321719,0.357712401051));
#11505 = CARTESIAN_POINT('',(130.0074453866,0.373521495463));
#11506 = CARTESIAN_POINT('',(130.00021616076,0.381401029016));
#11507 = CARTESIAN_POINT('',(129.99295344197,0.389280559382));
#11508 = CARTESIAN_POINT('',(129.98116311982,0.402012878593));
#11509 = CARTESIAN_POINT('',(129.97665652327,0.406865669445));
#11510 = CARTESIAN_POINT('',(129.97213700784,0.41171845906));
#11511 = CARTESIAN_POINT('',(129.96594568145,0.418347268677));
#11512 = CARTESIAN_POINT('',(129.9642851312,0.42012328976));
#11513 = CARTESIAN_POINT('',(129.96262283533,0.421899310674));
#11514 = CARTESIAN_POINT('',(129.96039629535,0.424275676556));
#11515 = CARTESIAN_POINT('',(129.95983360105,0.424876021671));
#11516 = CARTESIAN_POINT('',(129.95927070665,0.425476366767));
#11517 = CARTESIAN_POINT('',(129.94929923241,0.436107484608));
#11518 = CARTESIAN_POINT('',(129.93983494999,0.446138251994));
#11519 = CARTESIAN_POINT('',(129.93031402263,0.456169013904));
#11520 = CARTESIAN_POINT('',(129.91118121344,0.476205525935));
#11521 = CARTESIAN_POINT('',(129.90156961741,0.486211276083));
#11522 = CARTESIAN_POINT('',(129.89190013033,0.49621702058));
#11523 = CARTESIAN_POINT('',(129.87480286443,0.513802115872));
#11524 = CARTESIAN_POINT('',(129.86740009529,0.521381469121));
#11525 = CARTESIAN_POINT('',(129.8599633104,0.52896081902));
#11526 = CARTESIAN_POINT('',(129.85150586503,0.537540739941));
#11527 = CARTESIAN_POINT('',(129.85051897451,0.538541314301));
#11528 = CARTESIAN_POINT('',(129.84953148422,0.539541888602));
#11529 = CARTESIAN_POINT('',(129.84246663118,0.546695997696));
#11530 = CARTESIAN_POINT('',(129.83636715306,0.552849530299));
#11531 = CARTESIAN_POINT('',(129.83024476932,0.559003060629));
#11532 = CARTESIAN_POINT('',(129.81800376031,0.571260093653));
#11533 = CARTESIAN_POINT('',(129.81188550908,0.577363596383));
#11534 = CARTESIAN_POINT('',(129.80574434306,0.583467096825));
#11535 = CARTESIAN_POINT('',(129.79099049648,0.598075479035));
#11536 = CARTESIAN_POINT('',(129.78235605516,0.606580358623));
#11537 = CARTESIAN_POINT('',(129.77367622133,0.615085233642));
#11538 = CARTESIAN_POINT('',(129.75625034096,0.632069971608));
#11539 = CARTESIAN_POINT('',(129.74750456405,0.640549834582));
#11540 = CARTESIAN_POINT('',(129.73871258914,0.649029692865));
#11541 = CARTESIAN_POINT('',(129.72319918441,0.663913219455));
#11542 = CARTESIAN_POINT('',(129.71649784447,0.670316889812));
#11543 = CARTESIAN_POINT('',(129.70976960644,0.676720557416));
#11544 = CARTESIAN_POINT('',(129.69631161635,0.689477865324));
#11545 = CARTESIAN_POINT('',(129.68958228666,0.695831505672));
#11546 = CARTESIAN_POINT('',(129.68282599992,0.702185143242));
#11547 = CARTESIAN_POINT('',(129.66925901777,0.714892419822));
#11548 = CARTESIAN_POINT('',(129.66244832229,0.721246058833));
#11549 = CARTESIAN_POINT('',(129.65561018265,0.727599694995));
#11550 = CARTESIAN_POINT('',(129.64187850845,0.740306968813));
#11551 = CARTESIAN_POINT('',(129.63498497381,0.746660606468));
#11552 = CARTESIAN_POINT('',(129.62806349618,0.753014241202));
#11553 = CARTESIAN_POINT('',(129.61413677493,0.765746526559));
#11554 = CARTESIAN_POINT('',(129.60713130878,0.772125177159));
#11555 = CARTESIAN_POINT('',(129.60009716321,0.778503824739));
#11556 = CARTESIAN_POINT('',(129.58599867359,0.791236107176));
#11557 = CARTESIAN_POINT('',(129.57893455602,0.797589742057));
#11558 = CARTESIAN_POINT('',(129.5718414591,0.803943373865));
#11559 = CARTESIAN_POINT('',(129.55759676154,0.816650639141));
#11560 = CARTESIAN_POINT('',(129.55044516083,0.82300427261));
#11561 = CARTESIAN_POINT('',(129.54326404452,0.829357902925));
#11562 = CARTESIAN_POINT('',(129.52884222215,0.842065165276));
#11563 = CARTESIAN_POINT('',(129.521601516,0.848418797313));
#11564 = CARTESIAN_POINT('',(129.51433074482,0.854772426113));
#11565 = CARTESIAN_POINT('',(129.50513248471,0.862776995057));
#11566 = CARTESIAN_POINT('',(129.50323329338,0.864427938256));
#11567 = CARTESIAN_POINT('',(129.50133204817,0.866078881233));
#11568 = CARTESIAN_POINT('',(129.49242111891,0.873808299959));
#11569 = CARTESIAN_POINT('',(129.48538558428,0.87988677291));
#11570 = CARTESIAN_POINT('',(129.47832189215,0.885965242803));
#11571 = CARTESIAN_POINT('',(129.4633204769,0.89882258519));
#11572 = CARTESIAN_POINT('',(129.45537582896,0.905601456929));
#11573 = CARTESIAN_POINT('',(129.44739549241,0.912380324762));
#11574 = CARTESIAN_POINT('',(129.43142186831,0.925888034007));
#11575 = CARTESIAN_POINT('',(129.42342911079,0.932616875479));
#11576 = CARTESIAN_POINT('',(129.41540047918,0.939345712991));
#11577 = CARTESIAN_POINT('',(129.39924074787,0.952828404587));
#11578 = CARTESIAN_POINT('',(129.39110937813,0.959582258642));
#11579 = CARTESIAN_POINT('',(129.38294113364,0.966336108593));
#11580 = CARTESIAN_POINT('',(129.36707716198,0.979393553428));
#11581 = CARTESIAN_POINT('',(129.35938623606,0.985697148849));
#11582 = CARTESIAN_POINT('',(129.35166255263,0.992000740595));
#11583 = CARTESIAN_POINT('',(129.34300432557,0.99903691652));
#11584 = CARTESIAN_POINT('',(129.34210240658,0.999769515076));
#11585 = CARTESIAN_POINT('',(129.34120003415,1.000502111347));
#11586 = CARTESIAN_POINT('',(129.34029725486,1.001234573365));
#11587 = ( GEOMETRIC_REPRESENTATION_CONTEXT(2) 
PARAMETRIC_REPRESENTATION_CONTEXT() REPRESENTATION_CONTEXT('2D SPACE',''
  ) );
#11588 = PCURVE('',#9187,#11589);
#11589 = DEFINITIONAL_REPRESENTATION('',(#11590),#11743);
#11590 = B_SPLINE_CURVE_WITH_KNOTS('',4,(#11591,#11592,#11593,#11594,
    #11595,#11596,#11597,#11598,#11599,#11600,#11601,#11602,#11603,
    #11604,#11605,#11606,#11607,#11608,#11609,#11610,#11611,#11612,
    #11613,#11614,#11615,#11616,#11617,#11618,#11619,#11620,#11621,
    #11622,#11623,#11624,#11625,#11626,#11627,#11628,#11629,#11630,
    #11631,#11632,#11633,#11634,#11635,#11636,#11637,#11638,#11639,
    #11640,#11641,#11642,#11643,#11644,#11645,#11646,#11647,#11648,
    #11649,#11650,#11651,#11652,#11653,#11654,#11655,#11656,#11657,
    #11658,#11659,#11660,#11661,#11662,#11663,#11664,#11665,#11666,
    #11667,#11668,#11669,#11670,#11671,#11672,#11673,#11674,#11675,
    #11676,#11677,#11678,#11679,#11680,#11681,#11682,#11683,#11684,
    #11685,#11686,#11687,#11688,#11689,#11690,#11691,#11692,#11693,
    #11694,#11695,#11696,#11697,#11698,#11699,#11700,#11701,#11702,
    #11703,#11704,#11705,#11706,#11707,#11708,#11709,#11710,#11711,
    #11712,#11713,#11714,#11715,#11716,#11717,#11718,#11719,#11720,
    #11721,#11722,#11723,#11724,#11725,#11726,#11727,#11728,#11729,
    #11730,#11731,#11732,#11733,#11734,#11735,#11736,#11737,#11738,
    #11739,#11740,#11741,#11742),.UNSPECIFIED.,.F.,.F.,(5,3,3,3,3,3,3,3,
    3,3,3,3,3,3,3,3,3,3,3,3,3,3,3,3,3,3,3,3,3,3,3,3,3,3,3,3,3,3,3,3,3,3,
    3,3,3,3,3,3,3,3,5),(0.,2.470005838638E-02,2.760171323094E-02,
    3.500593681645E-02,4.641244590653E-02,5.131524460576E-02,
    6.632381556828E-02,8.123233469063E-02,0.101844121632,0.108948186524,
    0.153873921804,0.168882530768,0.171984310681,0.183891145584,
    0.206804309001,0.229617428951,0.252430563178,0.275243711977,
    0.277144808378,0.301358782177,0.325472715299,0.328374393065,
    0.332676881252,0.364395241774,0.395913517412,0.415324788646,
    0.422428916745,0.424830312532,0.464953662234,0.504977008588,
    0.535294731279,0.539297073406,0.563911490541,0.588325813055,
    0.622345809243,0.656265792786,0.681880915153,0.707295947014,
    0.732711007152,0.758126096342,0.783641274968,0.809056424817,
    0.834471606214,0.859886820052,0.866490778677,0.890805373302,
    0.917921686937,0.944837920261,0.971854255345,0.997069540003,1.),
  .UNSPECIFIED.);
#11591 = CARTESIAN_POINT('',(-53.16786116737,-63.25945283859));
#11592 = CARTESIAN_POINT('',(-53.13041049983,-62.47695084288));
#11593 = CARTESIAN_POINT('',(-53.092958543,-61.69444900888));
#11594 = CARTESIAN_POINT('',(-53.05550528751,-60.91194733832));
#11595 = CARTESIAN_POINT('',(-53.01365072547,-60.03752097801));
#11596 = CARTESIAN_POINT('',(-53.00925070907,-59.94559612535));
#11597 = CARTESIAN_POINT('',(-53.00485067459,-59.85367127498));
#11598 = CARTESIAN_POINT('',(-52.98922290038,-59.52717954533));
#11599 = CARTESIAN_POINT('',(-52.97799506096,-59.29261267864));
#11600 = CARTESIAN_POINT('',(-52.96676710354,-59.05804582688));
#11601 = CARTESIAN_POINT('',(-52.93824171827,-58.46211918982));
#11602 = CARTESIAN_POINT('',(-52.920944128,-58.10075942509));
#11603 = CARTESIAN_POINT('',(-52.90364625609,-57.73939969606));
#11604 = CARTESIAN_POINT('',(-52.8789129285,-57.22271870178));
#11605 = CARTESIAN_POINT('',(-52.8714777032,-57.06739740726));
#11606 = CARTESIAN_POINT('',(-52.86404242562,-56.91207611939));
#11607 = CARTESIAN_POINT('',(-52.83384587623,-56.28128141695));
#11608 = CARTESIAN_POINT('',(-52.81108416609,-55.80580805812));
#11609 = CARTESIAN_POINT('',(-52.78832196308,-55.3303347621));
#11610 = CARTESIAN_POINT('',(-52.74294831017,-54.38255795014));
#11611 = CARTESIAN_POINT('',(-52.72033686684,-53.91025443337));
#11612 = CARTESIAN_POINT('',(-52.69772493284,-53.43795097937));
#11613 = CARTESIAN_POINT('',(-52.6438496742,-52.31266409751));
#11614 = CARTESIAN_POINT('',(-52.61258590034,-51.65968072723));
#11615 = CARTESIAN_POINT('',(-52.58132117857,-51.00669747881));
#11616 = CARTESIAN_POINT('',(-52.53927946555,-50.12865698644));
#11617 = CARTESIAN_POINT('',(-52.52850331479,-49.90359963412));
#11618 = CARTESIAN_POINT('',(-52.51772705049,-49.67854229645));
#11619 = CARTESIAN_POINT('',(-52.43880142028,-48.03023421945));
#11620 = CARTESIAN_POINT('',(-52.37064761755,-46.60698405325));
#11621 = CARTESIAN_POINT('',(-52.3024892028,-45.18373448646));
#11622 = CARTESIAN_POINT('',(-52.21155446126,-43.28501224417));
#11623 = CARTESIAN_POINT('',(-52.18878228831,-42.80953902537));
#11624 = CARTESIAN_POINT('',(-52.16600959115,-42.33406587528));
#11625 = CARTESIAN_POINT('',(-52.13852990002,-41.7603283346));
#11626 = CARTESIAN_POINT('',(-52.13382341018,-41.66206387779));
#11627 = CARTESIAN_POINT('',(-52.12911689783,-41.56379942394));
#11628 = CARTESIAN_POINT('',(-52.10634333836,-41.08832620057));
#11629 = CARTESIAN_POINT('',(-52.08827598172,-40.71111747173));
#11630 = CARTESIAN_POINT('',(-52.07020829182,-40.33390878678));
#11631 = CARTESIAN_POINT('',(-52.0173706919,-39.23081091509));
#11632 = CARTESIAN_POINT('',(-51.98259987772,-38.50492184761));
#11633 = CARTESIAN_POINT('',(-51.94782781623,-37.77903294519));
#11634 = CARTESIAN_POINT('',(-51.87843300827,-36.33042484968));
#11635 = CARTESIAN_POINT('',(-51.84381027276,-35.60770565514));
#11636 = CARTESIAN_POINT('',(-51.80918628336,-34.88498662762));
#11637 = CARTESIAN_POINT('',(-51.7399357574,-33.43954845783));
#11638 = CARTESIAN_POINT('',(-51.70530922084,-32.71682931557));
#11639 = CARTESIAN_POINT('',(-51.67068141266,-31.9941103438));
#11640 = CARTESIAN_POINT('',(-51.6014232129,-30.54867228313));
#11641 = CARTESIAN_POINT('',(-51.56679282131,-29.82595319423));
#11642 = CARTESIAN_POINT('',(-51.53216114003,-29.10323427939));
#11643 = CARTESIAN_POINT('',(-51.49464207719,-28.32028895772));
#11644 = CARTESIAN_POINT('',(-51.49175598547,-28.26006237622));
#11645 = CARTESIAN_POINT('',(-51.48886988474,-28.19983579595));
#11646 = CARTESIAN_POINT('',(-51.4492238367,-27.37251250012));
#11647 = CARTESIAN_POINT('',(-51.41246243341,-26.60541598184));
#11648 = CARTESIAN_POINT('',(-51.37569955407,-25.83831966427));
#11649 = CARTESIAN_POINT('',(-51.30232271377,-24.3072967131));
#11650 = CARTESIAN_POINT('',(-51.26570876506,-23.54337007782));
#11651 = CARTESIAN_POINT('',(-51.22909333022,-22.77944364607));
#11652 = CARTESIAN_POINT('',(-51.18807020927,-21.92359265061));
#11653 = CARTESIAN_POINT('',(-51.18366399894,-21.83166788406));
#11654 = CARTESIAN_POINT('',(-51.17925776691,-21.7397431205));
#11655 = CARTESIAN_POINT('',(-51.1683181017,-21.51151611399));
#11656 = CARTESIAN_POINT('',(-51.1617846425,-21.37521387461));
#11657 = CARTESIAN_POINT('',(-51.15525113547,-21.23891164182));
#11658 = CARTESIAN_POINT('',(-51.10055157955,-20.09777617448));
#11659 = CARTESIAN_POINT('',(-51.05238297594,-19.09294329183));
#11660 = CARTESIAN_POINT('',(-51.00421174378,-18.08811077293));
#11661 = CARTESIAN_POINT('',(-50.90816785824,-16.08478512791));
#11662 = CARTESIAN_POINT('',(-50.86029523826,-15.08629199715));
#11663 = CARTESIAN_POINT('',(-50.81241997033,-14.08779923636));
#11664 = CARTESIAN_POINT('',(-50.73505527068,-12.47436183517));
#11665 = CARTESIAN_POINT('',(-50.7055674992,-11.85941696168));
#11666 = CARTESIAN_POINT('',(-50.67607870691,-11.24447223194));
#11667 = CARTESIAN_POINT('',(-50.63579621687,-10.40447051165));
#11668 = CARTESIAN_POINT('',(-50.62500340874,-10.17941339546));
#11669 = CARTESIAN_POINT('',(-50.61421046272,-9.954356298766));
#11670 = CARTESIAN_POINT('',(-50.59976901141,-9.65322357808));
#11671 = CARTESIAN_POINT('',(-50.59612062855,-9.57714793676));
#11672 = CARTESIAN_POINT('',(-50.59247222988,-9.501072297678));
#11673 = CARTESIAN_POINT('',(-50.52786484688,-8.153898661638));
#11674 = CARTESIAN_POINT('',(-50.46690146282,-6.882801287934));
#11675 = CARTESIAN_POINT('',(-50.40593360646,-5.611704551653));
#11676 = CARTESIAN_POINT('',(-50.28414079911,-3.072680456061));
#11677 = CARTESIAN_POINT('',(-50.22331587067,-1.804753093521));
#11678 = CARTESIAN_POINT('',(-50.16248637545,-0.536826390115));
#11679 = CARTESIAN_POINT('',(-50.05557034788,1.691554808143));
#11680 = CARTESIAN_POINT('',(-50.0094857876,2.652009589479));
#11681 = CARTESIAN_POINT('',(-49.96339854599,3.612463979431));
#11682 = CARTESIAN_POINT('',(-49.9112241105,4.699710657493));
#11683 = CARTESIAN_POINT('',(-49.90513957768,4.826503335967));
#11684 = CARTESIAN_POINT('',(-49.89905499759,4.953296007504));
#11685 = CARTESIAN_POINT('',(-49.85554989178,5.859863972989));
#11686 = CARTESIAN_POINT('',(-49.81812762352,6.63963901099));
#11687 = CARTESIAN_POINT('',(-49.78070355094,7.419413782918));
#11688 = CARTESIAN_POINT('',(-49.70615600878,8.972623873655));
#11689 = CARTESIAN_POINT('',(-49.66903256866,9.746059196823));
#11690 = CARTESIAN_POINT('',(-49.63190732448,10.51949425182));
#11691 = CARTESIAN_POINT('',(-49.54304577078,12.370667251234));
#11692 = CARTESIAN_POINT('',(-49.49130774853,13.448404940018));
#11693 = CARTESIAN_POINT('',(-49.43956615488,14.526142092805));
#11694 = CARTESIAN_POINT('',(-49.33622786416,16.678446956758));
#11695 = CARTESIAN_POINT('',(-49.28463118829,17.753014671128));
#11696 = CARTESIAN_POINT('',(-49.23303088042,18.827581834184));
#11697 = CARTESIAN_POINT('',(-49.14245747194,20.713621560126));
#11698 = CARTESIAN_POINT('',(-49.10348595015,21.525094364058));
#11699 = CARTESIAN_POINT('',(-49.06451231512,22.336566843962));
#11700 = CARTESIAN_POINT('',(-48.98686523769,23.953172396473));
#11701 = CARTESIAN_POINT('',(-48.94819182847,24.758305474188));
#11702 = CARTESIAN_POINT('',(-48.90951630262,25.563438224515));
#11703 = CARTESIAN_POINT('',(-48.83216093764,27.173703957531));
#11704 = CARTESIAN_POINT('',(-48.7934810985,27.978836940216));
#11705 = CARTESIAN_POINT('',(-48.75479910575,28.783969586863));
#11706 = CARTESIAN_POINT('',(-48.67743073098,30.394235119438));
#11707 = CARTESIAN_POINT('',(-48.63874434894,31.199368005369));
#11708 = CARTESIAN_POINT('',(-48.60005577545,32.004500546309));
#11709 = CARTESIAN_POINT('',(-48.5225218352,33.617935692076));
#11710 = CARTESIAN_POINT('',(-48.48367645099,34.426238294146));
#11711 = CARTESIAN_POINT('',(-48.44482881892,35.234540539155));
#11712 = CARTESIAN_POINT('',(-48.36728132469,36.847975468089));
#11713 = CARTESIAN_POINT('',(-48.32858148028,37.65310815484));
#11714 = CARTESIAN_POINT('',(-48.28987936588,38.458240477742));
#11715 = CARTESIAN_POINT('',(-48.21247050847,40.068505385368));
#11716 = CARTESIAN_POINT('',(-48.17376376546,40.873637970087));
#11717 = CARTESIAN_POINT('',(-48.13505471187,41.678770181059));
#11718 = CARTESIAN_POINT('',(-48.05763189258,43.289034872937));
#11719 = CARTESIAN_POINT('',(-48.01891812686,44.094167353839));
#11720 = CARTESIAN_POINT('',(-47.98020200901,44.899299450751));
#11721 = CARTESIAN_POINT('',(-47.93142279916,45.913638781743));
#11722 = CARTESIAN_POINT('',(-47.92136192032,46.122846378842));
#11723 = CARTESIAN_POINT('',(-47.91130088086,46.332053949565));
#11724 = CARTESIAN_POINT('',(-47.86419613962,47.311526257701));
#11725 = CARTESIAN_POINT('',(-47.8271504164,48.081790662737));
#11726 = CARTESIAN_POINT('',(-47.79010249197,48.852054704249));
#11727 = CARTESIAN_POINT('',(-47.711732993,50.481337894831));
#11728 = CARTESIAN_POINT('',(-47.67041087728,51.340356954118));
#11729 = CARTESIAN_POINT('',(-47.62908597339,52.199375548534));
#11730 = CARTESIAN_POINT('',(-47.54673547524,53.911073446397));
#11731 = CARTESIAN_POINT('',(-47.50570992236,54.763752756782));
#11732 = CARTESIAN_POINT('',(-47.46468156873,55.616431595441));
#11733 = CARTESIAN_POINT('',(-47.38246660979,57.32495943508));
#11734 = CARTESIAN_POINT('',(-47.34127998339,58.180808432494));
#11735 = CARTESIAN_POINT('',(-47.30009048009,59.036656940377));
#11736 = CARTESIAN_POINT('',(-47.22045176456,60.691297650368));
#11737 = CARTESIAN_POINT('',(-47.1820029268,61.490089916524));
#11738 = CARTESIAN_POINT('',(-47.14355153505,62.28888174373));
#11739 = CARTESIAN_POINT('',(-47.10062853741,63.180506747173));
#11740 = CARTESIAN_POINT('',(-47.09615947411,63.273340362503));
#11741 = CARTESIAN_POINT('',(-47.09169037598,63.366173971766));
#11742 = CARTESIAN_POINT('',(-47.08722124623,63.45900757661));
#11743 = ( GEOMETRIC_REPRESENTATION_CONTEXT(2) 
PARAMETRIC_REPRESENTATION_CONTEXT() REPRESENTATION_CONTEXT('2D SPACE',''
  ) );
#11744 = ORIENTED_EDGE('',*,*,#8810,.T.);
#11745 = ORIENTED_EDGE('',*,*,#11746,.T.);
#11746 = EDGE_CURVE('',#8462,#10092,#11747,.T.);
#11747 = SURFACE_CURVE('',#11748,(#11796,#11847),.PCURVE_S1.);
#11748 = B_SPLINE_CURVE_WITH_KNOTS('',6,(#11749,#11750,#11751,#11752,
    #11753,#11754,#11755,#11756,#11757,#11758,#11759,#11760,#11761,
    #11762,#11763,#11764,#11765,#11766,#11767,#11768,#11769,#11770,
    #11771,#11772,#11773,#11774,#11775,#11776,#11777,#11778,#11779,
    #11780,#11781,#11782,#11783,#11784,#11785,#11786,#11787,#11788,
    #11789,#11790,#11791,#11792,#11793,#11794,#11795),.UNSPECIFIED.,.F.,
  .F.,(7,5,5,5,5,5,5,5,5,7),(0.,7.91432504033E-03,0.127592632037,
    0.25211142893,0.376630762776,0.500880588458,0.625840543735,
    0.750360469401,0.874880371726,1.),.UNSPECIFIED.);
#11749 = CARTESIAN_POINT('',(-35.86442283543,420.00000114686,
    269.38483558041));
#11750 = CARTESIAN_POINT('',(-35.87223034174,419.83292079377,
    269.35625568185));
#11751 = CARTESIAN_POINT('',(-35.88003803707,419.66584043952,
    269.3276757831));
#11752 = CARTESIAN_POINT('',(-35.88784584778,419.49876007473,
    269.29909588254));
#11753 = CARTESIAN_POINT('',(-35.89565362766,419.33167971782,
    269.27051598333));
#11754 = CARTESIAN_POINT('',(-35.90346154671,419.16459935491,
    269.24193608309));
#11755 = CARTESIAN_POINT('',(-36.02933967167,416.47097441385,
    268.78117857247));
#11756 = CARTESIAN_POINT('',(-36.14742665619,413.9444295169,
    268.34900090755));
#11757 = CARTESIAN_POINT('',(-36.26553014863,411.41788431506,
    267.91682319048));
#11758 = CARTESIAN_POINT('',(-36.38364983057,408.891338822,
    267.48464542359));
#11759 = CARTESIAN_POINT('',(-36.50178539433,406.36479305065,
    267.05246760911));
#11760 = CARTESIAN_POINT('',(-36.74286641422,401.20951269404,
    266.17063209167));
#11761 = CARTESIAN_POINT('',(-36.86581315624,398.58077808686,
    265.72097438498));
#11762 = CARTESIAN_POINT('',(-36.98877643449,395.95204320554,
    265.27131663139));
#11763 = CARTESIAN_POINT('',(-37.1117559255,393.32330806316,
    264.82165883315));
#11764 = CARTESIAN_POINT('',(-37.23475131685,390.69457267216,
    264.37200099238));
#11765 = CARTESIAN_POINT('',(-37.48077382793,385.43709008061,
    263.47268329076));
#11766 = CARTESIAN_POINT('',(-37.60380094752,382.8083428801,
    263.02302342992));
#11767 = CARTESIAN_POINT('',(-37.72684336451,380.17959545443,
    262.57336353056));
#11768 = CARTESIAN_POINT('',(-37.84990078717,377.55084781473,
    262.12370359459));
#11769 = CARTESIAN_POINT('',(-37.9729729335,374.92209997155,
    261.67404362382));
#11770 = CARTESIAN_POINT('',(-38.21887972173,369.67029352912,
    260.77569685482));
#11771 = CARTESIAN_POINT('',(-38.34171430092,367.04723493073,
    260.32701005675));
#11772 = CARTESIAN_POINT('',(-38.46456299819,364.4241761496,
    259.87832322742));
#11773 = CARTESIAN_POINT('',(-38.58742555147,361.80111719514,
    259.42963636844));
#11774 = CARTESIAN_POINT('',(-38.71030170719,359.17805807628,
    258.98094948134));
#11775 = CARTESIAN_POINT('',(-38.9567830883,353.91694785956,
    258.08101125698));
#11776 = CARTESIAN_POINT('',(-39.08038846661,351.27889675993,
    257.62975991941));
#11777 = CARTESIAN_POINT('',(-39.20400710587,348.64084551116,
    257.17850855633));
#11778 = CARTESIAN_POINT('',(-39.32763876444,346.0027941214,
    256.72725716913));
#11779 = CARTESIAN_POINT('',(-39.45128320838,343.36474259838,
    256.27600575914));
#11780 = CARTESIAN_POINT('',(-39.69816177305,338.09792884318,
    255.37509191707));
#11781 = CARTESIAN_POINT('',(-39.82139580532,335.46916661189,
    254.92542948514));
#11782 = CARTESIAN_POINT('',(-39.94464208435,332.84040426281,
    254.47576703306));
#11783 = CARTESIAN_POINT('',(-40.06790039297,330.2116418028,
    254.026104562));
#11784 = CARTESIAN_POINT('',(-40.19117052076,327.58287923838,
    253.57644207309));
#11785 = CARTESIAN_POINT('',(-40.43773398418,322.32535440585,
    252.67711714595));
#11786 = CARTESIAN_POINT('',(-40.56102731965,319.69659213775,
    252.22745470772));
#11787 = CARTESIAN_POINT('',(-40.68433206673,317.0678297776,
    251.77779225375));
#11788 = CARTESIAN_POINT('',(-40.80764802767,314.43906733128,
    251.32812978503));
#11789 = CARTESIAN_POINT('',(-40.93097501077,311.81030480434,
    250.87846730253));
#11790 = CARTESIAN_POINT('',(-41.17824468243,306.54011867472,
    249.97697659958));
#11791 = CARTESIAN_POINT('',(-41.30218747551,303.89869507133,
    249.52514837902));
#11792 = CARTESIAN_POINT('',(-41.42614102104,301.25727139722,
    249.07332014635));
#11793 = CARTESIAN_POINT('',(-41.55010513601,298.61584765746,
    248.62149190246));
#11794 = CARTESIAN_POINT('',(-41.67407964289,295.97442385687,
    248.16966364816));
#11795 = CARTESIAN_POINT('',(-41.79806436955,293.333,247.71783538423));
#11796 = PCURVE('',#7856,#11797);
#11797 = DEFINITIONAL_REPRESENTATION('',(#11798),#11846);
#11798 = B_SPLINE_CURVE_WITH_KNOTS('',6,(#11799,#11800,#11801,#11802,
    #11803,#11804,#11805,#11806,#11807,#11808,#11809,#11810,#11811,
    #11812,#11813,#11814,#11815,#11816,#11817,#11818,#11819,#11820,
    #11821,#11822,#11823,#11824,#11825,#11826,#11827,#11828,#11829,
    #11830,#11831,#11832,#11833,#11834,#11835,#11836,#11837,#11838,
    #11839,#11840,#11841,#11842,#11843,#11844,#11845),.UNSPECIFIED.,.F.,
  .F.,(7,5,5,5,5,5,5,5,5,7),(0.,7.91432504033E-03,0.127592632037,
    0.25211142893,0.376630762776,0.500880588458,0.625840543735,
    0.750360469401,0.874880371726,1.),.UNSPECIFIED.);
#11799 = CARTESIAN_POINT('',(3.873985243122,1.001800048697));
#11800 = CARTESIAN_POINT('',(3.872939478672,1.00048094331));
#11801 = CARTESIAN_POINT('',(3.871895361415,0.999161762831));
#11802 = CARTESIAN_POINT('',(3.870853830142,0.99784249167));
#11803 = CARTESIAN_POINT('',(3.869810384322,0.996523357454));
#11804 = CARTESIAN_POINT('',(3.868769002521,0.995204146222));
#11805 = CARTESIAN_POINT('',(3.851985867739,0.973936452187));
#11806 = CARTESIAN_POINT('',(3.83639495715,0.953987972102));
#11807 = CARTESIAN_POINT('',(3.820952582068,0.934039511574));
#11808 = CARTESIAN_POINT('',(3.805656156252,0.914091070291));
#11809 = CARTESIAN_POINT('',(3.790503170411,0.894142647948));
#11810 = CARTESIAN_POINT('',(3.759872041885,0.853439010564));
#11811 = CARTESIAN_POINT('',(3.744405534401,0.832683797062));
#11812 = CARTESIAN_POINT('',(3.729088930121,0.811928603408));
#11813 = CARTESIAN_POINT('',(3.713919570157,0.791173429278));
#11814 = CARTESIAN_POINT('',(3.698894876356,0.770418274356));
#11815 = CARTESIAN_POINT('',(3.669129762066,0.728907912813));
#11816 = CARTESIAN_POINT('',(3.654389341106,0.708152706193));
#11817 = CARTESIAN_POINT('',(3.639788590725,0.687397518167));
#11818 = CARTESIAN_POINT('',(3.625325085485,0.666642348438));
#11819 = CARTESIAN_POINT('',(3.610996472208,0.645887196715));
#11820 = CARTESIAN_POINT('',(3.582635193391,0.60442185088));
#11821 = CARTESIAN_POINT('',(3.568601952946,0.583711656692));
#11822 = CARTESIAN_POINT('',(3.55469848227,0.563001479871));
#11823 = CARTESIAN_POINT('',(3.540922579235,0.542291320143));
#11824 = CARTESIAN_POINT('',(3.527272105946,0.521581177243));
#11825 = CARTESIAN_POINT('',(3.500140559511,0.480042559236));
#11826 = CARTESIAN_POINT('',(3.486660899106,0.459214084319));
#11827 = CARTESIAN_POINT('',(3.473303897947,0.438385625898));
#11828 = CARTESIAN_POINT('',(3.460067505472,0.417557183717));
#11829 = CARTESIAN_POINT('',(3.446949730147,0.396728757528));
#11830 = CARTESIAN_POINT('',(3.420993330359,0.355145281081));
#11831 = CARTESIAN_POINT('',(3.408153884392,0.334390230712));
#11832 = CARTESIAN_POINT('',(3.395428389215,0.313635195742));
#11833 = CARTESIAN_POINT('',(3.382814984844,0.292880175935));
#11834 = CARTESIAN_POINT('',(3.370311863653,0.272125171064));
#11835 = CARTESIAN_POINT('',(3.345522679422,0.230615194642));
#11836 = CARTESIAN_POINT('',(3.333236615309,0.20986022309));
#11837 = CARTESIAN_POINT('',(3.321057322628,0.18910526603));
#11838 = CARTESIAN_POINT('',(3.308983093173,0.168350323247));
#11839 = CARTESIAN_POINT('',(3.297012265934,0.147595394529));
#11840 = CARTESIAN_POINT('',(3.273217023351,0.105985602793));
#11841 = CARTESIAN_POINT('',(3.261393589921,8.513073990108E-02));
#11842 = CARTESIAN_POINT('',(3.24967128947,6.427589080201E-02));
#11843 = CARTESIAN_POINT('',(3.238048528088,4.342105529693E-02));
#11844 = CARTESIAN_POINT('',(3.2265237553,2.256623318073E-02));
#11845 = CARTESIAN_POINT('',(3.215095464065,1.711424242235E-03));
#11846 = ( GEOMETRIC_REPRESENTATION_CONTEXT(2) 
PARAMETRIC_REPRESENTATION_CONTEXT() REPRESENTATION_CONTEXT('2D SPACE',''
  ) );
#11847 = PCURVE('',#8537,#11848);
#11848 = DEFINITIONAL_REPRESENTATION('',(#11849),#11897);
#11849 = B_SPLINE_CURVE_WITH_KNOTS('',6,(#11850,#11851,#11852,#11853,
    #11854,#11855,#11856,#11857,#11858,#11859,#11860,#11861,#11862,
    #11863,#11864,#11865,#11866,#11867,#11868,#11869,#11870,#11871,
    #11872,#11873,#11874,#11875,#11876,#11877,#11878,#11879,#11880,
    #11881,#11882,#11883,#11884,#11885,#11886,#11887,#11888,#11889,
    #11890,#11891,#11892,#11893,#11894,#11895,#11896),.UNSPECIFIED.,.F.,
  .F.,(7,5,5,5,5,5,5,5,5,7),(0.,7.91432504033E-03,0.127592632037,
    0.25211142893,0.376630762776,0.500880588458,0.625840543735,
    0.750360469401,0.874880371726,1.),.UNSPECIFIED.);
#11850 = CARTESIAN_POINT('',(86.411707749236,1.0046588058));
#11851 = CARTESIAN_POINT('',(86.412313261559,1.003339775721));
#11852 = CARTESIAN_POINT('',(86.412918646499,1.002020737714));
#11853 = CARTESIAN_POINT('',(86.413523848405,1.000701696384));
#11854 = CARTESIAN_POINT('',(86.414128583459,0.999382633607));
#11855 = CARTESIAN_POINT('',(86.414733271537,0.99806358447));
#11856 = CARTESIAN_POINT('',(86.424477936358,0.97679818037));
#11857 = CARTESIAN_POINT('',(86.433570277654,0.95685182578));
#11858 = CARTESIAN_POINT('',(86.442615020341,0.936905468782));
#11859 = CARTESIAN_POINT('',(86.451612451718,0.916959109485));
#11860 = CARTESIAN_POINT('',(86.460562864251,0.897012747991));
#11861 = CARTESIAN_POINT('',(86.47873036418,0.856313273332));
#11862 = CARTESIAN_POINT('',(86.487943595373,0.835560159994));
#11863 = CARTESIAN_POINT('',(86.49710658431,0.814807044492));
#11864 = CARTESIAN_POINT('',(86.506219670038,0.794053926929));
#11865 = CARTESIAN_POINT('',(86.515283195487,0.773300807403));
#11866 = CARTESIAN_POINT('',(86.533311858331,0.731794475118));
#11867 = CARTESIAN_POINT('',(86.542276994952,0.711041262359));
#11868 = CARTESIAN_POINT('',(86.55119326406,0.690288047823));
#11869 = CARTESIAN_POINT('',(86.56006101452,0.669534831597));
#11870 = CARTESIAN_POINT('',(86.568880597333,0.648781613764));
#11871 = CARTESIAN_POINT('',(86.586405148433,0.607320093065));
#11872 = CARTESIAN_POINT('',(86.595110323202,0.586611790205));
#11873 = CARTESIAN_POINT('',(86.60376824072,0.565903485902));
#11874 = CARTESIAN_POINT('',(86.612379252523,0.545195180231));
#11875 = CARTESIAN_POINT('',(86.62094371091,0.524486873261));
#11876 = CARTESIAN_POINT('',(86.638028911685,0.482951901906));
#11877 = CARTESIAN_POINT('',(86.646549124246,0.462125237505));
#11878 = CARTESIAN_POINT('',(86.655022965713,0.441298571927));
#11879 = CARTESIAN_POINT('',(86.66345079487,0.420471905236));
#11880 = CARTESIAN_POINT('',(86.671832970189,0.399645237493));
#11881 = CARTESIAN_POINT('',(86.688477372291,0.35806523832));
#11882 = CARTESIAN_POINT('',(86.696739917348,0.337311906898));
#11883 = CARTESIAN_POINT('',(86.704957839355,0.316558574545));
#11884 = CARTESIAN_POINT('',(86.713131491521,0.295805241317));
#11885 = CARTESIAN_POINT('',(86.721261225917,0.275051907265));
#11886 = CARTESIAN_POINT('',(86.737433559531,0.233545241499));
#11887 = CARTESIAN_POINT('',(86.745476158637,0.212791909786));
#11888 = CARTESIAN_POINT('',(86.753475541696,0.192038577346));
#11889 = CARTESIAN_POINT('',(86.761432057833,0.171285244226));
#11890 = CARTESIAN_POINT('',(86.769346054397,0.15053191047));
#11891 = CARTESIAN_POINT('',(86.785127612637,0.108925287359));
#11892 = CARTESIAN_POINT('',(86.792994766991,8.807199799836E-02));
#11893 = CARTESIAN_POINT('',(86.800819690588,6.72187080798E-02));
#11894 = CARTESIAN_POINT('',(86.808602731689,4.636541764299E-02));
#11895 = CARTESIAN_POINT('',(86.816344236251,2.551212672593E-02));
#11896 = CARTESIAN_POINT('',(86.824044547933,4.658835364568E-03));
#11897 = ( GEOMETRIC_REPRESENTATION_CONTEXT(2) 
PARAMETRIC_REPRESENTATION_CONTEXT() REPRESENTATION_CONTEXT('2D SPACE',''
  ) );
#11898 = ORIENTED_EDGE('',*,*,#10091,.F.);
#11899 = ORIENTED_EDGE('',*,*,#7758,.T.);
#11900 = ORIENTED_EDGE('',*,*,#11901,.T.);
#11901 = EDGE_CURVE('',#7730,#11902,#11904,.T.);
#11902 = VERTEX_POINT('',#11903);
#11903 = CARTESIAN_POINT('',(-41.58438425085,375.85781431603,
    297.50279060418));
#11904 = SURFACE_CURVE('',#11905,(#11911,#11920),.PCURVE_S1.);
#11905 = B_SPLINE_CURVE_WITH_KNOTS('',4,(#11906,#11907,#11908,#11909,
    #11910),.UNSPECIFIED.,.F.,.F.,(5,5),(0.,1.),
  .PIECEWISE_BEZIER_KNOTS.);
#11906 = CARTESIAN_POINT('',(-41.58438425085,367.45320842301,
    292.68071300073));
#11907 = CARTESIAN_POINT('',(-41.58438425085,369.58476702185,
    293.91778054217));
#11908 = CARTESIAN_POINT('',(-41.58438425085,371.71975625993,
    295.14730140873));
#11909 = CARTESIAN_POINT('',(-41.58438425085,373.85816981786,
    296.36920298961));
#11910 = CARTESIAN_POINT('',(-41.58438425085,376.,297.58341194233));
#11911 = PCURVE('',#7856,#11912);
#11912 = DEFINITIONAL_REPRESENTATION('',(#11913),#11919);
#11913 = B_SPLINE_CURVE_WITH_KNOTS('',4,(#11914,#11915,#11916,#11917,
    #11918),.UNSPECIFIED.,.F.,.F.,(5,5),(0.,1.),
  .PIECEWISE_BEZIER_KNOTS.);
#11914 = CARTESIAN_POINT('',(40.036160368515,0.586767165173));
#11915 = CARTESIAN_POINT('',(41.163540031291,0.603591625843));
#11916 = CARTESIAN_POINT('',(42.292713837433,0.620443130437));
#11917 = CARTESIAN_POINT('',(43.423677700719,0.637321628087));
#11918 = CARTESIAN_POINT('',(44.556426757409,0.654227057023));
#11919 = ( GEOMETRIC_REPRESENTATION_CONTEXT(2) 
PARAMETRIC_REPRESENTATION_CONTEXT() REPRESENTATION_CONTEXT('2D SPACE',''
  ) );
#11920 = PCURVE('',#7746,#11921);
#11921 = DEFINITIONAL_REPRESENTATION('',(#11922),#11928);
#11922 = B_SPLINE_CURVE_WITH_KNOTS('',4,(#11923,#11924,#11925,#11926,
    #11927),.UNSPECIFIED.,.F.,.F.,(5,5),(0.,1.),
  .PIECEWISE_BEZIER_KNOTS.);
#11923 = CARTESIAN_POINT('',(3.019286999265,-2.953208423013));
#11924 = CARTESIAN_POINT('',(1.782219457827,-5.084767021855));
#11925 = CARTESIAN_POINT('',(0.552698591267,-7.219756259932));
#11926 = CARTESIAN_POINT('',(-0.669202989618,-9.358169817867));
#11927 = CARTESIAN_POINT('',(-1.883411942339,-11.5));
#11928 = ( GEOMETRIC_REPRESENTATION_CONTEXT(2) 
PARAMETRIC_REPRESENTATION_CONTEXT() REPRESENTATION_CONTEXT('2D SPACE',''
  ) );
#11929 = ORIENTED_EDGE('',*,*,#11930,.T.);
#11930 = EDGE_CURVE('',#11902,#9691,#11931,.T.);
#11931 = SURFACE_CURVE('',#11932,(#11956,#11983),.PCURVE_S1.);
#11932 = B_SPLINE_CURVE_WITH_KNOTS('',8,(#11933,#11934,#11935,#11936,
    #11937,#11938,#11939,#11940,#11941,#11942,#11943,#11944,#11945,
    #11946,#11947,#11948,#11949,#11950,#11951,#11952,#11953,#11954,
    #11955),.UNSPECIFIED.,.F.,.F.,(9,7,7,9),(0.,0.573767670152,
    0.763394657644,1.),.UNSPECIFIED.);
#11933 = CARTESIAN_POINT('',(-41.58438365085,375.85781516864,
    297.50278523263));
#11934 = CARTESIAN_POINT('',(-41.67657752651,375.7268065067,
    298.32815929316));
#11935 = CARTESIAN_POINT('',(-41.77171071391,375.5270853581,
    299.14367703024));
#11936 = CARTESIAN_POINT('',(-41.86960060709,375.25858319473,
    299.94790776404));
#11937 = CARTESIAN_POINT('',(-41.97001948698,374.91968280873,
    300.73809727308));
#11938 = CARTESIAN_POINT('',(-42.07266797461,374.50806674961,
    301.51039952071));
#11939 = CARTESIAN_POINT('',(-42.17717895819,374.02035822668,
    302.25970688676));
#11940 = CARTESIAN_POINT('',(-42.28310514656,373.45263196607,
    302.97979064688));
#11941 = CARTESIAN_POINT('',(-42.42531029399,372.58114151123,
    303.88797328109));
#11942 = CARTESIAN_POINT('',(-42.46072273989,372.35522502553,
    304.10937051053));
#11943 = CARTESIAN_POINT('',(-42.4962018415,372.11965458418,
    304.32624639074));
#11944 = CARTESIAN_POINT('',(-42.53171947768,371.87421860892,
    304.53821668046));
#11945 = CARTESIAN_POINT('',(-42.56724149377,371.61871364626,
    304.74484128366));
#11946 = CARTESIAN_POINT('',(-42.60272771136,371.35294667394,
    304.94562514102));
#11947 = CARTESIAN_POINT('',(-42.63813193725,371.07673542956,
    305.14001793049));
#11948 = CARTESIAN_POINT('',(-42.71740983533,370.43201890944,
    305.56123253686));
#11949 = CARTESIAN_POINT('',(-42.76119934224,370.05767786419,
    305.78410714696));
#11950 = CARTESIAN_POINT('',(-42.80467468087,369.66651563701,
    305.99489426722));
#11951 = CARTESIAN_POINT('',(-42.84770379799,369.25834901372,
    306.19219158366));
#11952 = CARTESIAN_POINT('',(-42.89012068504,368.83323320803,
    306.37438565985));
#11953 = CARTESIAN_POINT('',(-42.93172743214,368.39151164488,
    306.53969583968));
#11954 = CARTESIAN_POINT('',(-42.97229710931,367.93388472748,
    306.68623740096));
#11955 = CARTESIAN_POINT('',(-43.01157853453,367.46152044144,
    306.81212835936));
#11956 = PCURVE('',#7856,#11957);
#11957 = DEFINITIONAL_REPRESENTATION('',(#11958),#11982);
#11958 = B_SPLINE_CURVE_WITH_KNOTS('',8,(#11959,#11960,#11961,#11962,
    #11963,#11964,#11965,#11966,#11967,#11968,#11969,#11970,#11971,
    #11972,#11973,#11974,#11975,#11976,#11977,#11978,#11979,#11980,
    #11981),.UNSPECIFIED.,.F.,.F.,(9,7,7,9),(0.,0.573767670152,
    0.763394657644,1.),.UNSPECIFIED.);
#11959 = CARTESIAN_POINT('',(44.481222767671,0.653104794555));
#11960 = CARTESIAN_POINT('',(45.442639745436,0.652066447659));
#11961 = CARTESIAN_POINT('',(46.40057641243,0.650485619156));
#11962 = CARTESIAN_POINT('',(47.352954874553,0.648361778565));
#11963 = CARTESIAN_POINT('',(48.296373754163,0.64568217382));
#11964 = CARTESIAN_POINT('',(49.22626012732,0.642428529244));
#11965 = CARTESIAN_POINT('',(50.13672347996,0.638574211014));
#11966 = CARTESIAN_POINT('',(51.020686752098,0.634088259783));
#11967 = CARTESIAN_POINT('',(52.149579505088,0.627203043081));
#11968 = CARTESIAN_POINT('',(52.425995980685,0.625418256588));
#11969 = CARTESIAN_POINT('',(52.698051563553,0.623557270013));
#11970 = CARTESIAN_POINT('',(52.965319942768,0.621618414744));
#11971 = CARTESIAN_POINT('',(53.227311650123,0.619600086571));
#11972 = CARTESIAN_POINT('',(53.483475388515,0.617500763889));
#11973 = CARTESIAN_POINT('',(53.733198306531,0.615319010291));
#11974 = CARTESIAN_POINT('',(54.278515779594,0.610226643782));
#11975 = CARTESIAN_POINT('',(54.570082724495,0.607269974127));
#11976 = CARTESIAN_POINT('',(54.8492402248,0.604180552556));
#11977 = CARTESIAN_POINT('',(55.114415002482,0.600956939106));
#11978 = CARTESIAN_POINT('',(55.363780269926,0.597599577234));
#11979 = CARTESIAN_POINT('',(55.595305025877,0.594111186641));
#11980 = CARTESIAN_POINT('',(55.806822641966,0.590497305891));
#11981 = CARTESIAN_POINT('',(55.996142673743,0.586767165173));
#11982 = ( GEOMETRIC_REPRESENTATION_CONTEXT(2) 
PARAMETRIC_REPRESENTATION_CONTEXT() REPRESENTATION_CONTEXT('2D SPACE',''
  ) );
#11983 = PCURVE('',#10058,#11984);
#11984 = DEFINITIONAL_REPRESENTATION('',(#11985),#12009);
#11985 = B_SPLINE_CURVE_WITH_KNOTS('',8,(#11986,#11987,#11988,#11989,
    #11990,#11991,#11992,#11993,#11994,#11995,#11996,#11997,#11998,
    #11999,#12000,#12001,#12002,#12003,#12004,#12005,#12006,#12007,
    #12008),.UNSPECIFIED.,.F.,.F.,(9,7,7,9),(0.,0.573767670152,
    0.763394657644,1.),.UNSPECIFIED.);
#11986 = CARTESIAN_POINT('',(4.554975763791,-6.E-07));
#11987 = CARTESIAN_POINT('',(4.482305620082,9.21932756614E-02));
#11988 = CARTESIAN_POINT('',(4.409545128866,0.18732646306));
#11989 = CARTESIAN_POINT('',(4.33623264594,0.285216356232));
#11990 = CARTESIAN_POINT('',(4.26198731345,0.385635236129));
#11991 = CARTESIAN_POINT('',(4.186453395135,0.488283723759));
#11992 = CARTESIAN_POINT('',(4.109229328882,0.592794707335));
#11993 = CARTESIAN_POINT('',(4.0298686634,0.698720895709));
#11994 = CARTESIAN_POINT('',(3.920417677056,0.840926043141));
#11995 = CARTESIAN_POINT('',(3.892925022577,0.876338489033));
#11996 = CARTESIAN_POINT('',(3.865104199532,0.911817590646));
#11997 = CARTESIAN_POINT('',(3.83693304393,0.947335226823));
#11998 = CARTESIAN_POINT('',(3.808389917064,0.98285724292));
#11999 = CARTESIAN_POINT('',(3.779453144511,1.018343460512));
#12000 = CARTESIAN_POINT('',(3.750100308761,1.053747686396));
#12001 = CARTESIAN_POINT('',(3.683133559913,1.133025584476));
#12002 = CARTESIAN_POINT('',(3.645282541817,1.176815091387));
#12003 = CARTESIAN_POINT('',(3.606703637577,1.220290430021));
#12004 = CARTESIAN_POINT('',(3.567359838539,1.263319547136));
#12005 = CARTESIAN_POINT('',(3.527226965957,1.305736434186));
#12006 = CARTESIAN_POINT('',(3.486292983207,1.347343181288));
#12007 = CARTESIAN_POINT('',(3.444559946111,1.387912858453));
#12008 = CARTESIAN_POINT('',(3.402051052157,1.427194283679));
#12009 = ( GEOMETRIC_REPRESENTATION_CONTEXT(2) 
PARAMETRIC_REPRESENTATION_CONTEXT() REPRESENTATION_CONTEXT('2D SPACE',''
  ) );
#12010 = ADVANCED_FACE('',(#12011),#7746,.F.);
#12011 = FACE_BOUND('',#12012,.F.);
#12012 = EDGE_LOOP('',(#12013,#12014,#12036,#12037));
#12013 = ORIENTED_EDGE('',*,*,#10069,.F.);
#12014 = ORIENTED_EDGE('',*,*,#12015,.T.);
#12015 = EDGE_CURVE('',#10044,#11902,#12016,.T.);
#12016 = SURFACE_CURVE('',#12017,(#12022,#12029),.PCURVE_S1.);
#12017 = CIRCLE('',#12018,11.5);
#12018 = AXIS2_PLACEMENT_3D('',#12019,#12020,#12021);
#12019 = CARTESIAN_POINT('',(-41.58438425085,364.5,295.7));
#12020 = DIRECTION('',(-1.,0.,0.));
#12021 = DIRECTION('',(0.,0.,-1.));
#12022 = PCURVE('',#7746,#12023);
#12023 = DEFINITIONAL_REPRESENTATION('',(#12024),#12028);
#12024 = CIRCLE('',#12025,11.5);
#12025 = AXIS2_PLACEMENT_2D('',#12026,#12027);
#12026 = CARTESIAN_POINT('',(0.,0.));
#12027 = DIRECTION('',(1.,0.));
#12028 = ( GEOMETRIC_REPRESENTATION_CONTEXT(2) 
PARAMETRIC_REPRESENTATION_CONTEXT() REPRESENTATION_CONTEXT('2D SPACE',''
  ) );
#12029 = PCURVE('',#10058,#12030);
#12030 = DEFINITIONAL_REPRESENTATION('',(#12031),#12035);
#12031 = LINE('',#12032,#12033);
#12032 = CARTESIAN_POINT('',(0.,0.));
#12033 = VECTOR('',#12034,1.);
#12034 = DIRECTION('',(1.,0.));
#12035 = ( GEOMETRIC_REPRESENTATION_CONTEXT(2) 
PARAMETRIC_REPRESENTATION_CONTEXT() REPRESENTATION_CONTEXT('2D SPACE',''
  ) );
#12036 = ORIENTED_EDGE('',*,*,#11901,.F.);
#12037 = ORIENTED_EDGE('',*,*,#7729,.F.);
#12038 = ADVANCED_FACE('',(#12039),#8370,.F.);
#12039 = FACE_BOUND('',#12040,.F.);
#12040 = EDGE_LOOP('',(#12041,#12070,#12092,#12093));
#12041 = ORIENTED_EDGE('',*,*,#12042,.T.);
#12042 = EDGE_CURVE('',#8163,#12043,#12045,.T.);
#12043 = VERTEX_POINT('',#12044);
#12044 = CARTESIAN_POINT('',(41.584384250857,375.85781431603,
    297.50279060418));
#12045 = SURFACE_CURVE('',#12046,(#12052,#12061),.PCURVE_S1.);
#12046 = B_SPLINE_CURVE_WITH_KNOTS('',4,(#12047,#12048,#12049,#12050,
    #12051),.UNSPECIFIED.,.F.,.F.,(5,5),(0.,1.),
  .PIECEWISE_BEZIER_KNOTS.);
#12047 = CARTESIAN_POINT('',(41.584384250857,367.45320842301,
    292.68071300073));
#12048 = CARTESIAN_POINT('',(41.584384250857,369.58476702185,
    293.91778054217));
#12049 = CARTESIAN_POINT('',(41.584384250857,371.71975625993,
    295.14730140873));
#12050 = CARTESIAN_POINT('',(41.584384250857,373.85816981786,
    296.36920298961));
#12051 = CARTESIAN_POINT('',(41.584384250857,376.,297.58341194233));
#12052 = PCURVE('',#8370,#12053);
#12053 = DEFINITIONAL_REPRESENTATION('',(#12054),#12060);
#12054 = B_SPLINE_CURVE_WITH_KNOTS('',4,(#12055,#12056,#12057,#12058,
    #12059),.UNSPECIFIED.,.F.,.F.,(5,5),(0.,1.),
  .PIECEWISE_BEZIER_KNOTS.);
#12055 = CARTESIAN_POINT('',(-3.019286999265,-2.953208423013));
#12056 = CARTESIAN_POINT('',(-1.782219457827,-5.084767021855));
#12057 = CARTESIAN_POINT('',(-0.552698591267,-7.219756259932));
#12058 = CARTESIAN_POINT('',(0.669202989618,-9.358169817867));
#12059 = CARTESIAN_POINT('',(1.883411942339,-11.5));
#12060 = ( GEOMETRIC_REPRESENTATION_CONTEXT(2) 
PARAMETRIC_REPRESENTATION_CONTEXT() REPRESENTATION_CONTEXT('2D SPACE',''
  ) );
#12061 = PCURVE('',#8272,#12062);
#12062 = DEFINITIONAL_REPRESENTATION('',(#12063),#12069);
#12063 = B_SPLINE_CURVE_WITH_KNOTS('',4,(#12064,#12065,#12066,#12067,
    #12068),.UNSPECIFIED.,.F.,.F.,(5,5),(0.,1.),
  .PIECEWISE_BEZIER_KNOTS.);
#12064 = CARTESIAN_POINT('',(94.112635082656,0.586767165173));
#12065 = CARTESIAN_POINT('',(92.985255419879,0.603591625843));
#12066 = CARTESIAN_POINT('',(91.856081613738,0.620443130437));
#12067 = CARTESIAN_POINT('',(90.725117750451,0.637321628087));
#12068 = CARTESIAN_POINT('',(89.592368693762,0.654227057023));
#12069 = ( GEOMETRIC_REPRESENTATION_CONTEXT(2) 
PARAMETRIC_REPRESENTATION_CONTEXT() REPRESENTATION_CONTEXT('2D SPACE',''
  ) );
#12070 = ORIENTED_EDGE('',*,*,#12071,.T.);
#12071 = EDGE_CURVE('',#12043,#10864,#12072,.T.);
#12072 = SURFACE_CURVE('',#12073,(#12078,#12085),.PCURVE_S1.);
#12073 = CIRCLE('',#12074,11.5);
#12074 = AXIS2_PLACEMENT_3D('',#12075,#12076,#12077);
#12075 = CARTESIAN_POINT('',(41.584384250857,364.5,295.7));
#12076 = DIRECTION('',(1.,0.,0.));
#12077 = DIRECTION('',(-0.,0.,1.));
#12078 = PCURVE('',#8370,#12079);
#12079 = DEFINITIONAL_REPRESENTATION('',(#12080),#12084);
#12080 = CIRCLE('',#12081,11.5);
#12081 = AXIS2_PLACEMENT_2D('',#12082,#12083);
#12082 = CARTESIAN_POINT('',(0.,0.));
#12083 = DIRECTION('',(1.,0.));
#12084 = ( GEOMETRIC_REPRESENTATION_CONTEXT(2) 
PARAMETRIC_REPRESENTATION_CONTEXT() REPRESENTATION_CONTEXT('2D SPACE',''
  ) );
#12085 = PCURVE('',#10899,#12086);
#12086 = DEFINITIONAL_REPRESENTATION('',(#12087),#12091);
#12087 = LINE('',#12088,#12089);
#12088 = CARTESIAN_POINT('',(0.,0.));
#12089 = VECTOR('',#12090,1.);
#12090 = DIRECTION('',(1.,0.));
#12091 = ( GEOMETRIC_REPRESENTATION_CONTEXT(2) 
PARAMETRIC_REPRESENTATION_CONTEXT() REPRESENTATION_CONTEXT('2D SPACE',''
  ) );
#12092 = ORIENTED_EDGE('',*,*,#10863,.F.);
#12093 = ORIENTED_EDGE('',*,*,#8353,.F.);
#12094 = ADVANCED_FACE('',(#12095),#8272,.F.);
#12095 = FACE_BOUND('',#12096,.F.);
#12096 = EDGE_LOOP('',(#12097,#12098,#12251,#12252,#12684,#12685,#12766,
    #12767));
#12097 = ORIENTED_EDGE('',*,*,#10500,.F.);
#12098 = ORIENTED_EDGE('',*,*,#12099,.F.);
#12099 = EDGE_CURVE('',#8464,#10445,#12100,.T.);
#12100 = SURFACE_CURVE('',#12101,(#12149,#12200),.PCURVE_S1.);
#12101 = B_SPLINE_CURVE_WITH_KNOTS('',6,(#12102,#12103,#12104,#12105,
    #12106,#12107,#12108,#12109,#12110,#12111,#12112,#12113,#12114,
    #12115,#12116,#12117,#12118,#12119,#12120,#12121,#12122,#12123,
    #12124,#12125,#12126,#12127,#12128,#12129,#12130,#12131,#12132,
    #12133,#12134,#12135,#12136,#12137,#12138,#12139,#12140,#12141,
    #12142,#12143,#12144,#12145,#12146,#12147,#12148),.UNSPECIFIED.,.F.,
  .F.,(7,5,5,5,5,5,5,5,5,7),(0.,7.337938041206E-03,0.127336236132,
    0.252135028749,0.37693436044,0.50133418398,0.626134139177,
    0.750934064585,0.875733966574,1.),.UNSPECIFIED.);
#12102 = CARTESIAN_POINT('',(35.864422836418,420.00000114686,
    269.38483558041));
#12103 = CARTESIAN_POINT('',(35.871661733816,419.84508897529,
    269.35833710786));
#12104 = CARTESIAN_POINT('',(35.878900788394,419.690176803,
    269.3318386352));
#12105 = CARTESIAN_POINT('',(35.886139975897,419.53526462087,
    269.30534016085));
#12106 = CARTESIAN_POINT('',(35.893379104508,419.38035244572,
    269.2788416877));
#12107 = CARTESIAN_POINT('',(35.900618368017,419.22544026549,
    269.25234321367));
#12108 = CARTESIAN_POINT('',(36.026243110876,416.53722814049,
    268.79251159129));
#12109 = CARTESIAN_POINT('',(36.144645476588,414.00392787492,
    268.35917838806));
#12110 = CARTESIAN_POINT('',(36.263064443941,411.4706273026,
    267.92584513235));
#12111 = CARTESIAN_POINT('',(36.381499691839,408.93732643731,
    267.49251182653));
#12112 = CARTESIAN_POINT('',(36.499950910021,406.4040252921,
    267.05917847283));
#12113 = CARTESIAN_POINT('',(36.741623919082,401.23607853288,
    266.17517630627));
#12114 = CARTESIAN_POINT('',(36.864846988561,398.60143289707,
    265.72450748968));
#12115 = CARTESIAN_POINT('',(36.988086670662,395.9667869858,
    265.27383862597));
#12116 = CARTESIAN_POINT('',(37.11134263969,393.33214081226,
    264.8231697174));
#12117 = CARTESIAN_POINT('',(37.234614581092,390.69749438895,
    264.3725007661));
#12118 = CARTESIAN_POINT('',(37.481190334368,385.4281896859,
    263.47116083541));
#12119 = CARTESIAN_POINT('',(37.604494146107,382.79353140618,
    263.02048985602));
#12120 = CARTESIAN_POINT('',(37.727813323212,380.15887290032,
    262.56981883794));
#12121 = CARTESIAN_POINT('',(37.851147572016,377.52421417953,
    262.1191477831));
#12122 = CARTESIAN_POINT('',(37.974496608654,374.88955525443,
    261.66847669331));
#12123 = CARTESIAN_POINT('',(38.220828797542,369.62867109759,
    260.76857713758));
#12124 = CARTESIAN_POINT('',(38.343811856789,367.00244586714,
    260.31934867185));
#12125 = CARTESIAN_POINT('',(38.466809065313,364.3762204536,
    259.87012017481));
#12126 = CARTESIAN_POINT('',(38.589820160165,361.74999486644,
    259.42089164806));
#12127 = CARTESIAN_POINT('',(38.712844886933,359.1237691146,
    258.97166309315));
#12128 = CARTESIAN_POINT('',(38.959316864265,353.86287005078,
    258.07176098751));
#12129 = CARTESIAN_POINT('',(39.08276420088,351.22819673782,
    257.62108743661));
#12130 = CARTESIAN_POINT('',(39.206224761299,348.59352327621,
    257.17041386028));
#12131 = CARTESIAN_POINT('',(39.329698304886,345.95884967406,
    256.71974025991));
#12132 = CARTESIAN_POINT('',(39.453184598658,343.32417593909,
    256.26906663682));
#12133 = CARTESIAN_POINT('',(39.700182206435,338.05482884691,
    255.36771945527));
#12134 = CARTESIAN_POINT('',(39.823693520261,335.42015548973,
    254.9170458968));
#12135 = CARTESIAN_POINT('',(39.947217133407,332.7854820143,
    254.46637231811));
#12136 = CARTESIAN_POINT('',(40.070752827306,330.15080842754,
    254.01569872037));
#12137 = CARTESIAN_POINT('',(40.194300390184,327.51613473601,
    253.56502510472));
#12138 = CARTESIAN_POINT('',(40.441418820744,322.24678765024,
    252.66367792426));
#12139 = CARTESIAN_POINT('',(40.564989688272,319.61211425603,
    252.21300435946));
#12140 = CARTESIAN_POINT('',(40.688572014633,316.97744076947,
    251.76233077886));
#12141 = CARTESIAN_POINT('',(40.812165600864,314.34276719648,
    251.31165718348));
#12142 = CARTESIAN_POINT('',(40.935770254045,311.70809354265,
    250.86098357428));
#12143 = CARTESIAN_POINT('',(41.182472518479,306.4500166815,
    249.96156421998));
#12144 = CARTESIAN_POINT('',(41.305570036717,303.82661347483,
    249.512818475));
#12145 = CARTESIAN_POINT('',(41.428678157502,301.2032101985,
    249.06407271811));
#12146 = CARTESIAN_POINT('',(41.551796701625,298.57980685749,
    248.61532695016));
#12147 = CARTESIAN_POINT('',(41.674925495178,295.9564034565,
    248.16658117194));
#12148 = CARTESIAN_POINT('',(41.798064369556,293.333,247.71783538423));
#12149 = PCURVE('',#8272,#12150);
#12150 = DEFINITIONAL_REPRESENTATION('',(#12151),#12199);
#12151 = B_SPLINE_CURVE_WITH_KNOTS('',6,(#12152,#12153,#12154,#12155,
    #12156,#12157,#12158,#12159,#12160,#12161,#12162,#12163,#12164,
    #12165,#12166,#12167,#12168,#12169,#12170,#12171,#12172,#12173,
    #12174,#12175,#12176,#12177,#12178,#12179,#12180,#12181,#12182,
    #12183,#12184,#12185,#12186,#12187,#12188,#12189,#12190,#12191,
    #12192,#12193,#12194,#12195,#12196,#12197,#12198),.UNSPECIFIED.,.F.,
  .F.,(7,5,5,5,5,5,5,5,5,7),(0.,7.337938041206E-03,0.127336236132,
    0.252135028749,0.37693436044,0.50133418398,0.626134139177,
    0.750934064585,0.875733966574,1.),.UNSPECIFIED.);
#12152 = CARTESIAN_POINT('',(130.2748101914,1.001800047768));
#12153 = CARTESIAN_POINT('',(130.27577981319,1.000577011773));
#12154 = CARTESIAN_POINT('',(130.27674812224,0.999353916848));
#12155 = CARTESIAN_POINT('',(130.27771374868,0.998130715468));
#12156 = CARTESIAN_POINT('',(130.27868137434,0.99690765561));
#12157 = CARTESIAN_POINT('',(130.27964709206,0.995684519699));
#12158 = CARTESIAN_POINT('',(130.29640037595,0.974459562338));
#12159 = CARTESIAN_POINT('',(130.31203616725,0.95445774438));
#12160 = CARTESIAN_POINT('',(130.32752258439,0.93445594609));
#12161 = CARTESIAN_POINT('',(130.34286223532,0.914454167151));
#12162 = CARTESIAN_POINT('',(130.35805765023,0.894452407257));
#12163 = CARTESIAN_POINT('',(130.38876712854,0.853648761539));
#12164 = CARTESIAN_POINT('',(130.40426962285,0.832846877244));
#12165 = CARTESIAN_POINT('',(130.41962152307,0.812045012889));
#12166 = CARTESIAN_POINT('',(130.43482550639,0.791243168147));
#12167 = CARTESIAN_POINT('',(130.44988416853,0.770441342699));
#12168 = CARTESIAN_POINT('',(130.47971594337,0.728837639922));
#12169 = CARTESIAN_POINT('',(130.49448905656,0.708035762593));
#12170 = CARTESIAN_POINT('',(130.50912187782,0.687233903941));
#12171 = CARTESIAN_POINT('',(130.52361684878,0.666432063666));
#12172 = CARTESIAN_POINT('',(130.53797633819,0.645630241476));
#12173 = CARTESIAN_POINT('',(130.56638340421,0.604093223522));
#12174 = CARTESIAN_POINT('',(130.58043183367,0.583358027644));
#12175 = CARTESIAN_POINT('',(130.59435020432,0.562622849171));
#12176 = CARTESIAN_POINT('',(130.6081407257,0.54188768783));
#12177 = CARTESIAN_POINT('',(130.62180554286,0.521152543354));
#12178 = CARTESIAN_POINT('',(130.64893148491,0.479615593137));
#12179 = CARTESIAN_POINT('',(130.66239181459,0.458813787503));
#12180 = CARTESIAN_POINT('',(130.67572982614,0.43801199832));
#12181 = CARTESIAN_POINT('',(130.68894756169,0.417210225333));
#12182 = CARTESIAN_POINT('',(130.70204700463,0.396408468293));
#12183 = CARTESIAN_POINT('',(130.72801315164,0.35480499059));
#12184 = CARTESIAN_POINT('',(130.74087985695,0.334003269927));
#12185 = CARTESIAN_POINT('',(130.75363212047,0.313201564728));
#12186 = CARTESIAN_POINT('',(130.76627181428,0.292399874758));
#12187 = CARTESIAN_POINT('',(130.77880075761,0.271598199787));
#12188 = CARTESIAN_POINT('',(130.80364067389,0.229994883303));
#12189 = CARTESIAN_POINT('',(130.81595164791,0.209193241789));
#12190 = CARTESIAN_POINT('',(130.82815540557,0.188391614828));
#12191 = CARTESIAN_POINT('',(130.84025366583,0.167590002202));
#12192 = CARTESIAN_POINT('',(130.85224810009,0.1467884037));
#12193 = CARTESIAN_POINT('',(130.87598169163,0.105274219472));
#12194 = CARTESIAN_POINT('',(130.88772172235,8.456163362669E-02));
#12195 = CARTESIAN_POINT('',(130.89936202746,6.384906137603E-02));
#12196 = CARTESIAN_POINT('',(130.91090416789,4.313650252082E-02));
#12197 = CARTESIAN_POINT('',(130.9223496623,2.242395686719E-02));
#12198 = CARTESIAN_POINT('',(130.93369998711,1.711424226259E-03));
#12199 = ( GEOMETRIC_REPRESENTATION_CONTEXT(2) 
PARAMETRIC_REPRESENTATION_CONTEXT() REPRESENTATION_CONTEXT('2D SPACE',''
  ) );
#12200 = PCURVE('',#8537,#12201);
#12201 = DEFINITIONAL_REPRESENTATION('',(#12202),#12250);
#12202 = B_SPLINE_CURVE_WITH_KNOTS('',6,(#12203,#12204,#12205,#12206,
    #12207,#12208,#12209,#12210,#12211,#12212,#12213,#12214,#12215,
    #12216,#12217,#12218,#12219,#12220,#12221,#12222,#12223,#12224,
    #12225,#12226,#12227,#12228,#12229,#12230,#12231,#12232,#12233,
    #12234,#12235,#12236,#12237,#12238,#12239,#12240,#12241,#12242,
    #12243,#12244,#12245,#12246,#12247,#12248,#12249),.UNSPECIFIED.,.F.,
  .F.,(7,5,5,5,5,5,5,5,5,7),(0.,7.337938041206E-03,0.127336236132,
    0.252135028749,0.37693436044,0.50133418398,0.626134139177,
    0.750934064585,0.875733966574,1.),.UNSPECIFIED.);
#12203 = CARTESIAN_POINT('',(3.588292249633,1.0046588058));
#12204 = CARTESIAN_POINT('',(3.587730837292,1.003435838467));
#12205 = CARTESIAN_POINT('',(3.58716954585,1.002212863493));
#12206 = CARTESIAN_POINT('',(3.586608351906,1.000989888944));
#12207 = CARTESIAN_POINT('',(3.586047623337,0.999766891782));
#12208 = CARTESIAN_POINT('',(3.585486918582,0.998543906184));
#12209 = CARTESIAN_POINT('',(3.575760608709,0.977321234731));
#12210 = CARTESIAN_POINT('',(3.566642934345,0.957321548423));
#12211 = CARTESIAN_POINT('',(3.557573118248,0.937321859693));
#12212 = CARTESIAN_POINT('',(3.548550870871,0.91732216865));
#12213 = CARTESIAN_POINT('',(3.539575897443,0.897322475398));
#12214 = CARTESIAN_POINT('',(3.521362736645,0.856523003087));
#12215 = CARTESIAN_POINT('',(3.51212838323,0.835723223856));
#12216 = CARTESIAN_POINT('',(3.502944500316,0.814923442451));
#12217 = CARTESIAN_POINT('',(3.493810746582,0.794123658975));
#12218 = CARTESIAN_POINT('',(3.484726776784,0.773323873527));
#12219 = CARTESIAN_POINT('',(3.466657667706,0.731724209029));
#12220 = CARTESIAN_POINT('',(3.457672529208,0.710924329978));
#12221 = CARTESIAN_POINT('',(3.448736477189,0.690124449142));
#12222 = CARTESIAN_POINT('',(3.43984916042,0.669324566609));
#12223 = CARTESIAN_POINT('',(3.431010225519,0.648524682463));
#12224 = CARTESIAN_POINT('',(3.413456549864,0.606991495786));
#12225 = CARTESIAN_POINT('',(3.404741502393,0.586258193265));
#12226 = CARTESIAN_POINT('',(3.396073822475,0.565524889298));
#12227 = CARTESIAN_POINT('',(3.387453157289,0.544791583961));
#12228 = CARTESIAN_POINT('',(3.378879153256,0.524058277323));
#12229 = CARTESIAN_POINT('',(3.361796329494,0.48252497296));
#12230 = CARTESIAN_POINT('',(3.353287808353,0.461724975226));
#12231 = CARTESIAN_POINT('',(3.344825534893,0.440924976319));
#12232 = CARTESIAN_POINT('',(3.336409151711,0.420124976302));
#12233 = CARTESIAN_POINT('',(3.328038301712,0.399324975236));
#12234 = CARTESIAN_POINT('',(3.311386956493,0.357724976087));
#12235 = CARTESIAN_POINT('',(3.303106461421,0.336924978004));
#12236 = CARTESIAN_POINT('',(3.294870786156,0.316124978988));
#12237 = CARTESIAN_POINT('',(3.286679575112,0.295324979092));
#12238 = CARTESIAN_POINT('',(3.27853247385,0.27452497837));
#12239 = CARTESIAN_POINT('',(3.26232578583,0.232924979271));
#12240 = CARTESIAN_POINT('',(3.254266199186,0.212124980896));
#12241 = CARTESIAN_POINT('',(3.246250015897,0.191324981792));
#12242 = CARTESIAN_POINT('',(3.238276884506,0.170524982005));
#12243 = CARTESIAN_POINT('',(3.23034645535,0.14972498158));
#12244 = CARTESIAN_POINT('',(3.214604049344,0.108213957705));
#12245 = CARTESIAN_POINT('',(3.206791710999,8.750293426037E-02));
#12246 = CARTESIAN_POINT('',(3.199021022129,6.679191026575E-02));
#12247 = CARTESIAN_POINT('',(3.191291641584,4.608088576042E-02));
#12248 = CARTESIAN_POINT('',(3.183603230453,2.536986078163E-02));
#12249 = CARTESIAN_POINT('',(3.175955452067,4.658835364568E-03));
#12250 = ( GEOMETRIC_REPRESENTATION_CONTEXT(2) 
PARAMETRIC_REPRESENTATION_CONTEXT() REPRESENTATION_CONTEXT('2D SPACE',''
  ) );
#12251 = ORIENTED_EDGE('',*,*,#9198,.T.);
#12252 = ORIENTED_EDGE('',*,*,#12253,.F.);
#12253 = EDGE_CURVE('',#9670,#9173,#12254,.T.);
#12254 = SURFACE_CURVE('',#12255,(#12396,#12540),.PCURVE_S1.);
#12255 = B_SPLINE_CURVE_WITH_KNOTS('',4,(#12256,#12257,#12258,#12259,
    #12260,#12261,#12262,#12263,#12264,#12265,#12266,#12267,#12268,
    #12269,#12270,#12271,#12272,#12273,#12274,#12275,#12276,#12277,
    #12278,#12279,#12280,#12281,#12282,#12283,#12284,#12285,#12286,
    #12287,#12288,#12289,#12290,#12291,#12292,#12293,#12294,#12295,
    #12296,#12297,#12298,#12299,#12300,#12301,#12302,#12303,#12304,
    #12305,#12306,#12307,#12308,#12309,#12310,#12311,#12312,#12313,
    #12314,#12315,#12316,#12317,#12318,#12319,#12320,#12321,#12322,
    #12323,#12324,#12325,#12326,#12327,#12328,#12329,#12330,#12331,
    #12332,#12333,#12334,#12335,#12336,#12337,#12338,#12339,#12340,
    #12341,#12342,#12343,#12344,#12345,#12346,#12347,#12348,#12349,
    #12350,#12351,#12352,#12353,#12354,#12355,#12356,#12357,#12358,
    #12359,#12360,#12361,#12362,#12363,#12364,#12365,#12366,#12367,
    #12368,#12369,#12370,#12371,#12372,#12373,#12374,#12375,#12376,
    #12377,#12378,#12379,#12380,#12381,#12382,#12383,#12384,#12385,
    #12386,#12387,#12388,#12389,#12390,#12391,#12392,#12393,#12394,
    #12395),.UNSPECIFIED.,.F.,.F.,(5,3,3,3,3,3,3,3,3,3,3,3,3,3,3,3,3,3,3
    ,3,3,3,3,3,3,3,3,3,3,3,3,3,3,3,3,3,3,3,3,3,3,3,3,3,3,3,5),(0.,
    3.410542276785E-02,4.411113211759E-02,5.171547278376E-02,
    5.972004337245E-02,6.18212434024E-02,8.793616684304E-02,
    9.123805488287E-02,0.102644579244,0.105746353962,0.10764744181,
    0.110949331441,0.128259242113,0.141466809059,0.169382817452,
    0.207604768708,0.230417889141,0.25313096622,0.275844057754,
    0.298557164046,0.316867740867,0.324472136344,0.363094487714,
    0.396113633033,0.407520254926,0.416825660114,0.449744804559,
    0.494070640575,0.526389521559,0.558308205989,0.590326987415,
    0.622245749713,0.647660718095,0.672975653954,0.705494880141,
    0.737814033795,0.746919438483,0.788744313626,0.830369152725,
    0.849680705813,0.876997080368,0.904113373816,0.927927716065,
    0.951541969012,0.975156253898,0.997069539125,1.),.UNSPECIFIED.);
#12256 = CARTESIAN_POINT('',(53.167861167378,293.333,374.27657807121));
#12257 = CARTESIAN_POINT('',(53.11614991919,294.41302674057,
    374.2457888636));
#12258 = CARTESIAN_POINT('',(53.06443621289,295.49305317293,
    374.21499966478));
#12259 = CARTESIAN_POINT('',(53.012720023831,296.57307929259,
    374.18421047487));
#12260 = CARTESIAN_POINT('',(52.945828306992,297.96995864462,
    374.14438849014));
#12261 = CARTESIAN_POINT('',(52.930655071424,298.28681216701,
    374.13535568705));
#12262 = CARTESIAN_POINT('',(52.915481619347,298.60366566197,
    374.12632288474));
#12263 = CARTESIAN_POINT('',(52.888775959137,299.16132781403,
    374.11042515264));
#12264 = CARTESIAN_POINT('',(52.877243842729,299.40213648277,
    374.10356022253));
#12265 = CARTESIAN_POINT('',(52.86571160061,299.64294513553,
    374.09669529287));
#12266 = CARTESIAN_POINT('',(52.842039895417,300.13723659425,
    374.08260412108));
#12267 = CARTESIAN_POINT('',(52.82990041873,300.39071939847,
    374.07537787899));
#12268 = CARTESIAN_POINT('',(52.817760802105,300.64420218487,
    374.06815163742));
#12269 = CARTESIAN_POINT('',(52.802434358641,300.96422418808,
    374.05902850784));
#12270 = CARTESIAN_POINT('',(52.79924766241,301.03076342152,
    374.05713161937));
#12271 = CARTESIAN_POINT('',(52.796060956507,301.09730265372,
    374.05523473094));
#12272 = CARTESIAN_POINT('',(52.75326790539,301.99082974777,
    374.02976222163));
#12273 = CARTESIAN_POINT('',(52.713660074936,302.81781742028,
    374.00618660615));
#12274 = CARTESIAN_POINT('',(52.674050737946,303.64480490007,
    373.98261099617));
#12275 = CARTESIAN_POINT('',(52.629431611713,304.57635383264,
    373.95605456715));
#12276 = CARTESIAN_POINT('',(52.624423316596,304.68091547724,
    373.95307374263));
#12277 = CARTESIAN_POINT('',(52.619414997181,304.78547711872,
    373.95009291821));
#12278 = CARTESIAN_POINT('',(52.597105099259,305.25125175422,
    373.93681469887));
#12279 = CARTESIAN_POINT('',(52.579803254823,305.61246471406,
    373.92651730493));
#12280 = CARTESIAN_POINT('',(52.562501119145,305.97367763643,
    373.91621991206));
#12281 = CARTESIAN_POINT('',(52.540493644202,306.43311509491,
    373.90312235182));
#12282 = CARTESIAN_POINT('',(52.535788575568,306.53133966592,
    373.90032218346));
#12283 = CARTESIAN_POINT('',(52.531083485304,306.62956423414,
    373.89752201518));
#12284 = CARTESIAN_POINT('',(52.523494594943,306.78799095626,
    373.89300561475));
#12285 = CARTESIAN_POINT('',(52.520610808363,306.84819311191,
    373.89128938255));
#12286 = CARTESIAN_POINT('',(52.517727013645,306.90839526651,
    373.88957315038));
#12287 = CARTESIAN_POINT('',(52.509834500234,307.07315906188,
    373.8848760938));
#12288 = CARTESIAN_POINT('',(52.50482576512,307.17772070053,
    373.88189526946));
#12289 = CARTESIAN_POINT('',(52.49981700542,307.282282336,
    373.87891444521));
#12290 = CARTESIAN_POINT('',(52.468550042103,307.93500054433,
    373.8603068722));
#12291 = CARTESIAN_POINT('',(52.442291186716,308.48315703298,
    373.84468012584));
#12292 = CARTESIAN_POINT('',(52.416031651429,309.03131343358,
    373.829053382));
#12293 = CARTESIAN_POINT('',(52.369734726319,309.99771633975,
    373.80150334218));
#12294 = CARTESIAN_POINT('',(52.349697622063,310.41596288239,
    373.78958004514));
#12295 = CARTESIAN_POINT('',(52.329660118322,310.83420937308,
    373.77765674959));
#12296 = CARTESIAN_POINT('',(52.267269347022,312.13647715571,
    373.74053193442));
#12297 = CARTESIAN_POINT('',(52.224914688713,313.02049826645,
    373.71533041997));
#12298 = CARTESIAN_POINT('',(52.182558223444,313.90451914084,
    373.69012891226));
#12299 = CARTESIAN_POINT('',(52.082203950624,315.99892032705,
    373.63042210083));
#12300 = CARTESIAN_POINT('',(52.024204549095,317.20930042955,
    373.59591680308));
#12301 = CARTESIAN_POINT('',(51.966201691467,318.4196800758,
    373.56141151833));
#12302 = CARTESIAN_POINT('',(51.873573714618,320.35248511896,
    373.50631146061));
#12303 = CARTESIAN_POINT('',(51.838950846654,321.07491081471,
    373.48571667912));
#12304 = CARTESIAN_POINT('',(51.804326724191,321.7973363434,
    373.46512190239));
#12305 = CARTESIAN_POINT('',(51.735227796715,323.23901898027,
    373.42402267369));
#12306 = CARTESIAN_POINT('',(51.700753002758,323.95827608994,
    373.40351822168));
#12307 = CARTESIAN_POINT('',(51.666276947733,324.67753303056,
    373.38301377449));
#12308 = CARTESIAN_POINT('',(51.597322275769,326.11604702793,
    373.34200487679));
#12309 = CARTESIAN_POINT('',(51.562843658827,326.83530408469,
    373.32150042629));
#12310 = CARTESIAN_POINT('',(51.528363762977,327.55456096887,
    373.3009959807));
#12311 = CARTESIAN_POINT('',(51.459401372881,328.99307485581,
    373.25998708615));
#12312 = CARTESIAN_POINT('',(51.424918878633,329.71233185857,
    373.23948263719));
#12313 = CARTESIAN_POINT('',(51.3904350873,330.43158868514,
    373.21897819325));
#12314 = CARTESIAN_POINT('',(51.328149211422,331.73068694352,
    373.1819437343));
#12315 = CARTESIAN_POINT('',(51.30034758422,332.31052843766,
    373.16541371753));
#12316 = CARTESIAN_POINT('',(51.272545103162,332.89036981512,
    373.14888370407));
#12317 = CARTESIAN_POINT('',(51.233195016666,333.71101955932,
    373.12548876912));
#12318 = CARTESIAN_POINT('',(51.22164812189,333.95182802345,
    373.11862384483));
#12319 = CARTESIAN_POINT('',(51.210101078643,334.19263646721,
    373.11175892113));
#12320 = CARTESIAN_POINT('',(51.139906264823,335.65649905255,
    373.07002739046));
#12321 = CARTESIAN_POINT('',(51.081254804,336.87955268727,
    373.03516079794));
#12322 = CARTESIAN_POINT('',(51.022599457579,338.10260578528,
    373.00029422072));
#12323 = CARTESIAN_POINT('',(50.913790996426,340.37127437239,
    372.93561942564));
#12324 = CARTESIAN_POINT('',(50.863638940261,341.41689000859,
    372.90581120359));
#12325 = CARTESIAN_POINT('',(50.813483978993,342.46250523912,
    372.87600299311));
#12326 = CARTESIAN_POINT('',(50.745998795917,343.86933270452,
    372.83589740935));
#12327 = CARTESIAN_POINT('',(50.728671159709,344.23054530228,
    372.82560002573));
#12328 = CARTESIAN_POINT('',(50.711343171852,344.59175785061,
    372.81530264353));
#12329 = CARTESIAN_POINT('',(50.679878548311,345.24764380205,
    372.79660476507));
#12330 = CARTESIAN_POINT('',(50.665742030679,345.54231722179,
    372.78820426834));
#12331 = CARTESIAN_POINT('',(50.651605277467,345.83699060831,
    372.77980377257));
#12332 = CARTESIAN_POINT('',(50.587456752754,347.17411127898,
    372.74168537755));
#12333 = CARTESIAN_POINT('',(50.537442260475,348.21655817883,
    372.71196748926));
#12334 = CARTESIAN_POINT('',(50.487424779999,349.25900465447,
    372.68224961307));
#12335 = CARTESIAN_POINT('',(50.370051359027,351.70511088558,
    372.61251645763));
#12336 = CARTESIAN_POINT('',(50.30269296285,353.10877029062,
    372.57250118837));
#12337 = CARTESIAN_POINT('',(50.2353290126,354.51242889767,
    372.53248594185));
#12338 = CARTESIAN_POINT('',(50.118838873175,356.93952252678,
    372.46329479424));
#12339 = CARTESIAN_POINT('',(50.06971532347,357.9629579308,
    372.43411888225));
#12340 = CARTESIAN_POINT('',(50.020588746471,358.98639289451,
    372.40494298281));
#12341 = CARTESIAN_POINT('',(49.922937833039,361.02058899565,
    372.3469524871));
#12342 = CARTESIAN_POINT('',(49.874413571909,362.03135014409,
    372.3181378905));
#12343 = CARTESIAN_POINT('',(49.825886295227,363.04211084937,
    372.28932330654));
#12344 = CARTESIAN_POINT('',(49.72867345552,365.06680110368,
    372.23160380179));
#12345 = CARTESIAN_POINT('',(49.67998787335,366.08073064988,
    372.20269888108));
#12346 = CARTESIAN_POINT('',(49.631299192041,367.09465973588,
    372.17379397349));
#12347 = CARTESIAN_POINT('',(49.534067666307,369.11934969852,
    372.11607447705));
#12348 = CARTESIAN_POINT('',(49.48552484142,370.13011057809,
    372.08725988812));
#12349 = CARTESIAN_POINT('',(49.436978870652,371.14087098555,
    372.05844531265));
#12350 = CARTESIAN_POINT('',(49.34977298535,372.9564375459,
    372.00668746846));
#12351 = CARTESIAN_POINT('',(49.311114234635,373.76124387438,
    371.98374419475));
#12352 = CARTESIAN_POINT('',(49.272453450801,374.56604989482,
    371.96080092981));
#12353 = CARTESIAN_POINT('',(49.195279957565,376.17249362139,
    371.91500472167));
#12354 = CARTESIAN_POINT('',(49.156767264272,376.97413132999,
    371.89215177839));
#12355 = CARTESIAN_POINT('',(49.118252519135,377.77576872502,
    371.86929884406));
#12356 = CARTESIAN_POINT('',(49.030257522229,379.60717801222,
    371.81708935827));
#12357 = CARTESIAN_POINT('',(48.980775924911,380.63694969786,
    371.78773281271));
#12358 = CARTESIAN_POINT('',(48.931290874941,381.66672085068,
    371.75837628233));
#12359 = CARTESIAN_POINT('',(48.832618267575,383.71992647239,
    371.69984386663));
#12360 = CARTESIAN_POINT('',(48.783430753006,384.74336094793,
    371.67066798111));
#12361 = CARTESIAN_POINT('',(48.734239751997,385.76679487938,
    371.6414921111));
#12362 = CARTESIAN_POINT('',(48.671185454345,387.07856424486,
    371.60409642652));
#12363 = CARTESIAN_POINT('',(48.657325403387,387.36690018831,
    371.59587659743));
#12364 = CARTESIAN_POINT('',(48.643465071721,387.65523608763,
    371.58765676959));
#12365 = CARTESIAN_POINT('',(48.56593695123,389.26801731831,
    371.54167989302));
#12366 = CARTESIAN_POINT('',(48.502263502597,390.5924617585,
    371.5039228697));
#12367 = CARTESIAN_POINT('',(48.43858402716,391.91690524289,
    371.46616587362));
#12368 = CARTESIAN_POINT('',(48.311517434584,394.5594558392,
    371.39083251763));
#12369 = CARTESIAN_POINT('',(48.248130375798,395.87756296046,
    371.35325615745));
#12370 = CARTESIAN_POINT('',(48.184737172336,397.19566909263,
    371.31567982547));
#12371 = CARTESIAN_POINT('',(48.091924006775,399.12529986884,
    371.26067025918));
#12372 = CARTESIAN_POINT('',(48.062508938101,399.73682530661,
    371.24323700225));
#12373 = CARTESIAN_POINT('',(48.033092518176,400.34835052444,
    371.22580375159));
#12374 = CARTESIAN_POINT('',(47.962063009025,401.82488341213,
    371.18371101822));
#12375 = CARTESIAN_POINT('',(47.920448558163,402.68989085956,
    371.15905154186));
#12376 = CARTESIAN_POINT('',(47.878831359006,403.55489785585,
    371.13439207835));
#12377 = CARTESIAN_POINT('',(47.795896259455,405.27857511876,
    371.08525379769));
#12378 = CARTESIAN_POINT('',(47.754578399565,406.13724539207,
    371.06077498035));
#12379 = CARTESIAN_POINT('',(47.713257778781,406.99591520759,
    371.03629617605));
#12380 = CARTESIAN_POINT('',(47.635642913239,408.60869373792,
    370.99031937646));
#12381 = CARTESIAN_POINT('',(47.599349306091,409.36280255899,
    370.96882137815));
#12382 = CARTESIAN_POINT('',(47.563053530474,410.11691101707,
    370.94732339018));
#12383 = CARTESIAN_POINT('',(47.490762582279,411.61879114355,
    370.9045080623));
#12384 = CARTESIAN_POINT('',(47.4547674463,412.36656281811,
    370.88319072221));
#12385 = CARTESIAN_POINT('',(47.418770141586,413.11433412638,
    370.86187339256));
#12386 = CARTESIAN_POINT('',(47.346771108768,414.6098770121,
    370.8192387256));
#12387 = CARTESIAN_POINT('',(47.31076938066,415.35764858955,
    370.79792138828));
#12388 = CARTESIAN_POINT('',(47.274765446582,416.10541979106,
    370.77660406168));
#12389 = CARTESIAN_POINT('',(47.205346747681,417.547097514,
    370.73550497306));
#12390 = CARTESIAN_POINT('',(47.171932291858,418.24100408832,
    370.71572320954));
#12391 = CARTESIAN_POINT('',(47.138515904813,418.93491033064,
    370.69594145549));
#12392 = CARTESIAN_POINT('',(47.100628541432,419.72161218636,
    370.67351430081));
#12393 = CARTESIAN_POINT('',(47.096159476792,419.81440812975,
    370.67086889079));
#12394 = CARTESIAN_POINT('',(47.091690377317,419.90720406707,
    370.66822348094));
#12395 = CARTESIAN_POINT('',(47.087221246267,420.,370.66557807121));
#12396 = PCURVE('',#8272,#12397);
#12397 = DEFINITIONAL_REPRESENTATION('',(#12398),#12539);
#12398 = B_SPLINE_CURVE_WITH_KNOTS('',4,(#12399,#12400,#12401,#12402,
    #12403,#12404,#12405,#12406,#12407,#12408,#12409,#12410,#12411,
    #12412,#12413,#12414,#12415,#12416,#12417,#12418,#12419,#12420,
    #12421,#12422,#12423,#12424,#12425,#12426,#12427,#12428,#12429,
    #12430,#12431,#12432,#12433,#12434,#12435,#12436,#12437,#12438,
    #12439,#12440,#12441,#12442,#12443,#12444,#12445,#12446,#12447,
    #12448,#12449,#12450,#12451,#12452,#12453,#12454,#12455,#12456,
    #12457,#12458,#12459,#12460,#12461,#12462,#12463,#12464,#12465,
    #12466,#12467,#12468,#12469,#12470,#12471,#12472,#12473,#12474,
    #12475,#12476,#12477,#12478,#12479,#12480,#12481,#12482,#12483,
    #12484,#12485,#12486,#12487,#12488,#12489,#12490,#12491,#12492,
    #12493,#12494,#12495,#12496,#12497,#12498,#12499,#12500,#12501,
    #12502,#12503,#12504,#12505,#12506,#12507,#12508,#12509,#12510,
    #12511,#12512,#12513,#12514,#12515,#12516,#12517,#12518,#12519,
    #12520,#12521,#12522,#12523,#12524,#12525,#12526,#12527,#12528,
    #12529,#12530,#12531,#12532,#12533,#12534,#12535,#12536,#12537,
    #12538),.UNSPECIFIED.,.F.,.F.,(5,3,3,3,3,3,3,3,3,3,3,3,3,3,3,3,3,3,3
    ,3,3,3,3,3,3,3,3,3,3,3,3,3,3,3,3,3,3,3,3,3,3,3,3,3,3,3,5),(0.,
    3.410542276785E-02,4.411113211759E-02,5.171547278376E-02,
    5.972004337245E-02,6.18212434024E-02,8.793616684304E-02,
    9.123805488287E-02,0.102644579244,0.105746353962,0.10764744181,
    0.110949331441,0.128259242113,0.141466809059,0.169382817452,
    0.207604768708,0.230417889141,0.25313096622,0.275844057754,
    0.298557164046,0.316867740867,0.324472136344,0.363094487714,
    0.396113633033,0.407520254926,0.416825660114,0.449744804559,
    0.494070640575,0.526389521559,0.558308205989,0.590326987415,
    0.622245749713,0.647660718095,0.672975653954,0.705494880141,
    0.737814033795,0.746919438483,0.788744313626,0.830369152725,
    0.849680705813,0.876997080368,0.904113373816,0.927927716065,
    0.951541969012,0.975156253898,0.997069539125,1.),.UNSPECIFIED.);
#12399 = CARTESIAN_POINT('',(3.825999237313,1.24593087234E-03));
#12400 = CARTESIAN_POINT('',(3.832675699475,9.772353014933E-03));
#12401 = CARTESIAN_POINT('',(3.839383024685,1.829877243247E-02));
#12402 = CARTESIAN_POINT('',(3.846121533168,2.682518913723E-02));
#12403 = CARTESIAN_POINT('',(3.854877712368,3.785304746787E-02));
#12404 = CARTESIAN_POINT('',(3.856866584871,4.035449164647E-02));
#12405 = CARTESIAN_POINT('',(3.858858177752,4.28559355847E-02));
#12406 = CARTESIAN_POINT('',(3.862368184095,4.725847688132E-02));
#12407 = CARTESIAN_POINT('',(3.863885444944,4.915957434164E-02));
#12408 = CARTESIAN_POINT('',(3.865404285571,5.106067166214E-02));
#12409 = CARTESIAN_POINT('',(3.868525156377,5.496292413552E-02));
#12410 = CARTESIAN_POINT('',(3.870127357622,5.696407927326E-02));
#12411 = CARTESIAN_POINT('',(3.871731317704,5.896523425507E-02));
#12412 = CARTESIAN_POINT('',(3.873758543357,6.14916922847E-02));
#12413 = CARTESIAN_POINT('',(3.874180167253,6.201699547818E-02));
#12414 = CARTESIAN_POINT('',(3.874601912721,6.254229866088E-02));
#12415 = CARTESIAN_POINT('',(3.880266987212,6.959637202204E-02));
#12416 = CARTESIAN_POINT('',(3.885528985802,7.612514054331E-02));
#12417 = CARTESIAN_POINT('',(3.890809926211,8.265390737875E-02));
#12418 = CARTESIAN_POINT('',(3.896780082027,9.000814885316E-02));
#12419 = CARTESIAN_POINT('',(3.897450507037,9.083362516901E-02));
#12420 = CARTESIAN_POINT('',(3.898121237626,9.165910145758E-02));
#12421 = CARTESIAN_POINT('',(3.901110400543,9.533622349536E-02));
#12422 = CARTESIAN_POINT('',(3.903432177453,9.818786894589E-02));
#12423 = CARTESIAN_POINT('',(3.905757617691,0.101039514069));
#12424 = CARTESIAN_POINT('',(3.908720090597,0.104666606269));
#12425 = CARTESIAN_POINT('',(3.90935371881,0.105442053651));
#12426 = CARTESIAN_POINT('',(3.909987619131,0.106217501008));
#12427 = CARTESIAN_POINT('',(3.911010478333,0.107468222542));
#12428 = CARTESIAN_POINT('',(3.911399267161,0.107943496734));
#12429 = CARTESIAN_POINT('',(3.911788158364,0.108418770917));
#12430 = CARTESIAN_POINT('',(3.912852772581,0.109719521339));
#12431 = CARTESIAN_POINT('',(3.913528702169,0.110544997561));
#12432 = CARTESIAN_POINT('',(3.914204941085,0.111370473754));
#12433 = CARTESIAN_POINT('',(3.918428245128,0.11652344729));
#12434 = CARTESIAN_POINT('',(3.921983510587,0.120850943896));
#12435 = CARTESIAN_POINT('',(3.92554733168,0.125178439734));
#12436 = CARTESIAN_POINT('',(3.931845535192,0.132807839807));
#12437 = CARTESIAN_POINT('',(3.934576323531,0.136109744366));
#12438 = CARTESIAN_POINT('',(3.937312140309,0.139411648471));
#12439 = CARTESIAN_POINT('',(3.94584620344,0.1496925794));
#12440 = CARTESIAN_POINT('',(3.951661957844,0.156671604643));
#12441 = CARTESIAN_POINT('',(3.957500465918,0.163650627827));
#12442 = CARTESIAN_POINT('',(3.971387307462,0.180185162758));
#12443 = CARTESIAN_POINT('',(3.979455718121,0.189740672682));
#12444 = CARTESIAN_POINT('',(3.987567676447,0.199296178636));
#12445 = CARTESIAN_POINT('',(4.000591721036,0.214554969083));
#12446 = CARTESIAN_POINT('',(4.005475430258,0.220258256173));
#12447 = CARTESIAN_POINT('',(4.010374955902,0.225961541812));
#12448 = CARTESIAN_POINT('',(4.020184314941,0.237343099302));
#12449 = CARTESIAN_POINT('',(4.02509400891,0.243021371166));
#12450 = CARTESIAN_POINT('',(4.030019609236,0.248699641563));
#12451 = CARTESIAN_POINT('',(4.039902858001,0.260056183007));
#12452 = CARTESIAN_POINT('',(4.044860506463,0.265734454055));
#12453 = CARTESIAN_POINT('',(4.04983429356,0.271412723607));
#12454 = CARTESIAN_POINT('',(4.05981438504,0.282769263379));
#12455 = CARTESIAN_POINT('',(4.064820689446,0.288447533598));
#12456 = CARTESIAN_POINT('',(4.069843369283,0.294125802293));
#12457 = CARTESIAN_POINT('',(4.078944967076,0.304381706058));
#12458 = CARTESIAN_POINT('',(4.083018109847,0.308959341668));
#12459 = CARTESIAN_POINT('',(4.087102036804,0.313536976269));
#12460 = CARTESIAN_POINT('',(4.092897375293,0.32001570431));
#12461 = CARTESIAN_POINT('',(4.094599809478,0.321916798593));
#12462 = CARTESIAN_POINT('',(4.096304119343,0.323817892699));
#12463 = CARTESIAN_POINT('',(4.106675965679,0.335374549383));
#12464 = CARTESIAN_POINT('',(4.115390125886,0.34503010758));
#12465 = CARTESIAN_POINT('',(4.124153396865,0.354685661142));
#12466 = CARTESIAN_POINT('',(4.140500852002,0.372595962979));
#12467 = CARTESIAN_POINT('',(4.148071651359,0.380850712524));
#12468 = CARTESIAN_POINT('',(4.155679195918,0.389105458571));
#12469 = CARTESIAN_POINT('',(4.165964784905,0.400211841401));
#12470 = CARTESIAN_POINT('',(4.168610114036,0.403063481309));
#12471 = CARTESIAN_POINT('',(4.171259893072,0.405915120791));
#12472 = CARTESIAN_POINT('',(4.176079445271,0.411093097748));
#12473 = CARTESIAN_POINT('',(4.178247724379,0.413419435366));
#12474 = CARTESIAN_POINT('',(4.180418985256,0.415745772697));
#12475 = CARTESIAN_POINT('',(4.190284950555,0.426301845433));
#12476 = CARTESIAN_POINT('',(4.198014095541,0.43453157753));
#12477 = CARTESIAN_POINT('',(4.205781079063,0.44276130598));
#12478 = CARTESIAN_POINT('',(4.224096126429,0.462072407103));
#12479 = CARTESIAN_POINT('',(4.234675296694,0.473153776766));
#12480 = CARTESIAN_POINT('',(4.245324853586,0.48423513958));
#12481 = CARTESIAN_POINT('',(4.263862768184,0.503396140417));
#12482 = CARTESIAN_POINT('',(4.271717659797,0.511475781715));
#12483 = CARTESIAN_POINT('',(4.279610947952,0.519555419241));
#12484 = CARTESIAN_POINT('',(4.295376944849,0.535614638568));
#12485 = CARTESIAN_POINT('',(4.303248698138,0.543594220463));
#12486 = CARTESIAN_POINT('',(4.311158725756,0.551573798567));
#12487 = CARTESIAN_POINT('',(4.327081098326,0.567557971026));
#12488 = CARTESIAN_POINT('',(4.33509368637,0.575562565355));
#12489 = CARTESIAN_POINT('',(4.343145637286,0.583567155755));
#12490 = CARTESIAN_POINT('',(4.35930386256,0.599551324131));
#12491 = CARTESIAN_POINT('',(4.367409888669,0.607530902132));
#12492 = CARTESIAN_POINT('',(4.375555899735,0.615510476108));
#12493 = CARTESIAN_POINT('',(4.390260707312,0.629843691996));
#12494 = CARTESIAN_POINT('',(4.396804706,0.636197335404));
#12495 = CARTESIAN_POINT('',(4.403374562857,0.64255097619));
#12496 = CARTESIAN_POINT('',(4.416540492333,0.655233244727));
#12497 = CARTESIAN_POINT('',(4.423136359993,0.6615618725));
#12498 = CARTESIAN_POINT('',(4.429758339011,0.667890497607));
#12499 = CARTESIAN_POINT('',(4.444947009432,0.682348783254));
#12500 = CARTESIAN_POINT('',(4.453530829032,0.69047844204));
#12501 = CARTESIAN_POINT('',(4.462158615395,0.6986080963));
#12502 = CARTESIAN_POINT('',(4.479449784611,0.714817378455));
#12503 = CARTESIAN_POINT('',(4.488112621895,0.722897006406));
#12504 = CARTESIAN_POINT('',(4.496819889554,0.730976629743));
#12505 = CARTESIAN_POINT('',(4.508037898996,0.741332551736));
#12506 = CARTESIAN_POINT('',(4.510507262648,0.743608854707));
#12507 = CARTESIAN_POINT('',(4.512980205343,0.745885157305));
#12508 = CARTESIAN_POINT('',(4.526832476759,0.758617453465));
#12509 = CARTESIAN_POINT('',(4.538283975874,0.769073439479));
#12510 = CARTESIAN_POINT('',(4.549812362325,0.779529417406));
#12511 = CARTESIAN_POINT('',(4.572969743165,0.800391348919));
#12512 = CARTESIAN_POINT('',(4.584597992748,0.810797302583));
#12513 = CARTESIAN_POINT('',(4.596304711592,0.821203247896));
#12514 = CARTESIAN_POINT('',(4.613559314751,0.836436946293));
#12515 = CARTESIAN_POINT('',(4.61904467663,0.841264706074));
#12516 = CARTESIAN_POINT('',(4.624547307208,0.846092464));
#12517 = CARTESIAN_POINT('',(4.6378754515,0.857749126668));
#12518 = CARTESIAN_POINT('',(4.645718370761,0.864578029534));
#12519 = CARTESIAN_POINT('',(4.653596432632,0.871406928601));
#12520 = CARTESIAN_POINT('',(4.66936558873,0.885014700202));
#12521 = CARTESIAN_POINT('',(4.677256164856,0.891793572793));
#12522 = CARTESIAN_POINT('',(4.685182068419,0.898572441533));
#12523 = CARTESIAN_POINT('',(4.700135761588,0.911304708793));
#12524 = CARTESIAN_POINT('',(4.707155389765,0.917258108207));
#12525 = CARTESIAN_POINT('',(4.714202782581,0.923211504571));
#12526 = CARTESIAN_POINT('',(4.72829414448,0.935068270413));
#12527 = CARTESIAN_POINT('',(4.735337644829,0.940971639942));
#12528 = CARTESIAN_POINT('',(4.742408929795,0.946875006397));
#12529 = CARTESIAN_POINT('',(4.756607572444,0.958681741066));
#12530 = CARTESIAN_POINT('',(4.763734930209,0.96458510928));
#12531 = CARTESIAN_POINT('',(4.770890566551,0.970488474342));
#12532 = CARTESIAN_POINT('',(4.78474140728,0.981869963248));
#12533 = CARTESIAN_POINT('',(4.791432649331,0.987348087536));
#12534 = CARTESIAN_POINT('',(4.798148662409,0.992826209043));
#12535 = CARTESIAN_POINT('',(4.805791124785,0.99903691586));
#12536 = CARTESIAN_POINT('',(4.806693044063,0.999769514787));
#12537 = CARTESIAN_POINT('',(4.807595416845,1.000502111397));
#12538 = CARTESIAN_POINT('',(4.808498195932,1.001234571864));
#12539 = ( GEOMETRIC_REPRESENTATION_CONTEXT(2) 
PARAMETRIC_REPRESENTATION_CONTEXT() REPRESENTATION_CONTEXT('2D SPACE',''
  ) );
#12540 = PCURVE('',#9187,#12541);
#12541 = DEFINITIONAL_REPRESENTATION('',(#12542),#12683);
#12542 = B_SPLINE_CURVE_WITH_KNOTS('',4,(#12543,#12544,#12545,#12546,
    #12547,#12548,#12549,#12550,#12551,#12552,#12553,#12554,#12555,
    #12556,#12557,#12558,#12559,#12560,#12561,#12562,#12563,#12564,
    #12565,#12566,#12567,#12568,#12569,#12570,#12571,#12572,#12573,
    #12574,#12575,#12576,#12577,#12578,#12579,#12580,#12581,#12582,
    #12583,#12584,#12585,#12586,#12587,#12588,#12589,#12590,#12591,
    #12592,#12593,#12594,#12595,#12596,#12597,#12598,#12599,#12600,
    #12601,#12602,#12603,#12604,#12605,#12606,#12607,#12608,#12609,
    #12610,#12611,#12612,#12613,#12614,#12615,#12616,#12617,#12618,
    #12619,#12620,#12621,#12622,#12623,#12624,#12625,#12626,#12627,
    #12628,#12629,#12630,#12631,#12632,#12633,#12634,#12635,#12636,
    #12637,#12638,#12639,#12640,#12641,#12642,#12643,#12644,#12645,
    #12646,#12647,#12648,#12649,#12650,#12651,#12652,#12653,#12654,
    #12655,#12656,#12657,#12658,#12659,#12660,#12661,#12662,#12663,
    #12664,#12665,#12666,#12667,#12668,#12669,#12670,#12671,#12672,
    #12673,#12674,#12675,#12676,#12677,#12678,#12679,#12680,#12681,
    #12682),.UNSPECIFIED.,.F.,.F.,(5,3,3,3,3,3,3,3,3,3,3,3,3,3,3,3,3,3,3
    ,3,3,3,3,3,3,3,3,3,3,3,3,3,3,3,3,3,3,3,3,3,3,3,3,3,3,3,5),(0.,
    3.410542276785E-02,4.411113211759E-02,5.171547278376E-02,
    5.972004337245E-02,6.18212434024E-02,8.793616684304E-02,
    9.123805488287E-02,0.102644579244,0.105746353962,0.10764744181,
    0.110949331441,0.128259242113,0.141466809059,0.169382817452,
    0.207604768708,0.230417889141,0.25313096622,0.275844057754,
    0.298557164046,0.316867740867,0.324472136344,0.363094487714,
    0.396113633033,0.407520254926,0.416825660114,0.449744804559,
    0.494070640575,0.526389521559,0.558308205989,0.590326987415,
    0.622245749713,0.647660718095,0.672975653954,0.705494880141,
    0.737814033795,0.746919438483,0.788744313626,0.830369152725,
    0.849680705813,0.876997080368,0.904113373816,0.927927716065,
    0.951541969012,0.975156253898,0.997069539125,1.),.UNSPECIFIED.);
#12543 = CARTESIAN_POINT('',(53.167861167378,-63.25945283859));
#12544 = CARTESIAN_POINT('',(53.11614991919,-62.17898732056));
#12545 = CARTESIAN_POINT('',(53.06443621289,-61.09852211087));
#12546 = CARTESIAN_POINT('',(53.012720023831,-60.018057214));
#12547 = CARTESIAN_POINT('',(52.945828306992,-58.62061035826));
#12548 = CARTESIAN_POINT('',(52.930655071424,-58.30362810926));
#12549 = CARTESIAN_POINT('',(52.915481619347,-57.98664588769));
#12550 = CARTESIAN_POINT('',(52.888775959137,-57.42875717682));
#12551 = CARTESIAN_POINT('',(52.877243842729,-57.18785067586));
#12552 = CARTESIAN_POINT('',(52.86571160061,-56.94694419088));
#12553 = CARTESIAN_POINT('',(52.842039895417,-56.45245191866));
#12554 = CARTESIAN_POINT('',(52.82990041873,-56.19886613316));
#12555 = CARTESIAN_POINT('',(52.817760802105,-55.94528036548));
#12556 = CARTESIAN_POINT('',(52.802434358641,-55.62512834841));
#12557 = CARTESIAN_POINT('',(52.79924766241,-55.55856208239));
#12558 = CARTESIAN_POINT('',(52.796060956507,-55.4919958176));
#12559 = CARTESIAN_POINT('',(52.75326790539,-54.59810571444));
#12560 = CARTESIAN_POINT('',(52.713660074936,-53.77078206548));
#12561 = CARTESIAN_POINT('',(52.674050737946,-52.94345860932));
#12562 = CARTESIAN_POINT('',(52.629431611713,-52.01153122068));
#12563 = CARTESIAN_POINT('',(52.624423316596,-51.90692709631));
#12564 = CARTESIAN_POINT('',(52.619414997181,-51.80232297505));
#12565 = CARTESIAN_POINT('',(52.597105099259,-51.33635911145));
#12566 = CARTESIAN_POINT('',(52.579803254823,-50.97499940329));
#12567 = CARTESIAN_POINT('',(52.562501119145,-50.61363973262));
#12568 = CARTESIAN_POINT('',(52.540493644202,-50.15401562061));
#12569 = CARTESIAN_POINT('',(52.535788575568,-50.05575114436));
#12570 = CARTESIAN_POINT('',(52.531083485304,-49.95748667091));
#12571 = CARTESIAN_POINT('',(52.523494594943,-49.79899558549));
#12572 = CARTESIAN_POINT('',(52.520610808363,-49.73876897179));
#12573 = CARTESIAN_POINT('',(52.517727013645,-49.67854235914));
#12574 = CARTESIAN_POINT('',(52.509834500234,-49.51371162594));
#12575 = CARTESIAN_POINT('',(52.50482576512,-49.40910750752));
#12576 = CARTESIAN_POINT('',(52.49981700542,-49.30450339228));
#12577 = CARTESIAN_POINT('',(52.468550042103,-48.65152000715));
#12578 = CARTESIAN_POINT('',(52.442291186716,-48.1031408215));
#12579 = CARTESIAN_POINT('',(52.416031651429,-47.55476172394));
#12580 = CARTESIAN_POINT('',(52.369734726319,-46.58796620174));
#12581 = CARTESIAN_POINT('',(52.349697622063,-46.16954974002));
#12582 = CARTESIAN_POINT('',(52.329660118322,-45.75113333026));
#12583 = CARTESIAN_POINT('',(52.267269347022,-44.44833648133));
#12584 = CARTESIAN_POINT('',(52.224914688713,-43.56395622344));
#12585 = CARTESIAN_POINT('',(52.182558223444,-42.67957620197));
#12586 = CARTESIAN_POINT('',(52.082203950624,-40.5843241331));
#12587 = CARTESIAN_POINT('',(52.024204549095,-39.37345229509));
#12588 = CARTESIAN_POINT('',(51.966201691467,-38.16258091351));
#12589 = CARTESIAN_POINT('',(51.873573714618,-36.2289906386));
#12590 = CARTESIAN_POINT('',(51.838950846654,-35.50627144631));
#12591 = CARTESIAN_POINT('',(51.804326724191,-34.78355242115));
#12592 = CARTESIAN_POINT('',(51.735227796715,-33.34128407855));
#12593 = CARTESIAN_POINT('',(51.700753002758,-32.62173475963));
#12594 = CARTESIAN_POINT('',(51.666276947733,-31.90218560982));
#12595 = CARTESIAN_POINT('',(51.597322275769,-30.46308719403));
#12596 = CARTESIAN_POINT('',(51.562843658827,-29.74353792805));
#12597 = CARTESIAN_POINT('',(51.528363762977,-29.0239888347));
#12598 = CARTESIAN_POINT('',(51.459401372881,-27.58489052939));
#12599 = CARTESIAN_POINT('',(51.424918878633,-26.86534131742));
#12600 = CARTESIAN_POINT('',(51.3904350873,-26.14579228171));
#12601 = CARTESIAN_POINT('',(51.328149211422,-24.8461662447));
#12602 = CARTESIAN_POINT('',(51.30034758422,-24.26608918104));
#12603 = CARTESIAN_POINT('',(51.272545103162,-23.68601223411));
#12604 = CARTESIAN_POINT('',(51.233195016666,-22.86502908835));
#12605 = CARTESIAN_POINT('',(51.22164812189,-22.62412279207));
#12606 = CARTESIAN_POINT('',(51.210101078643,-22.38321651618));
#12607 = CARTESIAN_POINT('',(51.139906264823,-20.91875921417));
#12608 = CARTESIAN_POINT('',(51.081254804,-19.69520869512));
#12609 = CARTESIAN_POINT('',(51.022599457579,-18.471658713));
#12610 = CARTESIAN_POINT('',(50.913790996426,-16.20206844441));
#12611 = CARTESIAN_POINT('',(50.863638940261,-15.15602801079));
#12612 = CARTESIAN_POINT('',(50.813483978993,-14.109987983));
#12613 = CARTESIAN_POINT('',(50.745998795917,-12.70258897233));
#12614 = CARTESIAN_POINT('',(50.728671159709,-12.3412296264));
#12615 = CARTESIAN_POINT('',(50.711343171852,-11.97987032993));
#12616 = CARTESIAN_POINT('',(50.679878548311,-11.32371791474));
#12617 = CARTESIAN_POINT('',(50.665742030679,-11.02892477939));
#12618 = CARTESIAN_POINT('',(50.651605277467,-10.73413167728));
#12619 = CARTESIAN_POINT('',(50.587456752754,-9.39646778079));
#12620 = CARTESIAN_POINT('',(50.537442260475,-8.353597370869));
#12621 = CARTESIAN_POINT('',(50.487424779999,-7.310727385329));
#12622 = CARTESIAN_POINT('',(50.370051359027,-4.863627385974));
#12623 = CARTESIAN_POINT('',(50.30269296285,-3.459397722732));
#12624 = CARTESIAN_POINT('',(50.2353290126,-2.055168857809));
#12625 = CARTESIAN_POINT('',(50.118838873175,0.372910815386));
#12626 = CARTESIAN_POINT('',(50.06971532347,1.396762005769));
#12627 = CARTESIAN_POINT('',(50.020588746471,2.420612755663));
#12628 = CARTESIAN_POINT('',(49.922937833039,4.455635280228));
#12629 = CARTESIAN_POINT('',(49.874413571909,5.466807065911));
#12630 = CARTESIAN_POINT('',(49.825886295227,6.477978408259));
#12631 = CARTESIAN_POINT('',(49.72867345552,8.503491224097));
#12632 = CARTESIAN_POINT('',(49.67998787335,9.517832694761));
#12633 = CARTESIAN_POINT('',(49.631299192041,10.532173705029));
#12634 = CARTESIAN_POINT('',(49.534067666307,12.557686229081));
#12635 = CARTESIAN_POINT('',(49.48552484142,13.568857745786));
#12636 = CARTESIAN_POINT('',(49.436978870652,14.580028790194));
#12637 = CARTESIAN_POINT('',(49.34977298535,16.396332952359));
#12638 = CARTESIAN_POINT('',(49.311114234635,17.201466245785));
#12639 = CARTESIAN_POINT('',(49.272453450801,18.00659923103));
#12640 = CARTESIAN_POINT('',(49.195279957565,19.613695600057));
#12641 = CARTESIAN_POINT('',(49.156767264272,20.415658986287));
#12642 = CARTESIAN_POINT('',(49.118252519135,21.217622058832));
#12643 = CARTESIAN_POINT('',(49.030257522229,23.049775384199));
#12644 = CARTESIAN_POINT('',(48.980775924911,24.07996543041));
#12645 = CARTESIAN_POINT('',(48.931290874941,25.110154943583));
#12646 = CARTESIAN_POINT('',(48.832618267575,27.164194711629));
#12647 = CARTESIAN_POINT('',(48.783430753006,28.188044973151));
#12648 = CARTESIAN_POINT('',(48.734239751997,29.211894690367));
#12649 = CARTESIAN_POINT('',(48.671185454345,30.524196982306));
#12650 = CARTESIAN_POINT('',(48.657325403387,30.812650066664));
#12651 = CARTESIAN_POINT('',(48.643465071721,31.101103106875));
#12652 = CARTESIAN_POINT('',(48.56593695123,32.71453955471));
#12653 = CARTESIAN_POINT('',(48.502263502597,34.039522070803));
#12654 = CARTESIAN_POINT('',(48.43858402716,35.36450363071));
#12655 = CARTESIAN_POINT('',(48.311517434584,38.008127803816));
#12656 = CARTESIAN_POINT('',(48.248130375798,39.326770426346));
#12657 = CARTESIAN_POINT('',(48.184737172336,40.645412059387));
#12658 = CARTESIAN_POINT('',(48.091924006775,42.575826777748));
#12659 = CARTESIAN_POINT('',(48.0625089381,43.187600657127));
#12660 = CARTESIAN_POINT('',(48.033092518176,43.799374316477));
#12661 = CARTESIAN_POINT('',(47.962063009025,45.276507068336));
#12662 = CARTESIAN_POINT('',(47.920448558163,46.141865938337));
#12663 = CARTESIAN_POINT('',(47.878831359006,47.007224357007));
#12664 = CARTESIAN_POINT('',(47.795896259455,48.731601890296));
#12665 = CARTESIAN_POINT('',(47.754578399565,49.590621011601));
#12666 = CARTESIAN_POINT('',(47.713257778781,50.449639674931));
#12667 = CARTESIAN_POINT('',(47.635642913239,52.06307342132));
#12668 = CARTESIAN_POINT('',(47.599349306091,52.817488610685));
#12669 = CARTESIAN_POINT('',(47.563053530474,53.571903436911));
#12670 = CARTESIAN_POINT('',(47.490762582279,55.074393725274));
#12671 = CARTESIAN_POINT('',(47.4547674463,55.822469193567));
#12672 = CARTESIAN_POINT('',(47.418770141585,56.570544295421));
#12673 = CARTESIAN_POINT('',(47.346771108768,58.066694768421));
#12674 = CARTESIAN_POINT('',(47.31076938066,58.814770139563));
#12675 = CARTESIAN_POINT('',(47.274765446582,59.562845134619));
#12676 = CARTESIAN_POINT('',(47.205346747681,61.005108561283));
#12677 = CARTESIAN_POINT('',(47.171932291858,61.699297045815));
#12678 = CARTESIAN_POINT('',(47.138515904813,62.393485198209));
#12679 = CARTESIAN_POINT('',(47.100628541432,63.180506663646));
#12680 = CARTESIAN_POINT('',(47.096159476792,63.273340306812));
#12681 = CARTESIAN_POINT('',(47.091690377317,63.366173943908));
#12682 = CARTESIAN_POINT('',(47.087221246267,63.45900757661));
#12683 = ( GEOMETRIC_REPRESENTATION_CONTEXT(2) 
PARAMETRIC_REPRESENTATION_CONTEXT() REPRESENTATION_CONTEXT('2D SPACE',''
  ) );
#12684 = ORIENTED_EDGE('',*,*,#10910,.F.);
#12685 = ORIENTED_EDGE('',*,*,#12686,.T.);
#12686 = EDGE_CURVE('',#10885,#12043,#12687,.T.);
#12687 = SURFACE_CURVE('',#12688,(#12712,#12739),.PCURVE_S1.);
#12688 = B_SPLINE_CURVE_WITH_KNOTS('',8,(#12689,#12690,#12691,#12692,
    #12693,#12694,#12695,#12696,#12697,#12698,#12699,#12700,#12701,
    #12702,#12703,#12704,#12705,#12706,#12707,#12708,#12709,#12710,
    #12711),.UNSPECIFIED.,.F.,.F.,(9,7,7,9),(0.,0.237866439484,
    0.425464787059,1.),.UNSPECIFIED.);
#12689 = CARTESIAN_POINT('',(43.011578534536,367.46152044144,
    306.81212835936));
#12690 = CARTESIAN_POINT('',(42.972087601147,367.93640409061,
    306.68556595935));
#12691 = CARTESIAN_POINT('',(42.931294843765,368.39639026296,
    306.53813274831));
#12692 = CARTESIAN_POINT('',(42.889455335114,368.84029455875,
    306.37174081768));
#12693 = CARTESIAN_POINT('',(42.846799408012,369.2674089357,
    306.18830468054));
#12694 = CARTESIAN_POINT('',(42.803527790254,369.677388509,
    305.98963211783));
#12695 = CARTESIAN_POINT('',(42.759808672586,370.07018131535,
    305.77735980314));
#12696 = CARTESIAN_POINT('',(42.715775621336,370.44597751078,
    305.55290860907));
#12697 = CARTESIAN_POINT('',(42.636626263358,371.08842690218,
    305.13172112135));
#12698 = CARTESIAN_POINT('',(42.601598033784,371.36131410067,
    304.93918345462));
#12699 = CARTESIAN_POINT('',(42.566490877312,371.62398432091,
    304.74040634286));
#12700 = CARTESIAN_POINT('',(42.531349367433,371.87661446373,
    304.53592132323));
#12701 = CARTESIAN_POINT('',(42.496212324173,372.11939162988,
    304.32620702572));
#12702 = CARTESIAN_POINT('',(42.461112805385,372.35251281456,
    304.11168945734));
#12703 = CARTESIAN_POINT('',(42.426078097545,372.57618274387,
    303.89274116929));
#12704 = CARTESIAN_POINT('',(42.284097411732,373.44731033355,
    302.98653419408));
#12705 = CARTESIAN_POINT('',(42.178017876862,374.01644209691,
    302.26572096308));
#12706 = CARTESIAN_POINT('',(42.073354128166,374.50531491257,
    301.51556175884));
#12707 = CARTESIAN_POINT('',(41.970556185172,374.9178709507,
    300.74232020388));
#12708 = CARTESIAN_POINT('',(41.869993047204,375.25750610443,
    299.95113155629));
#12709 = CARTESIAN_POINT('',(41.771965330406,375.52655012465,
    299.14585930967));
#12710 = CARTESIAN_POINT('',(41.676701302961,375.72663061882,
    298.32926741302));
#12711 = CARTESIAN_POINT('',(41.584383650857,375.85781516864,
    297.50278523263));
#12712 = PCURVE('',#8272,#12713);
#12713 = DEFINITIONAL_REPRESENTATION('',(#12714),#12738);
#12714 = B_SPLINE_CURVE_WITH_KNOTS('',8,(#12715,#12716,#12717,#12718,
    #12719,#12720,#12721,#12722,#12723,#12724,#12725,#12726,#12727,
    #12728,#12729,#12730,#12731,#12732,#12733,#12734,#12735,#12736,
    #12737),.UNSPECIFIED.,.F.,.F.,(9,7,7,9),(0.,0.237866439484,
    0.425464787059,1.),.UNSPECIFIED.);
#12715 = CARTESIAN_POINT('',(78.152652777428,0.586767165173));
#12716 = CARTESIAN_POINT('',(78.342982550884,0.590517200661));
#12717 = CARTESIAN_POINT('',(78.555746329035,0.594149713102));
#12718 = CARTESIAN_POINT('',(78.78871885094,0.597655342576));
#12719 = CARTESIAN_POINT('',(79.039699484871,0.601028490068));
#12720 = CARTESIAN_POINT('',(79.306626497184,0.604266424225));
#12721 = CARTESIAN_POINT('',(79.587646983792,0.607368727143));
#12722 = CARTESIAN_POINT('',(79.881167078367,0.610336893507));
#12723 = CARTESIAN_POINT('',(80.426246611219,0.615411359915));
#12724 = CARTESIAN_POINT('',(80.673524072296,0.617566859703));
#12725 = CARTESIAN_POINT('',(80.927087869364,0.619641722419));
#12726 = CARTESIAN_POINT('',(81.186346095488,0.621637342231));
#12727 = CARTESIAN_POINT('',(81.450765772769,0.623555194068));
#12728 = CARTESIAN_POINT('',(81.719873111318,0.625396831218));
#12729 = CARTESIAN_POINT('',(81.993254756462,0.62716386825));
#12730 = CARTESIAN_POINT('',(83.119829983591,0.634046210351));
#12731 = CARTESIAN_POINT('',(84.004764265321,0.638543262192));
#12732 = CARTESIAN_POINT('',(84.916319707365,0.642406777183));
#12733 = CARTESIAN_POINT('',(85.847379808733,0.645667847897));
#12734 = CARTESIAN_POINT('',(86.79202284837,0.648353258839));
#12735 = CARTESIAN_POINT('',(87.745655564493,0.650481382703));
#12736 = CARTESIAN_POINT('',(88.704864939161,0.652065053609));
#12737 = CARTESIAN_POINT('',(89.667572683499,0.653104794555));
#12738 = ( GEOMETRIC_REPRESENTATION_CONTEXT(2) 
PARAMETRIC_REPRESENTATION_CONTEXT() REPRESENTATION_CONTEXT('2D SPACE',''
  ) );
#12739 = PCURVE('',#10899,#12740);
#12740 = DEFINITIONAL_REPRESENTATION('',(#12741),#12765);
#12741 = B_SPLINE_CURVE_WITH_KNOTS('',8,(#12742,#12743,#12744,#12745,
    #12746,#12747,#12748,#12749,#12750,#12751,#12752,#12753,#12754,
    #12755,#12756,#12757,#12758,#12759,#12760,#12761,#12762,#12763,
    #12764),.UNSPECIFIED.,.F.,.F.,(9,7,7,9),(0.,0.237866439484,
    0.425464787059,1.),.UNSPECIFIED.);
#12742 = CARTESIAN_POINT('',(6.022726908613,1.427194283679));
#12743 = CARTESIAN_POINT('',(5.979991292733,1.387703350289));
#12744 = CARTESIAN_POINT('',(5.93804005557,1.346910592908));
#12745 = CARTESIAN_POINT('',(5.89689656394,1.305071084257));
#12746 = CARTESIAN_POINT('',(5.856562694477,1.262415157155));
#12747 = CARTESIAN_POINT('',(5.817026036346,1.219143539397));
#12748 = CARTESIAN_POINT('',(5.778261864067,1.175424421729));
#12749 = CARTESIAN_POINT('',(5.740232409699,1.131391370479));
#12750 = CARTESIAN_POINT('',(5.673431907097,1.052242012501));
#12751 = CARTESIAN_POINT('',(5.644407675829,1.017213782927));
#12752 = CARTESIAN_POINT('',(5.615790041006,0.982106626455));
#12753 = CARTESIAN_POINT('',(5.587557290979,0.946965116576));
#12754 = CARTESIAN_POINT('',(5.559688423647,0.911828073316));
#12755 = CARTESIAN_POINT('',(5.532162476367,0.876728554528));
#12756 = CARTESIAN_POINT('',(5.504957993427,0.841693846688));
#12757 = CARTESIAN_POINT('',(5.395652768448,0.699713160875));
#12758 = CARTESIAN_POINT('',(5.316168509338,0.593633626004));
#12759 = CARTESIAN_POINT('',(5.23882945988,0.488969877309));
#12760 = CARTESIAN_POINT('',(5.163187466128,0.386171934315));
#12761 = CARTESIAN_POINT('',(5.088839207707,0.285608796346));
#12762 = CARTESIAN_POINT('',(5.015427547971,0.187581079549));
#12763 = CARTESIAN_POINT('',(4.942569905214,9.231705210363E-02));
#12764 = CARTESIAN_POINT('',(4.869802196978,-6.E-07));
#12765 = ( GEOMETRIC_REPRESENTATION_CONTEXT(2) 
PARAMETRIC_REPRESENTATION_CONTEXT() REPRESENTATION_CONTEXT('2D SPACE',''
  ) );
#12766 = ORIENTED_EDGE('',*,*,#12042,.F.);
#12767 = ORIENTED_EDGE('',*,*,#8162,.T.);
#12768 = ADVANCED_FACE('',(#12769),#8537,.F.);
#12769 = FACE_BOUND('',#12770,.F.);
#12770 = EDGE_LOOP('',(#12771,#12772,#12773,#12774));
#12771 = ORIENTED_EDGE('',*,*,#10444,.F.);
#12772 = ORIENTED_EDGE('',*,*,#11746,.F.);
#12773 = ORIENTED_EDGE('',*,*,#8461,.T.);
#12774 = ORIENTED_EDGE('',*,*,#12099,.T.);
#12775 = ADVANCED_FACE('',(#12776),#9187,.F.);
#12776 = FACE_BOUND('',#12777,.F.);
#12777 = EDGE_LOOP('',(#12778,#12779,#12780,#12781));
#12778 = ORIENTED_EDGE('',*,*,#11277,.F.);
#12779 = ORIENTED_EDGE('',*,*,#9667,.T.);
#12780 = ORIENTED_EDGE('',*,*,#12253,.T.);
#12781 = ORIENTED_EDGE('',*,*,#9172,.F.);
#12782 = ADVANCED_FACE('',(#12783),#10899,.T.);
#12783 = FACE_BOUND('',#12784,.T.);
#12784 = EDGE_LOOP('',(#12785,#12786,#12787));
#12785 = ORIENTED_EDGE('',*,*,#12071,.T.);
#12786 = ORIENTED_EDGE('',*,*,#10884,.T.);
#12787 = ORIENTED_EDGE('',*,*,#12686,.T.);
#12788 = ADVANCED_FACE('',(#12789),#10058,.T.);
#12789 = FACE_BOUND('',#12790,.T.);
#12790 = EDGE_LOOP('',(#12791,#12792,#12793));
#12791 = ORIENTED_EDGE('',*,*,#12015,.T.);
#12792 = ORIENTED_EDGE('',*,*,#11930,.T.);
#12793 = ORIENTED_EDGE('',*,*,#10043,.F.);
#12794 = ( GEOMETRIC_REPRESENTATION_CONTEXT(3) 
GLOBAL_UNCERTAINTY_ASSIGNED_CONTEXT((#12798)) 
GLOBAL_UNIT_ASSIGNED_CONTEXT((#12795,#12796,#12797)) 
REPRESENTATION_CONTEXT('Context #1',
  '3D Context with UNIT and UNCERTAINTY') );
#12795 = ( LENGTH_UNIT() NAMED_UNIT(*) SI_UNIT(.MILLI.,.METRE.) );
#12796 = ( NAMED_UNIT(*) PLANE_ANGLE_UNIT() SI_UNIT($,.RADIAN.) );
#12797 = ( NAMED_UNIT(*) SI_UNIT($,.STERADIAN.) SOLID_ANGLE_UNIT() );
#12798 = UNCERTAINTY_MEASURE_WITH_UNIT(LENGTH_MEASURE(5.E-06),#12795,
  'distance_accuracy_value','confusion accuracy');
#12799 = PRODUCT_RELATED_PRODUCT_CATEGORY('part',$,(#7));
ENDSEC;
END-ISO-10303-21;
