ISO-10303-21;
HEADER;
FILE_DESCRIPTION(('Open CASCADE Model'),'2;1');
FILE_NAME('Open CASCADE Shape Model','2026-09-06T09:56:10',('Author'),(
    'Open CASCADE'),'Open CASCADE STEP processor 7.9','Open CASCADE 7.9'
  ,'Unknown');
FILE_SCHEMA(('AUTOMOTIVE_DESIGN { 1 0 10303 214 1 1 1 1 }'));
ENDSEC;
DATA;
#1 = APPLICATION_PROTOCOL_DEFINITION('international standard',
  'automotive_design',2000,#2);
#2 = APPLICATION_CONTEXT(
  'core data for automotive mechanical design processes');
#3 = SHAPE_DEFINITION_REPRESENTATION(#4,#10);
#4 = PRODUCT_DEFINITION_SHAPE('','',#5);
#5 = PRODUCT_DEFINITION('design','',#6,#9);
#6 = PRODUCT_DEFINITION_FORMATION('','',#7);
#7 = PRODUCT('Open CASCADE STEP translator 7.9 1',
  'Open CASCADE STEP translator 7.9 1','',(#8));
#8 = PRODUCT_CONTEXT('',#2,'mechanical');
#9 = PRODUCT_DEFINITION_CONTEXT('part definition',#2,'design');
#10 = ADVANCED_BREP_SHAPE_REPRESENTATION('',(#11,#15),#5374);
#11 = AXIS2_PLACEMENT_3D('',#12,#13,#14);
#12 = CARTESIAN_POINT('',(0.,0.,0.));
#13 = DIRECTION('',(0.,0.,1.));
#14 = DIRECTION('',(1.,0.,-0.));
#15 = MANIFOLD_SOLID_BREP('',#16);
#16 = CLOSED_SHELL('',(#17,#250,#927,#2093,#2773,#3384,#3711,#3760,#4015
    ,#4022,#4100,#4128,#4226,#4232,#4647,#4761,#4897,#4904,#4953,#5056,
    #5062,#5114,#5141,#5168,#5193,#5220,#5247,#5272,#5299,#5306,#5333,
    #5360,#5367));
#17 = ADVANCED_FACE('',(#18),#31,.T.);
#18 = FACE_BOUND('',#19,.T.);
#19 = EDGE_LOOP('',(#20,#54,#82,#116,#141,#175,#198,#225));
#20 = ORIENTED_EDGE('',*,*,#21,.F.);
#21 = EDGE_CURVE('',#22,#24,#26,.T.);
#22 = VERTEX_POINT('',#23);
#23 = CARTESIAN_POINT('',(-57.,293.333,377.778));
#24 = VERTEX_POINT('',#25);
#25 = CARTESIAN_POINT('',(-51.,420.,374.167));
#26 = SURFACE_CURVE('',#27,(#30,#42),.PCURVE_S1.);
#27 = B_SPLINE_CURVE_WITH_KNOTS('',1,(#28,#29),.UNSPECIFIED.,.F.,.F.,(2,
    2),(0.,1.),.PIECEWISE_BEZIER_KNOTS.);
#28 = CARTESIAN_POINT('',(-57.,293.333,377.778));
#29 = CARTESIAN_POINT('',(-51.,420.,374.167));
#30 = PCURVE('',#31,#36);
#31 = B_SPLINE_SURFACE_WITH_KNOTS('',1,1,(
    (#32,#33)
    ,(#34,#35)),.UNSPECIFIED.,.F.,.F.,.F.,(2,2),(2,2),(0.,114.),(0.,1.),
  .PIECEWISE_BEZIER_KNOTS.);
#32 = CARTESIAN_POINT('',(-57.,293.333,377.778));
#33 = CARTESIAN_POINT('',(-51.,420.,374.167));
#34 = CARTESIAN_POINT('',(57.,293.333,377.778));
#35 = CARTESIAN_POINT('',(51.,420.,374.167));
#36 = DEFINITIONAL_REPRESENTATION('',(#37),#41);
#37 = LINE('',#38,#39);
#38 = CARTESIAN_POINT('',(0.,0.));
#39 = VECTOR('',#40,1.);
#40 = DIRECTION('',(0.,1.));
#41 = ( GEOMETRIC_REPRESENTATION_CONTEXT(2) 
PARAMETRIC_REPRESENTATION_CONTEXT() REPRESENTATION_CONTEXT('2D SPACE',''
  ) );
#42 = PCURVE('',#43,#48);
#43 = B_SPLINE_SURFACE_WITH_KNOTS('',1,1,(
    (#44,#45)
    ,(#46,#47
    )),.UNSPECIFIED.,.F.,.F.,.F.,(2,2),(2,2),(0.,134.14879545117),(0.,1.
    ),.PIECEWISE_BEZIER_KNOTS.);
#44 = CARTESIAN_POINT('',(-45.,293.333,244.167));
#45 = CARTESIAN_POINT('',(-39.,420.,265.834));
#46 = CARTESIAN_POINT('',(-57.,293.333,377.778));
#47 = CARTESIAN_POINT('',(-51.,420.,374.167));
#48 = DEFINITIONAL_REPRESENTATION('',(#49),#53);
#49 = LINE('',#50,#51);
#50 = CARTESIAN_POINT('',(134.14879545117,0.));
#51 = VECTOR('',#52,1.);
#52 = DIRECTION('',(0.,1.));
#53 = ( GEOMETRIC_REPRESENTATION_CONTEXT(2) 
PARAMETRIC_REPRESENTATION_CONTEXT() REPRESENTATION_CONTEXT('2D SPACE',''
  ) );
#54 = ORIENTED_EDGE('',*,*,#55,.T.);
#55 = EDGE_CURVE('',#22,#56,#58,.T.);
#56 = VERTEX_POINT('',#57);
#57 = CARTESIAN_POINT('',(-20.,293.333,377.778));
#58 = SURFACE_CURVE('',#59,(#63,#70),.PCURVE_S1.);
#59 = LINE('',#60,#61);
#60 = CARTESIAN_POINT('',(-57.,293.333,377.778));
#61 = VECTOR('',#62,1.);
#62 = DIRECTION('',(1.,0.,0.));
#63 = PCURVE('',#31,#64);
#64 = DEFINITIONAL_REPRESENTATION('',(#65),#69);
#65 = LINE('',#66,#67);
#66 = CARTESIAN_POINT('',(0.,0.));
#67 = VECTOR('',#68,1.);
#68 = DIRECTION('',(1.,0.));
#69 = ( GEOMETRIC_REPRESENTATION_CONTEXT(2) 
PARAMETRIC_REPRESENTATION_CONTEXT() REPRESENTATION_CONTEXT('2D SPACE',''
  ) );
#70 = PCURVE('',#71,#76);
#71 = PLANE('',#72);
#72 = AXIS2_PLACEMENT_3D('',#73,#74,#75);
#73 = CARTESIAN_POINT('',(-57.,293.333,377.778));
#74 = DIRECTION('',(0.,-1.,0.));
#75 = DIRECTION('',(0.606800045294,0.,-0.794854518155));
#76 = DEFINITIONAL_REPRESENTATION('',(#77),#81);
#77 = LINE('',#78,#79);
#78 = CARTESIAN_POINT('',(0.,0.));
#79 = VECTOR('',#80,1.);
#80 = DIRECTION('',(0.606800045294,0.794854518155));
#81 = ( GEOMETRIC_REPRESENTATION_CONTEXT(2) 
PARAMETRIC_REPRESENTATION_CONTEXT() REPRESENTATION_CONTEXT('2D SPACE',''
  ) );
#82 = ORIENTED_EDGE('',*,*,#83,.T.);
#83 = EDGE_CURVE('',#56,#84,#86,.T.);
#84 = VERTEX_POINT('',#85);
#85 = CARTESIAN_POINT('',(-20.,331.33,376.69478837424));
#86 = SURFACE_CURVE('',#87,(#93,#102),.PCURVE_S1.);
#87 = B_SPLINE_CURVE_WITH_KNOTS('',4,(#88,#89,#90,#91,#92),
  .UNSPECIFIED.,.F.,.F.,(5,5),(0.,1.),.PIECEWISE_BEZIER_KNOTS.);
#88 = CARTESIAN_POINT('',(-20.,293.333,377.778));
#89 = CARTESIAN_POINT('',(-20.,302.83233733481,377.50719460383));
#90 = CARTESIAN_POINT('',(-20.,312.33161948833,377.23639078076));
#91 = CARTESIAN_POINT('',(-20.,321.83084212842,376.9655886543));
#92 = CARTESIAN_POINT('',(-20.,331.33,376.69478837424));
#93 = PCURVE('',#31,#94);
#94 = DEFINITIONAL_REPRESENTATION('',(#95),#101);
#95 = B_SPLINE_CURVE_WITH_KNOTS('',4,(#96,#97,#98,#99,#100),
  .UNSPECIFIED.,.F.,.F.,(5,5),(0.,1.),.PIECEWISE_BEZIER_KNOTS.);
#96 = CARTESIAN_POINT('',(37.,0.));
#97 = CARTESIAN_POINT('',(36.842116692466,7.499457107865E-02));
#98 = CARTESIAN_POINT('',(36.680910627638,0.149988706517));
#99 = CARTESIAN_POINT('',(36.516224875206,0.224982372113));
#100 = CARTESIAN_POINT('',(36.347881024741,0.29997552638));
#101 = ( GEOMETRIC_REPRESENTATION_CONTEXT(2) 
PARAMETRIC_REPRESENTATION_CONTEXT() REPRESENTATION_CONTEXT('2D SPACE',''
  ) );
#102 = PCURVE('',#103,#108);
#103 = PLANE('',#104);
#104 = AXIS2_PLACEMENT_3D('',#105,#106,#107);
#105 = CARTESIAN_POINT('',(-20.,263.33,314.03));
#106 = DIRECTION('',(1.,0.,-0.));
#107 = DIRECTION('',(0.,0.,1.));
#108 = DEFINITIONAL_REPRESENTATION('',(#109),#115);
#109 = B_SPLINE_CURVE_WITH_KNOTS('',4,(#110,#111,#112,#113,#114),
  .UNSPECIFIED.,.F.,.F.,(5,5),(0.,1.),.PIECEWISE_BEZIER_KNOTS.);
#110 = CARTESIAN_POINT('',(63.748,-30.003));
#111 = CARTESIAN_POINT('',(63.477194603835,-39.50233733481));
#112 = CARTESIAN_POINT('',(63.206390780769,-49.00161948833));
#113 = CARTESIAN_POINT('',(62.9355886543,-58.50084212842));
#114 = CARTESIAN_POINT('',(62.664788374241,-68.));
#115 = ( GEOMETRIC_REPRESENTATION_CONTEXT(2) 
PARAMETRIC_REPRESENTATION_CONTEXT() REPRESENTATION_CONTEXT('2D SPACE',''
  ) );
#116 = ORIENTED_EDGE('',*,*,#117,.F.);
#117 = EDGE_CURVE('',#118,#84,#120,.T.);
#118 = VERTEX_POINT('',#119);
#119 = CARTESIAN_POINT('',(20.,331.33,376.69478837424));
#120 = SURFACE_CURVE('',#121,(#124,#130),.PCURVE_S1.);
#121 = B_SPLINE_CURVE_WITH_KNOTS('',1,(#122,#123),.UNSPECIFIED.,.F.,.F.,
  (2,2),(0.,1.),.PIECEWISE_BEZIER_KNOTS.);
#122 = CARTESIAN_POINT('',(20.,331.33,376.69478837424));
#123 = CARTESIAN_POINT('',(-20.,331.33,376.69478837424));
#124 = PCURVE('',#31,#125);
#125 = DEFINITIONAL_REPRESENTATION('',(#126),#129);
#126 = B_SPLINE_CURVE_WITH_KNOTS('',1,(#127,#128),.UNSPECIFIED.,.F.,.F.,
  (2,2),(0.,1.),.PIECEWISE_BEZIER_KNOTS.);
#127 = CARTESIAN_POINT('',(77.652118974771,0.29997552638));
#128 = CARTESIAN_POINT('',(36.347881025229,0.29997552638));
#129 = ( GEOMETRIC_REPRESENTATION_CONTEXT(2) 
PARAMETRIC_REPRESENTATION_CONTEXT() REPRESENTATION_CONTEXT('2D SPACE',''
  ) );
#130 = PCURVE('',#131,#136);
#131 = PLANE('',#132);
#132 = AXIS2_PLACEMENT_3D('',#133,#134,#135);
#133 = CARTESIAN_POINT('',(-20.,331.33,314.03));
#134 = DIRECTION('',(-0.,1.,0.));
#135 = DIRECTION('',(0.,0.,1.));
#136 = DEFINITIONAL_REPRESENTATION('',(#137),#140);
#137 = B_SPLINE_CURVE_WITH_KNOTS('',1,(#138,#139),.UNSPECIFIED.,.F.,.F.,
  (2,2),(0.,1.),.PIECEWISE_BEZIER_KNOTS.);
#138 = CARTESIAN_POINT('',(62.664788374241,40.));
#139 = CARTESIAN_POINT('',(62.664788374241,0.));
#140 = ( GEOMETRIC_REPRESENTATION_CONTEXT(2) 
PARAMETRIC_REPRESENTATION_CONTEXT() REPRESENTATION_CONTEXT('2D SPACE',''
  ) );
#141 = ORIENTED_EDGE('',*,*,#142,.F.);
#142 = EDGE_CURVE('',#143,#118,#145,.T.);
#143 = VERTEX_POINT('',#144);
#144 = CARTESIAN_POINT('',(20.,293.333,377.778));
#145 = SURFACE_CURVE('',#146,(#152,#161),.PCURVE_S1.);
#146 = B_SPLINE_CURVE_WITH_KNOTS('',4,(#147,#148,#149,#150,#151),
  .UNSPECIFIED.,.F.,.F.,(5,5),(0.,1.),.PIECEWISE_BEZIER_KNOTS.);
#147 = CARTESIAN_POINT('',(20.,293.333,377.778));
#148 = CARTESIAN_POINT('',(20.,302.83233733481,377.50719460383));
#149 = CARTESIAN_POINT('',(20.,312.33161948833,377.23639078076));
#150 = CARTESIAN_POINT('',(20.,321.83084212842,376.9655886543));
#151 = CARTESIAN_POINT('',(20.,331.33,376.69478837424));
#152 = PCURVE('',#31,#153);
#153 = DEFINITIONAL_REPRESENTATION('',(#154),#160);
#154 = B_SPLINE_CURVE_WITH_KNOTS('',4,(#155,#156,#157,#158,#159),
  .UNSPECIFIED.,.F.,.F.,(5,5),(0.,1.),.PIECEWISE_BEZIER_KNOTS.);
#155 = CARTESIAN_POINT('',(77.,0.));
#156 = CARTESIAN_POINT('',(77.157883307534,7.499457107865E-02));
#157 = CARTESIAN_POINT('',(77.319089372362,0.149988706517));
#158 = CARTESIAN_POINT('',(77.483775124794,0.224982372113));
#159 = CARTESIAN_POINT('',(77.652118975259,0.29997552638));
#160 = ( GEOMETRIC_REPRESENTATION_CONTEXT(2) 
PARAMETRIC_REPRESENTATION_CONTEXT() REPRESENTATION_CONTEXT('2D SPACE',''
  ) );
#161 = PCURVE('',#162,#167);
#162 = PLANE('',#163);
#163 = AXIS2_PLACEMENT_3D('',#164,#165,#166);
#164 = CARTESIAN_POINT('',(20.,263.33,314.03));
#165 = DIRECTION('',(1.,0.,-0.));
#166 = DIRECTION('',(0.,0.,1.));
#167 = DEFINITIONAL_REPRESENTATION('',(#168),#174);
#168 = B_SPLINE_CURVE_WITH_KNOTS('',4,(#169,#170,#171,#172,#173),
  .UNSPECIFIED.,.F.,.F.,(5,5),(0.,1.),.PIECEWISE_BEZIER_KNOTS.);
#169 = CARTESIAN_POINT('',(63.748,-30.003));
#170 = CARTESIAN_POINT('',(63.477194603835,-39.50233733481));
#171 = CARTESIAN_POINT('',(63.206390780769,-49.00161948833));
#172 = CARTESIAN_POINT('',(62.9355886543,-58.50084212842));
#173 = CARTESIAN_POINT('',(62.664788374241,-68.));
#174 = ( GEOMETRIC_REPRESENTATION_CONTEXT(2) 
PARAMETRIC_REPRESENTATION_CONTEXT() REPRESENTATION_CONTEXT('2D SPACE',''
  ) );
#175 = ORIENTED_EDGE('',*,*,#176,.T.);
#176 = EDGE_CURVE('',#143,#177,#179,.T.);
#177 = VERTEX_POINT('',#178);
#178 = CARTESIAN_POINT('',(57.,293.333,377.778));
#179 = SURFACE_CURVE('',#180,(#184,#191),.PCURVE_S1.);
#180 = LINE('',#181,#182);
#181 = CARTESIAN_POINT('',(-57.,293.333,377.778));
#182 = VECTOR('',#183,1.);
#183 = DIRECTION('',(1.,0.,0.));
#184 = PCURVE('',#31,#185);
#185 = DEFINITIONAL_REPRESENTATION('',(#186),#190);
#186 = LINE('',#187,#188);
#187 = CARTESIAN_POINT('',(0.,0.));
#188 = VECTOR('',#189,1.);
#189 = DIRECTION('',(1.,0.));
#190 = ( GEOMETRIC_REPRESENTATION_CONTEXT(2) 
PARAMETRIC_REPRESENTATION_CONTEXT() REPRESENTATION_CONTEXT('2D SPACE',''
  ) );
#191 = PCURVE('',#71,#192);
#192 = DEFINITIONAL_REPRESENTATION('',(#193),#197);
#193 = LINE('',#194,#195);
#194 = CARTESIAN_POINT('',(0.,0.));
#195 = VECTOR('',#196,1.);
#196 = DIRECTION('',(0.606800045294,0.794854518155));
#197 = ( GEOMETRIC_REPRESENTATION_CONTEXT(2) 
PARAMETRIC_REPRESENTATION_CONTEXT() REPRESENTATION_CONTEXT('2D SPACE',''
  ) );
#198 = ORIENTED_EDGE('',*,*,#199,.T.);
#199 = EDGE_CURVE('',#177,#200,#202,.T.);
#200 = VERTEX_POINT('',#201);
#201 = CARTESIAN_POINT('',(51.,420.,374.167));
#202 = SURFACE_CURVE('',#203,(#206,#213),.PCURVE_S1.);
#203 = B_SPLINE_CURVE_WITH_KNOTS('',1,(#204,#205),.UNSPECIFIED.,.F.,.F.,
  (2,2),(0.,1.),.PIECEWISE_BEZIER_KNOTS.);
#204 = CARTESIAN_POINT('',(57.,293.333,377.778));
#205 = CARTESIAN_POINT('',(51.,420.,374.167));
#206 = PCURVE('',#31,#207);
#207 = DEFINITIONAL_REPRESENTATION('',(#208),#212);
#208 = LINE('',#209,#210);
#209 = CARTESIAN_POINT('',(114.,0.));
#210 = VECTOR('',#211,1.);
#211 = DIRECTION('',(0.,1.));
#212 = ( GEOMETRIC_REPRESENTATION_CONTEXT(2) 
PARAMETRIC_REPRESENTATION_CONTEXT() REPRESENTATION_CONTEXT('2D SPACE',''
  ) );
#213 = PCURVE('',#214,#219);
#214 = B_SPLINE_SURFACE_WITH_KNOTS('',1,1,(
    (#215,#216)
    ,(#217,#218
    )),.UNSPECIFIED.,.F.,.F.,.F.,(2,2),(2,2),(0.,134.14879545117),(0.,1.
    ),.PIECEWISE_BEZIER_KNOTS.);
#215 = CARTESIAN_POINT('',(57.,293.333,377.778));
#216 = CARTESIAN_POINT('',(51.,420.,374.167));
#217 = CARTESIAN_POINT('',(45.,293.333,244.167));
#218 = CARTESIAN_POINT('',(39.,420.,265.834));
#219 = DEFINITIONAL_REPRESENTATION('',(#220),#224);
#220 = LINE('',#221,#222);
#221 = CARTESIAN_POINT('',(0.,0.));
#222 = VECTOR('',#223,1.);
#223 = DIRECTION('',(0.,1.));
#224 = ( GEOMETRIC_REPRESENTATION_CONTEXT(2) 
PARAMETRIC_REPRESENTATION_CONTEXT() REPRESENTATION_CONTEXT('2D SPACE',''
  ) );
#225 = ORIENTED_EDGE('',*,*,#226,.F.);
#226 = EDGE_CURVE('',#24,#200,#227,.T.);
#227 = SURFACE_CURVE('',#228,(#232,#238),.PCURVE_S1.);
#228 = LINE('',#229,#230);
#229 = CARTESIAN_POINT('',(-51.,420.,374.167));
#230 = VECTOR('',#231,1.);
#231 = DIRECTION('',(1.,0.,0.));
#232 = PCURVE('',#31,#233);
#233 = DEFINITIONAL_REPRESENTATION('',(#234),#237);
#234 = B_SPLINE_CURVE_WITH_KNOTS('',1,(#235,#236),.UNSPECIFIED.,.F.,.F.,
  (2,2),(0.,102.),.PIECEWISE_BEZIER_KNOTS.);
#235 = CARTESIAN_POINT('',(0.,1.));
#236 = CARTESIAN_POINT('',(114.,1.));
#237 = ( GEOMETRIC_REPRESENTATION_CONTEXT(2) 
PARAMETRIC_REPRESENTATION_CONTEXT() REPRESENTATION_CONTEXT('2D SPACE',''
  ) );
#238 = PCURVE('',#239,#244);
#239 = PLANE('',#240);
#240 = AXIS2_PLACEMENT_3D('',#241,#242,#243);
#241 = CARTESIAN_POINT('',(-51.,420.,374.167));
#242 = DIRECTION('',(0.,-1.,0.));
#243 = DIRECTION('',(0.639020857855,0.,-0.7691894066));
#244 = DEFINITIONAL_REPRESENTATION('',(#245),#249);
#245 = LINE('',#246,#247);
#246 = CARTESIAN_POINT('',(0.,0.));
#247 = VECTOR('',#248,1.);
#248 = DIRECTION('',(0.639020857855,0.7691894066));
#249 = ( GEOMETRIC_REPRESENTATION_CONTEXT(2) 
PARAMETRIC_REPRESENTATION_CONTEXT() REPRESENTATION_CONTEXT('2D SPACE',''
  ) );
#250 = ADVANCED_FACE('',(#251,#324),#43,.T.);
#251 = FACE_BOUND('',#252,.T.);
#252 = EDGE_LOOP('',(#253,#276,#277,#299));
#253 = ORIENTED_EDGE('',*,*,#254,.T.);
#254 = EDGE_CURVE('',#255,#22,#257,.T.);
#255 = VERTEX_POINT('',#256);
#256 = CARTESIAN_POINT('',(-45.,293.333,244.167));
#257 = SURFACE_CURVE('',#258,(#262,#269),.PCURVE_S1.);
#258 = LINE('',#259,#260);
#259 = CARTESIAN_POINT('',(-45.,293.333,244.167));
#260 = VECTOR('',#261,1.);
#261 = DIRECTION('',(-8.945290905998E-02,0.,0.995991052701));
#262 = PCURVE('',#43,#263);
#263 = DEFINITIONAL_REPRESENTATION('',(#264),#268);
#264 = LINE('',#265,#266);
#265 = CARTESIAN_POINT('',(0.,0.));
#266 = VECTOR('',#267,1.);
#267 = DIRECTION('',(1.,0.));
#268 = ( GEOMETRIC_REPRESENTATION_CONTEXT(2) 
PARAMETRIC_REPRESENTATION_CONTEXT() REPRESENTATION_CONTEXT('2D SPACE',''
  ) );
#269 = PCURVE('',#71,#270);
#270 = DEFINITIONAL_REPRESENTATION('',(#271),#275);
#271 = LINE('',#272,#273);
#272 = CARTESIAN_POINT('',(113.4829075687,-71.53690663393));
#273 = VECTOR('',#274,1.);
#274 = DIRECTION('',(-0.845948017551,0.533265366963));
#275 = ( GEOMETRIC_REPRESENTATION_CONTEXT(2) 
PARAMETRIC_REPRESENTATION_CONTEXT() REPRESENTATION_CONTEXT('2D SPACE',''
  ) );
#276 = ORIENTED_EDGE('',*,*,#21,.T.);
#277 = ORIENTED_EDGE('',*,*,#278,.F.);
#278 = EDGE_CURVE('',#279,#24,#281,.T.);
#279 = VERTEX_POINT('',#280);
#280 = CARTESIAN_POINT('',(-39.,420.,265.834));
#281 = SURFACE_CURVE('',#282,(#286,#292),.PCURVE_S1.);
#282 = LINE('',#283,#284);
#283 = CARTESIAN_POINT('',(-39.,420.,265.834));
#284 = VECTOR('',#285,1.);
#285 = DIRECTION('',(-0.110096196314,0.,0.993920936271));
#286 = PCURVE('',#43,#287);
#287 = DEFINITIONAL_REPRESENTATION('',(#288),#291);
#288 = B_SPLINE_CURVE_WITH_KNOTS('',1,(#289,#290),.UNSPECIFIED.,.F.,.F.,
  (2,2),(0.,108.99559114478),.PIECEWISE_BEZIER_KNOTS.);
#289 = CARTESIAN_POINT('',(0.,1.));
#290 = CARTESIAN_POINT('',(134.14879545117,1.));
#291 = ( GEOMETRIC_REPRESENTATION_CONTEXT(2) 
PARAMETRIC_REPRESENTATION_CONTEXT() REPRESENTATION_CONTEXT('2D SPACE',''
  ) );
#292 = PCURVE('',#239,#293);
#293 = DEFINITIONAL_REPRESENTATION('',(#294),#298);
#294 = LINE('',#295,#296);
#295 = CARTESIAN_POINT('',(90.996846279488,-59.99677371482));
#296 = VECTOR('',#297,1.);
#297 = DIRECTION('',(-0.834867220993,0.550451381424));
#298 = ( GEOMETRIC_REPRESENTATION_CONTEXT(2) 
PARAMETRIC_REPRESENTATION_CONTEXT() REPRESENTATION_CONTEXT('2D SPACE',''
  ) );
#299 = ORIENTED_EDGE('',*,*,#300,.F.);
#300 = EDGE_CURVE('',#255,#279,#301,.T.);
#301 = SURFACE_CURVE('',#302,(#305,#312),.PCURVE_S1.);
#302 = B_SPLINE_CURVE_WITH_KNOTS('',1,(#303,#304),.UNSPECIFIED.,.F.,.F.,
  (2,2),(0.,1.),.PIECEWISE_BEZIER_KNOTS.);
#303 = CARTESIAN_POINT('',(-45.,293.333,244.167));
#304 = CARTESIAN_POINT('',(-39.,420.,265.834));
#305 = PCURVE('',#43,#306);
#306 = DEFINITIONAL_REPRESENTATION('',(#307),#311);
#307 = LINE('',#308,#309);
#308 = CARTESIAN_POINT('',(0.,0.));
#309 = VECTOR('',#310,1.);
#310 = DIRECTION('',(0.,1.));
#311 = ( GEOMETRIC_REPRESENTATION_CONTEXT(2) 
PARAMETRIC_REPRESENTATION_CONTEXT() REPRESENTATION_CONTEXT('2D SPACE',''
  ) );
#312 = PCURVE('',#313,#318);
#313 = B_SPLINE_SURFACE_WITH_KNOTS('',1,1,(
    (#314,#315)
    ,(#316,#317
  )),.UNSPECIFIED.,.F.,.F.,.F.,(2,2),(2,2),(0.,90.),(0.,1.),
  .PIECEWISE_BEZIER_KNOTS.);
#314 = CARTESIAN_POINT('',(45.,293.333,244.167));
#315 = CARTESIAN_POINT('',(39.,420.,265.834));
#316 = CARTESIAN_POINT('',(-45.,293.333,244.167));
#317 = CARTESIAN_POINT('',(-39.,420.,265.834));
#318 = DEFINITIONAL_REPRESENTATION('',(#319),#323);
#319 = LINE('',#320,#321);
#320 = CARTESIAN_POINT('',(90.,0.));
#321 = VECTOR('',#322,1.);
#322 = DIRECTION('',(0.,1.));
#323 = ( GEOMETRIC_REPRESENTATION_CONTEXT(2) 
PARAMETRIC_REPRESENTATION_CONTEXT() REPRESENTATION_CONTEXT('2D SPACE',''
  ) );
#324 = FACE_BOUND('',#325,.T.);
#325 = EDGE_LOOP('',(#326,#479,#513,#706,#740,#844,#873));
#326 = ORIENTED_EDGE('',*,*,#327,.T.);
#327 = EDGE_CURVE('',#328,#330,#332,.T.);
#328 = VERTEX_POINT('',#329);
#329 = CARTESIAN_POINT('',(-46.99131660382,364.5,309.7));
#330 = VERTEX_POINT('',#331);
#331 = CARTESIAN_POINT('',(-46.,350.99785214329,291.99972929967));
#332 = SURFACE_CURVE('',#333,(#378,#426),.PCURVE_S1.);
#333 = B_SPLINE_CURVE_WITH_KNOTS('',8,(#334,#335,#336,#337,#338,#339,
    #340,#341,#342,#343,#344,#345,#346,#347,#348,#349,#350,#351,#352,
    #353,#354,#355,#356,#357,#358,#359,#360,#361,#362,#363,#364,#365,
    #366,#367,#368,#369,#370,#371,#372,#373,#374,#375,#376,#377),
  .UNSPECIFIED.,.F.,.F.,(9,7,7,7,7,7,9),(0.,0.181803694947,
    0.279368411678,0.417215256682,0.536462037005,0.904067502655,1.),
  .UNSPECIFIED.);
#334 = CARTESIAN_POINT('',(-46.99131660382,364.5,309.7));
#335 = CARTESIAN_POINT('',(-47.03231927105,363.76249647965,309.7));
#336 = CARTESIAN_POINT('',(-47.06916696676,363.01916131112,
    309.65559890591));
#337 = CARTESIAN_POINT('',(-47.10128261199,362.27854338499,
    309.5655688333));
#338 = CARTESIAN_POINT('',(-47.12837119972,361.54791560488,
    309.43075879371));
#339 = CARTESIAN_POINT('',(-47.15033520967,360.83349345802,
    309.25342019918));
#340 = CARTESIAN_POINT('',(-47.16722826453,360.14054999506,
    309.03683614292));
#341 = CARTESIAN_POINT('',(-47.1792299807,359.47347314988,
    308.78511465848));
#342 = CARTESIAN_POINT('',(-47.19059347682,358.49361094393,
    308.35161299996));
#343 = CARTESIAN_POINT('',(-47.19323952448,358.15951625868,
    308.1913068797));
#344 = CARTESIAN_POINT('',(-47.19460498436,357.83386649322,
    308.02268323533));
#345 = CARTESIAN_POINT('',(-47.19473635061,357.51690002606,
    307.84633155892));
#346 = CARTESIAN_POINT('',(-47.19368258612,357.20877000402,
    307.66282214714));
#347 = CARTESIAN_POINT('',(-47.19149333589,356.90955743938,
    307.47269501571));
#348 = CARTESIAN_POINT('',(-47.18821750437,356.61928179623,
    307.27645097914));
#349 = CARTESIAN_POINT('',(-47.17780520317,355.94036429341,
    306.78927663983));
#350 = CARTESIAN_POINT('',(-47.16963408225,355.56065099207,
    306.49274811005));
#351 = CARTESIAN_POINT('',(-47.15952194975,355.19861715361,
    306.18621344934));
#352 = CARTESIAN_POINT('',(-47.14759467182,354.8540297062,
    305.87081709568));
#353 = CARTESIAN_POINT('',(-47.13396980706,354.52658622497,
    305.54758742417));
#354 = CARTESIAN_POINT('',(-47.1187553709,354.21592827041,
    305.21742980989));
#355 = CARTESIAN_POINT('',(-47.1020484228,353.92165635469,
    304.88111911158));
#356 = CARTESIAN_POINT('',(-47.0682628305,353.40258984861,
    304.24358779667));
#357 = CARTESIAN_POINT('',(-47.0515403488,353.17380625314,
    303.94378997985));
#358 = CARTESIAN_POINT('',(-47.03382209228,352.9567310003,
    303.64032931135));
#359 = CARTESIAN_POINT('',(-47.01515953003,352.75111370478,
    303.33360005732));
#360 = CARTESIAN_POINT('',(-46.99559988651,352.55671441825,
    303.02396045544));
#361 = CARTESIAN_POINT('',(-46.97518632118,352.37330169803,
    302.71173310583));
#362 = CARTESIAN_POINT('',(-46.9539579401,352.20065267179,
    302.39720486173));
#363 = CARTESIAN_POINT('',(-46.86410402114,351.53885226461,
    301.10470017242));
#364 = CARTESIAN_POINT('',(-46.78890519192,351.13985129552,
    300.11012959293));
#365 = CARTESIAN_POINT('',(-46.70733340533,350.83456462931,
    299.10338912826));
#366 = CARTESIAN_POINT('',(-46.62012690807,350.61878371821,
    298.0901053595));
#367 = CARTESIAN_POINT('',(-46.52791091372,350.48905744441,
    297.07519895552));
#368 = CARTESIAN_POINT('',(-46.43118391775,350.44293902427,
    296.06287108822));
#369 = CARTESIAN_POINT('',(-46.33033369507,350.47878521911,
    295.05664874907));
#370 = CARTESIAN_POINT('',(-46.19826321547,350.62716969725,
    293.79914433261));
#371 = CARTESIAN_POINT('',(-46.17067079116,350.66344584822,
    293.53955545729));
#372 = CARTESIAN_POINT('',(-46.1428249614,350.70528072952,
    293.28069398596));
#373 = CARTESIAN_POINT('',(-46.11473169423,350.75267049534,
    293.02262795327));
#374 = CARTESIAN_POINT('',(-46.08639683732,350.80561564544,
    292.76542668366));
#375 = CARTESIAN_POINT('',(-46.05782611804,350.86412102521,
    292.50916079145));
#376 = CARTESIAN_POINT('',(-46.02902514337,350.92819582561,
    292.25390218074));
#377 = CARTESIAN_POINT('',(-45.9999994,350.99785358321,291.99972404548)
  );
#378 = PCURVE('',#43,#379);
#379 = DEFINITIONAL_REPRESENTATION('',(#380),#425);
#380 = B_SPLINE_CURVE_WITH_KNOTS('',8,(#381,#382,#383,#384,#385,#386,
    #387,#388,#389,#390,#391,#392,#393,#394,#395,#396,#397,#398,#399,
    #400,#401,#402,#403,#404,#405,#406,#407,#408,#409,#410,#411,#412,
    #413,#414,#415,#416,#417,#418,#419,#420,#421,#422,#423,#424),
  .UNSPECIFIED.,.F.,.F.,(9,7,7,7,7,7,9),(0.,0.181803694947,
    0.279368411678,0.417215256682,0.536462037005,0.904067502655,1.),
  .UNSPECIFIED.);
#381 = CARTESIAN_POINT('',(59.946358480891,0.561843258307));
#382 = CARTESIAN_POINT('',(60.014197324254,0.556020877416));
#383 = CARTESIAN_POINT('',(60.032499413418,0.550152457318));
#384 = CARTESIAN_POINT('',(59.9993404671,0.544305489078));
#385 = CARTESIAN_POINT('',(59.915273826876,0.538537390203));
#386 = CARTESIAN_POINT('',(59.782500614944,0.532897230202));
#387 = CARTESIAN_POINT('',(59.604412538807,0.527426638312));
#388 = CARTESIAN_POINT('',(59.385341099258,0.522160256025));
#389 = CARTESIAN_POINT('',(58.993504683417,0.514424522124));
#390 = CARTESIAN_POINT('',(58.846170755834,0.511786939445));
#391 = CARTESIAN_POINT('',(58.688992919228,0.50921602701));
#392 = CARTESIAN_POINT('',(58.522617163766,0.506713666749));
#393 = CARTESIAN_POINT('',(58.347671945518,0.504281067713));
#394 = CARTESIAN_POINT('',(58.164755147691,0.501918869472));
#395 = CARTESIAN_POINT('',(57.974423783432,0.499627225688));
#396 = CARTESIAN_POINT('',(57.498514535169,0.494267364771));
#397 = CARTESIAN_POINT('',(57.206098185666,0.49126963607));
#398 = CARTESIAN_POINT('',(56.90134500369,0.488411481709));
#399 = CARTESIAN_POINT('',(56.585538636144,0.485691061651));
#400 = CARTESIAN_POINT('',(56.259833134345,0.483105988339));
#401 = CARTESIAN_POINT('',(55.925246204318,0.480653431994));
#402 = CARTESIAN_POINT('',(55.582651337947,0.478330238773));
#403 = CARTESIAN_POINT('',(54.93009694902,0.474232356088));
#404 = CARTESIAN_POINT('',(54.62200667946,0.472426174561));
#405 = CARTESIAN_POINT('',(54.308984534842,0.470712427075));
#406 = CARTESIAN_POINT('',(53.991473304059,0.469089136908));
#407 = CARTESIAN_POINT('',(53.669873851979,0.467554409738));
#408 = CARTESIAN_POINT('',(53.344546104369,0.466106418389));
#409 = CARTESIAN_POINT('',(53.015809212094,0.464743403347));
#410 = CARTESIAN_POINT('',(51.660880925465,0.45951867704));
#411 = CARTESIAN_POINT('',(50.608943918871,0.456368677679));
#412 = CARTESIAN_POINT('',(49.535388045797,0.45395852613));
#413 = CARTESIAN_POINT('',(48.446237648854,0.452254997104));
#414 = CARTESIAN_POINT('',(47.34665455003,0.451230845006));
#415 = CARTESIAN_POINT('',(46.24091580995,0.450866753174));
#416 = CARTESIAN_POINT('',(45.132486240229,0.451149748704));
#417 = CARTESIAN_POINT('',(43.734636120358,0.452321202028));
#418 = CARTESIAN_POINT('',(43.44538801074,0.45260759194));
#419 = CARTESIAN_POINT('',(43.15625059787,0.452937866449));
#420 = CARTESIAN_POINT('',(42.867288562193,0.453311995195));
#421 = CARTESIAN_POINT('',(42.578567540016,0.453729982122));
#422 = CARTESIAN_POINT('',(42.290154123508,0.454191865484));
#423 = CARTESIAN_POINT('',(42.002115860698,0.45469771784));
#424 = CARTESIAN_POINT('',(41.714521255479,0.455247646058));
#425 = ( GEOMETRIC_REPRESENTATION_CONTEXT(2) 
PARAMETRIC_REPRESENTATION_CONTEXT() REPRESENTATION_CONTEXT('2D SPACE',''
  ) );
#426 = PCURVE('',#427,#432);
#427 = CYLINDRICAL_SURFACE('',#428,14.);
#428 = AXIS2_PLACEMENT_3D('',#429,#430,#431);
#429 = CARTESIAN_POINT('',(-58.,364.5,295.7));
#430 = DIRECTION('',(1.,0.,0.));
#431 = DIRECTION('',(-0.,0.,1.));
#432 = DEFINITIONAL_REPRESENTATION('',(#433),#478);
#433 = B_SPLINE_CURVE_WITH_KNOTS('',8,(#434,#435,#436,#437,#438,#439,
    #440,#441,#442,#443,#444,#445,#446,#447,#448,#449,#450,#451,#452,
    #453,#454,#455,#456,#457,#458,#459,#460,#461,#462,#463,#464,#465,
    #466,#467,#468,#469,#470,#471,#472,#473,#474,#475,#476,#477),
  .UNSPECIFIED.,.F.,.F.,(9,7,7,7,7,7,9),(0.,0.181803694947,
    0.279368411678,0.417215256682,0.536462037005,0.904067502655,1.),
  .UNSPECIFIED.);
#434 = CARTESIAN_POINT('',(0.,11.008683396175));
#435 = CARTESIAN_POINT('',(5.26788228816E-02,10.967680728942));
#436 = CARTESIAN_POINT('',(0.105774171515,10.930833033237));
#437 = CARTESIAN_POINT('',(0.158898297812,10.898717388003));
#438 = CARTESIAN_POINT('',(0.211768925485,10.87162880028));
#439 = CARTESIAN_POINT('',(0.264159033247,10.849664790326));
#440 = CARTESIAN_POINT('',(0.315870308794,10.832771735464));
#441 = CARTESIAN_POINT('',(0.36671924895,10.8207700193));
#442 = CARTESIAN_POINT('',(0.44325300936,10.809406523171));
#443 = CARTESIAN_POINT('',(0.469709233479,10.80676047552));
#444 = CARTESIAN_POINT('',(0.495883296355,10.805395015632));
#445 = CARTESIAN_POINT('',(0.521769178621,10.80526364939));
#446 = CARTESIAN_POINT('',(0.547364345462,10.806317413875));
#447 = CARTESIAN_POINT('',(0.572669264507,10.808506664108));
#448 = CARTESIAN_POINT('',(0.59768719511,10.811782495624));
#449 = CARTESIAN_POINT('',(0.657374638347,10.822194796826));
#450 = CARTESIAN_POINT('',(0.691759124864,10.830365917741));
#451 = CARTESIAN_POINT('',(0.725599346474,10.840478050247));
#452 = CARTESIAN_POINT('',(0.75891740122,10.852405328179));
#453 = CARTESIAN_POINT('',(0.791736578673,10.86603019294));
#454 = CARTESIAN_POINT('',(0.824082108712,10.881244629093));
#455 = CARTESIAN_POINT('',(0.855981927701,10.897951577194));
#456 = CARTESIAN_POINT('',(0.914704564195,10.931737169492));
#457 = CARTESIAN_POINT('',(0.941628473879,10.948459651196));
#458 = CARTESIAN_POINT('',(0.968258028089,10.966177907714));
#459 = CARTESIAN_POINT('',(0.994610512774,10.984840469968));
#460 = CARTESIAN_POINT('',(1.020702260296,11.004400113485));
#461 = CARTESIAN_POINT('',(1.046549137047,11.024813678812));
#462 = CARTESIAN_POINT('',(1.072166921242,11.046042059893));
#463 = CARTESIAN_POINT('',(1.175887212066,11.135895978855));
#464 = CARTESIAN_POINT('',(1.25211003918,11.211094808075));
#465 = CARTESIAN_POINT('',(1.326787325748,11.292666594669));
#466 = CARTESIAN_POINT('',(1.400268071318,11.379873091924));
#467 = CARTESIAN_POINT('',(1.472860955301,11.47208908628));
#468 = CARTESIAN_POINT('',(1.544847733413,11.568816082245));
#469 = CARTESIAN_POINT('',(1.616525671061,11.669666304927));
#470 = CARTESIAN_POINT('',(1.706970583564,11.801736784521));
#471 = CARTESIAN_POINT('',(1.725688585301,11.829329208838));
#472 = CARTESIAN_POINT('',(1.744411463262,11.857175038594));
#473 = CARTESIAN_POINT('',(1.763144351172,11.885268305767));
#474 = CARTESIAN_POINT('',(1.781892420357,11.913603162671));
#475 = CARTESIAN_POINT('',(1.800660879741,11.942173881959));
#476 = CARTESIAN_POINT('',(1.81945497585,11.970974856625));
#477 = CARTESIAN_POINT('',(1.838279992808,12.0000006));
#478 = ( GEOMETRIC_REPRESENTATION_CONTEXT(2) 
PARAMETRIC_REPRESENTATION_CONTEXT() REPRESENTATION_CONTEXT('2D SPACE',''
  ) );
#479 = ORIENTED_EDGE('',*,*,#480,.T.);
#480 = EDGE_CURVE('',#330,#481,#483,.T.);
#481 = VERTEX_POINT('',#482);
#482 = CARTESIAN_POINT('',(-46.,356.51350060254,295.23542775105));
#483 = SURFACE_CURVE('',#484,(#490,#499),.PCURVE_S1.);
#484 = B_SPLINE_CURVE_WITH_KNOTS('',4,(#485,#486,#487,#488,#489),
  .UNSPECIFIED.,.F.,.F.,(5,5),(0.,1.),.PIECEWISE_BEZIER_KNOTS.);
#485 = CARTESIAN_POINT('',(-46.,350.5,291.70531108637));
#486 = CARTESIAN_POINT('',(-46.,357.44507511813,295.81519119197));
#487 = CARTESIAN_POINT('',(-46.,364.42692014564,299.84550813899));
#488 = CARTESIAN_POINT('',(-46.,371.44534567197,303.79373209546));
#489 = CARTESIAN_POINT('',(-46.,378.5,307.65725067018));
#490 = PCURVE('',#43,#491);
#491 = DEFINITIONAL_REPRESENTATION('',(#492),#498);
#492 = B_SPLINE_CURVE_WITH_KNOTS('',4,(#493,#494,#495,#496,#497),
  .UNSPECIFIED.,.F.,.F.,(5,5),(0.,1.),.PIECEWISE_BEZIER_KNOTS.);
#493 = CARTESIAN_POINT('',(41.45089789945,0.451317233376));
#494 = CARTESIAN_POINT('',(45.128546621754,0.506146629494));
#495 = CARTESIAN_POINT('',(48.825666236437,0.561266313607));
#496 = CARTESIAN_POINT('',(52.542156444312,0.616674790371));
#497 = CARTESIAN_POINT('',(56.277831010019,0.672369283239));
#498 = ( GEOMETRIC_REPRESENTATION_CONTEXT(2) 
PARAMETRIC_REPRESENTATION_CONTEXT() REPRESENTATION_CONTEXT('2D SPACE',''
  ) );
#499 = PCURVE('',#500,#505);
#500 = PLANE('',#501);
#501 = AXIS2_PLACEMENT_3D('',#502,#503,#504);
#502 = CARTESIAN_POINT('',(-46.,364.5,295.7));
#503 = DIRECTION('',(1.,0.,0.));
#504 = DIRECTION('',(-0.,0.,1.));
#505 = DEFINITIONAL_REPRESENTATION('',(#506),#512);
#506 = B_SPLINE_CURVE_WITH_KNOTS('',4,(#507,#508,#509,#510,#511),
  .UNSPECIFIED.,.F.,.F.,(5,5),(0.,1.),.PIECEWISE_BEZIER_KNOTS.);
#507 = CARTESIAN_POINT('',(-3.994688913623,14.));
#508 = CARTESIAN_POINT('',(0.11519119197,7.054924881862));
#509 = CARTESIAN_POINT('',(4.145508138992,7.307985435942E-02));
#510 = CARTESIAN_POINT('',(8.093732095463,-6.945345671976));
#511 = CARTESIAN_POINT('',(11.957250670186,-14.));
#512 = ( GEOMETRIC_REPRESENTATION_CONTEXT(2) 
PARAMETRIC_REPRESENTATION_CONTEXT() REPRESENTATION_CONTEXT('2D SPACE',''
  ) );
#513 = ORIENTED_EDGE('',*,*,#514,.T.);
#514 = EDGE_CURVE('',#481,#515,#517,.T.);
#515 = VERTEX_POINT('',#516);
#516 = CARTESIAN_POINT('',(-45.,361.66792189189,288.2180661865));
#517 = SURFACE_CURVE('',#518,(#577,#639),.PCURVE_S1.);
#518 = B_SPLINE_CURVE_WITH_KNOTS('',8,(#519,#520,#521,#522,#523,#524,
    #525,#526,#527,#528,#529,#530,#531,#532,#533,#534,#535,#536,#537,
    #538,#539,#540,#541,#542,#543,#544,#545,#546,#547,#548,#549,#550,
    #551,#552,#553,#554,#555,#556,#557,#558,#559,#560,#561,#562,#563,
    #564,#565,#566,#567,#568,#569,#570,#571,#572,#573,#574,#575,#576),
  .UNSPECIFIED.,.F.,.F.,(9,7,7,7,7,7,7,7,9),(0.,2.635545638686E-02,
    8.804873619908E-02,0.188282516109,0.351853508933,0.58843472267,
    0.766914163808,0.906444506119,1.),.UNSPECIFIED.);
#519 = CARTESIAN_POINT('',(-46.38834559541,364.5,303.7));
#520 = CARTESIAN_POINT('',(-46.39366590707,364.40600868622,303.7));
#521 = CARTESIAN_POINT('',(-46.39886779827,364.31186328882,
    303.69873794332));
#522 = CARTESIAN_POINT('',(-46.40394831604,364.21760452057,
    303.69620660114));
#523 = CARTESIAN_POINT('',(-46.40890459041,364.12327505186,
    303.6924006542));
#524 = CARTESIAN_POINT('',(-46.41373385808,364.02891951019,
    303.68731693403));
#525 = CARTESIAN_POINT('',(-46.41843348598,363.93458447972,
    303.68095466419));
#526 = CARTESIAN_POINT('',(-46.42300099498,363.84031850078,
    303.67331570143));
#527 = CARTESIAN_POINT('',(-46.43781112898,363.52579257576,
    303.64354594037));
#528 = CARTESIAN_POINT('',(-46.4474546324,363.30600431137,303.6157114422
    ));
#529 = CARTESIAN_POINT('',(-46.45633554372,363.08743017602,
    303.58095269263));
#530 = CARTESIAN_POINT('',(-46.46443486736,362.87064230458,
    303.53939275305));
#531 = CARTESIAN_POINT('',(-46.47174229324,362.65616519907,
    303.49121493913));
#532 = CARTESIAN_POINT('',(-46.47825507286,362.44447832223,
    303.43665345123));
#533 = CARTESIAN_POINT('',(-46.48397714076,362.2360181524,
    303.37598603233));
#534 = CARTESIAN_POINT('',(-46.49694673363,361.6983763146,
    303.20155458673));
#535 = CARTESIAN_POINT('',(-46.50291419878,361.37512864176,
    303.07829519281));
#536 = CARTESIAN_POINT('',(-46.50686882909,361.06291556204,
    302.9410351652));
#537 = CARTESIAN_POINT('',(-46.50889878332,360.76271172443,
    302.79118412592));
#538 = CARTESIAN_POINT('',(-46.50911177806,360.47512029138,
    302.63014601985));
#539 = CARTESIAN_POINT('',(-46.50762338915,360.20045041324,
    302.45924471304));
#540 = CARTESIAN_POINT('',(-46.50454950847,359.9387685201,
    302.27967547835));
#541 = CARTESIAN_POINT('',(-46.49257084145,359.28391096048,
    301.78692309957));
#542 = CARTESIAN_POINT('',(-46.48121603884,358.91251522802,
    301.46129979221));
#543 = CARTESIAN_POINT('',(-46.46640509659,358.5745245199,
    301.11960375649));
#544 = CARTESIAN_POINT('',(-46.44854142381,358.26872240473,
    300.7652180598));
#545 = CARTESIAN_POINT('',(-46.42797704738,357.99376233937,
    300.40095319088));
#546 = CARTESIAN_POINT('',(-46.40501050943,357.74820111053,
    300.02903567636));
#547 = CARTESIAN_POINT('',(-46.37987643228,357.53061999175,
    299.65106620844));
#548 = CARTESIAN_POINT('',(-46.31348400976,357.06364423615,
    298.71393717935));
#549 = CARTESIAN_POINT('',(-46.2701090673,356.84391312855,
    298.15023753463));
#550 = CARTESIAN_POINT('',(-46.22316656842,356.67656344963,
    297.5803595543));
#551 = CARTESIAN_POINT('',(-46.17307515437,356.55918600902,
    297.00730679058));
#552 = CARTESIAN_POINT('',(-46.12018866754,356.48983144201,
    296.43369663481));
#553 = CARTESIAN_POINT('',(-46.06478915166,356.46713550413,
    295.86175714233));
#554 = CARTESIAN_POINT('',(-46.00709567556,356.49020901159,
    295.29335223087));
#555 = CARTESIAN_POINT('',(-45.9020880094,356.61094116527,
    294.30498123615));
#556 = CARTESIAN_POINT('',(-45.85573792702,356.68885203418,293.883157328
    ));
#557 = CARTESIAN_POINT('',(-45.80826462042,356.79266564345,
    293.46527005669));
#558 = CARTESIAN_POINT('',(-45.75974185608,356.92249087158,
    293.05219939519));
#559 = CARTESIAN_POINT('',(-45.71024623674,357.07859785861,
    292.64494755318));
#560 = CARTESIAN_POINT('',(-45.65985803321,357.26139924403,
    292.24463600948));
#561 = CARTESIAN_POINT('',(-45.60865999121,357.47148927732,
    291.85251579967));
#562 = CARTESIAN_POINT('',(-45.51613796714,357.89606470006,
    291.17096418319));
#563 = CARTESIAN_POINT('',(-45.47511402217,358.09950952463,
    290.87791967276));
#564 = CARTESIAN_POINT('',(-45.43369510788,358.32054812083,
    290.59149810633));
#565 = CARTESIAN_POINT('',(-45.39193221625,358.55966149245,
    290.31252604132));
#566 = CARTESIAN_POINT('',(-45.34989389827,358.81736065263,
    290.04202269113));
#567 = CARTESIAN_POINT('',(-45.30766660491,359.09417184088,
    289.78119318412));
#568 = CARTESIAN_POINT('',(-45.26535468398,359.39065480617,
    289.53143734856));
#569 = CARTESIAN_POINT('',(-45.19473440255,359.91992416681,
    289.13545151985));
#570 = CARTESIAN_POINT('',(-45.16641475709,360.14144157379,
    288.98227682842));
#571 = CARTESIAN_POINT('',(-45.13815801739,360.37223001645,
    288.83535691875));
#572 = CARTESIAN_POINT('',(-45.11001408397,360.61243327971,
    288.69528037621));
#573 = CARTESIAN_POINT('',(-45.08204541227,360.86213575677,
    288.56272443691));
#574 = CARTESIAN_POINT('',(-45.05432680094,361.12134990406,
    288.43844458214));
#575 = CARTESIAN_POINT('',(-45.02694518017,361.3900036961,
    288.32326413283));
#576 = CARTESIAN_POINT('',(-44.9999994,361.66792808041,288.21806384401)
  );
#577 = PCURVE('',#43,#578);
#578 = DEFINITIONAL_REPRESENTATION('',(#579),#638);
#579 = B_SPLINE_CURVE_WITH_KNOTS('',8,(#580,#581,#582,#583,#584,#585,
    #586,#587,#588,#589,#590,#591,#592,#593,#594,#595,#596,#597,#598,
    #599,#600,#601,#602,#603,#604,#605,#606,#607,#608,#609,#610,#611,
    #612,#613,#614,#615,#616,#617,#618,#619,#620,#621,#622,#623,#624,
    #625,#626,#627,#628,#629,#630,#631,#632,#633,#634,#635,#636,#637),
  .UNSPECIFIED.,.F.,.F.,(9,7,7,7,7,7,7,7,9),(0.,2.635545638686E-02,
    8.804873619908E-02,0.188282516109,0.351853508933,0.58843472267,
    0.766914163808,0.906444506119,1.),.UNSPECIFIED.);
#580 = CARTESIAN_POINT('',(53.205705608322,0.561843258307));
#581 = CARTESIAN_POINT('',(53.215410192155,0.561101223572));
#582 = CARTESIAN_POINT('',(53.223709353328,0.560357972391));
#583 = CARTESIAN_POINT('',(53.230591639237,0.559613826179));
#584 = CARTESIAN_POINT('',(53.236047561787,0.558869121807));
#585 = CARTESIAN_POINT('',(53.240069861364,0.558124211596));
#586 = CARTESIAN_POINT('',(53.242653770814,0.557379463315));
#587 = CARTESIAN_POINT('',(53.243797279415,0.556635260177));
#588 = CARTESIAN_POINT('',(53.242808790158,0.554152167303));
#589 = CARTESIAN_POINT('',(53.234228943645,0.552417001361));
#590 = CARTESIAN_POINT('',(53.217766951151,0.550691420623));
#591 = CARTESIAN_POINT('',(53.193513424611,0.548979941931));
#592 = CARTESIAN_POINT('',(53.16163084796,0.54728670608));
#593 = CARTESIAN_POINT('',(53.122342387207,0.545615498293));
#594 = CARTESIAN_POINT('',(53.07592315671,0.543969764441));
#595 = CARTESIAN_POINT('',(52.936211824843,0.539725234786));
#596 = CARTESIAN_POINT('',(52.831752098231,0.53717328619));
#597 = CARTESIAN_POINT('',(52.710633942244,0.534708452573));
#598 = CARTESIAN_POINT('',(52.574358998772,0.532338428513));
#599 = CARTESIAN_POINT('',(52.42445083318,0.530067975806));
#600 = CARTESIAN_POINT('',(52.262365180898,0.527899535106));
#601 = CARTESIAN_POINT('',(52.089432782026,0.52583363086));
#602 = CARTESIAN_POINT('',(51.608753568108,0.520663716362));
#603 = CARTESIAN_POINT('',(51.285151059786,0.517731652506));
#604 = CARTESIAN_POINT('',(50.940601211056,0.515063311833));
#605 = CARTESIAN_POINT('',(50.578969617913,0.512649090961));
#606 = CARTESIAN_POINT('',(50.203478572934,0.510478359315));
#607 = CARTESIAN_POINT('',(49.816701268624,0.508539723137));
#608 = CARTESIAN_POINT('',(49.420509300752,0.506821981982));
#609 = CARTESIAN_POINT('',(48.431024783656,0.503135340982));
#610 = CARTESIAN_POINT('',(47.829778482634,0.501400626276));
#611 = CARTESIAN_POINT('',(47.216387943939,0.500079448078));
#612 = CARTESIAN_POINT('',(46.594257439401,0.499152786511));
#613 = CARTESIAN_POINT('',(45.966310342901,0.498605251897));
#614 = CARTESIAN_POINT('',(45.334977227155,0.498426073911));
#615 = CARTESIAN_POINT('',(44.702236224537,0.498608232701));
#616 = CARTESIAN_POINT('',(43.592280262631,0.499561378775));
#617 = CARTESIAN_POINT('',(43.115386020829,0.500176462963));
#618 = CARTESIAN_POINT('',(42.639651545153,0.500996041932));
#619 = CARTESIAN_POINT('',(42.165959130898,0.502020975247));
#620 = CARTESIAN_POINT('',(41.695308173308,0.503253395585));
#621 = CARTESIAN_POINT('',(41.228814531426,0.50469656062));
#622 = CARTESIAN_POINT('',(40.767717900137,0.506355161781));
#623 = CARTESIAN_POINT('',(39.958234895412,0.509707064192));
#624 = CARTESIAN_POINT('',(39.607356309713,0.511313203318));
#625 = CARTESIAN_POINT('',(39.261378824194,0.513058240274));
#626 = CARTESIAN_POINT('',(38.921127189078,0.514945972451));
#627 = CARTESIAN_POINT('',(38.587638339038,0.516980434151));
#628 = CARTESIAN_POINT('',(38.262157376438,0.519165779887));
#629 = CARTESIAN_POINT('',(37.94614721819,0.521506428716));
#630 = CARTESIAN_POINT('',(37.436944175351,0.525684860041));
#631 = CARTESIAN_POINT('',(37.237657830594,0.527433677073));
#632 = CARTESIAN_POINT('',(37.043984035988,0.529255686299));
#633 = CARTESIAN_POINT('',(36.85655677149,0.531152022861));
#634 = CARTESIAN_POINT('',(36.67611891955,0.533123353018));
#635 = CARTESIAN_POINT('',(36.503513255468,0.535169775112));
#636 = CARTESIAN_POINT('',(36.33967343774,0.53729072052));
#637 = CARTESIAN_POINT('',(36.185614998411,0.539484854622));
#638 = ( GEOMETRIC_REPRESENTATION_CONTEXT(2) 
PARAMETRIC_REPRESENTATION_CONTEXT() REPRESENTATION_CONTEXT('2D SPACE',''
  ) );
#639 = PCURVE('',#640,#645);
#640 = CYLINDRICAL_SURFACE('',#641,8.);
#641 = AXIS2_PLACEMENT_3D('',#642,#643,#644);
#642 = CARTESIAN_POINT('',(-59.,364.5,295.7));
#643 = DIRECTION('',(1.,0.,0.));
#644 = DIRECTION('',(-0.,0.,1.));
#645 = DEFINITIONAL_REPRESENTATION('',(#646),#705);
#646 = B_SPLINE_CURVE_WITH_KNOTS('',8,(#647,#648,#649,#650,#651,#652,
    #653,#654,#655,#656,#657,#658,#659,#660,#661,#662,#663,#664,#665,
    #666,#667,#668,#669,#670,#671,#672,#673,#674,#675,#676,#677,#678,
    #679,#680,#681,#682,#683,#684,#685,#686,#687,#688,#689,#690,#691,
    #692,#693,#694,#695,#696,#697,#698,#699,#700,#701,#702,#703,#704),
  .UNSPECIFIED.,.F.,.F.,(9,7,7,7,7,7,7,7,9),(0.,2.635545638686E-02,
    8.804873619908E-02,0.188282516109,0.351853508933,0.58843472267,
    0.766914163808,0.906444506119,1.),.UNSPECIFIED.);
#647 = CARTESIAN_POINT('',(0.,12.61165440459));
#648 = CARTESIAN_POINT('',(1.174891422175E-02,12.606334092925));
#649 = CARTESIAN_POINT('',(2.351708976661E-02,12.601132201726));
#650 = CARTESIAN_POINT('',(3.53019062675E-02,12.596051683958));
#651 = CARTESIAN_POINT('',(4.710053687317E-02,12.591095409582));
#652 = CARTESIAN_POINT('',(5.89099314207E-02,12.586266141919));
#653 = CARTESIAN_POINT('',(7.072679960801E-02,12.581566514017));
#654 = CARTESIAN_POINT('',(8.254759416634E-02,12.576999005016));
#655 = CARTESIAN_POINT('',(0.122039048183,12.562188871014));
#656 = CARTESIAN_POINT('',(0.149718188389,12.552545367591));
#657 = CARTESIAN_POINT('',(0.177360088588,12.54366445628));
#658 = CARTESIAN_POINT('',(0.204924446828,12.535565132634));
#659 = CARTESIAN_POINT('',(0.232375097273,12.528257706759));
#660 = CARTESIAN_POINT('',(0.259678889107,12.52174492714));
#661 = CARTESIAN_POINT('',(0.286804832334,12.516022859232));
#662 = CARTESIAN_POINT('',(0.357458595831,12.503053266367));
#663 = CARTESIAN_POINT('',(0.400647143969,12.497085801214));
#664 = CARTESIAN_POINT('',(0.443191298472,12.493131170907));
#665 = CARTESIAN_POINT('',(0.485034700589,12.491101216673));
#666 = CARTESIAN_POINT('',(0.526146495514,12.490888221935));
#667 = CARTESIAN_POINT('',(0.566515324345,12.492376610848));
#668 = CARTESIAN_POINT('',(0.606148548529,12.495450491522));
#669 = CARTESIAN_POINT('',(0.708590859291,12.507429158548));
#670 = CARTESIAN_POINT('',(0.770159543147,12.51878396116));
#671 = CARTESIAN_POINT('',(0.829989910638,12.533594903402));
#672 = CARTESIAN_POINT('',(0.888239924226,12.551458576186));
#673 = CARTESIAN_POINT('',(0.945055840089,12.572022952611));
#674 = CARTESIAN_POINT('',(1.000589247703,12.594989490568));
#675 = CARTESIAN_POINT('',(1.05500622414,12.620123567716));
#676 = CARTESIAN_POINT('',(1.185885293649,12.686515990237));
#677 = CARTESIAN_POINT('',(1.261201584335,12.729890932692));
#678 = CARTESIAN_POINT('',(1.334994438007,12.776833431575));
#679 = CARTESIAN_POINT('',(1.407611974536,12.826924845623));
#680 = CARTESIAN_POINT('',(1.479362110834,12.879811332455));
#681 = CARTESIAN_POINT('',(1.550526779291,12.935210848331));
#682 = CARTESIAN_POINT('',(1.621402949365,12.992904324437));
#683 = CARTESIAN_POINT('',(1.745867645422,13.097911990599));
#684 = CARTESIAN_POINT('',(1.799387428539,13.144262072973));
#685 = CARTESIAN_POINT('',(1.85304506506,13.191735379577));
#686 = CARTESIAN_POINT('',(1.906966314769,13.240258143917));
#687 = CARTESIAN_POINT('',(1.961275367958,13.289753763258));
#688 = CARTESIAN_POINT('',(2.016101675603,13.340141966788));
#689 = CARTESIAN_POINT('',(2.071590186001,13.391340008782));
#690 = CARTESIAN_POINT('',(2.171962687178,13.483862032858));
#691 = CARTESIAN_POINT('',(2.216500305319,13.524885977826));
#692 = CARTESIAN_POINT('',(2.261628313983,13.566304892116));
#693 = CARTESIAN_POINT('',(2.307433100359,13.608067783749));
#694 = CARTESIAN_POINT('',(2.354001018991,13.650106101726));
#695 = CARTESIAN_POINT('',(2.401422430792,13.692333395086));
#696 = CARTESIAN_POINT('',(2.449799190721,13.734645316011));
#697 = CARTESIAN_POINT('',(2.532425120429,13.805265597444));
#698 = CARTESIAN_POINT('',(2.566066513377,13.83358524291));
#699 = CARTESIAN_POINT('',(2.60022290272,13.861841982604));
#700 = CARTESIAN_POINT('',(2.634927046452,13.889985916021));
#701 = CARTESIAN_POINT('',(2.670207341048,13.917954587726));
#702 = CARTESIAN_POINT('',(2.706088524162,13.945673199059));
#703 = CARTESIAN_POINT('',(2.742592377322,13.973054819824));
#704 = CARTESIAN_POINT('',(2.779738428627,14.0000006));
#705 = ( GEOMETRIC_REPRESENTATION_CONTEXT(2) 
PARAMETRIC_REPRESENTATION_CONTEXT() REPRESENTATION_CONTEXT('2D SPACE',''
  ) );
#706 = ORIENTED_EDGE('',*,*,#707,.T.);
#707 = EDGE_CURVE('',#515,#708,#710,.T.);
#708 = VERTEX_POINT('',#709);
#709 = CARTESIAN_POINT('',(-45.,372.40499655336,294.47076060457));
#710 = SURFACE_CURVE('',#711,(#717,#726),.PCURVE_S1.);
#711 = B_SPLINE_CURVE_WITH_KNOTS('',4,(#712,#713,#714,#715,#716),
  .UNSPECIFIED.,.F.,.F.,(5,5),(0.,1.),.PIECEWISE_BEZIER_KNOTS.);
#712 = CARTESIAN_POINT('',(-45.,360.79206178272,287.7));
#713 = CARTESIAN_POINT('',(-45.,363.70932609099,289.42755773771));
#714 = CARTESIAN_POINT('',(-45.,366.6330807558,291.14108150059));
#715 = CARTESIAN_POINT('',(-45.,369.56331169924,292.84038392249));
#716 = CARTESIAN_POINT('',(-45.,372.5,294.52527484231));
#717 = PCURVE('',#43,#718);
#718 = DEFINITIONAL_REPRESENTATION('',(#719),#725);
#719 = B_SPLINE_CURVE_WITH_KNOTS('',4,(#720,#721,#722,#723,#724),
  .UNSPECIFIED.,.F.,.F.,(5,5),(0.,1.),.PIECEWISE_BEZIER_KNOTS.);
#720 = CARTESIAN_POINT('',(35.721821312647,0.53257013889));
#721 = CARTESIAN_POINT('',(37.266609982812,0.555601112294));
#722 = CARTESIAN_POINT('',(38.814835513057,0.578683325221));
#723 = CARTESIAN_POINT('',(40.366490448658,0.601816666529));
#724 = CARTESIAN_POINT('',(41.921564770156,0.62500098684));
#725 = ( GEOMETRIC_REPRESENTATION_CONTEXT(2) 
PARAMETRIC_REPRESENTATION_CONTEXT() REPRESENTATION_CONTEXT('2D SPACE',''
  ) );
#726 = PCURVE('',#727,#732);
#727 = PLANE('',#728);
#728 = AXIS2_PLACEMENT_3D('',#729,#730,#731);
#729 = CARTESIAN_POINT('',(-45.,364.5,295.7));
#730 = DIRECTION('',(1.,0.,0.));
#731 = DIRECTION('',(-0.,0.,1.));
#732 = DEFINITIONAL_REPRESENTATION('',(#733),#739);
#733 = B_SPLINE_CURVE_WITH_KNOTS('',4,(#734,#735,#736,#737,#738),
  .UNSPECIFIED.,.F.,.F.,(5,5),(0.,1.),.PIECEWISE_BEZIER_KNOTS.);
#734 = CARTESIAN_POINT('',(-8.,3.707938217279));
#735 = CARTESIAN_POINT('',(-6.272442262284,0.790673909006));
#736 = CARTESIAN_POINT('',(-4.558918499409,-2.133080755805));
#737 = CARTESIAN_POINT('',(-2.859616077503,-5.063311699241));
#738 = CARTESIAN_POINT('',(-1.174725157685,-8.));
#739 = ( GEOMETRIC_REPRESENTATION_CONTEXT(2) 
PARAMETRIC_REPRESENTATION_CONTEXT() REPRESENTATION_CONTEXT('2D SPACE',''
  ) );
#740 = ORIENTED_EDGE('',*,*,#741,.T.);
#741 = EDGE_CURVE('',#708,#742,#744,.T.);
#742 = VERTEX_POINT('',#743);
#743 = CARTESIAN_POINT('',(-46.,368.94417063074,302.35201829558));
#744 = SURFACE_CURVE('',#745,(#776,#810),.PCURVE_S1.);
#745 = B_SPLINE_CURVE_WITH_KNOTS('',8,(#746,#747,#748,#749,#750,#751,
    #752,#753,#754,#755,#756,#757,#758,#759,#760,#761,#762,#763,#764,
    #765,#766,#767,#768,#769,#770,#771,#772,#773,#774,#775),
  .UNSPECIFIED.,.F.,.F.,(9,7,7,7,9),(0.,0.178851990752,0.529202772726,
    0.786221311761,1.),.UNSPECIFIED.);
#746 = CARTESIAN_POINT('',(-44.9999994,372.40499554744,294.47075413573)
  );
#747 = CARTESIAN_POINT('',(-45.02513729227,372.44714010563,
    294.74177603174));
#748 = CARTESIAN_POINT('',(-45.05091600646,372.47840976842,
    295.01280588708));
#749 = CARTESIAN_POINT('',(-45.07730088218,372.49900298375,
    295.28363652119));
#750 = CARTESIAN_POINT('',(-45.10426041411,372.50907445317,
    295.55406643568));
#751 = CARTESIAN_POINT('',(-45.13176586324,372.50874216738,
    295.82390006073));
#752 = CARTESIAN_POINT('',(-45.15979106016,372.49809083384,
    296.09294783091));
#753 = CARTESIAN_POINT('',(-45.18831240055,372.47717169674,
    296.3610260907));
#754 = CARTESIAN_POINT('',(-45.27411014901,372.38493447762,
    297.1508438974));
#755 = CARTESIAN_POINT('',(-45.33269776566,372.28456388097,
    297.6689841584));
#756 = CARTESIAN_POINT('',(-45.39294659057,372.14504640981,
    298.18137896066));
#757 = CARTESIAN_POINT('',(-45.45472405614,371.96590854949,
    298.68659521153));
#758 = CARTESIAN_POINT('',(-45.51788053999,371.74630560891,
    299.18282117386));
#759 = CARTESIAN_POINT('',(-45.58225022955,371.48495064159,
    299.66783377196));
#760 = CARTESIAN_POINT('',(-45.64764917087,371.18016867911,
    300.13900612535));
#761 = CARTESIAN_POINT('',(-45.76249837128,370.57158029183,
    300.92620348483));
#762 = CARTESIAN_POINT('',(-45.81149549948,370.28946515469,
    301.2497061133));
#763 = CARTESIAN_POINT('',(-45.86084246095,369.98161343941,
    301.56252747337));
#764 = CARTESIAN_POINT('',(-45.91042625907,369.64684378395,
    301.86293271973));
#765 = CARTESIAN_POINT('',(-45.9600666749,369.28404450978,
    302.14855842889));
#766 = CARTESIAN_POINT('',(-46.00951635844,368.89228261879,
    302.41646768398));
#767 = CARTESIAN_POINT('',(-46.05846072802,368.47083472137,
    302.66315681739));
#768 = CARTESIAN_POINT('',(-46.14648707671,367.6432682601,
    303.06851097957));
#769 = CARTESIAN_POINT('',(-46.1858493529,367.2464388284,303.23503187381
    ));
#770 = CARTESIAN_POINT('',(-46.22431342766,366.82881323043,
    303.38127946829));
#771 = CARTESIAN_POINT('',(-46.26150694606,366.39139539913,
    303.50410793237));
#772 = CARTESIAN_POINT('',(-46.29699071912,365.93609335131,
    303.60019228343));
#773 = CARTESIAN_POINT('',(-46.33028326532,365.46591315025,
    303.6663745343));
#774 = CARTESIAN_POINT('',(-46.36088363099,364.98515693765,303.7));
#775 = CARTESIAN_POINT('',(-46.38834559541,364.5,303.7));
#776 = PCURVE('',#43,#777);
#777 = DEFINITIONAL_REPRESENTATION('',(#778),#809);
#778 = B_SPLINE_CURVE_WITH_KNOTS('',8,(#779,#780,#781,#782,#783,#784,
    #785,#786,#787,#788,#789,#790,#791,#792,#793,#794,#795,#796,#797,
    #798,#799,#800,#801,#802,#803,#804,#805,#806,#807,#808),
  .UNSPECIFIED.,.F.,.F.,(9,7,7,7,9),(0.,0.178851990752,0.529202772726,
    0.786221311761,1.),.UNSPECIFIED.);
#779 = CARTESIAN_POINT('',(41.871250039032,0.624250953662));
#780 = CARTESIAN_POINT('',(42.174585151188,0.624583672982));
#781 = CARTESIAN_POINT('',(42.479325434455,0.624830538091));
#782 = CARTESIAN_POINT('',(42.785188502857,0.624993115679));
#783 = CARTESIAN_POINT('',(43.091904076088,0.625072627071));
#784 = CARTESIAN_POINT('',(43.399213358754,0.625070003769));
#785 = CARTESIAN_POINT('',(43.706868656836,0.624985914515));
#786 = CARTESIAN_POINT('',(44.014633231365,0.624820763867));
#787 = CARTESIAN_POINT('',(44.924929267344,0.624092577211));
#788 = CARTESIAN_POINT('',(45.526734541701,0.623300179849));
#789 = CARTESIAN_POINT('',(46.126380998704,0.622198729028));
#790 = CARTESIAN_POINT('',(46.722135914523,0.620784486484));
#791 = CARTESIAN_POINT('',(47.311879358567,0.619050783621));
#792 = CARTESIAN_POINT('',(47.893076220117,0.616987460361));
#793 = CARTESIAN_POINT('',(48.462783114142,0.614581293305));
#794 = CARTESIAN_POINT('',(49.424422106107,0.609776660786));
#795 = CARTESIAN_POINT('',(49.822774883462,0.607549441881));
#796 = CARTESIAN_POINT('',(50.211410094382,0.605119039998));
#797 = CARTESIAN_POINT('',(50.588438971469,0.60247612862));
#798 = CARTESIAN_POINT('',(50.951258164383,0.599611931362));
#799 = CARTESIAN_POINT('',(51.296608477738,0.596519082467));
#800 = CARTESIAN_POINT('',(51.620590123082,0.59319187098));
#801 = CARTESIAN_POINT('',(52.16641848996,0.586658468742));
#802 = CARTESIAN_POINT('',(52.396317576123,0.583525613052));
#803 = CARTESIAN_POINT('',(52.60516334588,0.580228577533));
#804 = CARTESIAN_POINT('',(52.789324834721,0.576775287953));
#805 = CARTESIAN_POINT('',(52.94490267848,0.573180807561));
#806 = CARTESIAN_POINT('',(53.068106173993,0.569468868373));
#807 = CARTESIAN_POINT('',(53.155613254204,0.565673434578));
#808 = CARTESIAN_POINT('',(53.205705608322,0.561843258307));
#809 = ( GEOMETRIC_REPRESENTATION_CONTEXT(2) 
PARAMETRIC_REPRESENTATION_CONTEXT() REPRESENTATION_CONTEXT('2D SPACE',''
  ) );
#810 = PCURVE('',#640,#811);
#811 = DEFINITIONAL_REPRESENTATION('',(#812),#843);
#812 = B_SPLINE_CURVE_WITH_KNOTS('',8,(#813,#814,#815,#816,#817,#818,
    #819,#820,#821,#822,#823,#824,#825,#826,#827,#828,#829,#830,#831,
    #832,#833,#834,#835,#836,#837,#838,#839,#840,#841,#842),
  .UNSPECIFIED.,.F.,.F.,(9,7,7,7,9),(0.,0.178851990752,0.529202772726,
    0.786221311761,1.),.UNSPECIFIED.);
#813 = CARTESIAN_POINT('',(4.558122094133,14.0000006));
#814 = CARTESIAN_POINT('',(4.592406983275,13.974862707721));
#815 = CARTESIAN_POINT('',(4.626483989837,13.949083993531));
#816 = CARTESIAN_POINT('',(4.660392707881,13.922699117816));
#817 = CARTESIAN_POINT('',(4.694169568077,13.895739585885));
#818 = CARTESIAN_POINT('',(4.727849135758,13.868234136757));
#819 = CARTESIAN_POINT('',(4.761465275707,13.840208939832));
#820 = CARTESIAN_POINT('',(4.795052183687,13.811687599448));
#821 = CARTESIAN_POINT('',(4.894450362774,13.72588985099));
#822 = CARTESIAN_POINT('',(4.960236052272,13.667302234339));
#823 = CARTESIAN_POINT('',(5.026309945374,13.607053409427));
#824 = CARTESIAN_POINT('',(5.09293535519,13.545275943854));
#825 = CARTESIAN_POINT('',(5.160365194944,13.482119460008));
#826 = CARTESIAN_POINT('',(5.228873539982,13.417749770447));
#827 = CARTESIAN_POINT('',(5.298770898843,13.352350829129));
#828 = CARTESIAN_POINT('',(5.423148066406,13.237501628718));
#829 = CARTESIAN_POINT('',(5.476708932061,13.188504500518));
#830 = CARTESIAN_POINT('',(5.531403650305,13.139157539041));
#831 = CARTESIAN_POINT('',(5.587405176334,13.089573740921));
#832 = CARTESIAN_POINT('',(5.644872652359,13.0399333251));
#833 = CARTESIAN_POINT('',(5.703960408896,12.990483641555));
#834 = CARTESIAN_POINT('',(5.764835166182,12.941539271975));
#835 = CARTESIAN_POINT('',(5.880023750999,12.853512923283));
#836 = CARTESIAN_POINT('',(5.933726788224,12.814150647094));
#837 = CARTESIAN_POINT('',(5.98886779302,12.775686572336));
#838 = CARTESIAN_POINT('',(6.045427527488,12.738493053939));
#839 = CARTESIAN_POINT('',(6.103333699458,12.703009280877));
#840 = CARTESIAN_POINT('',(6.162446177377,12.669716734673));
#841 = CARTESIAN_POINT('',(6.222540689973,12.63911636901));
#842 = CARTESIAN_POINT('',(6.28318530718,12.61165440459));
#843 = ( GEOMETRIC_REPRESENTATION_CONTEXT(2) 
PARAMETRIC_REPRESENTATION_CONTEXT() REPRESENTATION_CONTEXT('2D SPACE',''
  ) );
#844 = ORIENTED_EDGE('',*,*,#845,.T.);
#845 = EDGE_CURVE('',#742,#846,#848,.T.);
#846 = VERTEX_POINT('',#847);
#847 = CARTESIAN_POINT('',(-46.,374.52785053543,305.46945308801));
#848 = SURFACE_CURVE('',#849,(#855,#864),.PCURVE_S1.);
#849 = B_SPLINE_CURVE_WITH_KNOTS('',4,(#850,#851,#852,#853,#854),
  .UNSPECIFIED.,.F.,.F.,(5,5),(0.,1.),.PIECEWISE_BEZIER_KNOTS.);
#850 = CARTESIAN_POINT('',(-46.,350.5,291.70531108637));
#851 = CARTESIAN_POINT('',(-46.,357.44507511813,295.81519119197));
#852 = CARTESIAN_POINT('',(-46.,364.42692014564,299.84550813899));
#853 = CARTESIAN_POINT('',(-46.,371.44534567197,303.79373209546));
#854 = CARTESIAN_POINT('',(-46.,378.5,307.65725067018));
#855 = PCURVE('',#43,#856);
#856 = DEFINITIONAL_REPRESENTATION('',(#857),#863);
#857 = B_SPLINE_CURVE_WITH_KNOTS('',4,(#858,#859,#860,#861,#862),
  .UNSPECIFIED.,.F.,.F.,(5,5),(0.,1.),.PIECEWISE_BEZIER_KNOTS.);
#858 = CARTESIAN_POINT('',(41.45089789945,0.451317233376));
#859 = CARTESIAN_POINT('',(45.128546621754,0.506146629494));
#860 = CARTESIAN_POINT('',(48.825666236437,0.561266313607));
#861 = CARTESIAN_POINT('',(52.542156444312,0.616674790371));
#862 = CARTESIAN_POINT('',(56.277831010019,0.672369283239));
#863 = ( GEOMETRIC_REPRESENTATION_CONTEXT(2) 
PARAMETRIC_REPRESENTATION_CONTEXT() REPRESENTATION_CONTEXT('2D SPACE',''
  ) );
#864 = PCURVE('',#500,#865);
#865 = DEFINITIONAL_REPRESENTATION('',(#866),#872);
#866 = B_SPLINE_CURVE_WITH_KNOTS('',4,(#867,#868,#869,#870,#871),
  .UNSPECIFIED.,.F.,.F.,(5,5),(0.,1.),.PIECEWISE_BEZIER_KNOTS.);
#867 = CARTESIAN_POINT('',(-3.994688913623,14.));
#868 = CARTESIAN_POINT('',(0.11519119197,7.054924881862));
#869 = CARTESIAN_POINT('',(4.145508138992,7.307985435942E-02));
#870 = CARTESIAN_POINT('',(8.093732095463,-6.945345671976));
#871 = CARTESIAN_POINT('',(11.957250670186,-14.));
#872 = ( GEOMETRIC_REPRESENTATION_CONTEXT(2) 
PARAMETRIC_REPRESENTATION_CONTEXT() REPRESENTATION_CONTEXT('2D SPACE',''
  ) );
#873 = ORIENTED_EDGE('',*,*,#874,.T.);
#874 = EDGE_CURVE('',#846,#328,#875,.T.);
#875 = SURFACE_CURVE('',#876,(#891,#909),.PCURVE_S1.);
#876 = B_SPLINE_CURVE_WITH_KNOTS('',7,(#877,#878,#879,#880,#881,#882,
    #883,#884,#885,#886,#887,#888,#889,#890),.UNSPECIFIED.,.F.,.F.,(8,6,
    8),(0.,0.556614785059,1.),.UNSPECIFIED.);
#877 = CARTESIAN_POINT('',(-45.9999994,374.52785425001,305.46944927519)
  );
#878 = CARTESIAN_POINT('',(-46.08560030759,373.99790280482,
    306.01341810109));
#879 = CARTESIAN_POINT('',(-46.1715506637,373.42141858477,
    306.53627498228));
#880 = CARTESIAN_POINT('',(-46.25768945141,372.79573327228,
    307.03509396604));
#881 = CARTESIAN_POINT('',(-46.34365499477,372.11844805558,
    307.50511980612));
#882 = CARTESIAN_POINT('',(-46.42888991511,371.38785138028,
    307.94001064048));
#883 = CARTESIAN_POINT('',(-46.51264575604,370.60326364788,
    308.33202370767));
#884 = CARTESIAN_POINT('',(-46.65878186925,369.09781533942,
    308.94307537782));
#885 = CARTESIAN_POINT('',(-46.7220503455,368.39639745811,
    309.18110302765));
#886 = CARTESIAN_POINT('',(-46.78319104035,367.66268633297,
    309.38112504773));
#887 = CARTESIAN_POINT('',(-46.84148027545,366.89987789709,
    309.53762899738));
#888 = CARTESIAN_POINT('',(-46.89612474249,366.11307477071,
    309.64537643841));
#889 = CARTESIAN_POINT('',(-46.94630486134,365.30961363675,309.7));
#890 = CARTESIAN_POINT('',(-46.99131660382,364.5,309.7));
#891 = PCURVE('',#43,#892);
#892 = DEFINITIONAL_REPRESENTATION('',(#893),#908);
#893 = B_SPLINE_CURVE_WITH_KNOTS('',7,(#894,#895,#896,#897,#898,#899,
    #900,#901,#902,#903,#904,#905,#906,#907),.UNSPECIFIED.,.F.,.F.,(8,6,
    8),(0.,0.556614785059,1.),.UNSPECIFIED.);
#894 = CARTESIAN_POINT('',(54.174440754704,0.641010320368));
#895 = CARTESIAN_POINT('',(54.850752023971,0.636826504179));
#896 = CARTESIAN_POINT('',(55.5063291462,0.632275324945));
#897 = CARTESIAN_POINT('',(56.137959139793,0.627335717056));
#898 = CARTESIAN_POINT('',(56.74032855452,0.621988742574));
#899 = CARTESIAN_POINT('',(57.306300091975,0.616220889263));
#900 = CARTESIAN_POINT('',(57.827146838698,0.610026791886));
#901 = CARTESIAN_POINT('',(58.663627086352,0.598141704938));
#902 = CARTESIAN_POINT('',(58.999485433121,0.592604209921));
#903 = CARTESIAN_POINT('',(59.294456821763,0.586811768914));
#904 = CARTESIAN_POINT('',(59.542143557057,0.580789612899));
#905 = CARTESIAN_POINT('',(59.73637920046,0.574578025616));
#906 = CARTESIAN_POINT('',(59.871886629336,0.568234928093));
#907 = CARTESIAN_POINT('',(59.946358480891,0.561843258307));
#908 = ( GEOMETRIC_REPRESENTATION_CONTEXT(2) 
PARAMETRIC_REPRESENTATION_CONTEXT() REPRESENTATION_CONTEXT('2D SPACE',''
  ) );
#909 = PCURVE('',#427,#910);
#910 = DEFINITIONAL_REPRESENTATION('',(#911),#926);
#911 = B_SPLINE_CURVE_WITH_KNOTS('',7,(#912,#913,#914,#915,#916,#917,
    #918,#919,#920,#921,#922,#923,#924,#925),.UNSPECIFIED.,.F.,.F.,(8,6,
    8),(0.,0.556614785059,1.),.UNSPECIFIED.);
#912 = CARTESIAN_POINT('',(5.484735351083,12.0000006));
#913 = CARTESIAN_POINT('',(5.538981136107,11.914399692401));
#914 = CARTESIAN_POINT('',(5.594466265018,11.8284493363));
#915 = CARTESIAN_POINT('',(5.651434226733,11.742310548589));
#916 = CARTESIAN_POINT('',(5.71007683383,11.656345005221));
#917 = CARTESIAN_POINT('',(5.770553665405,11.571110084887));
#918 = CARTESIAN_POINT('',(5.833012206121,11.487354243958));
#919 = CARTESIAN_POINT('',(5.949064594736,11.341218130746));
#920 = CARTESIAN_POINT('',(6.001881908854,11.277949654494));
#921 = CARTESIAN_POINT('',(6.056037744162,11.216808959643));
#922 = CARTESIAN_POINT('',(6.111449383211,11.158519724549));
#923 = CARTESIAN_POINT('',(6.167965722068,11.103875257505));
#924 = CARTESIAN_POINT('',(6.225355761697,11.053695138654));
#925 = CARTESIAN_POINT('',(6.28318530718,11.008683396175));
#926 = ( GEOMETRIC_REPRESENTATION_CONTEXT(2) 
PARAMETRIC_REPRESENTATION_CONTEXT() REPRESENTATION_CONTEXT('2D SPACE',''
  ) );
#927 = ADVANCED_FACE('',(#928,#974),#239,.F.);
#928 = FACE_BOUND('',#929,.F.);
#929 = EDGE_LOOP('',(#930,#931,#932,#954));
#930 = ORIENTED_EDGE('',*,*,#226,.F.);
#931 = ORIENTED_EDGE('',*,*,#278,.F.);
#932 = ORIENTED_EDGE('',*,*,#933,.F.);
#933 = EDGE_CURVE('',#934,#279,#936,.T.);
#934 = VERTEX_POINT('',#935);
#935 = CARTESIAN_POINT('',(39.,420.,265.834));
#936 = SURFACE_CURVE('',#937,(#941,#948),.PCURVE_S1.);
#937 = LINE('',#938,#939);
#938 = CARTESIAN_POINT('',(39.,420.,265.834));
#939 = VECTOR('',#940,1.);
#940 = DIRECTION('',(-1.,0.,0.));
#941 = PCURVE('',#239,#942);
#942 = DEFINITIONAL_REPRESENTATION('',(#943),#947);
#943 = LINE('',#944,#945);
#944 = CARTESIAN_POINT('',(140.84047319219,0.));
#945 = VECTOR('',#946,1.);
#946 = DIRECTION('',(-0.639020857855,-0.7691894066));
#947 = ( GEOMETRIC_REPRESENTATION_CONTEXT(2) 
PARAMETRIC_REPRESENTATION_CONTEXT() REPRESENTATION_CONTEXT('2D SPACE',''
  ) );
#948 = PCURVE('',#313,#949);
#949 = DEFINITIONAL_REPRESENTATION('',(#950),#953);
#950 = B_SPLINE_CURVE_WITH_KNOTS('',1,(#951,#952),.UNSPECIFIED.,.F.,.F.,
  (2,2),(0.,78.),.PIECEWISE_BEZIER_KNOTS.);
#951 = CARTESIAN_POINT('',(0.,1.));
#952 = CARTESIAN_POINT('',(90.,1.));
#953 = ( GEOMETRIC_REPRESENTATION_CONTEXT(2) 
PARAMETRIC_REPRESENTATION_CONTEXT() REPRESENTATION_CONTEXT('2D SPACE',''
  ) );
#954 = ORIENTED_EDGE('',*,*,#955,.F.);
#955 = EDGE_CURVE('',#200,#934,#956,.T.);
#956 = SURFACE_CURVE('',#957,(#961,#968),.PCURVE_S1.);
#957 = LINE('',#958,#959);
#958 = CARTESIAN_POINT('',(51.,420.,374.167));
#959 = VECTOR('',#960,1.);
#960 = DIRECTION('',(-0.110096196314,0.,-0.993920936271));
#961 = PCURVE('',#239,#962);
#962 = DEFINITIONAL_REPRESENTATION('',(#963),#967);
#963 = LINE('',#964,#965);
#964 = CARTESIAN_POINT('',(65.180127501226,78.457319473226));
#965 = VECTOR('',#966,1.);
#966 = DIRECTION('',(0.694159689363,-0.719821037247));
#967 = ( GEOMETRIC_REPRESENTATION_CONTEXT(2) 
PARAMETRIC_REPRESENTATION_CONTEXT() REPRESENTATION_CONTEXT('2D SPACE',''
  ) );
#968 = PCURVE('',#214,#969);
#969 = DEFINITIONAL_REPRESENTATION('',(#970),#973);
#970 = B_SPLINE_CURVE_WITH_KNOTS('',1,(#971,#972),.UNSPECIFIED.,.F.,.F.,
  (2,2),(0.,108.99559114478),.PIECEWISE_BEZIER_KNOTS.);
#971 = CARTESIAN_POINT('',(0.,1.));
#972 = CARTESIAN_POINT('',(134.14879545117,1.));
#973 = ( GEOMETRIC_REPRESENTATION_CONTEXT(2) 
PARAMETRIC_REPRESENTATION_CONTEXT() REPRESENTATION_CONTEXT('2D SPACE',''
  ) );
#974 = FACE_BOUND('',#975,.F.);
#975 = EDGE_LOOP('',(#976,#1301,#1680,#1706));
#976 = ORIENTED_EDGE('',*,*,#977,.F.);
#977 = EDGE_CURVE('',#978,#980,#982,.T.);
#978 = VERTEX_POINT('',#979);
#979 = CARTESIAN_POINT('',(-33.62490280702,419.99999999967,
    271.92114637291));
#980 = VERTEX_POINT('',#981);
#981 = CARTESIAN_POINT('',(33.624902810095,420.,271.92114637297));
#982 = SURFACE_CURVE('',#983,(#1016,#1052),.PCURVE_S1.);
#983 = B_SPLINE_CURVE_WITH_KNOTS('',6,(#984,#985,#986,#987,#988,#989,
    #990,#991,#992,#993,#994,#995,#996,#997,#998,#999,#1000,#1001,#1002,
    #1003,#1004,#1005,#1006,#1007,#1008,#1009,#1010,#1011,#1012,#1013,
    #1014,#1015),.UNSPECIFIED.,.F.,.F.,(7,5,5,5,5,5,7),(0.,
    0.172468626072,0.182240767049,0.499890273666,0.824381461809,
    0.834184701381,1.),.UNSPECIFIED.);
#984 = CARTESIAN_POINT('',(-61.45208055053,420.,271.92114637297));
#985 = CARTESIAN_POINT('',(-57.50799463122,420.,271.92114637297));
#986 = CARTESIAN_POINT('',(-53.6399101753,420.,271.92114637297));
#987 = CARTESIAN_POINT('',(-49.85672689508,420.,271.92114637297));
#988 = CARTESIAN_POINT('',(-46.17004318012,420.,271.92114637297));
#989 = CARTESIAN_POINT('',(-42.59428333885,420.,271.92114637297));
#990 = CARTESIAN_POINT('',(-38.95182756841,420.,271.92114637297));
#991 = CARTESIAN_POINT('',(-38.75733869552,420.,271.92114637297));
#992 = CARTESIAN_POINT('',(-38.56266194657,420.,271.92114637297));
#993 = CARTESIAN_POINT('',(-38.36778239104,420.,271.92114637297));
#994 = CARTESIAN_POINT('',(-38.1730058191,420.,271.92114637297));
#995 = CARTESIAN_POINT('',(-31.64856609683,420.,271.92114637297));
#996 = CARTESIAN_POINT('',(-25.31885298794,420.,271.92114637297));
#997 = CARTESIAN_POINT('',(-18.98913979619,420.,271.92114637297));
#998 = CARTESIAN_POINT('',(-12.6594265492,420.,271.92114637297));
#999 = CARTESIAN_POINT('',(-6.329713274603,420.,271.92114637297));
#1000 = CARTESIAN_POINT('',(6.466045557452,420.,271.92114637297));
#1001 = CARTESIAN_POINT('',(12.932091114902,420.,271.92114637297));
#1002 = CARTESIAN_POINT('',(19.398136642911,420.,271.92114637297));
#1003 = CARTESIAN_POINT('',(25.864182112037,420.,271.92114637297));
#1004 = CARTESIAN_POINT('',(32.330227492831,420.,271.92114637297));
#1005 = CARTESIAN_POINT('',(38.991619172356,420.,271.92114637297));
#1006 = CARTESIAN_POINT('',(39.186777793582,420.,271.92114637297));
#1007 = CARTESIAN_POINT('',(39.382931877317,420.,271.92114637297));
#1008 = CARTESIAN_POINT('',(39.579132275209,420.,271.92114637297));
#1009 = CARTESIAN_POINT('',(39.775881950163,420.,271.92114637297));
#1010 = CARTESIAN_POINT('',(43.307334536653,420.,271.92114637297));
#1011 = CARTESIAN_POINT('',(46.757642335641,420.,271.92114637297));
#1012 = CARTESIAN_POINT('',(50.308648133722,420.,271.92114637296));
#1013 = CARTESIAN_POINT('',(53.947799591868,420.,271.92114637297));
#1014 = CARTESIAN_POINT('',(57.664916492292,420.,271.92114637297));
#1015 = CARTESIAN_POINT('',(61.452080550536,420.,271.92114637297));
#1016 = PCURVE('',#239,#1017);
#1017 = DEFINITIONAL_REPRESENTATION('',(#1018),#1051);
#1018 = B_SPLINE_CURVE_WITH_KNOTS('',6,(#1019,#1020,#1021,#1022,#1023,
    #1024,#1025,#1026,#1027,#1028,#1029,#1030,#1031,#1032,#1033,#1034,
    #1035,#1036,#1037,#1038,#1039,#1040,#1041,#1042,#1043,#1044,#1045,
    #1046,#1047,#1048,#1049,#1050),.UNSPECIFIED.,.F.,.F.,(7,5,5,5,5,5,7)
  ,(0.,0.172468626072,0.182240767049,0.499890273666,0.824381461809,
    0.834184701381,1.),.UNSPECIFIED.);
#1019 = CARTESIAN_POINT('',(71.967329998936,-73.37686273328));
#1020 = CARTESIAN_POINT('',(74.48768316655,-70.34311362542));
#1021 = CARTESIAN_POINT('',(76.95946981383,-67.36782403809));
#1022 = CARTESIAN_POINT('',(79.377002838977,-64.45783953572));
#1023 = CARTESIAN_POINT('',(81.732870629152,-61.62208147669));
#1024 = CARTESIAN_POINT('',(84.017855750404,-58.87164488623));
#1025 = CARTESIAN_POINT('',(86.345460961527,-56.06990649361));
#1026 = CARTESIAN_POINT('',(86.469743407924,-55.92030771288));
#1027 = CARTESIAN_POINT('',(86.594145911047,-55.77056441987));
#1028 = CARTESIAN_POINT('',(86.718678011798,-55.62066513019));
#1029 = CARTESIAN_POINT('',(86.84314430389,-55.4708450544));
#1030 = CARTESIAN_POINT('',(91.01239737224,-50.45231513603));
#1031 = CARTESIAN_POINT('',(95.05721607306,-45.58356686585));
#1032 = CARTESIAN_POINT('',(99.102034826829,-40.71481853194));
#1033 = CARTESIAN_POINT('',(103.14685361589,-35.84607015554));
#1034 = CARTESIAN_POINT('',(107.19167242261,-30.9773217579));
#1035 = CARTESIAN_POINT('',(115.36842920837,-21.13495961487));
#1036 = CARTESIAN_POINT('',(119.50036718742,-16.16134586949));
#1037 = CARTESIAN_POINT('',(123.63230514766,-11.18773214675));
#1038 = CARTESIAN_POINT('',(127.76424307028,-6.214118469305));
#1039 = CARTESIAN_POINT('',(131.89618093644,-1.240504859801));
#1040 = CARTESIAN_POINT('',(136.152949162,3.883367053304));
#1041 = CARTESIAN_POINT('',(136.27765959155,4.033480997358));
#1042 = CARTESIAN_POINT('',(136.40300614241,4.184360640629));
#1043 = CARTESIAN_POINT('',(136.52838228899,4.335275908257));
#1044 = CARTESIAN_POINT('',(136.65410943506,4.486613673984));
#1045 = CARTESIAN_POINT('',(138.91078129635,7.202969593423));
#1046 = CARTESIAN_POINT('',(141.11559994592,9.856909801916));
#1047 = CARTESIAN_POINT('',(143.38476671727,12.588305844573));
#1048 = CARTESIAN_POINT('',(145.71026040391,15.387502595196));
#1049 = CARTESIAN_POINT('',(148.08557563437,18.246669538096));
#1050 = CARTESIAN_POINT('',(150.50565245971,21.159716012754));
#1051 = ( GEOMETRIC_REPRESENTATION_CONTEXT(2) 
PARAMETRIC_REPRESENTATION_CONTEXT() REPRESENTATION_CONTEXT('2D SPACE',''
  ) );
#1052 = PCURVE('',#1053,#1080);
#1053 = OFFSET_SURFACE('',#1054,-6.,.F.);
#1054 = B_SPLINE_SURFACE_WITH_KNOTS('',2,2,(
    (#1055,#1056,#1057,#1058,#1059)
    ,(#1060,#1061,#1062,#1063,#1064)
    ,(#1065,#1066,#1067,#1068,#1069)
    ,(#1070,#1071,#1072,#1073,#1074)
    ,(#1075,#1076,#1077,#1078,#1079
    )),.UNSPECIFIED.,.F.,.F.,.F.,(3,1,1,3),(3,1,1,3),(-22.5,0.,90.,112.5
    ),(-0.249847194479,0.,1.,1.249847194479),.UNSPECIFIED.);
#1055 = CARTESIAN_POINT('',(69.,261.66625,238.75025));
#1056 = CARTESIAN_POINT('',(68.249541583437,277.50930270845,
    241.46028041861));
#1057 = CARTESIAN_POINT('',(64.5,356.6665,255.0005));
#1058 = CARTESIAN_POINT('',(60.750458416563,435.82369729154,
    268.54071958139));
#1059 = CARTESIAN_POINT('',(60.,451.66675,271.25075));
#1060 = CARTESIAN_POINT('',(58.123853958594,261.68560541691,
    238.75356083722));
#1061 = CARTESIAN_POINT('',(57.186926979297,277.50930270845,
    241.46028041861));
#1062 = CARTESIAN_POINT('',(52.5,356.6665,255.0005));
#1063 = CARTESIAN_POINT('',(47.813073020703,435.82369729154,
    268.54071958139));
#1064 = CARTESIAN_POINT('',(46.876146041406,451.64739458308,
    271.24743916278));
#1065 = CARTESIAN_POINT('',(0.,261.63175250616,238.74434903764));
#1066 = CARTESIAN_POINT('',(0.,277.50930270845,241.46028041861));
#1067 = CARTESIAN_POINT('',(0.,356.6665,255.0005));
#1068 = CARTESIAN_POINT('',(0.,435.82369729154,268.54071958139));
#1069 = CARTESIAN_POINT('',(0.,451.70124749383,271.25665096235));
#1070 = CARTESIAN_POINT('',(-58.12385395859,261.68560541691,
    238.75356083722));
#1071 = CARTESIAN_POINT('',(-57.18692697929,277.50930270845,
    241.46028041861));
#1072 = CARTESIAN_POINT('',(-52.5,356.6665,255.0005));
#1073 = CARTESIAN_POINT('',(-47.8130730207,435.82369729154,
    268.54071958139));
#1074 = CARTESIAN_POINT('',(-46.8761460414,451.64739458308,
    271.24743916278));
#1075 = CARTESIAN_POINT('',(-69.,261.66625,238.75025));
#1076 = CARTESIAN_POINT('',(-68.24954158343,277.50930270845,
    241.46028041861));
#1077 = CARTESIAN_POINT('',(-64.5,356.6665,255.0005));
#1078 = CARTESIAN_POINT('',(-60.75045841656,435.82369729154,
    268.54071958139));
#1079 = CARTESIAN_POINT('',(-60.,451.66675,271.25075));
#1080 = DEFINITIONAL_REPRESENTATION('',(#1081),#1300);
#1081 = B_SPLINE_CURVE_WITH_KNOTS('',10,(#1082,#1083,#1084,#1085,#1086,
    #1087,#1088,#1089,#1090,#1091,#1092,#1093,#1094,#1095,#1096,#1097,
    #1098,#1099,#1100,#1101,#1102,#1103,#1104,#1105,#1106,#1107,#1108,
    #1109,#1110,#1111,#1112,#1113,#1114,#1115,#1116,#1117,#1118,#1119,
    #1120,#1121,#1122,#1123,#1124,#1125,#1126,#1127,#1128,#1129,#1130,
    #1131,#1132,#1133,#1134,#1135,#1136,#1137,#1138,#1139,#1140,#1141,
    #1142,#1143,#1144,#1145,#1146,#1147,#1148,#1149,#1150,#1151,#1152,
    #1153,#1154,#1155,#1156,#1157,#1158,#1159,#1160,#1161,#1162,#1163,
    #1164,#1165,#1166,#1167,#1168,#1169,#1170,#1171,#1172,#1173,#1174,
    #1175,#1176,#1177,#1178,#1179,#1180,#1181,#1182,#1183,#1184,#1185,
    #1186,#1187,#1188,#1189,#1190,#1191,#1192,#1193,#1194,#1195,#1196,
    #1197,#1198,#1199,#1200,#1201,#1202,#1203,#1204,#1205,#1206,#1207,
    #1208,#1209,#1210,#1211,#1212,#1213,#1214,#1215,#1216,#1217,#1218,
    #1219,#1220,#1221,#1222,#1223,#1224,#1225,#1226,#1227,#1228,#1229,
    #1230,#1231,#1232,#1233,#1234,#1235,#1236,#1237,#1238,#1239,#1240,
    #1241,#1242,#1243,#1244,#1245,#1246,#1247,#1248,#1249,#1250,#1251,
    #1252,#1253,#1254,#1255,#1256,#1257,#1258,#1259,#1260,#1261,#1262,
    #1263,#1264,#1265,#1266,#1267,#1268,#1269,#1270,#1271,#1272,#1273,
    #1274,#1275,#1276,#1277,#1278,#1279,#1280,#1281,#1282,#1283,#1284,
    #1285,#1286,#1287,#1288,#1289,#1290,#1291,#1292,#1293,#1294,#1295,
    #1296,#1297,#1298,#1299),.UNSPECIFIED.,.F.,.F.,(11,9,9,9,9,9,9,9,9,9
    ,9,9,9,9,9,9,9,9,9,9,9,9,9,9,11),(0.,0.125,0.15625,0.171875,
    0.1728515625,0.173828125,0.17578125,0.1796875,0.181640625,
    0.1826171875,0.18359375,0.1875,0.25,0.5,0.75,0.8125,0.8203125,
    0.82421875,0.826171875,0.828125,0.83203125,0.8359375,0.84375,0.875,
    1.),.UNSPECIFIED.);
#1082 = CARTESIAN_POINT('',(112.5,1.007986418778));
#1083 = CARTESIAN_POINT('',(110.98806889346,1.00798643976));
#1084 = CARTESIAN_POINT('',(109.46112045153,1.007986458513));
#1085 = CARTESIAN_POINT('',(107.91875580836,1.00798647496));
#1086 = CARTESIAN_POINT('',(106.36057521718,1.00798648902));
#1087 = CARTESIAN_POINT('',(104.78617718163,1.007986500608));
#1088 = CARTESIAN_POINT('',(103.19515746963,1.007986509635));
#1089 = CARTESIAN_POINT('',(101.58710801239,1.007986516006));
#1090 = CARTESIAN_POINT('',(99.961615685395,1.007986519622));
#1091 = CARTESIAN_POINT('',(98.318260974563,1.007986520378));
#1092 = CARTESIAN_POINT('',(96.241205412533,1.007986517611));
#1093 = CARTESIAN_POINT('',(95.824651198289,1.007986516872));
#1094 = CARTESIAN_POINT('',(95.406947220985,1.007986515946));
#1095 = CARTESIAN_POINT('',(94.988086774623,1.007986514831));
#1096 = CARTESIAN_POINT('',(94.568063108351,1.007986513525));
#1097 = CARTESIAN_POINT('',(94.146869426575,1.007986512026));
#1098 = CARTESIAN_POINT('',(93.724498888839,1.007986510333));
#1099 = CARTESIAN_POINT('',(93.300944609921,1.007986508443));
#1100 = CARTESIAN_POINT('',(92.876199659775,1.007986506356));
#1101 = CARTESIAN_POINT('',(92.237285765451,1.007986502924));
#1102 = CARTESIAN_POINT('',(92.024015061027,1.007986501731));
#1103 = CARTESIAN_POINT('',(91.810444079078,1.007986500486));
#1104 = CARTESIAN_POINT('',(91.59657194843,1.007986499192));
#1105 = CARTESIAN_POINT('',(91.382397797853,1.007986497847));
#1106 = CARTESIAN_POINT('',(91.167920756181,1.007986496451));
#1107 = CARTESIAN_POINT('',(90.953139952191,1.007986495003));
#1108 = CARTESIAN_POINT('',(90.738054514704,1.007986493505));
#1109 = CARTESIAN_POINT('',(90.52266357251,1.007986491955));
#1110 = CARTESIAN_POINT('',(90.293485172037,1.007986490252));
#1111 = CARTESIAN_POINT('',(90.280003065561,1.007986490152));
#1112 = CARTESIAN_POINT('',(90.266518974692,1.007986490052));
#1113 = CARTESIAN_POINT('',(90.253034932461,1.00798648995));
#1114 = CARTESIAN_POINT('',(90.239549442482,1.00798648985));
#1115 = CARTESIAN_POINT('',(90.226061408901,1.007986489748));
#1116 = CARTESIAN_POINT('',(90.212572580719,1.007986489647));
#1117 = CARTESIAN_POINT('',(90.199084669262,1.007986489545));
#1118 = CARTESIAN_POINT('',(90.185595397724,1.007986489444));
#1119 = CARTESIAN_POINT('',(90.158616279745,1.007986489239));
#1120 = CARTESIAN_POINT('',(90.145126285596,1.007986489137));
#1121 = CARTESIAN_POINT('',(90.131635899255,1.007986489034));
#1122 = CARTESIAN_POINT('',(90.1181451637,1.007986488932));
#1123 = CARTESIAN_POINT('',(90.104654121891,1.007986488829));
#1124 = CARTESIAN_POINT('',(90.091162816809,1.007986488726));
#1125 = CARTESIAN_POINT('',(90.077671291421,1.007986488623));
#1126 = CARTESIAN_POINT('',(90.064179588695,1.007986488519));
#1127 = CARTESIAN_POINT('',(90.050687751608,1.007986488416));
#1128 = CARTESIAN_POINT('',(90.010211966164,1.007986488105));
#1129 = CARTESIAN_POINT('',(89.983227691356,1.007986487898));
#1130 = CARTESIAN_POINT('',(89.956243228899,1.00798648769));
#1131 = CARTESIAN_POINT('',(89.929258772206,1.007986487483));
#1132 = CARTESIAN_POINT('',(89.902274477959,1.007986487275));
#1133 = CARTESIAN_POINT('',(89.875290466014,1.007986487067));
#1134 = CARTESIAN_POINT('',(89.848306819537,1.007986486859));
#1135 = CARTESIAN_POINT('',(89.821323584845,1.007986486651));
#1136 = CARTESIAN_POINT('',(89.794340771554,1.007986486443));
#1137 = CARTESIAN_POINT('',(89.713393514314,1.00798648582));
#1138 = CARTESIAN_POINT('',(89.659430303027,1.007986485406));
#1139 = CARTESIAN_POINT('',(89.60546865122,1.007986484992));
#1140 = CARTESIAN_POINT('',(89.5515081176,1.007986484579));
#1141 = CARTESIAN_POINT('',(89.49754802979,1.007986484166));
#1142 = CARTESIAN_POINT('',(89.443587627339,1.007986483755));
#1143 = CARTESIAN_POINT('',(89.389626204487,1.007986483344));
#1144 = CARTESIAN_POINT('',(89.335663253183,1.007986482934));
#1145 = CARTESIAN_POINT('',(89.281698605886,1.007986482524));
#1146 = CARTESIAN_POINT('',(89.200749564846,1.00798648191));
#1147 = CARTESIAN_POINT('',(89.173766218646,1.007986481706));
#1148 = CARTESIAN_POINT('',(89.146782560693,1.007986481501));
#1149 = CARTESIAN_POINT('',(89.119798655251,1.007986481297));
#1150 = CARTESIAN_POINT('',(89.092814610429,1.007986481093));
#1151 = CARTESIAN_POINT('',(89.065830577591,1.007986480888));
#1152 = CARTESIAN_POINT('',(89.038846752136,1.007986480684));
#1153 = CARTESIAN_POINT('',(89.011863372683,1.00798648048));
#1154 = CARTESIAN_POINT('',(88.984880721742,1.007986480276));
#1155 = CARTESIAN_POINT('',(88.94440832706,1.007986479971));
#1156 = CARTESIAN_POINT('',(88.930917626612,1.007986479869));
#1157 = CARTESIAN_POINT('',(88.917427993814,1.007986479767));
#1158 = CARTESIAN_POINT('',(88.903937548007,1.007986479665));
#1159 = CARTESIAN_POINT('',(88.890447708104,1.007986479564));
#1160 = CARTESIAN_POINT('',(88.876959584475,1.007986479462));
#1161 = CARTESIAN_POINT('',(88.863471665479,1.007986479361));
#1162 = CARTESIAN_POINT('',(88.849982404515,1.007986479259));
#1163 = CARTESIAN_POINT('',(88.836493874569,1.007986479158));
#1164 = CARTESIAN_POINT('',(88.80951654574,1.007986478955));
#1165 = CARTESIAN_POINT('',(88.796027881502,1.007986478853));
#1166 = CARTESIAN_POINT('',(88.782539217452,1.007986478752));
#1167 = CARTESIAN_POINT('',(88.769050553553,1.00798647865));
#1168 = CARTESIAN_POINT('',(88.755561889865,1.007986478549));
#1169 = CARTESIAN_POINT('',(88.742073226304,1.007986478448));
#1170 = CARTESIAN_POINT('',(88.728584562956,1.007986478347));
#1171 = CARTESIAN_POINT('',(88.715095899747,1.007986478245));
#1172 = CARTESIAN_POINT('',(88.701607236719,1.007986478144));
#1173 = CARTESIAN_POINT('',(88.634163922387,1.007986477639));
#1174 = CARTESIAN_POINT('',(88.580209273571,1.007986477235));
#1175 = CARTESIAN_POINT('',(88.526254627287,1.007986476831));
#1176 = CARTESIAN_POINT('',(88.472299983442,1.007986476429));
#1177 = CARTESIAN_POINT('',(88.418345341921,1.007986476026));
#1178 = CARTESIAN_POINT('',(88.364390702617,1.007986475624));
#1179 = CARTESIAN_POINT('',(88.310436065429,1.007986475223));
#1180 = CARTESIAN_POINT('',(88.256481430245,1.007986474823));
#1181 = CARTESIAN_POINT('',(88.202526796962,1.007986474422));
#1182 = CARTESIAN_POINT('',(87.28529806163,1.00798646763));
#1183 = CARTESIAN_POINT('',(86.422024476834,1.00798646138));
#1184 = CARTESIAN_POINT('',(85.558750891256,1.007986455272));
#1185 = CARTESIAN_POINT('',(84.695476478112,1.007986449305));
#1186 = CARTESIAN_POINT('',(83.83220129141,1.007986443482));
#1187 = CARTESIAN_POINT('',(82.968926071441,1.007986437799));
#1188 = CARTESIAN_POINT('',(82.10565142911,1.00798643226));
#1189 = CARTESIAN_POINT('',(81.242377167082,1.007986426862));
#1190 = CARTESIAN_POINT('',(80.379102499323,1.007986421606));
#1191 = CARTESIAN_POINT('',(76.062729638691,1.007986396039));
#1192 = CARTESIAN_POINT('',(72.609631060378,1.007986377859));
#1193 = CARTESIAN_POINT('',(69.156532606857,1.007986361953));
#1194 = CARTESIAN_POINT('',(65.703434296244,1.00798634832));
#1195 = CARTESIAN_POINT('',(62.250336007382,1.007986336961));
#1196 = CARTESIAN_POINT('',(58.797237645984,1.007986327876));
#1197 = CARTESIAN_POINT('',(55.344139219421,1.007986321065));
#1198 = CARTESIAN_POINT('',(51.891040820478,1.007986316526));
#1199 = CARTESIAN_POINT('',(48.437942519762,1.007986314262));
#1200 = CARTESIAN_POINT('',(41.531745814286,1.00798631428));
#1201 = CARTESIAN_POINT('',(38.078647461577,1.007986316562));
#1202 = CARTESIAN_POINT('',(34.625549106945,1.007986321118));
#1203 = CARTESIAN_POINT('',(31.172450748421,1.007986327948));
#1204 = CARTESIAN_POINT('',(27.719352384074,1.007986337051));
#1205 = CARTESIAN_POINT('',(24.266254011912,1.007986348428));
#1206 = CARTESIAN_POINT('',(20.813155630018,1.007986362078));
#1207 = CARTESIAN_POINT('',(17.360057236403,1.007986378003));
#1208 = CARTESIAN_POINT('',(13.906958829131,1.007986396201));
#1209 = CARTESIAN_POINT('',(9.590585800514,1.00798642179));
#1210 = CARTESIAN_POINT('',(8.72731119363,1.00798642705));
#1211 = CARTESIAN_POINT('',(7.864036585617,1.007986432453));
#1212 = CARTESIAN_POINT('',(7.000761976515,1.007986437997));
#1213 = CARTESIAN_POINT('',(6.13748736635,1.007986443683));
#1214 = CARTESIAN_POINT('',(5.274212755166,1.007986449512));
#1215 = CARTESIAN_POINT('',(4.410938142987,1.007986455483));
#1216 = CARTESIAN_POINT('',(3.547663529855,1.007986461595));
#1217 = CARTESIAN_POINT('',(2.684388915799,1.00798646785));
#1218 = CARTESIAN_POINT('',(1.713204973988,1.007986475047));
#1219 = CARTESIAN_POINT('',(1.605295647128,1.007986475849));
#1220 = CARTESIAN_POINT('',(1.497386320275,1.007986476653));
#1221 = CARTESIAN_POINT('',(1.389476993433,1.007986477459));
#1222 = CARTESIAN_POINT('',(1.281567666599,1.007986478268));
#1223 = CARTESIAN_POINT('',(1.173658339777,1.007986479078));
#1224 = CARTESIAN_POINT('',(1.065749012967,1.007986479892));
#1225 = CARTESIAN_POINT('',(0.957839686169,1.007986480707));
#1226 = CARTESIAN_POINT('',(0.849930359385,1.007986481524));
#1227 = CARTESIAN_POINT('',(0.688066369231,1.007986482754));
#1228 = CARTESIAN_POINT('',(0.634111705848,1.007986483164));
#1229 = CARTESIAN_POINT('',(0.580157042467,1.007986483575));
#1230 = CARTESIAN_POINT('',(0.526202379087,1.007986483986));
#1231 = CARTESIAN_POINT('',(0.472247715708,1.007986484399));
#1232 = CARTESIAN_POINT('',(0.418293052329,1.007986484811));
#1233 = CARTESIAN_POINT('',(0.36433838895,1.007986485224));
#1234 = CARTESIAN_POINT('',(0.310383725571,1.007986485638));
#1235 = CARTESIAN_POINT('',(0.25642906219,1.007986486052));
#1236 = CARTESIAN_POINT('',(0.175497067118,1.007986486674));
#1237 = CARTESIAN_POINT('',(0.148520872374,1.007986486882));
#1238 = CARTESIAN_POINT('',(0.12153935974,1.00798648709));
#1239 = CARTESIAN_POINT('',(9.455910789496E-02,1.007986487298));
#1240 = CARTESIAN_POINT('',(6.757995791276E-02,1.007986487507));
#1241 = CARTESIAN_POINT('',(4.060161203957E-02,1.007986487715));
#1242 = CARTESIAN_POINT('',(1.362578035592E-02,1.007986487923));
#1243 = CARTESIAN_POINT('',(-1.334686590962E-02,1.00798648813));
#1244 = CARTESIAN_POINT('',(-4.03162856669E-02,1.007986488337));
#1245 = CARTESIAN_POINT('',(-9.424742623764E-02,1.00798648875));
#1246 = CARTESIAN_POINT('',(-0.121209153947,1.007986488956));
#1247 = CARTESIAN_POINT('',(-0.148166711022,1.007986489161));
#1248 = CARTESIAN_POINT('',(-0.175119824822,1.007986489365));
#1249 = CARTESIAN_POINT('',(-0.202068278124,1.007986489569));
#1250 = CARTESIAN_POINT('',(-0.229011909127,1.007986489771));
#1251 = CARTESIAN_POINT('',(-0.255950611448,1.007986489973));
#1252 = CARTESIAN_POINT('',(-0.28288433412,1.007986490174));
#1253 = CARTESIAN_POINT('',(-0.309813081599,1.007986490374));
#1254 = CARTESIAN_POINT('',(-0.390584578077,1.007986490972));
#1255 = CARTESIAN_POINT('',(-0.444412343656,1.007986491367));
#1256 = CARTESIAN_POINT('',(-0.498220530472,1.007986491759));
#1257 = CARTESIAN_POINT('',(-0.552009501759,1.007986492147));
#1258 = CARTESIAN_POINT('',(-0.605779609375,1.007986492533));
#1259 = CARTESIAN_POINT('',(-0.659531139154,1.007986492915));
#1260 = CARTESIAN_POINT('',(-0.713264256267,1.007986493294));
#1261 = CARTESIAN_POINT('',(-0.766978950573,1.00798649367));
#1262 = CARTESIAN_POINT('',(-0.820674981981,1.007986494043));
#1263 = CARTESIAN_POINT('',(-0.928028669633,1.007986494782));
#1264 = CARTESIAN_POINT('',(-0.981686853661,1.007986495149));
#1265 = CARTESIAN_POINT('',(-1.035322297681,1.007986495511));
#1266 = CARTESIAN_POINT('',(-1.088950592714,1.007986495873));
#1267 = CARTESIAN_POINT('',(-1.142531512794,1.007986496226));
#1268 = CARTESIAN_POINT('',(-1.196131214184,1.007986496583));
#1269 = CARTESIAN_POINT('',(-1.249683732723,1.007986496931));
#1270 = CARTESIAN_POINT('',(-1.303230256105,1.007986497279));
#1271 = CARTESIAN_POINT('',(-1.356754394062,1.007986497623));
#1272 = CARTESIAN_POINT('',(-1.517271473692,1.007986498645));
#1273 = CARTESIAN_POINT('',(-1.624207324468,1.007986499314));
#1274 = CARTESIAN_POINT('',(-1.731067748976,1.00798649997));
#1275 = CARTESIAN_POINT('',(-1.837852856592,1.007986500614));
#1276 = CARTESIAN_POINT('',(-1.944562756692,1.007986501244));
#1277 = CARTESIAN_POINT('',(-2.051197558651,1.007986501863));
#1278 = CARTESIAN_POINT('',(-2.157757371846,1.007986502469));
#1279 = CARTESIAN_POINT('',(-2.264242305651,1.007986503062));
#1280 = CARTESIAN_POINT('',(-2.370652469443,1.007986503643));
#1281 = CARTESIAN_POINT('',(-2.902329985215,1.007986506485));
#1282 = CARTESIAN_POINT('',(-3.326477419062,1.007986508559));
#1283 = CARTESIAN_POINT('',(-3.749437225969,1.007986510435));
#1284 = CARTESIAN_POINT('',(-4.171216318089,1.007986512116));
#1285 = CARTESIAN_POINT('',(-4.591821567889,1.007986513603));
#1286 = CARTESIAN_POINT('',(-5.011259808149,1.007986514898));
#1287 = CARTESIAN_POINT('',(-5.429537831975,1.007986516002));
#1288 = CARTESIAN_POINT('',(-5.846662392779,1.007986516919));
#1289 = CARTESIAN_POINT('',(-6.262640204297,1.007986517648));
#1290 = CARTESIAN_POINT('',(-8.336828885707,1.00798652037));
#1291 = CARTESIAN_POINT('',(-9.97793872206,1.007986519586));
#1292 = CARTESIAN_POINT('',(-11.60123501829,1.00798651595));
#1293 = CARTESIAN_POINT('',(-13.20713668281,1.007986509567));
#1294 = CARTESIAN_POINT('',(-14.7960555837,1.007986500535));
#1295 = CARTESIAN_POINT('',(-16.36839800059,1.007986488949));
#1296 = CARTESIAN_POINT('',(-17.92456590825,1.007986474898));
#1297 = CARTESIAN_POINT('',(-19.46495809217,1.007986458466));
#1298 = CARTESIAN_POINT('',(-20.98997109584,1.007986439734));
#1299 = CARTESIAN_POINT('',(-22.5,1.007986418778));
#1300 = ( GEOMETRIC_REPRESENTATION_CONTEXT(2) 
PARAMETRIC_REPRESENTATION_CONTEXT() REPRESENTATION_CONTEXT('2D SPACE',''
  ) );
#1301 = ORIENTED_EDGE('',*,*,#1302,.F.);
#1302 = EDGE_CURVE('',#1303,#978,#1305,.T.);
#1303 = VERTEX_POINT('',#1304);
#1304 = CARTESIAN_POINT('',(-44.29222651807,419.99999999999,
    368.1645624078));
#1305 = SURFACE_CURVE('',#1306,(#1345,#1387),.PCURVE_S1.);
#1306 = B_SPLINE_CURVE_WITH_KNOTS('',7,(#1307,#1308,#1309,#1310,#1311,
    #1312,#1313,#1314,#1315,#1316,#1317,#1318,#1319,#1320,#1321,#1322,
    #1323,#1324,#1325,#1326,#1327,#1328,#1329,#1330,#1331,#1332,#1333,
    #1334,#1335,#1336,#1337,#1338,#1339,#1340,#1341,#1342,#1343,#1344),
  .UNSPECIFIED.,.F.,.F.,(8,6,6,6,6,6,8),(0.,0.175514474775,
    0.185194901709,0.499869157978,0.82129093051,0.831012267168,1.),
  .UNSPECIFIED.);
#1307 = CARTESIAN_POINT('',(-48.72355700367,420.,408.15390508274));
#1308 = CARTESIAN_POINT('',(-48.1570416848,420.,403.04103148286));
#1309 = CARTESIAN_POINT('',(-47.60180831192,420.,398.03008152351));
#1310 = CARTESIAN_POINT('',(-47.05918925669,420.,393.13309027112));
#1311 = CARTESIAN_POINT('',(-46.53102150914,420.,388.36664893408));
#1312 = CARTESIAN_POINT('',(-46.01967517167,420.,383.75216225603));
#1313 = CARTESIAN_POINT('',(-45.52808404626,420.,379.31612482205));
#1314 = CARTESIAN_POINT('',(-45.03402721626,420.,374.85805465853));
#1315 = CARTESIAN_POINT('',(-45.00833951644,420.,374.62626523555));
#1316 = CARTESIAN_POINT('',(-44.98265292499,420.,374.39448588428));
#1317 = CARTESIAN_POINT('',(-44.95693316417,420.,374.16240717591));
#1318 = CARTESIAN_POINT('',(-44.93120102508,420.,373.93021690247));
#1319 = CARTESIAN_POINT('',(-44.90548539972,420.,373.69817592659));
#1320 = CARTESIAN_POINT('',(-44.04407063893,420.,365.9253354668));
#1321 = CARTESIAN_POINT('',(-43.20836830562,420.,358.38465546359));
#1322 = CARTESIAN_POINT('',(-42.37266931006,420.,350.8441539571));
#1323 = CARTESIAN_POINT('',(-41.53697364897,420.,343.30383088745));
#1324 = CARTESIAN_POINT('',(-40.70128131885,420.,335.76368619955));
#1325 = CARTESIAN_POINT('',(-39.86559231602,420.,328.22371984304));
#1326 = CARTESIAN_POINT('',(-38.17630146547,420.,312.98246907591));
#1327 = CARTESIAN_POINT('',(-37.32269976198,420.,305.28119239657));
#1328 = CARTESIAN_POINT('',(-36.46910152194,420.,297.58010168561));
#1329 = CARTESIAN_POINT('',(-35.6155067415,420.,289.87919690987));
#1330 = CARTESIAN_POINT('',(-34.76191541709,420.,282.17847805177));
#1331 = CARTESIAN_POINT('',(-33.90832754542,420.,274.47794510931));
#1332 = CARTESIAN_POINT('',(-33.02892663489,420.,266.54470265435));
#1333 = CARTESIAN_POINT('',(-33.00314266997,420.,266.31210110913));
#1334 = CARTESIAN_POINT('',(-32.97722692865,420.,266.07830949087));
#1335 = CARTESIAN_POINT('',(-32.95123770136,420.,265.84385428087));
#1336 = CARTESIAN_POINT('',(-32.92520615505,420.,265.60901697831));
#1337 = CARTESIAN_POINT('',(-32.89908566137,420.,265.37337642865));
#1338 = CARTESIAN_POINT('',(-32.41771303663,420.,261.03076379399));
#1339 = CARTESIAN_POINT('',(-31.94156511689,420.,256.73509768188));
#1340 = CARTESIAN_POINT('',(-31.44755415675,420.,252.27811787988));
#1341 = CARTESIAN_POINT('',(-30.93822074325,420.,247.682761851));
#1342 = CARTESIAN_POINT('',(-30.4156331915,420.,242.96770385172));
#1343 = CARTESIAN_POINT('',(-29.88141398306,420.,238.14759369504));
#1344 = CARTESIAN_POINT('',(-29.3367632764,420.,233.23326906672));
#1345 = PCURVE('',#239,#1346);
#1346 = DEFINITIONAL_REPRESENTATION('',(#1347),#1386);
#1347 = B_SPLINE_CURVE_WITH_KNOTS('',7,(#1348,#1349,#1350,#1351,#1352,
    #1353,#1354,#1355,#1356,#1357,#1358,#1359,#1360,#1361,#1362,#1363,
    #1364,#1365,#1366,#1367,#1368,#1369,#1370,#1371,#1372,#1373,#1374,
    #1375,#1376,#1377,#1378,#1379,#1380,#1381,#1382,#1383,#1384,#1385),
  .UNSPECIFIED.,.F.,.F.,(8,6,6,6,6,6,8),(0.,0.175514474775,
    0.185194901709,0.499869157978,0.82129093051,0.831012267168,1.),
  .UNSPECIFIED.);
#1348 = CARTESIAN_POINT('',(-24.68767279641,23.469357079322));
#1349 = CARTESIAN_POINT('',(-20.39288948103,20.63788178737));
#1350 = CARTESIAN_POINT('',(-16.18371414905,17.86285987429));
#1351 = CARTESIAN_POINT('',(-12.07025545934,15.150957152377));
#1352 = CARTESIAN_POINT('',(-8.066449068579,12.511362756586));
#1353 = CARTESIAN_POINT('',(-4.190273823692,9.955931706908));
#1354 = CARTESIAN_POINT('',(-0.46398383952,7.499337946419));
#1355 = CARTESIAN_POINT('',(3.280829123474,5.030561406036));
#1356 = CARTESIAN_POINT('',(3.475534068166,4.902201836702));
#1357 = CARTESIAN_POINT('',(3.670230557541,4.773847850858));
#1358 = CARTESIAN_POINT('',(3.865178505135,4.645328083107));
#1359 = CARTESIAN_POINT('',(4.060220177379,4.51674654418));
#1360 = CARTESIAN_POINT('',(4.255136458905,4.38824770733));
#1361 = CARTESIAN_POINT('',(10.78438499918,8.383163743348E-02));
#1362 = CARTESIAN_POINT('',(17.118627398151,-4.092006785171));
#1363 = CARTESIAN_POINT('',(23.452730366447,-8.267733712018));
#1364 = CARTESIAN_POINT('',(29.78669395222,-12.44334917883));
#1365 = CARTESIAN_POINT('',(36.120518200086,-16.61885321815));
#1366 = CARTESIAN_POINT('',(42.454203151123,-20.79424585929));
#1367 = CARTESIAN_POINT('',(55.25710387302,-29.23433837238));
#1368 = CARTESIAN_POINT('',(61.726313604895,-33.49903341481));
#1369 = CARTESIAN_POINT('',(68.195378078646,-37.76361228362));
#1370 = CARTESIAN_POINT('',(74.664297322242,-42.02807499703));
#1371 = CARTESIAN_POINT('',(81.133071351488,-46.29242156353));
#1372 = CARTESIAN_POINT('',(87.601700170013,-50.55665198187));
#1373 = CARTESIAN_POINT('',(94.265821750602,-54.94973351648));
#1374 = CARTESIAN_POINT('',(94.461212886526,-55.07853800277));
#1375 = CARTESIAN_POINT('',(94.657603621893,-55.20800160954));
#1376 = CARTESIAN_POINT('',(94.854551744065,-55.33783274064));
#1377 = CARTESIAN_POINT('',(95.051820810529,-55.46787548552));
#1378 = CARTESIAN_POINT('',(95.249764565364,-55.59836310468));
#1379 = CARTESIAN_POINT('',(98.897663348521,-58.00311643224));
#1380 = CARTESIAN_POINT('',(102.50611266839,-60.38188874041));
#1381 = CARTESIAN_POINT('',(106.25005762506,-62.85000379965));
#1382 = CARTESIAN_POINT('',(110.11023147685,-65.39475828528));
#1383 = CARTESIAN_POINT('',(114.07094848703,-68.00580988399));
#1384 = CARTESIAN_POINT('',(118.11990337505,-70.67504505533));
#1385 = CARTESIAN_POINT('',(122.24799298156,-73.39646144124));
#1386 = ( GEOMETRIC_REPRESENTATION_CONTEXT(2) 
PARAMETRIC_REPRESENTATION_CONTEXT() REPRESENTATION_CONTEXT('2D SPACE',''
  ) );
#1387 = PCURVE('',#1388,#1415);
#1388 = OFFSET_SURFACE('',#1389,-6.,.F.);
#1389 = B_SPLINE_SURFACE_WITH_KNOTS('',2,2,(
    (#1390,#1391,#1392,#1393,#1394)
    ,(#1395,#1396,#1397,#1398,#1399)
    ,(#1400,#1401,#1402,#1403,#1404)
    ,(#1405,#1406,#1407,#1408,#1409)
    ,(#1410,#1411,#1412,#1413,#1414
    )),.UNSPECIFIED.,.F.,.F.,.F.,(3,1,1,3),(3,1,1,3),(-33.53719886279,0.
    ,134.14879545117,167.68599431396),(-0.248897750228,0.,1.,
    1.248897750228),.UNSPECIFIED.);
#1390 = CARTESIAN_POINT('',(-43.67248335814,261.6775334512,
    205.33207979647));
#1391 = CARTESIAN_POINT('',(-42.83285145071,277.56943433595,
    208.05917624695));
#1392 = CARTESIAN_POINT('',(-38.65384098509,356.6665,221.63246295319));
#1393 = CARTESIAN_POINT('',(-34.47483051947,435.76356566404,
    235.20574965944));
#1394 = CARTESIAN_POINT('',(-33.63519861204,451.65546654879,
    237.93284610992));
#1395 = CARTESIAN_POINT('',(-44.99338650136,261.80586867191,
    221.28630277953));
#1396 = CARTESIAN_POINT('',(-44.24669325068,277.56943433595,
    224.37596388976));
#1397 = CARTESIAN_POINT('',(-40.5,356.6665,239.879));
#1398 = CARTESIAN_POINT('',(-36.75330674931,435.76356566404,
    255.38203611023));
#1399 = CARTESIAN_POINT('',(-36.00661349863,451.52713132808,
    258.47169722046));
#1400 = CARTESIAN_POINT('',(-52.51789627126,261.28843883467,
    308.68857207717));
#1401 = CARTESIAN_POINT('',(-51.74669325068,277.56943433595,
    309.84897555547));
#1402 = CARTESIAN_POINT('',(-48.,356.6665,315.4865));
#1403 = CARTESIAN_POINT('',(-44.25330674931,435.76356566404,
    321.12402444452));
#1404 = CARTESIAN_POINT('',(-43.48210372873,452.04456116532,
    322.28442792282));
#1405 = CARTESIAN_POINT('',(-60.01957367619,261.25302685966,
    396.19415057801));
#1406 = CARTESIAN_POINT('',(-59.24669325068,277.56943433595,
    395.32198722117));
#1407 = CARTESIAN_POINT('',(-55.5,356.6665,391.094));
#1408 = CARTESIAN_POINT('',(-51.75330674931,435.76356566404,
    386.86601277882));
#1409 = CARTESIAN_POINT('',(-50.98042632381,452.07997314033,
    385.99384942198));
#1410 = CARTESIAN_POINT('',(-61.34591114132,261.21304113747,
    412.11402487593));
#1411 = CARTESIAN_POINT('',(-60.66053505065,277.56943433595,
    411.63877486399));
#1412 = CARTESIAN_POINT('',(-57.3461590149,356.6665,409.3405370468));
#1413 = CARTESIAN_POINT('',(-54.03178297915,435.76356566404,
    407.04229922961));
#1414 = CARTESIAN_POINT('',(-53.34640688848,452.11995886253,
    406.56704921766));
#1415 = DEFINITIONAL_REPRESENTATION('',(#1416),#1679);
#1416 = B_SPLINE_CURVE_WITH_KNOTS('',11,(#1417,#1418,#1419,#1420,#1421,
    #1422,#1423,#1424,#1425,#1426,#1427,#1428,#1429,#1430,#1431,#1432,
    #1433,#1434,#1435,#1436,#1437,#1438,#1439,#1440,#1441,#1442,#1443,
    #1444,#1445,#1446,#1447,#1448,#1449,#1450,#1451,#1452,#1453,#1454,
    #1455,#1456,#1457,#1458,#1459,#1460,#1461,#1462,#1463,#1464,#1465,
    #1466,#1467,#1468,#1469,#1470,#1471,#1472,#1473,#1474,#1475,#1476,
    #1477,#1478,#1479,#1480,#1481,#1482,#1483,#1484,#1485,#1486,#1487,
    #1488,#1489,#1490,#1491,#1492,#1493,#1494,#1495,#1496,#1497,#1498,
    #1499,#1500,#1501,#1502,#1503,#1504,#1505,#1506,#1507,#1508,#1509,
    #1510,#1511,#1512,#1513,#1514,#1515,#1516,#1517,#1518,#1519,#1520,
    #1521,#1522,#1523,#1524,#1525,#1526,#1527,#1528,#1529,#1530,#1531,
    #1532,#1533,#1534,#1535,#1536,#1537,#1538,#1539,#1540,#1541,#1542,
    #1543,#1544,#1545,#1546,#1547,#1548,#1549,#1550,#1551,#1552,#1553,
    #1554,#1555,#1556,#1557,#1558,#1559,#1560,#1561,#1562,#1563,#1564,
    #1565,#1566,#1567,#1568,#1569,#1570,#1571,#1572,#1573,#1574,#1575,
    #1576,#1577,#1578,#1579,#1580,#1581,#1582,#1583,#1584,#1585,#1586,
    #1587,#1588,#1589,#1590,#1591,#1592,#1593,#1594,#1595,#1596,#1597,
    #1598,#1599,#1600,#1601,#1602,#1603,#1604,#1605,#1606,#1607,#1608,
    #1609,#1610,#1611,#1612,#1613,#1614,#1615,#1616,#1617,#1618,#1619,
    #1620,#1621,#1622,#1623,#1624,#1625,#1626,#1627,#1628,#1629,#1630,
    #1631,#1632,#1633,#1634,#1635,#1636,#1637,#1638,#1639,#1640,#1641,
    #1642,#1643,#1644,#1645,#1646,#1647,#1648,#1649,#1650,#1651,#1652,
    #1653,#1654,#1655,#1656,#1657,#1658,#1659,#1660,#1661,#1662,#1663,
    #1664,#1665,#1666,#1667,#1668,#1669,#1670,#1671,#1672,#1673,#1674,
    #1675,#1676,#1677,#1678),.UNSPECIFIED.,.F.,.F.,(12,10,10,10,10,10,10
    ,10,10,10,10,10,10,10,10,10,10,10,10,10,10,10,10,10,10,10,12),(0.,
    0.125,0.15625,0.171875,0.173828125,0.1748046875,0.17578125,0.1796875
    ,0.18359375,0.1845703125,0.185546875,0.1875,0.25,0.5,0.75,0.8125,
    0.8203125,0.8212890625,0.822265625,0.82421875,0.828125,0.830078125,
    0.83203125,0.8359375,0.84375,0.875,1.),.UNSPECIFIED.);
#1417 = CARTESIAN_POINT('',(167.68599431396,1.001819616909));
#1418 = CARTESIAN_POINT('',(165.72332669467,1.001834801479));
#1419 = CARTESIAN_POINT('',(163.73742875991,1.001850165383));
#1420 = CARTESIAN_POINT('',(161.72750334445,1.00186571479));
#1421 = CARTESIAN_POINT('',(159.69275376361,1.001881455871));
#1422 = CARTESIAN_POINT('',(157.6323824184,1.001897394807));
#1423 = CARTESIAN_POINT('',(155.54558886923,1.001913537807));
#1424 = CARTESIAN_POINT('',(153.43156737419,1.00192989113));
#1425 = CARTESIAN_POINT('',(151.2895038967,1.00194646111));
#1426 = CARTESIAN_POINT('',(149.11857257784,1.001963254187));
#1427 = CARTESIAN_POINT('',(146.91793167706,1.001980276947));
#1428 = CARTESIAN_POINT('',(144.12891580448,1.002001850961));
#1429 = CARTESIAN_POINT('',(143.56920185991,1.002006180543));
#1430 = CARTESIAN_POINT('',(143.00756369745,1.002010525009));
#1431 = CARTESIAN_POINT('',(142.44398777052,1.002014884464));
#1432 = CARTESIAN_POINT('',(141.87846043454,1.002019259019));
#1433 = CARTESIAN_POINT('',(141.31096794563,1.002023648779));
#1434 = CARTESIAN_POINT('',(140.74149646237,1.002028053856));
#1435 = CARTESIAN_POINT('',(140.17003204392,1.002032474357));
#1436 = CARTESIAN_POINT('',(139.59656065162,1.002036910396));
#1437 = CARTESIAN_POINT('',(139.02106814789,1.002041362083));
#1438 = CARTESIAN_POINT('',(138.15477637132,1.002048063255));
#1439 = CARTESIAN_POINT('',(137.86550360262,1.00205030092));
#1440 = CARTESIAN_POINT('',(137.5757202059,1.002052542539));
#1441 = CARTESIAN_POINT('',(137.28542438755,1.002054788127));
#1442 = CARTESIAN_POINT('',(136.99461434556,1.002057037699));
#1443 = CARTESIAN_POINT('',(136.70328826899,1.002059291267));
#1444 = CARTESIAN_POINT('',(136.41144433848,1.002061548848));
#1445 = CARTESIAN_POINT('',(136.11908072596,1.002063810456));
#1446 = CARTESIAN_POINT('',(135.82619559465,1.002066076104));
#1447 = CARTESIAN_POINT('',(135.53278709927,1.002068345809));
#1448 = CARTESIAN_POINT('',(135.20211167158,1.002070903806));
#1449 = CARTESIAN_POINT('',(135.16536175088,1.002071188092));
#1450 = CARTESIAN_POINT('',(135.12860361998,1.002071472441));
#1451 = CARTESIAN_POINT('',(135.09183727539,1.002071756854));
#1452 = CARTESIAN_POINT('',(135.05506271326,1.00207204133));
#1453 = CARTESIAN_POINT('',(135.01827993021,1.00207232587));
#1454 = CARTESIAN_POINT('',(134.98148892238,1.002072610475));
#1455 = CARTESIAN_POINT('',(134.9446896863,1.002072895142));
#1456 = CARTESIAN_POINT('',(134.90788221825,1.002073179874));
#1457 = CARTESIAN_POINT('',(134.87106651464,1.002073464669));
#1458 = CARTESIAN_POINT('',(134.81583060042,1.002073891958));
#1459 = CARTESIAN_POINT('',(134.79741656921,1.002074034404));
#1460 = CARTESIAN_POINT('',(134.77900047774,1.002074176865));
#1461 = CARTESIAN_POINT('',(134.76058232556,1.002074319343));
#1462 = CARTESIAN_POINT('',(134.74216211221,1.002074461837));
#1463 = CARTESIAN_POINT('',(134.72373983723,1.002074604346));
#1464 = CARTESIAN_POINT('',(134.70531550016,1.002074746872));
#1465 = CARTESIAN_POINT('',(134.68688910057,1.002074889413));
#1466 = CARTESIAN_POINT('',(134.66846063797,1.00207503197));
#1467 = CARTESIAN_POINT('',(134.65003011194,1.002075174544));
#1468 = CARTESIAN_POINT('',(134.61316493205,1.002075459723));
#1469 = CARTESIAN_POINT('',(134.59473051108,1.002075602326));
#1470 = CARTESIAN_POINT('',(134.57629245678,1.002075744958));
#1471 = CARTESIAN_POINT('',(134.55785707087,1.002075887571));
#1472 = CARTESIAN_POINT('',(134.53941179752,1.002076030256));
#1473 = CARTESIAN_POINT('',(134.52097050412,1.002076172913));
#1474 = CARTESIAN_POINT('',(134.50252956343,1.002076315571));
#1475 = CARTESIAN_POINT('',(134.48407567645,1.00207645832));
#1476 = CARTESIAN_POINT('',(134.46562987117,1.002076601015));
#1477 = CARTESIAN_POINT('',(134.44718000711,1.002076743739));
#1478 = CARTESIAN_POINT('',(134.3549284879,1.002077457382));
#1479 = CARTESIAN_POINT('',(134.28111332723,1.002078028416));
#1480 = CARTESIAN_POINT('',(134.20729007904,1.002078599523));
#1481 = CARTESIAN_POINT('',(134.13346318103,1.002079170668));
#1482 = CARTESIAN_POINT('',(134.0596358191,1.002079741828));
#1483 = CARTESIAN_POINT('',(133.98581009602,1.002080312983));
#1484 = CARTESIAN_POINT('',(133.91198719954,1.002080884124));
#1485 = CARTESIAN_POINT('',(133.83816757119,1.002081455246));
#1486 = CARTESIAN_POINT('',(133.76435107438,1.00208202635));
#1487 = CARTESIAN_POINT('',(133.69053716312,1.002082597437));
#1488 = CARTESIAN_POINT('',(133.54291293732,1.002083739589));
#1489 = CARTESIAN_POINT('',(133.46910262283,1.002084310654));
#1490 = CARTESIAN_POINT('',(133.39529331949,1.002084881711));
#1491 = CARTESIAN_POINT('',(133.32148399929,1.00208545277));
#1492 = CARTESIAN_POINT('',(133.24767356085,1.002086023835));
#1493 = CARTESIAN_POINT('',(133.17386099974,1.002086594915));
#1494 = CARTESIAN_POINT('',(133.10004557424,1.002087166015));
#1495 = CARTESIAN_POINT('',(133.02622697687,1.002087737135));
#1496 = CARTESIAN_POINT('',(132.95240549992,1.002088308275));
#1497 = CARTESIAN_POINT('',(132.87858220612,1.002088879425));
#1498 = CARTESIAN_POINT('',(132.78630331808,1.002089593358));
#1499 = CARTESIAN_POINT('',(132.76784755262,1.002089736145));
#1500 = CARTESIAN_POINT('',(132.74939182968,1.00208987893));
#1501 = CARTESIAN_POINT('',(132.73093618372,1.002090021716));
#1502 = CARTESIAN_POINT('',(132.71248065377,1.0020901645));
#1503 = CARTESIAN_POINT('',(132.69402528256,1.002090307283));
#1504 = CARTESIAN_POINT('',(132.67557011776,1.002090450064));
#1505 = CARTESIAN_POINT('',(132.65711521056,1.002090592843));
#1506 = CARTESIAN_POINT('',(132.63866061697,1.00209073562));
#1507 = CARTESIAN_POINT('',(132.62020639688,1.002090878394));
#1508 = CARTESIAN_POINT('',(132.58329883227,1.002091163934));
#1509 = CARTESIAN_POINT('',(132.56484517873,1.002091306704));
#1510 = CARTESIAN_POINT('',(132.54639461362,1.00209144945));
#1511 = CARTESIAN_POINT('',(132.52793423649,1.002091592269));
#1512 = CARTESIAN_POINT('',(132.50950053944,1.00209173489));
#1513 = CARTESIAN_POINT('',(132.49102357358,1.002091877832));
#1514 = CARTESIAN_POINT('',(132.47259772819,1.002092020394));
#1515 = CARTESIAN_POINT('',(132.45413651796,1.00209216322));
#1516 = CARTESIAN_POINT('',(132.43569011786,1.002092305934));
#1517 = CARTESIAN_POINT('',(132.4172400778,1.002092448676));
#1518 = CARTESIAN_POINT('',(132.36189120777,1.002092876893));
#1519 = CARTESIAN_POINT('',(132.32499195877,1.00209316237));
#1520 = CARTESIAN_POINT('',(132.28809270747,1.002093447847));
#1521 = CARTESIAN_POINT('',(132.25119345383,1.002093733324));
#1522 = CARTESIAN_POINT('',(132.21429419796,1.002094018801));
#1523 = CARTESIAN_POINT('',(132.17739493967,1.002094304278));
#1524 = CARTESIAN_POINT('',(132.14049567925,1.002094589754));
#1525 = CARTESIAN_POINT('',(132.10359641638,1.00209487523));
#1526 = CARTESIAN_POINT('',(132.06669715133,1.002095160706));
#1527 = CARTESIAN_POINT('',(132.02979788395,1.002095446181));
#1528 = CARTESIAN_POINT('',(130.81212198564,1.002104866874));
#1529 = CARTESIAN_POINT('',(129.63134298772,1.002114001886));
#1530 = CARTESIAN_POINT('',(128.45056187321,1.002123136691));
#1531 = CARTESIAN_POINT('',(127.26977875272,1.002132271288));
#1532 = CARTESIAN_POINT('',(126.08899363176,1.002141405679));
#1533 = CARTESIAN_POINT('',(124.90820644829,1.002150539863));
#1534 = CARTESIAN_POINT('',(123.72741710907,1.002159673844));
#1535 = CARTESIAN_POINT('',(122.54662552777,1.002168807621));
#1536 = CARTESIAN_POINT('',(121.36583166115,1.002177941196));
#1537 = CARTESIAN_POINT('',(120.18503554685,1.00218707457));
#1538 = CARTESIAN_POINT('',(114.28104451324,1.002232740428));
#1539 = CARTESIAN_POINT('',(109.55781696232,1.002269269891));
#1540 = CARTESIAN_POINT('',(104.83455463862,1.002305796182));
#1541 = CARTESIAN_POINT('',(100.11125751987,1.002342319361));
#1542 = CARTESIAN_POINT('',(95.387925603381,1.002378839501));
#1543 = CARTESIAN_POINT('',(90.66455890013,1.002415356683));
#1544 = CARTESIAN_POINT('',(85.941157427491,1.002451871001));
#1545 = CARTESIAN_POINT('',(81.217721203657,1.00248838256));
#1546 = CARTESIAN_POINT('',(76.494250240249,1.002524891473));
#1547 = CARTESIAN_POINT('',(71.770744536524,1.002561397867));
#1548 = CARTESIAN_POINT('',(62.323663608373,1.002634405889));
#1549 = CARTESIAN_POINT('',(57.600088400548,1.002670907453));
#1550 = CARTESIAN_POINT('',(52.876478451729,1.002707406749));
#1551 = CARTESIAN_POINT('',(48.152833764633,1.002743903958));
#1552 = CARTESIAN_POINT('',(43.42915434207,1.002780399257));
#1553 = CARTESIAN_POINT('',(38.705440186689,1.002816892829));
#1554 = CARTESIAN_POINT('',(33.981691301355,1.002853384852));
#1555 = CARTESIAN_POINT('',(29.257907688705,1.002889875505));
#1556 = CARTESIAN_POINT('',(24.534089351567,1.002926364969));
#1557 = CARTESIAN_POINT('',(19.810236292642,1.002962853424));
#1558 = CARTESIAN_POINT('',(13.905376570209,1.003008462955));
#1559 = CARTESIAN_POINT('',(12.724402455383,1.003017584813));
#1560 = CARTESIAN_POINT('',(11.543426170305,1.003026706626));
#1561 = CARTESIAN_POINT('',(10.362447715037,1.003035828399));
#1562 = CARTESIAN_POINT('',(9.181467089696,1.003044950135));
#1563 = CARTESIAN_POINT('',(8.000484294312,1.003054071837));
#1564 = CARTESIAN_POINT('',(6.819499329022,1.003063193509));
#1565 = CARTESIAN_POINT('',(5.638512193858,1.003072315156));
#1566 = CARTESIAN_POINT('',(4.457522888934,1.003081436779));
#1567 = CARTESIAN_POINT('',(3.276531414314,1.003090558384));
#1568 = CARTESIAN_POINT('',(1.947913564556,1.003100820173));
#1569 = CARTESIAN_POINT('',(1.800289325158,1.003101960371));
#1570 = CARTESIAN_POINT('',(1.652665051892,1.003103100569));
#1571 = CARTESIAN_POINT('',(1.505040744759,1.003104240768));
#1572 = CARTESIAN_POINT('',(1.35741640376,1.003105380965));
#1573 = CARTESIAN_POINT('',(1.209792028895,1.003106521163));
#1574 = CARTESIAN_POINT('',(1.062167620167,1.00310766136));
#1575 = CARTESIAN_POINT('',(0.914543177575,1.003108801558));
#1576 = CARTESIAN_POINT('',(0.766918701122,1.003109941755));
#1577 = CARTESIAN_POINT('',(0.619294190807,1.003111081951));
#1578 = CARTESIAN_POINT('',(0.453216578611,1.003112364673));
#1579 = CARTESIAN_POINT('',(0.43476351006,1.003112507197));
#1580 = CARTESIAN_POINT('',(0.41631044098,1.003112649722));
#1581 = CARTESIAN_POINT('',(0.397857371371,1.003112792247));
#1582 = CARTESIAN_POINT('',(0.379404301232,1.003112934771));
#1583 = CARTESIAN_POINT('',(0.360951230564,1.003113077296));
#1584 = CARTESIAN_POINT('',(0.342498159367,1.00311321982));
#1585 = CARTESIAN_POINT('',(0.324045087641,1.003113362345));
#1586 = CARTESIAN_POINT('',(0.305592015385,1.003113504869));
#1587 = CARTESIAN_POINT('',(0.2871389426,1.003113647394));
#1588 = CARTESIAN_POINT('',(0.250232795972,1.003113932443));
#1589 = CARTESIAN_POINT('',(0.231778826911,1.003114074971));
#1590 = CARTESIAN_POINT('',(0.213324211855,1.003114217499));
#1591 = CARTESIAN_POINT('',(0.194869186958,1.003114360025));
#1592 = CARTESIAN_POINT('',(0.176413974781,1.003114502549));
#1593 = CARTESIAN_POINT('',(0.157958784288,1.003114645065));
#1594 = CARTESIAN_POINT('',(0.139503810849,1.003114787575));
#1595 = CARTESIAN_POINT('',(0.121049236236,1.003114930074));
#1596 = CARTESIAN_POINT('',(0.10259522863,1.003115072563));
#1597 = CARTESIAN_POINT('',(8.414194261222E-02,1.00311521504));
#1598 = CARTESIAN_POINT('',(2.878467228915E-02,1.003115642432));
#1599 = CARTESIAN_POINT('',(-8.11672566733E-03,1.003115927307));
#1600 = CARTESIAN_POINT('',(-4.501355041907E-02,1.00311621212));
#1601 = CARTESIAN_POINT('',(-8.190486667323E-02,1.003116496864));
#1602 = CARTESIAN_POINT('',(-0.118789909404,1.003116781536));
#1603 = CARTESIAN_POINT('',(-0.155668065128,1.00311706613));
#1604 = CARTESIAN_POINT('',(-0.192538853189,1.003117350647));
#1605 = CARTESIAN_POINT('',(-0.229401907032,1.003117635084));
#1606 = CARTESIAN_POINT('',(-0.266256955485,1.003117919443));
#1607 = CARTESIAN_POINT('',(-0.303103804039,1.003118203724));
#1608 = CARTESIAN_POINT('',(-0.413619340292,1.003119056337));
#1609 = CARTESIAN_POINT('',(-0.487263029836,1.00311962444));
#1610 = CARTESIAN_POINT('',(-0.560872340214,1.003120192248));
#1611 = CARTESIAN_POINT('',(-0.634447260463,1.003120759778));
#1612 = CARTESIAN_POINT('',(-0.707988355605,1.003121327052));
#1613 = CARTESIAN_POINT('',(-0.78149640335,1.003121894084));
#1614 = CARTESIAN_POINT('',(-0.854972125132,1.003122460888));
#1615 = CARTESIAN_POINT('',(-0.928416011428,1.003123027464));
#1616 = CARTESIAN_POINT('',(-1.001828241419,1.003123593809));
#1617 = CARTESIAN_POINT('',(-1.075208696939,1.003124159914));
#1618 = CARTESIAN_POINT('',(-1.185231257651,1.003125008693));
#1619 = CARTESIAN_POINT('',(-1.221897454091,1.003125291558));
#1620 = CARTESIAN_POINT('',(-1.258555583962,1.003125574357));
#1621 = CARTESIAN_POINT('',(-1.295205579994,1.00312585709));
#1622 = CARTESIAN_POINT('',(-1.331847383759,1.003126139755));
#1623 = CARTESIAN_POINT('',(-1.368480945671,1.00312642235));
#1624 = CARTESIAN_POINT('',(-1.405106224979,1.003126704876));
#1625 = CARTESIAN_POINT('',(-1.441723189776,1.003126987331));
#1626 = CARTESIAN_POINT('',(-1.478331816992,1.003127269715));
#1627 = CARTESIAN_POINT('',(-1.514932092398,1.003127552029));
#1628 = CARTESIAN_POINT('',(-1.58811592881,1.003128116519));
#1629 = CARTESIAN_POINT('',(-1.62469935735,1.003128398691));
#1630 = CARTESIAN_POINT('',(-1.661275448639,1.003128680824));
#1631 = CARTESIAN_POINT('',(-1.697841335834,1.003128962831));
#1632 = CARTESIAN_POINT('',(-1.734400553233,1.003129244824));
#1633 = CARTESIAN_POINT('',(-1.770953463763,1.003129526809));
#1634 = CARTESIAN_POINT('',(-1.807496974106,1.00312980869));
#1635 = CARTESIAN_POINT('',(-1.844031062162,1.003130090465));
#1636 = CARTESIAN_POINT('',(-1.880558907766,1.003130372238));
#1637 = CARTESIAN_POINT('',(-1.917077705685,1.003130653916));
#1638 = CARTESIAN_POINT('',(-2.026610238801,1.003131498777));
#1639 = CARTESIAN_POINT('',(-2.099599426829,1.003132061761));
#1640 = CARTESIAN_POINT('',(-2.172556142829,1.00313262449));
#1641 = CARTESIAN_POINT('',(-2.245480415483,1.003133186962));
#1642 = CARTESIAN_POINT('',(-2.318372273492,1.003133749181));
#1643 = CARTESIAN_POINT('',(-2.391231745522,1.003134311142));
#1644 = CARTESIAN_POINT('',(-2.464058860287,1.003134872851));
#1645 = CARTESIAN_POINT('',(-2.536853646449,1.003135434303));
#1646 = CARTESIAN_POINT('',(-2.609616132715,1.003135995502));
#1647 = CARTESIAN_POINT('',(-2.682346347762,1.003136556446));
#1648 = CARTESIAN_POINT('',(-2.900440265318,1.003138238518));
#1649 = CARTESIAN_POINT('',(-3.045707242624,1.003139358883));
#1650 = CARTESIAN_POINT('',(-3.190845478397,1.003140478233));
#1651 = CARTESIAN_POINT('',(-3.335855198833,1.003141596572));
#1652 = CARTESIAN_POINT('',(-3.48073663013,1.0031427139));
#1653 = CARTESIAN_POINT('',(-3.625489998486,1.003143830219));
#1654 = CARTESIAN_POINT('',(-3.770115530098,1.003144945531));
#1655 = CARTESIAN_POINT('',(-3.914613451164,1.003146059838));
#1656 = CARTESIAN_POINT('',(-4.058983987882,1.003147173141));
#1657 = CARTESIAN_POINT('',(-4.203227366448,1.003148285443));
#1658 = CARTESIAN_POINT('',(-4.923809599511,1.003153841952));
#1659 = CARTESIAN_POINT('',(-5.498244449203,1.003158271159));
#1660 = CARTESIAN_POINT('',(-6.070662670103,1.00316268448));
#1661 = CARTESIAN_POINT('',(-6.641078461647,1.003167082023));
#1662 = CARTESIAN_POINT('',(-7.209505914786,1.003171463902));
#1663 = CARTESIAN_POINT('',(-7.77595901192,1.003175830223));
#1664 = CARTESIAN_POINT('',(-8.340451626979,1.003180181096));
#1665 = CARTESIAN_POINT('',(-8.902997525344,1.003184516628));
#1666 = CARTESIAN_POINT('',(-9.463610363908,1.003188836926));
#1667 = CARTESIAN_POINT('',(-10.02230369103,1.003193142095));
#1668 = CARTESIAN_POINT('',(-12.8062399688,1.003214592819));
#1669 = CARTESIAN_POINT('',(-15.00289231458,1.003231513018));
#1670 = CARTESIAN_POINT('',(-17.16990992635,1.003248199554));
#1671 = CARTESIAN_POINT('',(-19.30813244348,1.003264658963));
#1672 = CARTESIAN_POINT('',(-21.41838191148,1.003280897634));
#1673 = CARTESIAN_POINT('',(-23.50146694929,1.003296921848));
#1674 = CARTESIAN_POINT('',(-25.55818637537,1.003312737802));
#1675 = CARTESIAN_POINT('',(-27.58933229173,1.003328351644));
#1676 = CARTESIAN_POINT('',(-29.5956926268,1.003343769478));
#1677 = CARTESIAN_POINT('',(-31.57805313629,1.003358997394));
#1678 = CARTESIAN_POINT('',(-33.53719886279,1.003374041468));
#1679 = ( GEOMETRIC_REPRESENTATION_CONTEXT(2) 
PARAMETRIC_REPRESENTATION_CONTEXT() REPRESENTATION_CONTEXT('2D SPACE',''
  ) );
#1680 = ORIENTED_EDGE('',*,*,#1681,.T.);
#1681 = EDGE_CURVE('',#1303,#1682,#1684,.T.);
#1682 = VERTEX_POINT('',#1683);
#1683 = CARTESIAN_POINT('',(44.292226518223,419.99999999996,
    368.1645624078));
#1684 = SURFACE_CURVE('',#1685,(#1689,#1695),.PCURVE_S1.);
#1685 = LINE('',#1686,#1687);
#1686 = CARTESIAN_POINT('',(-25.5,420.,368.1645624078));
#1687 = VECTOR('',#1688,1.);
#1688 = DIRECTION('',(1.,0.,1.098462835488E-16));
#1689 = PCURVE('',#239,#1690);
#1690 = DEFINITIONAL_REPRESENTATION('',(#1691),#1694);
#1691 = B_SPLINE_CURVE_WITH_KNOTS('',1,(#1692,#1693),.UNSPECIFIED.,.F.,
  .F.,(2,2),(-9.9999745E+06,1.00000255E+07),.PIECEWISE_BEZIER_KNOTS.);
#1692 = CARTESIAN_POINT('',(-6.390171371476E+06,-7.691858673026E+06));
#1693 = CARTESIAN_POINT('',(6.390245785627E+06,7.691929458979E+06));
#1694 = ( GEOMETRIC_REPRESENTATION_CONTEXT(2) 
PARAMETRIC_REPRESENTATION_CONTEXT() REPRESENTATION_CONTEXT('2D SPACE',''
  ) );
#1695 = PCURVE('',#1696,#1701);
#1696 = PLANE('',#1697);
#1697 = AXIS2_PLACEMENT_3D('',#1698,#1699,#1700);
#1698 = CARTESIAN_POINT('',(5.413649692955E-16,356.49552254392,
    369.97493660229));
#1699 = DIRECTION('',(-1.098016749311E-16,2.849624267978E-02,
    0.999593899618));
#1700 = DIRECTION('',(1.,-2.54571656767E-16,1.171035664448E-16));
#1701 = DEFINITIONAL_REPRESENTATION('',(#1702),#1705);
#1702 = B_SPLINE_CURVE_WITH_KNOTS('',1,(#1703,#1704),.UNSPECIFIED.,.F.,
  .F.,(2,2),(-9.9999745E+06,1.00000255E+07),.PIECEWISE_BEZIER_KNOTS.);
#1703 = CARTESIAN_POINT('',(-1.E+07,63.530277123354));
#1704 = CARTESIAN_POINT('',(1.E+07,63.530277128447));
#1705 = ( GEOMETRIC_REPRESENTATION_CONTEXT(2) 
PARAMETRIC_REPRESENTATION_CONTEXT() REPRESENTATION_CONTEXT('2D SPACE',''
  ) );
#1706 = ORIENTED_EDGE('',*,*,#1707,.F.);
#1707 = EDGE_CURVE('',#980,#1682,#1708,.T.);
#1708 = SURFACE_CURVE('',#1709,(#1748,#1790),.PCURVE_S1.);
#1709 = B_SPLINE_CURVE_WITH_KNOTS('',7,(#1710,#1711,#1712,#1713,#1714,
    #1715,#1716,#1717,#1718,#1719,#1720,#1721,#1722,#1723,#1724,#1725,
    #1726,#1727,#1728,#1729,#1730,#1731,#1732,#1733,#1734,#1735,#1736,
    #1737,#1738,#1739,#1740,#1741,#1742,#1743,#1744,#1745,#1746,#1747),
  .UNSPECIFIED.,.F.,.F.,(8,6,6,6,6,6,8),(0.,0.175498468718,
    0.185177100452,0.499822446024,0.821274852119,0.830997978171,1.),
  .UNSPECIFIED.);
#1710 = CARTESIAN_POINT('',(29.336763276369,420.,233.23326906644));
#1711 = CARTESIAN_POINT('',(29.9033879866,420.,238.34586276295));
#1712 = CARTESIAN_POINT('',(30.458709052223,420.,243.35636511345));
#1713 = CARTESIAN_POINT('',(31.001391319417,420.,248.25271928541));
#1714 = CARTESIAN_POINT('',(31.529594778574,420.,253.01831135767));
#1715 = CARTESIAN_POINT('',(32.040946580164,420.,257.63171760247));
#1716 = CARTESIAN_POINT('',(32.532510844376,420.,262.06643184295));
#1717 = CARTESIAN_POINT('',(33.026503691315,420.,266.52284513579));
#1718 = CARTESIAN_POINT('',(33.052185340686,420.,266.75452376431));
#1719 = CARTESIAN_POINT('',(33.077865728674,420.,266.98619125877));
#1720 = CARTESIAN_POINT('',(33.103579316677,420.,267.21815869457));
#1721 = CARTESIAN_POINT('',(33.12930540752,420.,267.45023907953));
#1722 = CARTESIAN_POINT('',(33.155015086113,420.,267.68217132584));
#1723 = CARTESIAN_POINT('',(34.016306579988,420.,275.45206504938));
#1724 = CARTESIAN_POINT('',(34.851898306007,420.,282.99026405153));
#1725 = CARTESIAN_POINT('',(35.687493340967,420.,290.52864121579));
#1726 = CARTESIAN_POINT('',(36.523091687948,420.,298.06719654387));
#1727 = CARTESIAN_POINT('',(37.358693350305,420.,305.60593005194));
#1728 = CARTESIAN_POINT('',(38.194298331666,420.,313.14484177071));
#1729 = CARTESIAN_POINT('',(39.883592551638,420.,328.38612294634));
#1730 = CARTESIAN_POINT('',(40.737281935412,420.,336.088500196));
#1731 = CARTESIAN_POINT('',(41.59097479142,420.,343.79106354267));
#1732 = CARTESIAN_POINT('',(42.444671123609,420.,351.49381303994));
#1733 = CARTESIAN_POINT('',(43.298370935706,420.,359.19674874665));
#1734 = CARTESIAN_POINT('',(44.152074231213,420.,366.89987072689));
#1735 = CARTESIAN_POINT('',(45.031603494432,420.,374.83618473423));
#1736 = CARTESIAN_POINT('',(45.057393411571,420.,375.0688964893));
#1737 = CARTESIAN_POINT('',(45.083314630158,420.,375.3027941246));
#1738 = CARTESIAN_POINT('',(45.109309407113,420.,375.53735617876));
#1739 = CARTESIAN_POINT('',(45.135346646063,420.,375.77230183169));
#1740 = CARTESIAN_POINT('',(45.161472504534,420.,376.00804792009));
#1741 = CARTESIAN_POINT('',(45.642898260228,420.,380.35219346226));
#1742 = CARTESIAN_POINT('',(46.119064515067,420.,384.64907293364));
#1743 = CARTESIAN_POINT('',(46.613064077561,420.,389.10704198335));
#1744 = CARTESIAN_POINT('',(47.122358318655,420.,393.70317462075));
#1745 = CARTESIAN_POINT('',(47.644881410129,420.,398.41881396693));
#1746 = CARTESIAN_POINT('',(48.179013540137,420.,403.23933030237));
#1747 = CARTESIAN_POINT('',(48.723557003674,420.,408.15390508272));
#1748 = PCURVE('',#239,#1749);
#1749 = DEFINITIONAL_REPRESENTATION('',(#1750),#1789);
#1750 = B_SPLINE_CURVE_WITH_KNOTS('',7,(#1751,#1752,#1753,#1754,#1755,
    #1756,#1757,#1758,#1759,#1760,#1761,#1762,#1763,#1764,#1765,#1766,
    #1767,#1768,#1769,#1770,#1771,#1772,#1773,#1774,#1775,#1776,#1777,
    #1778,#1779,#1780,#1781,#1782,#1783,#1784,#1785,#1786,#1787,#1788),
  .UNSPECIFIED.,.F.,.F.,(8,6,6,6,6,6,8),(0.,0.175498468718,
    0.185177100452,0.499822446024,0.821274852119,0.830997978171,1.),
  .UNSPECIFIED.);
#1751 = CARTESIAN_POINT('',(159.74160025291,-28.26540636915));
#1752 = CARTESIAN_POINT('',(156.17113234971,-24.56251063471));
#1753 = CARTESIAN_POINT('',(152.67196876371,-20.93354804347));
#1754 = CARTESIAN_POINT('',(149.25253029159,-17.38725014907));
#1755 = CARTESIAN_POINT('',(145.92442038103,-13.93564890955));
#1756 = CARTESIAN_POINT('',(142.7026016361,-10.59425970454));
#1757 = CARTESIAN_POINT('',(139.60558623884,-7.382278781554));
#1758 = CARTESIAN_POINT('',(136.49343207537,-4.154563671399));
#1759 = CARTESIAN_POINT('',(136.33163843819,-3.986762142816));
#1760 = CARTESIAN_POINT('',(136.16985255917,-3.818968699375));
#1761 = CARTESIAN_POINT('',(136.00785718393,-3.650958050055));
#1762 = CARTESIAN_POINT('',(135.84578291898,-3.482865606819));
#1763 = CARTESIAN_POINT('',(135.68381211294,-3.314880451398));
#1764 = CARTESIAN_POINT('',(130.25767539966,2.31273999435));
#1765 = CARTESIAN_POINT('',(124.99333312394,7.772534691284));
#1766 = CARTESIAN_POINT('',(119.72885592229,13.232445782724));
#1767 = CARTESIAN_POINT('',(114.46424379538,18.692473272127));
#1768 = CARTESIAN_POINT('',(109.19949673289,24.152617172422));
#1769 = CARTESIAN_POINT('',(103.93461471354,29.612877506006));
#1770 = CARTESIAN_POINT('',(93.290676931844,40.651761296308));
#1771 = CARTESIAN_POINT('',(87.911615268128,46.230389844436));
#1772 = CARTESIAN_POINT('',(82.532412679397,51.809139983237));
#1773 = CARTESIAN_POINT('',(77.153069126946,57.388011749998));
#1774 = CARTESIAN_POINT('',(71.773584567897,62.967005185186));
#1775 = CARTESIAN_POINT('',(66.393958955197,68.546120332445));
#1776 = CARTESIAN_POINT('',(60.851467837586,74.294115109688));
#1777 = CARTESIAN_POINT('',(60.688948715766,74.462660106109));
#1778 = CARTESIAN_POINT('',(60.525601331803,74.632063900412));
#1779 = CARTESIAN_POINT('',(60.361789889229,74.801948852536));
#1780 = CARTESIAN_POINT('',(60.197710520635,74.972111593601));
#1781 = CARTESIAN_POINT('',(60.033072095285,75.142853994818));
#1782 = CARTESIAN_POINT('',(56.999242462916,78.289161197167));
#1783 = CARTESIAN_POINT('',(53.998408460739,81.401218842074));
#1784 = CARTESIAN_POINT('',(50.885061916953,84.629933278848));
#1785 = CARTESIAN_POINT('',(47.67521502378,87.958701634708));
#1786 = CARTESIAN_POINT('',(44.381898347518,91.374012761702));
#1787 = CARTESIAN_POINT('',(41.015329819876,94.865272021809));
#1788 = CARTESIAN_POINT('',(37.583065592096,98.424644877527));
#1789 = ( GEOMETRIC_REPRESENTATION_CONTEXT(2) 
PARAMETRIC_REPRESENTATION_CONTEXT() REPRESENTATION_CONTEXT('2D SPACE',''
  ) );
#1790 = PCURVE('',#1791,#1818);
#1791 = OFFSET_SURFACE('',#1792,-6.,.F.);
#1792 = B_SPLINE_SURFACE_WITH_KNOTS('',2,2,(
    (#1793,#1794,#1795,#1796,#1797)
    ,(#1798,#1799,#1800,#1801,#1802)
    ,(#1803,#1804,#1805,#1806,#1807)
    ,(#1808,#1809,#1810,#1811,#1812)
    ,(#1813,#1814,#1815,#1816,#1817
    )),.UNSPECIFIED.,.F.,.F.,.F.,(3,1,1,3),(3,1,1,3),(-33.53719886279,0.
    ,134.14879545117,167.68599431396),(-0.245441674319,0.,1.,
    1.245441674319),.UNSPECIFIED.);
#1793 = CARTESIAN_POINT('',(61.327222458657,261.65904362603,
    412.1010658644));
#1794 = CARTESIAN_POINT('',(60.651363174759,277.78831971949,
    411.63241494833));
#1795 = CARTESIAN_POINT('',(57.346159014904,356.6665,409.3405370468));
#1796 = CARTESIAN_POINT('',(54.040954855049,435.5446802805,
    407.04865914526));
#1797 = CARTESIAN_POINT('',(53.365095571151,451.67395637396,
    406.58000822919));
#1798 = CARTESIAN_POINT('',(59.998473598073,261.69847412548,
    396.17034001902));
#1799 = CARTESIAN_POINT('',(59.236325022958,277.78831971949,
    395.31028710819));
#1800 = CARTESIAN_POINT('',(55.5,356.6665,391.094));
#1801 = CARTESIAN_POINT('',(51.763674977042,435.5446802805,
    386.8777128918));
#1802 = CARTESIAN_POINT('',(51.001526401927,451.63452587451,
    386.01765998097));
#1803 = CARTESIAN_POINT('',(52.496819484792,261.73339438664,
    308.72028561521));
#1804 = CARTESIAN_POINT('',(51.736325022958,277.78831971949,
    309.86457628212));
#1805 = CARTESIAN_POINT('',(48.,356.6665,315.4865));
#1806 = CARTESIAN_POINT('',(44.263674977042,435.5446802805,
    321.10842371787));
#1807 = CARTESIAN_POINT('',(43.503180515208,451.59960561336,
    322.25271438478));
#1808 = CARTESIAN_POINT('',(44.972650045916,262.24363943898,
    221.37210591209));
#1809 = CARTESIAN_POINT('',(44.236325022958,277.78831971949,
    224.41886545604));
#1810 = CARTESIAN_POINT('',(40.5,356.6665,239.879));
#1811 = CARTESIAN_POINT('',(36.763674977042,435.5446802805,
    255.33913454395));
#1812 = CARTESIAN_POINT('',(36.027349954084,451.08936056101,
    258.3858940879));
#1813 = CARTESIAN_POINT('',(43.649260048834,262.11708622018,
    205.40750833109));
#1814 = CARTESIAN_POINT('',(42.821286871157,277.78831971949,
    208.0967376159));
#1815 = CARTESIAN_POINT('',(38.653840985096,356.6665,221.63246295319));
#1816 = CARTESIAN_POINT('',(34.486395099035,435.5446802805,
    235.16818829048));
#1817 = CARTESIAN_POINT('',(33.658421921358,451.21591377981,
    237.8574175753));
#1818 = DEFINITIONAL_REPRESENTATION('',(#1819),#2092);
#1819 = B_SPLINE_CURVE_WITH_KNOTS('',11,(#1820,#1821,#1822,#1823,#1824,
    #1825,#1826,#1827,#1828,#1829,#1830,#1831,#1832,#1833,#1834,#1835,
    #1836,#1837,#1838,#1839,#1840,#1841,#1842,#1843,#1844,#1845,#1846,
    #1847,#1848,#1849,#1850,#1851,#1852,#1853,#1854,#1855,#1856,#1857,
    #1858,#1859,#1860,#1861,#1862,#1863,#1864,#1865,#1866,#1867,#1868,
    #1869,#1870,#1871,#1872,#1873,#1874,#1875,#1876,#1877,#1878,#1879,
    #1880,#1881,#1882,#1883,#1884,#1885,#1886,#1887,#1888,#1889,#1890,
    #1891,#1892,#1893,#1894,#1895,#1896,#1897,#1898,#1899,#1900,#1901,
    #1902,#1903,#1904,#1905,#1906,#1907,#1908,#1909,#1910,#1911,#1912,
    #1913,#1914,#1915,#1916,#1917,#1918,#1919,#1920,#1921,#1922,#1923,
    #1924,#1925,#1926,#1927,#1928,#1929,#1930,#1931,#1932,#1933,#1934,
    #1935,#1936,#1937,#1938,#1939,#1940,#1941,#1942,#1943,#1944,#1945,
    #1946,#1947,#1948,#1949,#1950,#1951,#1952,#1953,#1954,#1955,#1956,
    #1957,#1958,#1959,#1960,#1961,#1962,#1963,#1964,#1965,#1966,#1967,
    #1968,#1969,#1970,#1971,#1972,#1973,#1974,#1975,#1976,#1977,#1978,
    #1979,#1980,#1981,#1982,#1983,#1984,#1985,#1986,#1987,#1988,#1989,
    #1990,#1991,#1992,#1993,#1994,#1995,#1996,#1997,#1998,#1999,#2000,
    #2001,#2002,#2003,#2004,#2005,#2006,#2007,#2008,#2009,#2010,#2011,
    #2012,#2013,#2014,#2015,#2016,#2017,#2018,#2019,#2020,#2021,#2022,
    #2023,#2024,#2025,#2026,#2027,#2028,#2029,#2030,#2031,#2032,#2033,
    #2034,#2035,#2036,#2037,#2038,#2039,#2040,#2041,#2042,#2043,#2044,
    #2045,#2046,#2047,#2048,#2049,#2050,#2051,#2052,#2053,#2054,#2055,
    #2056,#2057,#2058,#2059,#2060,#2061,#2062,#2063,#2064,#2065,#2066,
    #2067,#2068,#2069,#2070,#2071,#2072,#2073,#2074,#2075,#2076,#2077,
    #2078,#2079,#2080,#2081,#2082,#2083,#2084,#2085,#2086,#2087,#2088,
    #2089,#2090,#2091),.UNSPECIFIED.,.F.,.F.,(12,10,10,10,10,10,10,10,10
    ,10,10,10,10,10,10,10,10,10,10,10,10,10,10,10,10,10,10,12),(0.,0.125
    ,0.15625,0.171875,0.173828125,0.1748046875,0.17529296875,0.17578125,
    0.1796875,0.18359375,0.1845703125,0.185546875,0.1875,0.25,0.5,0.75,
    0.8125,0.8203125,0.8212890625,0.822265625,0.82421875,0.828125,
    0.830078125,0.83203125,0.8359375,0.84375,0.875,1.),.UNSPECIFIED.);
#1820 = CARTESIAN_POINT('',(167.68599431396,1.003374038847));
#1821 = CARTESIAN_POINT('',(165.72342037332,1.003358968801));
#1822 = CARTESIAN_POINT('',(163.73757024165,1.003343714372));
#1823 = CARTESIAN_POINT('',(161.72764659257,1.003328269388));
#1824 = CARTESIAN_POINT('',(159.69285273564,1.003312627678));
#1825 = CARTESIAN_POINT('',(157.63239123136,1.003296783061));
#1826 = CARTESIAN_POINT('',(155.54546198973,1.003280729333));
#1827 = CARTESIAN_POINT('',(153.43125984593,1.003264460245));
#1828 = CARTESIAN_POINT('',(151.2889716214,1.003247969482));
#1829 = CARTESIAN_POINT('',(149.11777266143,1.003231250636));
#1830 = CARTESIAN_POINT('',(146.91682285721,1.003214297169));
#1831 = CARTESIAN_POINT('',(144.12737196883,1.003192803681));
#1832 = CARTESIAN_POINT('',(143.56756857925,1.0031884899));
#1833 = CARTESIAN_POINT('',(143.00583856444,1.003184160932));
#1834 = CARTESIAN_POINT('',(142.44216841367,1.003179816671));
#1835 = CARTESIAN_POINT('',(141.87654451995,1.003175457011));
#1836 = CARTESIAN_POINT('',(141.30895317798,1.003171081844));
#1837 = CARTESIAN_POINT('',(140.73938058701,1.003166691065));
#1838 = CARTESIAN_POINT('',(140.16781284764,1.003162284562));
#1839 = CARTESIAN_POINT('',(139.59423596471,1.003157862228));
#1840 = CARTESIAN_POINT('',(139.01863584521,1.003153423952));
#1841 = CARTESIAN_POINT('',(138.1521795266,1.003146742459));
#1842 = CARTESIAN_POINT('',(137.86285139062,1.003144511281));
#1843 = CARTESIAN_POINT('',(137.57301211357,1.003142276075));
#1844 = CARTESIAN_POINT('',(137.28265990914,1.00314003683));
#1845 = CARTESIAN_POINT('',(136.99179298264,1.003137793527));
#1846 = CARTESIAN_POINT('',(136.70040953121,1.003135546158));
#1847 = CARTESIAN_POINT('',(136.40850774336,1.003133294701));
#1848 = CARTESIAN_POINT('',(136.11608579967,1.00313103915));
#1849 = CARTESIAN_POINT('',(135.823141872,1.003128779484));
#1850 = CARTESIAN_POINT('',(135.52967412416,1.003126515693));
#1851 = CARTESIAN_POINT('',(135.19893153488,1.003123964269));
#1852 = CARTESIAN_POINT('',(135.16217414479,1.003123680713));
#1853 = CARTESIAN_POINT('',(135.12540853756,1.003123397092));
#1854 = CARTESIAN_POINT('',(135.08863470963,1.003123113406));
#1855 = CARTESIAN_POINT('',(135.05185265732,1.003122829655));
#1856 = CARTESIAN_POINT('',(135.01506237708,1.00312254584));
#1857 = CARTESIAN_POINT('',(134.97826386523,1.00312226196));
#1858 = CARTESIAN_POINT('',(134.94145711823,1.003121978015));
#1859 = CARTESIAN_POINT('',(134.9046421324,1.003121694005));
#1860 = CARTESIAN_POINT('',(134.86781890417,1.00312140993));
#1861 = CARTESIAN_POINT('',(134.81257169279,1.00312098372));
#1862 = CARTESIAN_POINT('',(134.79415389415,1.003120841634));
#1863 = CARTESIAN_POINT('',(134.77573403356,1.003120699531));
#1864 = CARTESIAN_POINT('',(134.75731211052,1.003120557412));
#1865 = CARTESIAN_POINT('',(134.73888812467,1.003120415278));
#1866 = CARTESIAN_POINT('',(134.72046207542,1.003120273126));
#1867 = CARTESIAN_POINT('',(134.70203396247,1.003120130959));
#1868 = CARTESIAN_POINT('',(134.68360378524,1.003119988775));
#1869 = CARTESIAN_POINT('',(134.66517154335,1.003119846575));
#1870 = CARTESIAN_POINT('',(134.64673723632,1.003119704359));
#1871 = CARTESIAN_POINT('',(134.61908267739,1.00311949101));
#1872 = CARTESIAN_POINT('',(134.60986397469,1.00311941989));
#1873 = CARTESIAN_POINT('',(134.60064475551,1.003119348766));
#1874 = CARTESIAN_POINT('',(134.59142501988,1.003119277637));
#1875 = CARTESIAN_POINT('',(134.58220476757,1.003119206505));
#1876 = CARTESIAN_POINT('',(134.57298399879,1.003119135368));
#1877 = CARTESIAN_POINT('',(134.56376271317,1.003119064228));
#1878 = CARTESIAN_POINT('',(134.55454091093,1.003118993082));
#1879 = CARTESIAN_POINT('',(134.54531859183,1.003118921934));
#1880 = CARTESIAN_POINT('',(134.53609575591,1.003118850781));
#1881 = CARTESIAN_POINT('',(134.51764905023,1.003118708467));
#1882 = CARTESIAN_POINT('',(134.50842519751,1.003118637306));
#1883 = CARTESIAN_POINT('',(134.49920084836,1.003118566141));
#1884 = CARTESIAN_POINT('',(134.48997587164,1.003118494972));
#1885 = CARTESIAN_POINT('',(134.48075030192,1.003118423798));
#1886 = CARTESIAN_POINT('',(134.47152434892,1.003118352621));
#1887 = CARTESIAN_POINT('',(134.46229824482,1.00311828144));
#1888 = CARTESIAN_POINT('',(134.45307206868,1.003118210257));
#1889 = CARTESIAN_POINT('',(134.44384567428,1.003118139071));
#1890 = CARTESIAN_POINT('',(134.43461886083,1.003118067881));
#1891 = CARTESIAN_POINT('',(134.35157634676,1.00311742715));
#1892 = CARTESIAN_POINT('',(134.27774709669,1.003116857425));
#1893 = CARTESIAN_POINT('',(134.20390996435,1.003116287556));
#1894 = CARTESIAN_POINT('',(134.13006933564,1.003115717579));
#1895 = CARTESIAN_POINT('',(134.05622835041,1.003115147524));
#1896 = CARTESIAN_POINT('',(133.982389072,1.00311457741));
#1897 = CARTESIAN_POINT('',(133.90855265411,1.003114007257));
#1898 = CARTESIAN_POINT('',(133.83471951106,1.003113437075));
#1899 = CARTESIAN_POINT('',(133.76088948445,1.003112866873));
#1900 = CARTESIAN_POINT('',(133.68706201301,1.003112296655));
#1901 = CARTESIAN_POINT('',(133.53941058725,1.003111156198));
#1902 = CARTESIAN_POINT('',(133.46558663297,1.003110585957));
#1903 = CARTESIAN_POINT('',(133.39176364075,1.003110015708));
#1904 = CARTESIAN_POINT('',(133.31794057906,1.003109445452));
#1905 = CARTESIAN_POINT('',(133.24411634978,1.003108875188));
#1906 = CARTESIAN_POINT('',(133.17028995659,1.003108304918));
#1907 = CARTESIAN_POINT('',(133.09646067357,1.003107734638));
#1908 = CARTESIAN_POINT('',(133.02262821339,1.003107164353));
#1909 = CARTESIAN_POINT('',(132.94879289598,1.003106594064));
#1910 = CARTESIAN_POINT('',(132.87495581681,1.003106023778));
#1911 = CARTESIAN_POINT('',(132.78265981502,1.003105310938));
#1912 = CARTESIAN_POINT('',(132.76420063271,1.003105168371));
#1913 = CARTESIAN_POINT('',(132.74574149942,1.003105025805));
#1914 = CARTESIAN_POINT('',(132.72728245026,1.003104883239));
#1915 = CARTESIAN_POINT('',(132.70882352491,1.003104740676));
#1916 = CARTESIAN_POINT('',(132.69036476681,1.003104598113));
#1917 = CARTESIAN_POINT('',(132.67190622427,1.003104455553));
#1918 = CARTESIAN_POINT('',(132.65344794929,1.003104312995));
#1919 = CARTESIAN_POINT('',(132.63498999858,1.003104170439));
#1920 = CARTESIAN_POINT('',(132.61653243282,1.003104027885));
#1921 = CARTESIAN_POINT('',(132.57961820141,1.003103742784));
#1922 = CARTESIAN_POINT('',(132.56116136746,1.003103600236));
#1923 = CARTESIAN_POINT('',(132.5427066146,1.003103457698));
#1924 = CARTESIAN_POINT('',(132.52424547138,1.003103315127));
#1925 = CARTESIAN_POINT('',(132.50580436989,1.003103172665));
#1926 = CARTESIAN_POINT('',(132.48732782008,1.00310303001));
#1927 = CARTESIAN_POINT('',(132.46889771609,1.003102887608));
#1928 = CARTESIAN_POINT('',(132.4504323531,1.003102745014));
#1929 = CARTESIAN_POINT('',(132.431983094,1.003102602508));
#1930 = CARTESIAN_POINT('',(132.41352953881,1.003102459978));
#1931 = CARTESIAN_POINT('',(132.3581704712,1.003102032397));
#1932 = CARTESIAN_POINT('',(132.32126442813,1.003101747344));
#1933 = CARTESIAN_POINT('',(132.28435838711,1.00310146229));
#1934 = CARTESIAN_POINT('',(132.24745234803,1.003101177236));
#1935 = CARTESIAN_POINT('',(132.21054631109,1.003100892182));
#1936 = CARTESIAN_POINT('',(132.17364027603,1.003100607128));
#1937 = CARTESIAN_POINT('',(132.13673424315,1.003100322075));
#1938 = CARTESIAN_POINT('',(132.09982821217,1.003100037021));
#1939 = CARTESIAN_POINT('',(132.06292218329,1.003099751967));
#1940 = CARTESIAN_POINT('',(132.02601615642,1.003099466913));
#1941 = CARTESIAN_POINT('',(130.80811733697,1.003090060135));
#1942 = CARTESIAN_POINT('',(129.62712660576,1.0030809384));
#1943 = CARTESIAN_POINT('',(128.44613807609,1.00307181665));
#1944 = CARTESIAN_POINT('',(127.26515180848,1.003062694883));
#1945 = CARTESIAN_POINT('',(126.08416780624,1.003053573093));
#1946 = CARTESIAN_POINT('',(124.90318603548,1.003044451278));
#1947 = CARTESIAN_POINT('',(123.72220644559,1.003035329433));
#1948 = CARTESIAN_POINT('',(122.5412289893,1.003026207555));
#1949 = CARTESIAN_POINT('',(121.36025364303,1.003017085639));
#1950 = CARTESIAN_POINT('',(120.17928042706,1.003007963681));
#1951 = CARTESIAN_POINT('',(114.2744254209,1.002962353675));
#1952 = CARTESIAN_POINT('',(109.55057616151,1.002925864962));
#1953 = CARTESIAN_POINT('',(104.82676163846,1.002889375312));
#1954 = CARTESIAN_POINT('',(100.10298184483,1.00285288451));
#1955 = CARTESIAN_POINT('',(95.37923677678,1.002816392352));
#1956 = CARTESIAN_POINT('',(90.655526432158,1.002779898641));
#1957 = CARTESIAN_POINT('',(85.931850812378,1.002743403195));
#1958 = CARTESIAN_POINT('',(81.208209920419,1.002706905841));
#1959 = CARTESIAN_POINT('',(76.484603762545,1.002670406419));
#1960 = CARTESIAN_POINT('',(71.761032347106,1.002633904777));
#1961 = CARTESIAN_POINT('',(62.3139590233,1.002560896774));
#1962 = CARTESIAN_POINT('',(57.590457105983,1.002524390348));
#1963 = CARTESIAN_POINT('',(52.866989938601,1.002487881401));
#1964 = CARTESIAN_POINT('',(48.143557526447,1.002451369838));
#1965 = CARTESIAN_POINT('',(43.420159874912,1.002414855562));
#1966 = CARTESIAN_POINT('',(38.696796989246,1.002378338479));
#1967 = CARTESIAN_POINT('',(33.973468874863,1.002341818492));
#1968 = CARTESIAN_POINT('',(29.250175537025,1.002305295505));
#1969 = CARTESIAN_POINT('',(24.526916981106,1.002268769423));
#1970 = CARTESIAN_POINT('',(19.803693212413,1.002232240151));
#1971 = CARTESIAN_POINT('',(13.899706992255,1.002186574451));
#1972 = CARTESIAN_POINT('',(12.71891192258,1.00217744111));
#1973 = CARTESIAN_POINT('',(11.53811902744,1.002168307566));
#1974 = CARTESIAN_POINT('',(10.357328307003,1.00215917382));
#1975 = CARTESIAN_POINT('',(9.176539761454,1.00215003987));
#1976 = CARTESIAN_POINT('',(7.995753390956,1.002140905716));
#1977 = CARTESIAN_POINT('',(6.814969195694,1.002131771357));
#1978 = CARTESIAN_POINT('',(5.634187175837,1.002122636793));
#1979 = CARTESIAN_POINT('',(4.453407331562,1.002113502023));
#1980 = CARTESIAN_POINT('',(3.272629663043,1.002104367046));
#1981 = CARTESIAN_POINT('',(1.944257233882,1.002094089964));
#1982 = CARTESIAN_POINT('',(1.796660331339,1.002092948063));
#1983 = CARTESIAN_POINT('',(1.649063462829,1.002091806158));
#1984 = CARTESIAN_POINT('',(1.501466628353,1.002090664251));
#1985 = CARTESIAN_POINT('',(1.353869827912,1.002089522339));
#1986 = CARTESIAN_POINT('',(1.206273061506,1.002088380425));
#1987 = CARTESIAN_POINT('',(1.058676329139,1.002087238508));
#1988 = CARTESIAN_POINT('',(0.911079630809,1.002086096587));
#1989 = CARTESIAN_POINT('',(0.76348296652,1.002084954663));
#1990 = CARTESIAN_POINT('',(0.615886336273,1.002083812736));
#1991 = CARTESIAN_POINT('',(0.449840165542,1.002082528064));
#1992 = CARTESIAN_POINT('',(0.431390636318,1.002082385323));
#1993 = CARTESIAN_POINT('',(0.412940993676,1.002082242581));
#1994 = CARTESIAN_POINT('',(0.394491385462,1.00208209984));
#1995 = CARTESIAN_POINT('',(0.376041873843,1.002081957098));
#1996 = CARTESIAN_POINT('',(0.357592373657,1.002081814358));
#1997 = CARTESIAN_POINT('',(0.339142772962,1.002081671616));
#1998 = CARTESIAN_POINT('',(0.320693087417,1.002081528873));
#1999 = CARTESIAN_POINT('',(0.302243500082,1.002081386131));
#2000 = CARTESIAN_POINT('',(0.283794138272,1.002081243391));
#2001 = CARTESIAN_POINT('',(0.24689473985,1.002080957906));
#2002 = CARTESIAN_POINT('',(0.22844416802,1.002080815157));
#2003 = CARTESIAN_POINT('',(0.209992976673,1.002080672403));
#2004 = CARTESIAN_POINT('',(0.191541404172,1.002080529648));
#2005 = CARTESIAN_POINT('',(0.173089674139,1.002080386891));
#2006 = CARTESIAN_POINT('',(0.154637995457,1.002080244137));
#2007 = CARTESIAN_POINT('',(0.136186562266,1.002080101384));
#2008 = CARTESIAN_POINT('',(0.11773555397,1.002079958636));
#2009 = CARTESIAN_POINT('',(9.928513522995E-02,1.002079815893));
#2010 = CARTESIAN_POINT('',(8.083545596851E-02,1.002079673157));
#2011 = CARTESIAN_POINT('',(2.548904216493E-02,1.00207924497));
#2012 = CARTESIAN_POINT('',(-1.140505258923E-02,1.002078959543));
#2013 = CARTESIAN_POINT('',(-4.829452296769E-02,1.002078674157));
#2014 = CARTESIAN_POINT('',(-8.517844596236E-02,1.002078388814));
#2015 = CARTESIAN_POINT('',(-0.122056066943,1.002078103527));
#2016 = CARTESIAN_POINT('',(-0.158926781113,1.002077818292));
#2017 = CARTESIAN_POINT('',(-0.19579011497,1.002077533121));
#2018 = CARTESIAN_POINT('',(-0.23264570776,1.00207724801));
#2019 = CARTESIAN_POINT('',(-0.269493292939,1.002076962964));
#2020 = CARTESIAN_POINT('',(-0.306332679629,1.002076677983));
#2021 = CARTESIAN_POINT('',(-0.416825842958,1.002075823239));
#2022 = CARTESIAN_POINT('',(-0.490454634027,1.002075253674));
#2023 = CARTESIAN_POINT('',(-0.564049084881,1.002074684378));
#2024 = CARTESIAN_POINT('',(-0.637609192814,1.002074115349));
#2025 = CARTESIAN_POINT('',(-0.711135521854,1.002073546581));
#2026 = CARTESIAN_POINT('',(-0.784628843388,1.002072978065));
#2027 = CARTESIAN_POINT('',(-0.8580898704,1.002072409798));
#2028 = CARTESIAN_POINT('',(-0.93151908528,1.002071841772));
#2029 = CARTESIAN_POINT('',(-1.004916661251,1.00207127399));
#2030 = CARTESIAN_POINT('',(-1.078282477372,1.002070706453));
#2031 = CARTESIAN_POINT('',(-1.188283102038,1.00206985552));
#2032 = CARTESIAN_POINT('',(-1.224941990229,1.002069571937));
#2033 = CARTESIAN_POINT('',(-1.261592815794,1.002069288417));
#2034 = CARTESIAN_POINT('',(-1.298235511829,1.00206900496));
#2035 = CARTESIAN_POINT('',(-1.334870020465,1.002068721568));
#2036 = CARTESIAN_POINT('',(-1.371496292859,1.002068438239));
#2037 = CARTESIAN_POINT('',(-1.408114289198,1.002068154976));
#2038 = CARTESIAN_POINT('',(-1.444723978698,1.002067871778));
#2039 = CARTESIAN_POINT('',(-1.481325339606,1.002067588645));
#2040 = CARTESIAN_POINT('',(-1.517918359197,1.002067305577));
#2041 = CARTESIAN_POINT('',(-1.591087708355,1.002066739571));
#2042 = CARTESIAN_POINT('',(-1.627663931699,1.002066456635));
#2043 = CARTESIAN_POINT('',(-1.664232719006,1.002066173753));
#2044 = CARTESIAN_POINT('',(-1.700791468662,1.002065890956));
#2045 = CARTESIAN_POINT('',(-1.737343572269,1.002065608204));
#2046 = CARTESIAN_POINT('',(-1.773889257819,1.002065325497));
#2047 = CARTESIAN_POINT('',(-1.810425512184,1.002065042867));
#2048 = CARTESIAN_POINT('',(-1.846952419613,1.002064760314));
#2049 = CARTESIAN_POINT('',(-1.88347310847,1.002064477803));
#2050 = CARTESIAN_POINT('',(-1.919984719578,1.002064195365));
#2051 = CARTESIAN_POINT('',(-2.029495747628,1.002063348234));
#2052 = CARTESIAN_POINT('',(-2.102470627858,1.002062783731));
#2053 = CARTESIAN_POINT('',(-2.175413065092,1.00206221948));
#2054 = CARTESIAN_POINT('',(-2.248323088129,1.00206165548));
#2055 = CARTESIAN_POINT('',(-2.321200725786,1.002061091731));
#2056 = CARTESIAN_POINT('',(-2.394046006852,1.002060528232));
#2057 = CARTESIAN_POINT('',(-2.466858960149,1.002059964985));
#2058 = CARTESIAN_POINT('',(-2.539639614468,1.002059401987));
#2059 = CARTESIAN_POINT('',(-2.612387998625,1.002058839239));
#2060 = CARTESIAN_POINT('',(-2.685104141418,1.002058276741));
#2061 = CARTESIAN_POINT('',(-2.90315593213,1.002056589996));
#2062 = CARTESIAN_POINT('',(-3.048394944814,1.002055466498));
#2063 = CARTESIAN_POINT('',(-3.193505336774,1.002054343996));
#2064 = CARTESIAN_POINT('',(-3.33848733508,1.002053222488));
#2065 = CARTESIAN_POINT('',(-3.483341166794,1.002052101973));
#2066 = CARTESIAN_POINT('',(-3.62806705899,1.002050982449));
#2067 = CARTESIAN_POINT('',(-3.772665238729,1.002049863914));
#2068 = CARTESIAN_POINT('',(-3.917135933083,1.002048746367));
#2069 = CARTESIAN_POINT('',(-4.061479369117,1.002047629805));
#2070 = CARTESIAN_POINT('',(-4.205695773899,1.002046514226));
#2071 = CARTESIAN_POINT('',(-4.926143776882,1.002040941245));
#2072 = CARTESIAN_POINT('',(-5.500473286202,1.00203649857));
#2073 = CARTESIAN_POINT('',(-6.072788262507,1.002032071494));
#2074 = CARTESIAN_POINT('',(-6.643102954916,1.002027659901));
#2075 = CARTESIAN_POINT('',(-7.211431501675,1.002023263681));
#2076 = CARTESIAN_POINT('',(-7.777787930055,1.002018882723));
#2077 = CARTESIAN_POINT('',(-8.342186156483,1.002014516917));
#2078 = CARTESIAN_POINT('',(-8.904639986407,1.002010166154));
#2079 = CARTESIAN_POINT('',(-9.465163114411,1.002005830328));
#2080 = CARTESIAN_POINT('',(-10.02376912413,1.00200150933));
#2081 = CARTESIAN_POINT('',(-12.80728094505,1.001979977956));
#2082 = CARTESIAN_POINT('',(-15.00363255129,1.001962988423));
#2083 = CARTESIAN_POINT('',(-17.17039038662,1.001946227673));
#2084 = CARTESIAN_POINT('',(-19.30839571998,1.001929689126));
#2085 = CARTESIAN_POINT('',(-21.41847180378,1.001913366363));
#2086 = CARTESIAN_POINT('',(-23.50142811495,1.001897253083));
#2087 = CARTESIAN_POINT('',(-25.55806404398,1.001881343081));
#2088 = CARTESIAN_POINT('',(-27.58917203065,1.001865630208));
#2089 = CARTESIAN_POINT('',(-29.59554014786,1.001850108356));
#2090 = CARTESIAN_POINT('',(-31.57795413229,1.001834771441));
#2091 = CARTESIAN_POINT('',(-33.53719886279,1.001819613388));
#2092 = ( GEOMETRIC_REPRESENTATION_CONTEXT(2) 
PARAMETRIC_REPRESENTATION_CONTEXT() REPRESENTATION_CONTEXT('2D SPACE',''
  ) );
#2093 = ADVANCED_FACE('',(#2094,#2141),#214,.T.);
#2094 = FACE_BOUND('',#2095,.T.);
#2095 = EDGE_LOOP('',(#2096,#2119,#2139,#2140));
#2096 = ORIENTED_EDGE('',*,*,#2097,.T.);
#2097 = EDGE_CURVE('',#177,#2098,#2100,.T.);
#2098 = VERTEX_POINT('',#2099);
#2099 = CARTESIAN_POINT('',(45.,293.333,244.167));
#2100 = SURFACE_CURVE('',#2101,(#2105,#2112),.PCURVE_S1.);
#2101 = LINE('',#2102,#2103);
#2102 = CARTESIAN_POINT('',(57.,293.333,377.778));
#2103 = VECTOR('',#2104,1.);
#2104 = DIRECTION('',(-8.945290905998E-02,0.,-0.995991052701));
#2105 = PCURVE('',#214,#2106);
#2106 = DEFINITIONAL_REPRESENTATION('',(#2107),#2111);
#2107 = LINE('',#2108,#2109);
#2108 = CARTESIAN_POINT('',(0.,0.));
#2109 = VECTOR('',#2110,1.);
#2110 = DIRECTION('',(1.,0.));
#2111 = ( GEOMETRIC_REPRESENTATION_CONTEXT(2) 
PARAMETRIC_REPRESENTATION_CONTEXT() REPRESENTATION_CONTEXT('2D SPACE',''
  ) );
#2112 = PCURVE('',#71,#2113);
#2113 = DEFINITIONAL_REPRESENTATION('',(#2114),#2118);
#2114 = LINE('',#2115,#2116);
#2115 = CARTESIAN_POINT('',(69.175205163526,90.613415069646));
#2116 = VECTOR('',#2117,1.);
#2117 = DIRECTION('',(0.737387959012,-0.67546946482));
#2118 = ( GEOMETRIC_REPRESENTATION_CONTEXT(2) 
PARAMETRIC_REPRESENTATION_CONTEXT() REPRESENTATION_CONTEXT('2D SPACE',''
  ) );
#2119 = ORIENTED_EDGE('',*,*,#2120,.T.);
#2120 = EDGE_CURVE('',#2098,#934,#2121,.T.);
#2121 = SURFACE_CURVE('',#2122,(#2125,#2132),.PCURVE_S1.);
#2122 = B_SPLINE_CURVE_WITH_KNOTS('',1,(#2123,#2124),.UNSPECIFIED.,.F.,
  .F.,(2,2),(0.,1.),.PIECEWISE_BEZIER_KNOTS.);
#2123 = CARTESIAN_POINT('',(45.,293.333,244.167));
#2124 = CARTESIAN_POINT('',(39.,420.,265.834));
#2125 = PCURVE('',#214,#2126);
#2126 = DEFINITIONAL_REPRESENTATION('',(#2127),#2131);
#2127 = LINE('',#2128,#2129);
#2128 = CARTESIAN_POINT('',(134.14879545117,0.));
#2129 = VECTOR('',#2130,1.);
#2130 = DIRECTION('',(0.,1.));
#2131 = ( GEOMETRIC_REPRESENTATION_CONTEXT(2) 
PARAMETRIC_REPRESENTATION_CONTEXT() REPRESENTATION_CONTEXT('2D SPACE',''
  ) );
#2132 = PCURVE('',#313,#2133);
#2133 = DEFINITIONAL_REPRESENTATION('',(#2134),#2138);
#2134 = LINE('',#2135,#2136);
#2135 = CARTESIAN_POINT('',(0.,0.));
#2136 = VECTOR('',#2137,1.);
#2137 = DIRECTION('',(0.,1.));
#2138 = ( GEOMETRIC_REPRESENTATION_CONTEXT(2) 
PARAMETRIC_REPRESENTATION_CONTEXT() REPRESENTATION_CONTEXT('2D SPACE',''
  ) );
#2139 = ORIENTED_EDGE('',*,*,#955,.F.);
#2140 = ORIENTED_EDGE('',*,*,#199,.F.);
#2141 = FACE_BOUND('',#2142,.T.);
#2142 = EDGE_LOOP('',(#2143,#2179,#2380,#2436,#2465,#2574,#2608));
#2143 = ORIENTED_EDGE('',*,*,#2144,.F.);
#2144 = EDGE_CURVE('',#2145,#2147,#2149,.T.);
#2145 = VERTEX_POINT('',#2146);
#2146 = CARTESIAN_POINT('',(46.,350.99785214329,291.99972929967));
#2147 = VERTEX_POINT('',#2148);
#2148 = CARTESIAN_POINT('',(46.,356.51350060254,295.23542775105));
#2149 = SURFACE_CURVE('',#2150,(#2156,#2165),.PCURVE_S1.);
#2150 = B_SPLINE_CURVE_WITH_KNOTS('',4,(#2151,#2152,#2153,#2154,#2155),
  .UNSPECIFIED.,.F.,.F.,(5,5),(0.,1.),.PIECEWISE_BEZIER_KNOTS.);
#2151 = CARTESIAN_POINT('',(46.,350.5,291.70531108637));
#2152 = CARTESIAN_POINT('',(46.,357.44507511813,295.81519119197));
#2153 = CARTESIAN_POINT('',(46.,364.42692014564,299.84550813899));
#2154 = CARTESIAN_POINT('',(46.,371.44534567197,303.79373209546));
#2155 = CARTESIAN_POINT('',(46.,378.5,307.65725067018));
#2156 = PCURVE('',#214,#2157);
#2157 = DEFINITIONAL_REPRESENTATION('',(#2158),#2164);
#2158 = B_SPLINE_CURVE_WITH_KNOTS('',4,(#2159,#2160,#2161,#2162,#2163),
  .UNSPECIFIED.,.F.,.F.,(5,5),(0.,1.),.PIECEWISE_BEZIER_KNOTS.);
#2159 = CARTESIAN_POINT('',(92.69789755172,0.451317233376));
#2160 = CARTESIAN_POINT('',(89.020248829416,0.506146629494));
#2161 = CARTESIAN_POINT('',(85.323129214733,0.561266313607));
#2162 = CARTESIAN_POINT('',(81.606639006859,0.616674790371));
#2163 = CARTESIAN_POINT('',(77.870964441152,0.672369283239));
#2164 = ( GEOMETRIC_REPRESENTATION_CONTEXT(2) 
PARAMETRIC_REPRESENTATION_CONTEXT() REPRESENTATION_CONTEXT('2D SPACE',''
  ) );
#2165 = PCURVE('',#2166,#2171);
#2166 = PLANE('',#2167);
#2167 = AXIS2_PLACEMENT_3D('',#2168,#2169,#2170);
#2168 = CARTESIAN_POINT('',(46.,364.5,295.7));
#2169 = DIRECTION('',(1.,0.,0.));
#2170 = DIRECTION('',(-0.,0.,1.));
#2171 = DEFINITIONAL_REPRESENTATION('',(#2172),#2178);
#2172 = B_SPLINE_CURVE_WITH_KNOTS('',4,(#2173,#2174,#2175,#2176,#2177),
  .UNSPECIFIED.,.F.,.F.,(5,5),(0.,1.),.PIECEWISE_BEZIER_KNOTS.);
#2173 = CARTESIAN_POINT('',(-3.994688913623,14.));
#2174 = CARTESIAN_POINT('',(0.11519119197,7.054924881862));
#2175 = CARTESIAN_POINT('',(4.145508138992,7.307985435944E-02));
#2176 = CARTESIAN_POINT('',(8.093732095463,-6.945345671976));
#2177 = CARTESIAN_POINT('',(11.957250670186,-14.));
#2178 = ( GEOMETRIC_REPRESENTATION_CONTEXT(2) 
PARAMETRIC_REPRESENTATION_CONTEXT() REPRESENTATION_CONTEXT('2D SPACE',''
  ) );
#2179 = ORIENTED_EDGE('',*,*,#2180,.T.);
#2180 = EDGE_CURVE('',#2145,#2181,#2183,.T.);
#2181 = VERTEX_POINT('',#2182);
#2182 = CARTESIAN_POINT('',(46.991316603825,364.5,309.7));
#2183 = SURFACE_CURVE('',#2184,(#2229,#2302),.PCURVE_S1.);
#2184 = B_SPLINE_CURVE_WITH_KNOTS('',7,(#2185,#2186,#2187,#2188,#2189,
    #2190,#2191,#2192,#2193,#2194,#2195,#2196,#2197,#2198,#2199,#2200,
    #2201,#2202,#2203,#2204,#2205,#2206,#2207,#2208,#2209,#2210,#2211,
    #2212,#2213,#2214,#2215,#2216,#2217,#2218,#2219,#2220,#2221,#2222,
    #2223,#2224,#2225,#2226,#2227,#2228),.UNSPECIFIED.,.F.,.F.,(8,6,6,6,
    6,6,6,8),(1.29017160077E-06,0.502137179471,1.,1.973438169511,
    3.057831511252,3.754230099674,4.250820938141,5.20423670193),
  .UNSPECIFIED.);
#2185 = CARTESIAN_POINT('',(46.,350.99785214329,291.99972929967));
#2186 = CARTESIAN_POINT('',(46.033360070468,350.91779270679,
    292.29186315595));
#2187 = CARTESIAN_POINT('',(46.066417047746,350.84526173145,
    292.58545401415));
#2188 = CARTESIAN_POINT('',(46.099162002686,350.78023719273,
    292.88038276062));
#2189 = CARTESIAN_POINT('',(46.131585759937,350.72270595423,
    293.17653291904));
#2190 = CARTESIAN_POINT('',(46.163678897949,350.67266376771,
    293.4737906504));
#2191 = CARTESIAN_POINT('',(46.195431748968,350.63011527306,
    293.772044753));
#2192 = CARTESIAN_POINT('',(46.257969819288,350.56033091736,
    294.36778293841));
#2193 = CARTESIAN_POINT('',(46.288760790963,350.53296801479,
    294.66525021595));
#2194 = CARTESIAN_POINT('',(46.319197664051,350.51299826801,
    294.96348269236));
#2195 = CARTESIAN_POINT('',(46.349270211686,350.50044357263,
    295.26237382722));
#2196 = CARTESIAN_POINT('',(46.378967630155,350.49533474254,
    295.56181634231));
#2197 = CARTESIAN_POINT('',(46.408278538889,350.49771150981,
    295.86170222173));
#2198 = CARTESIAN_POINT('',(46.493721560886,350.52700087541,
    296.74892393435));
#2199 = CARTESIAN_POINT('',(46.548725381301,350.57518163923,
    297.33716892604));
#2200 = CARTESIAN_POINT('',(46.602117834633,350.65252516794,
    297.92589140619));
#2201 = CARTESIAN_POINT('',(46.65379660562,350.75954462921,
    298.51423266557));
#2202 = CARTESIAN_POINT('',(46.70364322632,350.89687973565,
    299.10124193063));
#2203 = CARTESIAN_POINT('',(46.751521781884,351.06531682334,
    299.68587508347));
#2204 = CARTESIAN_POINT('',(46.848242802892,351.48925166413,
    300.91434567359));
#2205 = CARTESIAN_POINT('',(46.896557489393,351.75241616316,
    301.55713760298));
#2206 = CARTESIAN_POINT('',(46.942016689314,352.05674723661,
    302.193959999));
#2207 = CARTESIAN_POINT('',(46.984350959012,352.40389421767,
    302.82286557468));
#2208 = CARTESIAN_POINT('',(47.023227325714,352.79569773308,
    303.44137427458));
#2209 = CARTESIAN_POINT('',(47.058252967279,353.23413574261,
    304.0464894158));
#2210 = CARTESIAN_POINT('',(47.108659077444,354.03475457042,
    305.01232090955));
#2211 = CARTESIAN_POINT('',(47.126579066919,354.36800298821,
    305.38290985746));
#2212 = CARTESIAN_POINT('',(47.142580712879,354.7220288794,
    305.7454300073));
#2213 = CARTESIAN_POINT('',(47.156515610908,355.09740075236,
    306.09867514427));
#2214 = CARTESIAN_POINT('',(47.168216634181,355.49460130478,
    306.44120886704));
#2215 = CARTESIAN_POINT('',(47.177501155265,355.91399310131,
    306.77138207092));
#2216 = CARTESIAN_POINT('',(47.188932759182,356.67081854524,
    307.31266247999));
#2217 = CARTESIAN_POINT('',(47.192362834887,356.99720750465,
    307.53072628668));
#2218 = CARTESIAN_POINT('',(47.194393903597,357.33499903491,
    307.74085862309));
#2219 = CARTESIAN_POINT('',(47.194952138032,357.6841427745,
    307.94229253033));
#2220 = CARTESIAN_POINT('',(47.193963023986,358.0444706488,
    308.13419356603));
#2221 = CARTESIAN_POINT('',(47.191355179725,358.41566863726,
    308.3156835929));
#2222 = CARTESIAN_POINT('',(47.178829490701,359.52982660314,
    308.81262081405));
#2223 = CARTESIAN_POINT('',(47.164375407849,360.3022966662,
    309.09844551759));
#2224 = CARTESIAN_POINT('',(47.143234009367,361.10900479505,
    309.3356253684));
#2225 = CARTESIAN_POINT('',(47.115146025028,361.94254328068,
    309.51767941978));
#2226 = CARTESIAN_POINT('',(47.080123857677,362.79359985407,
    309.63990154485));
#2227 = CARTESIAN_POINT('',(47.038530471055,363.65077736057,309.7));
#2228 = CARTESIAN_POINT('',(46.991316603825,364.5,309.7));
#2229 = PCURVE('',#214,#2230);
#2230 = DEFINITIONAL_REPRESENTATION('',(#2231),#2301);
#2231 = B_SPLINE_CURVE_WITH_KNOTS('',3,(#2232,#2233,#2234,#2235,#2236,
    #2237,#2238,#2239,#2240,#2241,#2242,#2243,#2244,#2245,#2246,#2247,
    #2248,#2249,#2250,#2251,#2252,#2253,#2254,#2255,#2256,#2257,#2258,
    #2259,#2260,#2261,#2262,#2263,#2264,#2265,#2266,#2267,#2268,#2269,
    #2270,#2271,#2272,#2273,#2274,#2275,#2276,#2277,#2278,#2279,#2280,
    #2281,#2282,#2283,#2284,#2285,#2286,#2287,#2288,#2289,#2290,#2291,
    #2292,#2293,#2294,#2295,#2296,#2297,#2298,#2299,#2300),
  .UNSPECIFIED.,.F.,.F.,(4,1,1,1,1,1,1,1,1,1,1,1,1,1,1,1,1,1,1,1,1,1,1,1
    ,1,1,1,1,1,1,1,1,1,1,1,1,1,1,1,1,1,1,1,1,1,1,1,1,1,1,1,1,1,1,1,1,1,1
    ,1,1,1,1,1,1,1,1,4),(1.29017160077E-06,7.885334186491E-02,
    0.157705393558,0.236557445252,0.315409496945,0.394261548638,
    0.473113600331,0.551965652025,0.630817703718,0.709669755411,
    0.788521807105,0.867373858798,0.946225910491,1.025077962185,
    1.103930013878,1.182782065571,1.261634117265,1.340486168958,
    1.419338220651,1.498190272344,1.577042324038,1.655894375731,
    1.734746427424,1.813598479118,1.892450530811,1.971302582504,
    2.050154634198,2.129006685891,2.207858737584,2.286710789278,
    2.365562840971,2.444414892664,2.523266944357,2.602118996051,
    2.680971047744,2.759823099437,2.838675151131,2.917527202824,
    2.996379254517,3.075231306211,3.154083357904,3.232935409597,
    3.311787461291,3.390639512984,3.469491564677,3.54834361637,
    3.627195668064,3.706047719757,3.78489977145,3.863751823144,
    3.942603874837,4.02145592653,4.100307978224,4.179160029917,
    4.25801208161,4.336864133304,4.415716184997,4.49456823669,
    4.573420288383,4.652272340077,4.73112439177,4.809976443463,
    4.888828495157,4.96768054685,5.046532598543,5.125384650237,
    5.20423670193),.QUASI_UNIFORM_KNOTS.);
#2232 = CARTESIAN_POINT('',(92.434268250735,0.45524763469));
#2233 = CARTESIAN_POINT('',(92.313154561361,0.45501604887));
#2234 = CARTESIAN_POINT('',(92.070720955721,0.454573384796));
#2235 = CARTESIAN_POINT('',(91.706540927374,0.453970827263));
#2236 = CARTESIAN_POINT('',(91.341920730421,0.45342961013));
#2237 = CARTESIAN_POINT('',(90.976948449419,0.452949684428));
#2238 = CARTESIAN_POINT('',(90.611711269019,0.452531033462));
#2239 = CARTESIAN_POINT('',(90.246295353635,0.452173677291));
#2240 = CARTESIAN_POINT('',(89.88078585024,0.451877671732));
#2241 = CARTESIAN_POINT('',(89.515269517993,0.451643109423));
#2242 = CARTESIAN_POINT('',(89.149831237818,0.451470117551));
#2243 = CARTESIAN_POINT('',(88.784557373685,0.451358861035));
#2244 = CARTESIAN_POINT('',(88.419534890651,0.451309541907));
#2245 = CARTESIAN_POINT('',(88.054852349326,0.451322399294));
#2246 = CARTESIAN_POINT('',(87.690596792561,0.451397710122));
#2247 = CARTESIAN_POINT('',(87.326868259,0.451535785858));
#2248 = CARTESIAN_POINT('',(86.963754579341,0.451736978633));
#2249 = CARTESIAN_POINT('',(86.601347654153,0.452001683014));
#2250 = CARTESIAN_POINT('',(86.239743609872,0.452330334176));
#2251 = CARTESIAN_POINT('',(85.879042752594,0.452723407792));
#2252 = CARTESIAN_POINT('',(85.519349585042,0.453181420152));
#2253 = CARTESIAN_POINT('',(85.160772838994,0.453704928822));
#2254 = CARTESIAN_POINT('',(84.803425447387,0.454294533999));
#2255 = CARTESIAN_POINT('',(84.447424805671,0.454950879678));
#2256 = CARTESIAN_POINT('',(84.092891998699,0.455674658015));
#2257 = CARTESIAN_POINT('',(83.739954937353,0.456466604213));
#2258 = CARTESIAN_POINT('',(83.388736950763,0.457327529233));
#2259 = CARTESIAN_POINT('',(83.039399705532,0.458258213824));
#2260 = CARTESIAN_POINT('',(82.692104847557,0.459259488826));
#2261 = CARTESIAN_POINT('',(82.34698783681,0.460332333712));
#2262 = CARTESIAN_POINT('',(82.00420945686,0.46147774208));
#2263 = CARTESIAN_POINT('',(81.663941994699,0.462696755229));
#2264 = CARTESIAN_POINT('',(81.326372923274,0.463990451395));
#2265 = CARTESIAN_POINT('',(80.99170393297,0.465359947682));
#2266 = CARTESIAN_POINT('',(80.660151246387,0.466806399701));
#2267 = CARTESIAN_POINT('',(80.331945681055,0.46833100285));
#2268 = CARTESIAN_POINT('',(80.007332715171,0.46993499548));
#2269 = CARTESIAN_POINT('',(79.686573119222,0.471619660002));
#2270 = CARTESIAN_POINT('',(79.36994169477,0.473386338513));
#2271 = CARTESIAN_POINT('',(79.057733440222,0.475236401531));
#2272 = CARTESIAN_POINT('',(78.750242370969,0.477171399927));
#2273 = CARTESIAN_POINT('',(78.447851379323,0.479192486402));
#2274 = CARTESIAN_POINT('',(78.150930261018,0.481301027602));
#2275 = CARTESIAN_POINT('',(77.859870238013,0.483498422889));
#2276 = CARTESIAN_POINT('',(77.575102412204,0.485785959204));
#2277 = CARTESIAN_POINT('',(77.297091685781,0.488164834384));
#2278 = CARTESIAN_POINT('',(77.026337485978,0.490636132783));
#2279 = CARTESIAN_POINT('',(76.763371879306,0.493200823237));
#2280 = CARTESIAN_POINT('',(76.50876139293,0.495859715309));
#2281 = CARTESIAN_POINT('',(76.263096682436,0.498613560111));
#2282 = CARTESIAN_POINT('',(76.027039779293,0.501462468913));
#2283 = CARTESIAN_POINT('',(75.801273782503,0.504406362324));
#2284 = CARTESIAN_POINT('',(75.586520070532,0.507444719313));
#2285 = CARTESIAN_POINT('',(75.383537419049,0.510576422997));
#2286 = CARTESIAN_POINT('',(75.1930990132,0.513800034625));
#2287 = CARTESIAN_POINT('',(75.016044152978,0.517112520424));
#2288 = CARTESIAN_POINT('',(74.85304400471,0.520513796839));
#2289 = CARTESIAN_POINT('',(74.70496905975,0.523999799003));
#2290 = CARTESIAN_POINT('',(74.572721471328,0.527563932008));
#2291 = CARTESIAN_POINT('',(74.457109241132,0.531199557632));
#2292 = CARTESIAN_POINT('',(74.358870808386,0.534899311245));
#2293 = CARTESIAN_POINT('',(74.278658280604,0.538655265843));
#2294 = CARTESIAN_POINT('',(74.217030627002,0.542458867125));
#2295 = CARTESIAN_POINT('',(74.17444220667,0.546300924631));
#2296 = CARTESIAN_POINT('',(74.151232715827,0.550171592629));
#2297 = CARTESIAN_POINT('',(74.147607738067,0.55406031854));
#2298 = CARTESIAN_POINT('',(74.163645972232,0.557955911761));
#2299 = CARTESIAN_POINT('',(74.187347693095,0.560549398074));
#2300 = CARTESIAN_POINT('',(74.20243697028,0.561843258307));
#2301 = ( GEOMETRIC_REPRESENTATION_CONTEXT(2) 
PARAMETRIC_REPRESENTATION_CONTEXT() REPRESENTATION_CONTEXT('2D SPACE',''
  ) );
#2302 = PCURVE('',#2303,#2308);
#2303 = CYLINDRICAL_SURFACE('',#2304,14.);
#2304 = AXIS2_PLACEMENT_3D('',#2305,#2306,#2307);
#2305 = CARTESIAN_POINT('',(46.,364.5,295.7));
#2306 = DIRECTION('',(1.,0.,0.));
#2307 = DIRECTION('',(-0.,0.,1.));
#2308 = DEFINITIONAL_REPRESENTATION('',(#2309),#2379);
#2309 = B_SPLINE_CURVE_WITH_KNOTS('',3,(#2310,#2311,#2312,#2313,#2314,
    #2315,#2316,#2317,#2318,#2319,#2320,#2321,#2322,#2323,#2324,#2325,
    #2326,#2327,#2328,#2329,#2330,#2331,#2332,#2333,#2334,#2335,#2336,
    #2337,#2338,#2339,#2340,#2341,#2342,#2343,#2344,#2345,#2346,#2347,
    #2348,#2349,#2350,#2351,#2352,#2353,#2354,#2355,#2356,#2357,#2358,
    #2359,#2360,#2361,#2362,#2363,#2364,#2365,#2366,#2367,#2368,#2369,
    #2370,#2371,#2372,#2373,#2374,#2375,#2376,#2377,#2378),
  .UNSPECIFIED.,.F.,.F.,(4,1,1,1,1,1,1,1,1,1,1,1,1,1,1,1,1,1,1,1,1,1,1,1
    ,1,1,1,1,1,1,1,1,1,1,1,1,1,1,1,1,1,1,1,1,1,1,1,1,1,1,1,1,1,1,1,1,1,1
    ,1,1,1,1,1,1,1,1,4),(1.29017160077E-06,7.885334186491E-02,
    0.157705393558,0.236557445252,0.315409496945,0.394261548638,
    0.473113600331,0.551965652025,0.630817703718,0.709669755411,
    0.788521807105,0.867373858798,0.946225910491,1.025077962185,
    1.103930013878,1.182782065571,1.261634117265,1.340486168958,
    1.419338220651,1.498190272344,1.577042324038,1.655894375731,
    1.734746427424,1.813598479118,1.892450530811,1.971302582504,
    2.050154634198,2.129006685891,2.207858737584,2.286710789278,
    2.365562840971,2.444414892664,2.523266944357,2.602118996051,
    2.680971047744,2.759823099437,2.838675151131,2.917527202824,
    2.996379254517,3.075231306211,3.154083357904,3.232935409597,
    3.311787461291,3.390639512984,3.469491564677,3.54834361637,
    3.627195668064,3.706047719757,3.78489977145,3.863751823144,
    3.942603874837,4.02145592653,4.100307978224,4.179160029917,
    4.25801208161,4.336864133304,4.415716184997,4.49456823669,
    4.573420288383,4.652272340077,4.73112439177,4.809976443463,
    4.888828495157,4.96768054685,5.046532598543,5.125384650237,
    5.20423670193),.QUASI_UNIFORM_KNOTS.);
#2310 = CARTESIAN_POINT('',(1.83827960367,-7.105427357601E-15));
#2311 = CARTESIAN_POINT('',(1.830351905752,1.222348678442E-02));
#2312 = CARTESIAN_POINT('',(1.814510893676,3.656586257056E-02));
#2313 = CARTESIAN_POINT('',(1.790785585498,7.275817079341E-02));
#2314 = CARTESIAN_POINT('',(1.767089513601,0.108621810793));
#2315 = CARTESIAN_POINT('',(1.743415817435,0.144149197108));
#2316 = CARTESIAN_POINT('',(1.719757670887,0.179332631162));
#2317 = CARTESIAN_POINT('',(1.69610826415,0.214164284979));
#2318 = CARTESIAN_POINT('',(1.672460767223,0.248636206753));
#2319 = CARTESIAN_POINT('',(1.648808470923,0.282740080045));
#2320 = CARTESIAN_POINT('',(1.625144530844,0.3164675484));
#2321 = CARTESIAN_POINT('',(1.601462154376,0.349809897006));
#2322 = CARTESIAN_POINT('',(1.577754512569,0.382758134624));
#2323 = CARTESIAN_POINT('',(1.554014773934,0.415302904688));
#2324 = CARTESIAN_POINT('',(1.53023587008,0.447434758974));
#2325 = CARTESIAN_POINT('',(1.506411412504,0.479142880052));
#2326 = CARTESIAN_POINT('',(1.48253401426,0.510417298356));
#2327 = CARTESIAN_POINT('',(1.458596312186,0.541247425726));
#2328 = CARTESIAN_POINT('',(1.434590943932,0.571622052407));
#2329 = CARTESIAN_POINT('',(1.410510509553,0.601529351702));
#2330 = CARTESIAN_POINT('',(1.386347535857,0.630956877794));
#2331 = CARTESIAN_POINT('',(1.362094439553,0.659891558871));
#2332 = CARTESIAN_POINT('',(1.337743483244,0.68831969153));
#2333 = CARTESIAN_POINT('',(1.313286748534,0.716226910432));
#2334 = CARTESIAN_POINT('',(1.28871603165,0.7435982313));
#2335 = CARTESIAN_POINT('',(1.264023012455,0.770417800977));
#2336 = CARTESIAN_POINT('',(1.239198384792,0.796669721534));
#2337 = CARTESIAN_POINT('',(1.214234842588,0.822334846795));
#2338 = CARTESIAN_POINT('',(1.189124369728,0.847393732133));
#2339 = CARTESIAN_POINT('',(1.163856209919,0.871828383401));
#2340 = CARTESIAN_POINT('',(1.13842047365,0.895618456445));
#2341 = CARTESIAN_POINT('',(1.112807098117,0.918742291895));
#2342 = CARTESIAN_POINT('',(1.087006047066,0.941176650345));
#2343 = CARTESIAN_POINT('',(1.061007174342,0.962896787379));
#2344 = CARTESIAN_POINT('',(1.034800170987,0.983876427584));
#2345 = CARTESIAN_POINT('',(1.008374485718,1.004087751282));
#2346 = CARTESIAN_POINT('',(0.981719230915,1.023501369616));
#2347 = CARTESIAN_POINT('',(0.954823125646,1.042086261456));
#2348 = CARTESIAN_POINT('',(0.927674245893,1.059809792386));
#2349 = CARTESIAN_POINT('',(0.900260436968,1.076637350958));
#2350 = CARTESIAN_POINT('',(0.87256718404,1.092533330946));
#2351 = CARTESIAN_POINT('',(0.844585670126,1.107456567576));
#2352 = CARTESIAN_POINT('',(0.816303665089,1.12136577796));
#2353 = CARTESIAN_POINT('',(0.787708289422,1.134217570628));
#2354 = CARTESIAN_POINT('',(0.758787734525,1.145965662223));
#2355 = CARTESIAN_POINT('',(0.729530688452,1.156561279792));
#2356 = CARTESIAN_POINT('',(0.699926408562,1.165953241531));
#2357 = CARTESIAN_POINT('',(0.669964520048,1.17408813815));
#2358 = CARTESIAN_POINT('',(0.639635282878,1.180910433271));
#2359 = CARTESIAN_POINT('',(0.608928277624,1.1863627871));
#2360 = CARTESIAN_POINT('',(0.577838574423,1.190385311095));
#2361 = CARTESIAN_POINT('',(0.546361223357,1.192917375706));
#2362 = CARTESIAN_POINT('',(0.51449377229,1.193897578111));
#2363 = CARTESIAN_POINT('',(0.482237410567,1.19326474468));
#2364 = CARTESIAN_POINT('',(0.449593913304,1.190958344232));
#2365 = CARTESIAN_POINT('',(0.416577840716,1.186921501812));
#2366 = CARTESIAN_POINT('',(0.383171482416,1.181094680767));
#2367 = CARTESIAN_POINT('',(0.349393821967,1.173424402364));
#2368 = CARTESIAN_POINT('',(0.315283912441,1.16386953581));
#2369 = CARTESIAN_POINT('',(0.280876710971,1.152397632374));
#2370 = CARTESIAN_POINT('',(0.246210031417,1.138986824305));
#2371 = CARTESIAN_POINT('',(0.211323228141,1.123626340694));
#2372 = CARTESIAN_POINT('',(0.176258166915,1.106317505882));
#2373 = CARTESIAN_POINT('',(0.141059692579,1.087074818908));
#2374 = CARTESIAN_POINT('',(0.105776258256,1.065926967379));
#2375 = CARTESIAN_POINT('',(7.046091792341E-02,1.042918876763));
#2376 = CARTESIAN_POINT('',(3.51712907429E-02,1.018110650764));
#2377 = CARTESIAN_POINT('',(1.170639679313E-02,1.000429544989));
#2378 = CARTESIAN_POINT('',(0.,0.991316603825));
#2379 = ( GEOMETRIC_REPRESENTATION_CONTEXT(2) 
PARAMETRIC_REPRESENTATION_CONTEXT() REPRESENTATION_CONTEXT('2D SPACE',''
  ) );
#2380 = ORIENTED_EDGE('',*,*,#2381,.T.);
#2381 = EDGE_CURVE('',#2181,#2382,#2384,.T.);
#2382 = VERTEX_POINT('',#2383);
#2383 = CARTESIAN_POINT('',(46.,374.52785053543,305.46945308801));
#2384 = SURFACE_CURVE('',#2385,(#2400,#2418),.PCURVE_S1.);
#2385 = B_SPLINE_CURVE_WITH_KNOTS('',7,(#2386,#2387,#2388,#2389,#2390,
    #2391,#2392,#2393,#2394,#2395,#2396,#2397,#2398,#2399),
  .UNSPECIFIED.,.F.,.F.,(8,6,8),(0.,0.441606251992,1.),.UNSPECIFIED.);
#2386 = CARTESIAN_POINT('',(46.991316603825,364.5,309.7));
#2387 = CARTESIAN_POINT('',(46.94648573731,365.30636027132,309.7));
#2388 = CARTESIAN_POINT('',(46.896527625654,366.10662323271,
    309.64581458045));
#2389 = CARTESIAN_POINT('',(46.842137714392,366.89040902759,
    309.53892385845));
#2390 = CARTESIAN_POINT('',(46.784125489255,367.65045131201,
    309.3836305983));
#2391 = CARTESIAN_POINT('',(46.72327535507,368.38168614303,
    309.18510484749));
#2392 = CARTESIAN_POINT('',(46.660303586137,369.08093079238,
    308.94879272132));
#2393 = CARTESIAN_POINT('',(46.514252903596,370.58819713081,
    308.3395397595));
#2394 = CARTESIAN_POINT('',(46.430252931633,371.37616262594,
    307.9469621796));
#2395 = CARTESIAN_POINT('',(46.344754379933,372.10978387534,
    307.51112944481));
#2396 = CARTESIAN_POINT('',(46.258515398209,372.78973231124,
    307.03987610542));
#2397 = CARTESIAN_POINT('',(46.172100201353,373.41773196361,
    306.53961754949));
#2398 = CARTESIAN_POINT('',(46.085874294003,373.99620656707,
    306.01515920485));
#2399 = CARTESIAN_POINT('',(45.9999994,374.52785425001,305.46944927519)
  );
#2400 = PCURVE('',#214,#2401);
#2401 = DEFINITIONAL_REPRESENTATION('',(#2402),#2417);
#2402 = B_SPLINE_CURVE_WITH_KNOTS('',7,(#2403,#2404,#2405,#2406,#2407,
    #2408,#2409,#2410,#2411,#2412,#2413,#2414,#2415,#2416),
  .UNSPECIFIED.,.F.,.F.,(8,6,8),(0.,0.441606251992,1.),.UNSPECIFIED.);
#2403 = CARTESIAN_POINT('',(74.20243697028,0.561843258307));
#2404 = CARTESIAN_POINT('',(74.27660956286,0.568209243697));
#2405 = CARTESIAN_POINT('',(74.411328697537,0.574527092555));
#2406 = CARTESIAN_POINT('',(74.60431642257,0.580714858863));
#2407 = CARTESIAN_POINT('',(74.850371214565,0.586715176897));
#2408 = CARTESIAN_POINT('',(75.143405686528,0.592488068266));
#2409 = CARTESIAN_POINT('',(75.477097921258,0.598008406234));
#2410 = CARTESIAN_POINT('',(76.311660426317,0.609907846012));
#2411 = CARTESIAN_POINT('',(76.833447692121,0.616128609866));
#2412 = CARTESIAN_POINT('',(77.400764769305,0.621920341331));
#2413 = CARTESIAN_POINT('',(78.004780706233,0.627288341172));
#2414 = CARTESIAN_POINT('',(78.638275175885,0.632246220117));
#2415 = CARTESIAN_POINT('',(79.29587872944,0.636813112863));
#2416 = CARTESIAN_POINT('',(79.974354696467,0.641010320368));
#2417 = ( GEOMETRIC_REPRESENTATION_CONTEXT(2) 
PARAMETRIC_REPRESENTATION_CONTEXT() REPRESENTATION_CONTEXT('2D SPACE',''
  ) );
#2418 = PCURVE('',#2303,#2419);
#2419 = DEFINITIONAL_REPRESENTATION('',(#2420),#2435);
#2420 = B_SPLINE_CURVE_WITH_KNOTS('',7,(#2421,#2422,#2423,#2424,#2425,
    #2426,#2427,#2428,#2429,#2430,#2431,#2432,#2433,#2434),
  .UNSPECIFIED.,.F.,.F.,(8,6,8),(0.,0.441606251992,1.),.UNSPECIFIED.);
#2421 = CARTESIAN_POINT('',(6.28318530718,0.991316603825));
#2422 = CARTESIAN_POINT('',(6.225588144942,0.94648573731));
#2423 = CARTESIAN_POINT('',(6.16842654458,0.896527625654));
#2424 = CARTESIAN_POINT('',(6.1121295307,0.842137714392));
#2425 = CARTESIAN_POINT('',(6.056926461791,0.784125489255));
#2426 = CARTESIAN_POINT('',(6.002967616066,0.72327535507));
#2427 = CARTESIAN_POINT('',(5.950335732286,0.660303586137));
#2428 = CARTESIAN_POINT('',(5.834211217251,0.514252903596));
#2429 = CARTESIAN_POINT('',(5.771520982032,0.430252931633));
#2430 = CARTESIAN_POINT('',(5.710826879779,0.344754379933));
#2431 = CARTESIAN_POINT('',(5.651980515639,0.258515398209));
#2432 = CARTESIAN_POINT('',(5.594821036495,0.172100201353));
#2433 = CARTESIAN_POINT('',(5.539154762859,8.587429400312E-02));
#2434 = CARTESIAN_POINT('',(5.484735351083,-6.E-07));
#2435 = ( GEOMETRIC_REPRESENTATION_CONTEXT(2) 
PARAMETRIC_REPRESENTATION_CONTEXT() REPRESENTATION_CONTEXT('2D SPACE',''
  ) );
#2436 = ORIENTED_EDGE('',*,*,#2437,.F.);
#2437 = EDGE_CURVE('',#2438,#2382,#2440,.T.);
#2438 = VERTEX_POINT('',#2439);
#2439 = CARTESIAN_POINT('',(46.,368.94417063074,302.35201829558));
#2440 = SURFACE_CURVE('',#2441,(#2447,#2456),.PCURVE_S1.);
#2441 = B_SPLINE_CURVE_WITH_KNOTS('',4,(#2442,#2443,#2444,#2445,#2446),
  .UNSPECIFIED.,.F.,.F.,(5,5),(0.,1.),.PIECEWISE_BEZIER_KNOTS.);
#2442 = CARTESIAN_POINT('',(46.,350.5,291.70531108637));
#2443 = CARTESIAN_POINT('',(46.,357.44507511813,295.81519119197));
#2444 = CARTESIAN_POINT('',(46.,364.42692014564,299.84550813899));
#2445 = CARTESIAN_POINT('',(46.,371.44534567197,303.79373209546));
#2446 = CARTESIAN_POINT('',(46.,378.5,307.65725067018));
#2447 = PCURVE('',#214,#2448);
#2448 = DEFINITIONAL_REPRESENTATION('',(#2449),#2455);
#2449 = B_SPLINE_CURVE_WITH_KNOTS('',4,(#2450,#2451,#2452,#2453,#2454),
  .UNSPECIFIED.,.F.,.F.,(5,5),(0.,1.),.PIECEWISE_BEZIER_KNOTS.);
#2450 = CARTESIAN_POINT('',(92.69789755172,0.451317233376));
#2451 = CARTESIAN_POINT('',(89.020248829416,0.506146629494));
#2452 = CARTESIAN_POINT('',(85.323129214733,0.561266313607));
#2453 = CARTESIAN_POINT('',(81.606639006859,0.616674790371));
#2454 = CARTESIAN_POINT('',(77.870964441152,0.672369283239));
#2455 = ( GEOMETRIC_REPRESENTATION_CONTEXT(2) 
PARAMETRIC_REPRESENTATION_CONTEXT() REPRESENTATION_CONTEXT('2D SPACE',''
  ) );
#2456 = PCURVE('',#2166,#2457);
#2457 = DEFINITIONAL_REPRESENTATION('',(#2458),#2464);
#2458 = B_SPLINE_CURVE_WITH_KNOTS('',4,(#2459,#2460,#2461,#2462,#2463),
  .UNSPECIFIED.,.F.,.F.,(5,5),(0.,1.),.PIECEWISE_BEZIER_KNOTS.);
#2459 = CARTESIAN_POINT('',(-3.994688913623,14.));
#2460 = CARTESIAN_POINT('',(0.11519119197,7.054924881862));
#2461 = CARTESIAN_POINT('',(4.145508138992,7.307985435944E-02));
#2462 = CARTESIAN_POINT('',(8.093732095463,-6.945345671976));
#2463 = CARTESIAN_POINT('',(11.957250670186,-14.));
#2464 = ( GEOMETRIC_REPRESENTATION_CONTEXT(2) 
PARAMETRIC_REPRESENTATION_CONTEXT() REPRESENTATION_CONTEXT('2D SPACE',''
  ) );
#2465 = ORIENTED_EDGE('',*,*,#2466,.T.);
#2466 = EDGE_CURVE('',#2438,#2467,#2469,.T.);
#2467 = VERTEX_POINT('',#2468);
#2468 = CARTESIAN_POINT('',(45.,372.40499655336,294.47076060457));
#2469 = SURFACE_CURVE('',#2470,(#2501,#2535),.PCURVE_S1.);
#2470 = B_SPLINE_CURVE_WITH_KNOTS('',8,(#2471,#2472,#2473,#2474,#2475,
    #2476,#2477,#2478,#2479,#2480,#2481,#2482,#2483,#2484,#2485,#2486,
    #2487,#2488,#2489,#2490,#2491,#2492,#2493,#2494,#2495,#2496,#2497,
    #2498,#2499,#2500),.UNSPECIFIED.,.F.,.F.,(9,7,7,7,9),(0.,
    0.214864276025,0.472114648802,0.826282817172,1.),.UNSPECIFIED.);
#2471 = CARTESIAN_POINT('',(46.375164233189,364.72712702132,
    303.69677518229));
#2472 = CARTESIAN_POINT('',(46.346660411776,365.20644683902,
    303.68316138423));
#2473 = CARTESIAN_POINT('',(46.31522368465,365.67935411754,
    303.63686878119));
#2474 = CARTESIAN_POINT('',(46.281308114146,366.14026797611,
    303.55937196989));
#2475 = CARTESIAN_POINT('',(46.245401298323,366.5853960365,
    303.45346920134));
#2476 = CARTESIAN_POINT('',(46.207960890614,367.01216650132,
    303.32231585418));
#2477 = CARTESIAN_POINT('',(46.169395359975,367.41903592955,
    303.16912892879));
#2478 = CARTESIAN_POINT('',(46.130042604438,367.80529578698,
    302.99687303022));
#2479 = CARTESIAN_POINT('',(46.042401566417,368.60867131123,
    302.58197324187));
#2480 = CARTESIAN_POINT('',(45.99388482097,369.01681713091,
    302.33216097109));
#2481 = CARTESIAN_POINT('',(45.944952564912,369.39612813022,
    302.0624812833));
#2482 = CARTESIAN_POINT('',(45.895889672906,369.74738076088,
    301.77617049012));
#2483 = CARTESIAN_POINT('',(45.846920691493,370.07150772815,
    301.47593899855));
#2484 = CARTESIAN_POINT('',(45.798209981745,370.36958008353,
    301.16397113077));
#2485 = CARTESIAN_POINT('',(45.749861800342,370.64271246263,
    300.84187881114));
#2486 = CARTESIAN_POINT('',(45.635919822826,371.23516418457,
    300.05468281103));
#2487 = CARTESIAN_POINT('',(45.57079681277,371.53256692194,
    299.58214622423));
#2488 = CARTESIAN_POINT('',(45.506724668288,371.78694320878,
    299.09618903528));
#2489 = CARTESIAN_POINT('',(45.443881872778,371.99991000453,
    298.59935164613));
#2490 = CARTESIAN_POINT('',(45.382431019384,372.17269358339,
    298.09379165538));
#2491 = CARTESIAN_POINT('',(45.322520602154,372.30608222776,
    297.58127831355));
#2492 = CARTESIAN_POINT('',(45.264284185037,372.40049251656,
    297.06322268982));
#2493 = CARTESIAN_POINT('',(45.180169698179,372.48279652866,
    296.28429339177));
#2494 = CARTESIAN_POINT('',(45.152931354687,372.50044420911,
    296.02694840182));
#2495 = CARTESIAN_POINT('',(45.126153956569,372.5086361511,
    295.76874669008));
#2496 = CARTESIAN_POINT('',(45.099858638109,372.5073223673,
    295.50985057008));
#2497 = CARTESIAN_POINT('',(45.074068741214,372.49642443617,
    295.25042764756));
#2498 = CARTESIAN_POINT('',(45.048809826334,372.47583551698,
    294.99065089364));
#2499 = CARTESIAN_POINT('',(45.024109834431,372.44541753651,
    294.73069858855));
#2500 = CARTESIAN_POINT('',(44.9999994,372.40499554744,294.47075413573)
  );
#2501 = PCURVE('',#214,#2502);
#2502 = DEFINITIONAL_REPRESENTATION('',(#2503),#2534);
#2503 = B_SPLINE_CURVE_WITH_KNOTS('',8,(#2504,#2505,#2506,#2507,#2508,
    #2509,#2510,#2511,#2512,#2513,#2514,#2515,#2516,#2517,#2518,#2519,
    #2520,#2521,#2522,#2523,#2524,#2525,#2526,#2527,#2528,#2529,#2530,
    #2531,#2532,#2533),.UNSPECIFIED.,.F.,.F.,(9,7,7,7,9),(0.,
    0.214864276025,0.472114648802,0.826282817172,1.),.UNSPECIFIED.);
#2504 = CARTESIAN_POINT('',(80.970173837996,0.563636361652));
#2505 = CARTESIAN_POINT('',(81.03500413003,0.567420455517));
#2506 = CARTESIAN_POINT('',(81.136017222656,0.571153924207));
#2507 = CARTESIAN_POINT('',(81.27109238525,0.574792708252));
#2508 = CARTESIAN_POINT('',(81.43678691749,0.578306867902));
#2509 = CARTESIAN_POINT('',(81.629346533687,0.581676099547));
#2510 = CARTESIAN_POINT('',(81.845022235789,0.584888218159));
#2511 = CARTESIAN_POINT('',(82.080411831774,0.587937630061));
#2512 = CARTESIAN_POINT('',(82.634742692444,0.59428005172));
#2513 = CARTESIAN_POINT('',(82.960987792715,0.59750224708));
#2514 = CARTESIAN_POINT('',(83.307146911977,0.600496799721));
#2515 = CARTESIAN_POINT('',(83.669624260407,0.603269839507));
#2516 = CARTESIAN_POINT('',(84.045415718836,0.605828729884));
#2517 = CARTESIAN_POINT('',(84.432116726483,0.608181926496));
#2518 = CARTESIAN_POINT('',(84.827971554297,0.610338229078));
#2519 = CARTESIAN_POINT('',(85.788013543443,0.615015467206));
#2520 = CARTESIAN_POINT('',(86.358543329217,0.617363377375));
#2521 = CARTESIAN_POINT('',(86.940109358493,0.619371605934));
#2522 = CARTESIAN_POINT('',(87.52986011965,0.621052918318));
#2523 = CARTESIAN_POINT('',(88.125328620086,0.622416995614));
#2524 = CARTESIAN_POINT('',(88.724437413201,0.623470061087));
#2525 = CARTESIAN_POINT('',(89.325472786326,0.624215403511));
#2526 = CARTESIAN_POINT('',(90.222211493445,0.624865170318));
#2527 = CARTESIAN_POINT('',(90.517365705985,0.625004493744));
#2528 = CARTESIAN_POINT('',(90.812374108273,0.6250691668));
#2529 = CARTESIAN_POINT('',(91.107026908699,0.62505879485));
#2530 = CARTESIAN_POINT('',(91.401104693351,0.624972758778));
#2531 = CARTESIAN_POINT('',(91.69437829599,0.624810215107));
#2532 = CARTESIAN_POINT('',(91.986608477119,0.624570073788));
#2533 = CARTESIAN_POINT('',(92.277545412139,0.624250953662));
#2534 = ( GEOMETRIC_REPRESENTATION_CONTEXT(2) 
PARAMETRIC_REPRESENTATION_CONTEXT() REPRESENTATION_CONTEXT('2D SPACE',''
  ) );
#2535 = PCURVE('',#2536,#2541);
#2536 = CYLINDRICAL_SURFACE('',#2537,8.);
#2537 = AXIS2_PLACEMENT_3D('',#2538,#2539,#2540);
#2538 = CARTESIAN_POINT('',(45.,364.5,295.7));
#2539 = DIRECTION('',(1.,0.,0.));
#2540 = DIRECTION('',(-0.,0.,1.));
#2541 = DEFINITIONAL_REPRESENTATION('',(#2542),#2573);
#2542 = B_SPLINE_CURVE_WITH_KNOTS('',8,(#2543,#2544,#2545,#2546,#2547,
    #2548,#2549,#2550,#2551,#2552,#2553,#2554,#2555,#2556,#2557,#2558,
    #2559,#2560,#2561,#2562,#2563,#2564,#2565,#2566,#2567,#2568,#2569,
    #2570,#2571,#2572),.UNSPECIFIED.,.F.,.F.,(9,7,7,7,9),(0.,
    0.214864276025,0.472114648802,0.826282817172,1.),.UNSPECIFIED.);
#2543 = CARTESIAN_POINT('',(6.25479061409,1.375164233189));
#2544 = CARTESIAN_POINT('',(6.194851475278,1.346660411776));
#2545 = CARTESIAN_POINT('',(6.135597621328,1.31522368465));
#2546 = CARTESIAN_POINT('',(6.077403363616,1.281308114146));
#2547 = CARTESIAN_POINT('',(6.020456311493,1.245401298323));
#2548 = CARTESIAN_POINT('',(5.964867804098,1.207960890614));
#2549 = CARTESIAN_POINT('',(5.910685550263,1.169395359975));
#2550 = CARTESIAN_POINT('',(5.857906019033,1.130042604438));
#2551 = CARTESIAN_POINT('',(5.744882648431,1.042401566417));
#2552 = CARTESIAN_POINT('',(5.685223841563,0.99388482097));
#2553 = CARTESIAN_POINT('',(5.627272278319,0.944952564912));
#2554 = CARTESIAN_POINT('',(5.570864057494,0.895889672906));
#2555 = CARTESIAN_POINT('',(5.515848958128,0.846920691493));
#2556 = CARTESIAN_POINT('',(5.462073903091,0.798209981745));
#2557 = CARTESIAN_POINT('',(5.409374608487,0.749861800342));
#2558 = CARTESIAN_POINT('',(5.286220957923,0.635919822826));
#2559 = CARTESIAN_POINT('',(5.216671667812,0.57079681277));
#2560 = CARTESIAN_POINT('',(5.148463192337,0.506724668288));
#2561 = CARTESIAN_POINT('',(5.081289848091,0.443881872778));
#2562 = CARTESIAN_POINT('',(5.014881577867,0.382431019384));
#2563 = CARTESIAN_POINT('',(4.948988357032,0.322520602154));
#2564 = CARTESIAN_POINT('',(4.883349804498,0.264284185037));
#2565 = CARTESIAN_POINT('',(4.785441620328,0.180169698179));
#2566 = CARTESIAN_POINT('',(4.753219775769,0.152931354687));
#2567 = CARTESIAN_POINT('',(4.720964687046,0.126153956569));
#2568 = CARTESIAN_POINT('',(4.688646144382,9.985863810891E-02));
#2569 = CARTESIAN_POINT('',(4.656234146183,7.406874121382E-02));
#2570 = CARTESIAN_POINT('',(4.623698057934,4.880982633372E-02));
#2571 = CARTESIAN_POINT('',(4.591005661398,2.41098344315E-02));
#2572 = CARTESIAN_POINT('',(4.558122094133,-6.E-07));
#2573 = ( GEOMETRIC_REPRESENTATION_CONTEXT(2) 
PARAMETRIC_REPRESENTATION_CONTEXT() REPRESENTATION_CONTEXT('2D SPACE',''
  ) );
#2574 = ORIENTED_EDGE('',*,*,#2575,.F.);
#2575 = EDGE_CURVE('',#2576,#2467,#2578,.T.);
#2576 = VERTEX_POINT('',#2577);
#2577 = CARTESIAN_POINT('',(45.,361.66792189189,288.2180661865));
#2578 = SURFACE_CURVE('',#2579,(#2585,#2594),.PCURVE_S1.);
#2579 = B_SPLINE_CURVE_WITH_KNOTS('',4,(#2580,#2581,#2582,#2583,#2584),
  .UNSPECIFIED.,.F.,.F.,(5,5),(0.,1.),.PIECEWISE_BEZIER_KNOTS.);
#2580 = CARTESIAN_POINT('',(45.,360.79206178272,287.7));
#2581 = CARTESIAN_POINT('',(45.,363.70932609099,289.42755773771));
#2582 = CARTESIAN_POINT('',(45.,366.6330807558,291.14108150059));
#2583 = CARTESIAN_POINT('',(45.,369.56331169924,292.84038392249));
#2584 = CARTESIAN_POINT('',(45.,372.5,294.52527484231));
#2585 = PCURVE('',#214,#2586);
#2586 = DEFINITIONAL_REPRESENTATION('',(#2587),#2593);
#2587 = B_SPLINE_CURVE_WITH_KNOTS('',4,(#2588,#2589,#2590,#2591,#2592),
  .UNSPECIFIED.,.F.,.F.,(5,5),(0.,1.),.PIECEWISE_BEZIER_KNOTS.);
#2588 = CARTESIAN_POINT('',(98.426974138523,0.53257013889));
#2589 = CARTESIAN_POINT('',(96.882185468359,0.555601112294));
#2590 = CARTESIAN_POINT('',(95.333959938113,0.578683325221));
#2591 = CARTESIAN_POINT('',(93.782305002512,0.601816666529));
#2592 = CARTESIAN_POINT('',(92.227230681014,0.62500098684));
#2593 = ( GEOMETRIC_REPRESENTATION_CONTEXT(2) 
PARAMETRIC_REPRESENTATION_CONTEXT() REPRESENTATION_CONTEXT('2D SPACE',''
  ) );
#2594 = PCURVE('',#2595,#2600);
#2595 = PLANE('',#2596);
#2596 = AXIS2_PLACEMENT_3D('',#2597,#2598,#2599);
#2597 = CARTESIAN_POINT('',(45.,364.5,295.7));
#2598 = DIRECTION('',(1.,0.,0.));
#2599 = DIRECTION('',(-0.,0.,1.));
#2600 = DEFINITIONAL_REPRESENTATION('',(#2601),#2607);
#2601 = B_SPLINE_CURVE_WITH_KNOTS('',4,(#2602,#2603,#2604,#2605,#2606),
  .UNSPECIFIED.,.F.,.F.,(5,5),(0.,1.),.PIECEWISE_BEZIER_KNOTS.);
#2602 = CARTESIAN_POINT('',(-8.,3.707938217279));
#2603 = CARTESIAN_POINT('',(-6.272442262284,0.790673909006));
#2604 = CARTESIAN_POINT('',(-4.558918499409,-2.133080755805));
#2605 = CARTESIAN_POINT('',(-2.859616077503,-5.063311699241));
#2606 = CARTESIAN_POINT('',(-1.174725157685,-8.));
#2607 = ( GEOMETRIC_REPRESENTATION_CONTEXT(2) 
PARAMETRIC_REPRESENTATION_CONTEXT() REPRESENTATION_CONTEXT('2D SPACE',''
  ) );
#2608 = ORIENTED_EDGE('',*,*,#2609,.T.);
#2609 = EDGE_CURVE('',#2576,#2147,#2610,.T.);
#2610 = SURFACE_CURVE('',#2611,(#2663,#2718),.PCURVE_S1.);
#2611 = B_SPLINE_CURVE_WITH_KNOTS('',8,(#2612,#2613,#2614,#2615,#2616,
    #2617,#2618,#2619,#2620,#2621,#2622,#2623,#2624,#2625,#2626,#2627,
    #2628,#2629,#2630,#2631,#2632,#2633,#2634,#2635,#2636,#2637,#2638,
    #2639,#2640,#2641,#2642,#2643,#2644,#2645,#2646,#2647,#2648,#2649,
    #2650,#2651,#2652,#2653,#2654,#2655,#2656,#2657,#2658,#2659,#2660,
    #2661,#2662),.UNSPECIFIED.,.F.,.F.,(9,7,7,7,7,7,7,9),(0.,
    0.170873289534,0.416411155031,0.589820508253,0.727434236825,
    0.879316533979,0.971248702938,1.),.UNSPECIFIED.);
#2612 = CARTESIAN_POINT('',(44.9999994,361.66792808041,288.21806384401)
  );
#2613 = CARTESIAN_POINT('',(45.049219120294,361.16026564238,
    288.41022487097));
#2614 = CARTESIAN_POINT('',(45.099835820047,360.68412367615,
    288.63546084583));
#2615 = CARTESIAN_POINT('',(45.151311933046,360.23968623654,
    288.88855082537));
#2616 = CARTESIAN_POINT('',(45.203209892216,359.82677409199,
    289.16501300987));
#2617 = CARTESIAN_POINT('',(45.255187872405,359.44475137873,
    289.46102290282));
#2618 = CARTESIAN_POINT('',(45.306999053769,359.092601806,
    289.77346525408));
#2619 = CARTESIAN_POINT('',(45.358491908857,358.76908919497,
    290.10004292399));
#2620 = CARTESIAN_POINT('',(45.483062190737,358.04733010389,
    290.92695878454));
#2621 = CARTESIAN_POINT('',(45.555564360822,357.67921264358,
    291.4397064836));
#2622 = CARTESIAN_POINT('',(45.626849280858,357.36485727129,
    291.9725955224));
#2623 = CARTESIAN_POINT('',(45.69664816209,357.10235810612,
    292.52163000508));
#2624 = CARTESIAN_POINT('',(45.764728455044,356.89017922668,
    293.08338353916));
#2625 = CARTESIAN_POINT('',(45.83088691678,356.7273609564,
    293.65505920202));
#2626 = CARTESIAN_POINT('',(45.894951168472,356.61336367787,
    294.23441617671));
#2627 = CARTESIAN_POINT('',(46.000416487475,356.5027936908,
    295.23336118913));
#2628 = CARTESIAN_POINT('',(46.042912230218,356.48159961884,
    295.64956102854));
#2629 = CARTESIAN_POINT('',(46.084182792321,356.48505655991,
    296.0677823099));
#2630 = CARTESIAN_POINT('',(46.124142989281,356.51344159376,
    296.48725919153));
#2631 = CARTESIAN_POINT('',(46.162691242946,356.56719539302,
    296.90715445378));
#2632 = CARTESIAN_POINT('',(46.199710342409,356.64690683991,
    297.3265582683));
#2633 = CARTESIAN_POINT('',(46.235065407222,356.75334638434,
    297.74448723805));
#2634 = CARTESIAN_POINT('',(46.295207349931,356.99409950558,
    298.48952904059));
#2635 = CARTESIAN_POINT('',(46.320659682878,357.11808554037,
    298.81746177834));
#2636 = CARTESIAN_POINT('',(46.34487905921,357.26005798967,
    299.14318945341));
#2637 = CARTESIAN_POINT('',(46.367769630006,357.42062240184,
    299.46606117131));
#2638 = CARTESIAN_POINT('',(46.389215695554,357.60045375996,
    299.78526629058));
#2639 = CARTESIAN_POINT('',(46.409082561345,357.80028375901,
    300.099836645));
#2640 = CARTESIAN_POINT('',(46.427214943761,358.02091924505,
    300.40864248585));
#2641 = CARTESIAN_POINT('',(46.461327235986,358.53085927934,
    301.04339176435));
#2642 = CARTESIAN_POINT('',(46.476872663806,358.82466910168,
    301.36748882937));
#2643 = CARTESIAN_POINT('',(46.489841483656,359.14614330592,
    301.68116339833));
#2644 = CARTESIAN_POINT('',(46.499926405121,359.49652071836,
    301.98200658879));
#2645 = CARTESIAN_POINT('',(46.506766217027,359.87664076482,
    302.26685112802));
#2646 = CARTESIAN_POINT('',(46.509963693072,360.28677398234,
    302.53186663651));
#2647 = CARTESIAN_POINT('',(46.50911224718,360.72638193839,
    302.77270339373));
#2648 = CARTESIAN_POINT('',(46.500665350217,361.47649454674,
    303.11315654133));
#2649 = CARTESIAN_POINT('',(46.495865442959,361.76938685316,
    303.23095607552));
#2650 = CARTESIAN_POINT('',(46.489376406533,362.07154825365,
    303.33701079328));
#2651 = CARTESIAN_POINT('',(46.481142194202,362.38197572224,
    303.43021259248));
#2652 = CARTESIAN_POINT('',(46.471130846489,362.6994290527,
    303.50956643088));
#2653 = CARTESIAN_POINT('',(46.459341243183,363.02240644886,
    303.57424334989));
#2654 = CARTESIAN_POINT('',(46.445813151009,363.34910866892,
    303.62365855672));
#2655 = CARTESIAN_POINT('',(46.425898686205,363.78004931493,
    303.66820707439));
#2656 = CARTESIAN_POINT('',(46.420993259567,363.88287900939,
    303.6773070923));
#2657 = CARTESIAN_POINT('',(46.41592937144,363.9858131781,
    303.68488763478));
#2658 = CARTESIAN_POINT('',(46.410709929119,364.08879296624,
    303.69094553882));
#2659 = CARTESIAN_POINT('',(46.405338149372,364.19175976995,
    303.69548085538));
#2660 = CARTESIAN_POINT('',(46.399817558446,364.29465523629,
    303.69849684945));
#2661 = CARTESIAN_POINT('',(46.39415199206,364.39742126331,303.7));
#2662 = CARTESIAN_POINT('',(46.38834559541,364.5,303.7));
#2663 = PCURVE('',#214,#2664);
#2664 = DEFINITIONAL_REPRESENTATION('',(#2665),#2717);
#2665 = B_SPLINE_CURVE_WITH_KNOTS('',8,(#2666,#2667,#2668,#2669,#2670,
    #2671,#2672,#2673,#2674,#2675,#2676,#2677,#2678,#2679,#2680,#2681,
    #2682,#2683,#2684,#2685,#2686,#2687,#2688,#2689,#2690,#2691,#2692,
    #2693,#2694,#2695,#2696,#2697,#2698,#2699,#2700,#2701,#2702,#2703,
    #2704,#2705,#2706,#2707,#2708,#2709,#2710,#2711,#2712,#2713,#2714,
    #2715,#2716),.UNSPECIFIED.,.F.,.F.,(9,7,7,7,7,7,7,9),(0.,
    0.170873289534,0.416411155031,0.589820508253,0.727434236825,
    0.879316533979,0.971248702938,1.),.UNSPECIFIED.);
#2666 = CARTESIAN_POINT('',(97.96318045276,0.539484854622));
#2667 = CARTESIAN_POINT('',(97.681774115913,0.535477003816));
#2668 = CARTESIAN_POINT('',(97.368059712849,0.531717998185));
#2669 = CARTESIAN_POINT('',(97.027949268722,0.52820929079));
#2670 = CARTESIAN_POINT('',(96.66642928396,0.524949466649));
#2671 = CARTESIAN_POINT('',(96.287657755655,0.521933505797));
#2672 = CARTESIAN_POINT('',(95.894932059028,0.519153384907));
#2673 = CARTESIAN_POINT('',(95.49060072738,0.516599344699));
#2674 = CARTESIAN_POINT('',(94.480216780406,0.510901261606));
#2675 = CARTESIAN_POINT('',(93.864640677913,0.507995078778));
#2676 = CARTESIAN_POINT('',(93.23420347717,0.50551333237));
#2677 = CARTESIAN_POINT('',(92.592919212912,0.503440975993));
#2678 = CARTESIAN_POINT('',(91.944200892702,0.501765883985));
#2679 = CARTESIAN_POINT('',(91.290828763559,0.50048047997));
#2680 = CARTESIAN_POINT('',(90.635015605219,0.499580503824));
#2681 = CARTESIAN_POINT('',(89.514562305983,0.498707585171));
#2682 = CARTESIAN_POINT('',(89.050722548323,0.49854026399));
#2683 = CARTESIAN_POINT('',(88.587525633346,0.498567555558));
#2684 = CARTESIAN_POINT('',(88.125777121303,0.498791647341));
#2685 = CARTESIAN_POINT('',(87.666379210236,0.499216018324));
#2686 = CARTESIAN_POINT('',(87.210330375885,0.499845317564));
#2687 = CARTESIAN_POINT('',(86.758730476829,0.500685627546));
#2688 = CARTESIAN_POINT('',(85.958912911738,0.50258630508));
#2689 = CARTESIAN_POINT('',(85.608724857235,0.503565139621));
#2690 = CARTESIAN_POINT('',(85.262795700589,0.504685971798));
#2691 = CARTESIAN_POINT('',(84.92187628519,0.505953582242));
#2692 = CARTESIAN_POINT('',(84.586902599741,0.507373299754));
#2693 = CARTESIAN_POINT('',(84.258992946232,0.508950900858));
#2694 = CARTESIAN_POINT('',(83.939455998633,0.510692755375));
#2695 = CARTESIAN_POINT('',(83.288082180528,0.514718587156));
#2696 = CARTESIAN_POINT('',(82.958716720207,0.517038132281));
#2697 = CARTESIAN_POINT('',(82.643506119037,0.519576079847));
#2698 = CARTESIAN_POINT('',(82.34522959713,0.522342210034));
#2699 = CARTESIAN_POINT('',(82.0674806542,0.525343149872));
#2700 = CARTESIAN_POINT('',(81.814556651008,0.528581035174));
#2701 = CARTESIAN_POINT('',(81.591287958244,0.532051615167));
#2702 = CARTESIAN_POINT('',(81.288506755415,0.537973541228));
#2703 = CARTESIAN_POINT('',(81.187068999828,0.540285842825));
#2704 = CARTESIAN_POINT('',(81.099605836975,0.542671321289));
#2705 = CARTESIAN_POINT('',(81.027274952722,0.545122058012));
#2706 = CARTESIAN_POINT('',(80.971090354704,0.547628261921));
#2707 = CARTESIAN_POINT('',(80.931859816951,0.550178076759));
#2708 = CARTESIAN_POINT('',(80.91009154312,0.552757298025));
#2709 = CARTESIAN_POINT('',(80.904519231916,0.556159452067));
#2710 = CARTESIAN_POINT('',(80.904905571418,0.556971263308));
#2711 = CARTESIAN_POINT('',(80.90700803981,0.557783899343));
#2712 = CARTESIAN_POINT('',(80.910825301846,0.558596895531));
#2713 = CARTESIAN_POINT('',(80.916352429748,0.559409789211));
#2714 = CARTESIAN_POINT('',(80.923580903203,0.560222119702));
#2715 = CARTESIAN_POINT('',(80.932498609364,0.561033428307));
#2716 = CARTESIAN_POINT('',(80.943089842848,0.561843258307));
#2717 = ( GEOMETRIC_REPRESENTATION_CONTEXT(2) 
PARAMETRIC_REPRESENTATION_CONTEXT() REPRESENTATION_CONTEXT('2D SPACE',''
  ) );
#2718 = PCURVE('',#2536,#2719);
#2719 = DEFINITIONAL_REPRESENTATION('',(#2720),#2772);
#2720 = B_SPLINE_CURVE_WITH_KNOTS('',8,(#2721,#2722,#2723,#2724,#2725,
    #2726,#2727,#2728,#2729,#2730,#2731,#2732,#2733,#2734,#2735,#2736,
    #2737,#2738,#2739,#2740,#2741,#2742,#2743,#2744,#2745,#2746,#2747,
    #2748,#2749,#2750,#2751,#2752,#2753,#2754,#2755,#2756,#2757,#2758,
    #2759,#2760,#2761,#2762,#2763,#2764,#2765,#2766,#2767,#2768,#2769,
    #2770,#2771),.UNSPECIFIED.,.F.,.F.,(9,7,7,7,7,7,7,9),(0.,
    0.170873289534,0.416411155031,0.589820508253,0.727434236825,
    0.879316533979,0.971248702938,1.),.UNSPECIFIED.);
#2721 = CARTESIAN_POINT('',(2.779738428627,-6.E-07));
#2722 = CARTESIAN_POINT('',(2.711886681773,4.921912029427E-02));
#2723 = CARTESIAN_POINT('',(2.646256192024,9.983582004688E-02));
#2724 = CARTESIAN_POINT('',(2.582623828454,0.151311933046));
#2725 = CARTESIAN_POINT('',(2.520820793062,0.203209892216));
#2726 = CARTESIAN_POINT('',(2.460685470796,0.255187872405));
#2727 = CARTESIAN_POINT('',(2.402043800819,0.306999053769));
#2728 = CARTESIAN_POINT('',(2.344697120415,0.358491908857));
#2729 = CARTESIAN_POINT('',(2.207497105268,0.483062190737));
#2730 = CARTESIAN_POINT('',(2.128951645283,0.555564360822));
#2731 = CARTESIAN_POINT('',(2.052122290699,0.626849280858));
#2732 = CARTESIAN_POINT('',(1.976616219962,0.69664816209));
#2733 = CARTESIAN_POINT('',(1.902084625099,0.764728455044));
#2734 = CARTESIAN_POINT('',(1.828212190549,0.83088691678));
#2735 = CARTESIAN_POINT('',(1.754664384316,0.894951168472));
#2736 = CARTESIAN_POINT('',(1.629033671766,1.000416487475));
#2737 = CARTESIAN_POINT('',(1.577033043086,1.042912230218));
#2738 = CARTESIAN_POINT('',(1.524905927592,1.084182792321));
#2739 = CARTESIAN_POINT('',(1.472537223383,1.124142989281));
#2740 = CARTESIAN_POINT('',(1.4198134141,1.162691242946));
#2741 = CARTESIAN_POINT('',(1.366616493227,1.199710342409));
#2742 = CARTESIAN_POINT('',(1.312815221191,1.235065407222));
#2743 = CARTESIAN_POINT('',(1.214943385919,1.295207349931));
#2744 = CARTESIAN_POINT('',(1.171172247523,1.320659682879));
#2745 = CARTESIAN_POINT('',(1.126848266868,1.34487905921));
#2746 = CARTESIAN_POINT('',(1.081890822825,1.367769630006));
#2747 = CARTESIAN_POINT('',(1.036219050852,1.389215695554));
#2748 = CARTESIAN_POINT('',(0.989748147447,1.409082561345));
#2749 = CARTESIAN_POINT('',(0.942382686118,1.427214943761));
#2750 = CARTESIAN_POINT('',(0.840605855724,1.461327235986));
#2751 = CARTESIAN_POINT('',(0.786021614691,1.476872663806));
#2752 = CARTESIAN_POINT('',(0.730055676068,1.489841483656));
#2753 = CARTESIAN_POINT('',(0.672569226295,1.499926405121));
#2754 = CARTESIAN_POINT('',(0.613468340807,1.506766217027));
#2755 = CARTESIAN_POINT('',(0.552691470452,1.509963693073));
#2756 = CARTESIAN_POINT('',(0.490211239863,1.50911224718));
#2757 = CARTESIAN_POINT('',(0.387241487713,1.500665350217));
#2758 = CARTESIAN_POINT('',(0.34781736923,1.495865442959));
#2759 = CARTESIAN_POINT('',(0.30785579802,1.489376406533));
#2760 = CARTESIAN_POINT('',(0.267427368787,1.481142194202));
#2761 = CARTESIAN_POINT('',(0.226615102644,1.471130846489));
#2762 = CARTESIAN_POINT('',(0.185518616406,1.459341243183));
#2763 = CARTESIAN_POINT('',(0.144262161584,1.445813151009));
#2764 = CARTESIAN_POINT('',(9.010752033405E-02,1.425898686205));
#2765 = CARTESIAN_POINT('',(7.72049969193E-02,1.420993259567));
#2766 = CARTESIAN_POINT('',(6.430571835176E-02,1.41592937144));
#2767 = CARTESIAN_POINT('',(5.141377095695E-02,1.410709929119));
#2768 = CARTESIAN_POINT('',(3.853321192851E-02,1.405338149372));
#2769 = CARTESIAN_POINT('',(2.566806932823E-02,1.399817558445));
#2770 = CARTESIAN_POINT('',(1.282234208604E-02,1.39415199206));
#2771 = CARTESIAN_POINT('',(0.,1.38834559541));
#2772 = ( GEOMETRIC_REPRESENTATION_CONTEXT(2) 
PARAMETRIC_REPRESENTATION_CONTEXT() REPRESENTATION_CONTEXT('2D SPACE',''
  ) );
#2773 = ADVANCED_FACE('',(#2774),#71,.T.);
#2774 = FACE_BOUND('',#2775,.T.);
#2775 = EDGE_LOOP('',(#2776,#2777,#2778,#2799,#2800,#2801,#2822,#2843,
    #3052,#3198,#3344,#3365));
#2776 = ORIENTED_EDGE('',*,*,#55,.F.);
#2777 = ORIENTED_EDGE('',*,*,#254,.F.);
#2778 = ORIENTED_EDGE('',*,*,#2779,.F.);
#2779 = EDGE_CURVE('',#2098,#255,#2780,.T.);
#2780 = SURFACE_CURVE('',#2781,(#2785,#2792),.PCURVE_S1.);
#2781 = LINE('',#2782,#2783);
#2782 = CARTESIAN_POINT('',(45.,293.333,244.167));
#2783 = VECTOR('',#2784,1.);
#2784 = DIRECTION('',(-1.,0.,0.));
#2785 = PCURVE('',#71,#2786);
#2786 = DEFINITIONAL_REPRESENTATION('',(#2787),#2791);
#2787 = LINE('',#2788,#2789);
#2788 = CARTESIAN_POINT('',(168.09491164517,1.42108547152E-14));
#2789 = VECTOR('',#2790,1.);
#2790 = DIRECTION('',(-0.606800045294,-0.794854518155));
#2791 = ( GEOMETRIC_REPRESENTATION_CONTEXT(2) 
PARAMETRIC_REPRESENTATION_CONTEXT() REPRESENTATION_CONTEXT('2D SPACE',''
  ) );
#2792 = PCURVE('',#313,#2793);
#2793 = DEFINITIONAL_REPRESENTATION('',(#2794),#2798);
#2794 = LINE('',#2795,#2796);
#2795 = CARTESIAN_POINT('',(0.,0.));
#2796 = VECTOR('',#2797,1.);
#2797 = DIRECTION('',(1.,0.));
#2798 = ( GEOMETRIC_REPRESENTATION_CONTEXT(2) 
PARAMETRIC_REPRESENTATION_CONTEXT() REPRESENTATION_CONTEXT('2D SPACE',''
  ) );
#2799 = ORIENTED_EDGE('',*,*,#2097,.F.);
#2800 = ORIENTED_EDGE('',*,*,#176,.F.);
#2801 = ORIENTED_EDGE('',*,*,#2802,.F.);
#2802 = EDGE_CURVE('',#2803,#143,#2805,.T.);
#2803 = VERTEX_POINT('',#2804);
#2804 = CARTESIAN_POINT('',(20.,293.333,371.7755624078));
#2805 = SURFACE_CURVE('',#2806,(#2810,#2816),.PCURVE_S1.);
#2806 = LINE('',#2807,#2808);
#2807 = CARTESIAN_POINT('',(20.,293.333,345.904));
#2808 = VECTOR('',#2809,1.);
#2809 = DIRECTION('',(0.,0.,1.));
#2810 = PCURVE('',#71,#2811);
#2811 = DEFINITIONAL_REPRESENTATION('',(#2812),#2815);
#2812 = B_SPLINE_CURVE_WITH_KNOTS('',1,(#2813,#2814),.UNSPECIFIED.,.F.,
  .F.,(2,2),(-31.874,39.874),.PIECEWISE_BEZIER_KNOTS.);
#2813 = CARTESIAN_POINT('',(97.393989310977,22.521508610511));
#2814 = CARTESIAN_POINT('',(40.364767342407,66.058198260272));
#2815 = ( GEOMETRIC_REPRESENTATION_CONTEXT(2) 
PARAMETRIC_REPRESENTATION_CONTEXT() REPRESENTATION_CONTEXT('2D SPACE',''
  ) );
#2816 = PCURVE('',#162,#2817);
#2817 = DEFINITIONAL_REPRESENTATION('',(#2818),#2821);
#2818 = B_SPLINE_CURVE_WITH_KNOTS('',1,(#2819,#2820),.UNSPECIFIED.,.F.,
  .F.,(2,2),(-31.874,39.874),.PIECEWISE_BEZIER_KNOTS.);
#2819 = CARTESIAN_POINT('',(0.,-30.003));
#2820 = CARTESIAN_POINT('',(71.748,-30.003));
#2821 = ( GEOMETRIC_REPRESENTATION_CONTEXT(2) 
PARAMETRIC_REPRESENTATION_CONTEXT() REPRESENTATION_CONTEXT('2D SPACE',''
  ) );
#2822 = ORIENTED_EDGE('',*,*,#2823,.T.);
#2823 = EDGE_CURVE('',#2803,#2824,#2826,.T.);
#2824 = VERTEX_POINT('',#2825);
#2825 = CARTESIAN_POINT('',(50.430519921507,293.33300000404,
    371.77556240409));
#2826 = SURFACE_CURVE('',#2827,(#2831,#2837),.PCURVE_S1.);
#2827 = LINE('',#2828,#2829);
#2828 = CARTESIAN_POINT('',(-28.5,293.333,371.7755624078));
#2829 = VECTOR('',#2830,1.);
#2830 = DIRECTION('',(1.,0.,1.098462835488E-16));
#2831 = PCURVE('',#71,#2832);
#2832 = DEFINITIONAL_REPRESENTATION('',(#2833),#2836);
#2833 = B_SPLINE_CURVE_WITH_KNOTS('',1,(#2834,#2835),.UNSPECIFIED.,.F.,
  .F.,(2,2),(-9.9999715E+06,1.00000285E+07),.PIECEWISE_BEZIER_KNOTS.);
#2834 = CARTESIAN_POINT('',(-6.067961094274E+06,-7.94850351712E+06));
#2835 = CARTESIAN_POINT('',(6.068039811608E+06,7.948586845976E+06));
#2836 = ( GEOMETRIC_REPRESENTATION_CONTEXT(2) 
PARAMETRIC_REPRESENTATION_CONTEXT() REPRESENTATION_CONTEXT('2D SPACE',''
  ) );
#2837 = PCURVE('',#1696,#2838);
#2838 = DEFINITIONAL_REPRESENTATION('',(#2839),#2842);
#2839 = B_SPLINE_CURVE_WITH_KNOTS('',1,(#2840,#2841),.UNSPECIFIED.,.F.,
  .F.,(2,2),(-9.9999715E+06,1.00000285E+07),.PIECEWISE_BEZIER_KNOTS.);
#2840 = CARTESIAN_POINT('',(-1.E+07,-63.18818329185));
#2841 = CARTESIAN_POINT('',(1.E+07,-63.18818328675));
#2842 = ( GEOMETRIC_REPRESENTATION_CONTEXT(2) 
PARAMETRIC_REPRESENTATION_CONTEXT() REPRESENTATION_CONTEXT('2D SPACE',''
  ) );
#2843 = ORIENTED_EDGE('',*,*,#2844,.F.);
#2844 = EDGE_CURVE('',#2845,#2824,#2847,.T.);
#2845 = VERTEX_POINT('',#2846);
#2846 = CARTESIAN_POINT('',(39.511081303851,293.333,250.25414637297));
#2847 = SURFACE_CURVE('',#2848,(#2914,#2983),.PCURVE_S1.);
#2848 = B_SPLINE_CURVE_WITH_KNOTS('',8,(#2849,#2850,#2851,#2852,#2853,
    #2854,#2855,#2856,#2857,#2858,#2859,#2860,#2861,#2862,#2863,#2864,
    #2865,#2866,#2867,#2868,#2869,#2870,#2871,#2872,#2873,#2874,#2875,
    #2876,#2877,#2878,#2879,#2880,#2881,#2882,#2883,#2884,#2885,#2886,
    #2887,#2888,#2889,#2890,#2891,#2892,#2893,#2894,#2895,#2896,#2897,
    #2898,#2899,#2900,#2901,#2902,#2903,#2904,#2905,#2906,#2907,#2908,
    #2909,#2910,#2911,#2912,#2913),.UNSPECIFIED.,.F.,.F.,(9,7,7,7,7,7,7,
    7,7,9),(0.,8.301569913746E-02,0.125014875698,0.146012419669,
    0.156010935054,0.16700930012,0.499973690117,0.831964351968,
    0.852965131363,1.),.UNSPECIFIED.);
#2849 = CARTESIAN_POINT('',(36.016356861093,293.333,211.37004102789));
#2850 = CARTESIAN_POINT('',(36.203318863366,293.333,213.44987604));
#2851 = CARTESIAN_POINT('',(36.39026770816,293.333,215.52961849958));
#2852 = CARTESIAN_POINT('',(36.577203700647,293.333,217.60927082985));
#2853 = CARTESIAN_POINT('',(36.764127131574,293.333,219.68883532354));
#2854 = CARTESIAN_POINT('',(36.951038277264,293.333,221.76831414286));
#2855 = CARTESIAN_POINT('',(37.137937399618,293.333,223.84770931959));
#2856 = CARTESIAN_POINT('',(37.324824746111,293.333,225.92702275496));
#2857 = CARTESIAN_POINT('',(37.606244472878,293.333,229.05817885974));
#2858 = CARTESIAN_POINT('',(37.700785441522,293.333,230.11008103084));
#2859 = CARTESIAN_POINT('',(37.795323485897,293.333,231.16196296226));
#2860 = CARTESIAN_POINT('',(37.889858635217,293.333,232.21382487456));
#2861 = CARTESIAN_POINT('',(37.984390917741,293.333,233.26566697969));
#2862 = CARTESIAN_POINT('',(38.078920360776,293.333,234.31748948096));
#2863 = CARTESIAN_POINT('',(38.173446990673,293.333,235.36929257303));
#2864 = CARTESIAN_POINT('',(38.315228152963,293.333,236.94691718085));
#2865 = CARTESIAN_POINT('',(38.362484776296,293.333,237.4727531149));
#2866 = CARTESIAN_POINT('',(38.409740706002,293.333,237.99858426734));
#2867 = CARTESIAN_POINT('',(38.456995945196,293.333,238.52441066087));
#2868 = CARTESIAN_POINT('',(38.504250496931,293.333,239.05023231766));
#2869 = CARTESIAN_POINT('',(38.551504364201,293.333,239.57604925932));
#2870 = CARTESIAN_POINT('',(38.598757549941,293.333,240.10186150694));
#2871 = CARTESIAN_POINT('',(38.668510541828,293.333,240.87804575019));
#2872 = CARTESIAN_POINT('',(38.691010777161,293.333,241.12842029593));
#2873 = CARTESIAN_POINT('',(38.713510763537,293.333,241.37879272278));
#2874 = CARTESIAN_POINT('',(38.736010501465,293.333,241.62916303515));
#2875 = CARTESIAN_POINT('',(38.75850999145,293.333,241.87953123742));
#2876 = CARTESIAN_POINT('',(38.781009233988,293.333,242.12989733391));
#2877 = CARTESIAN_POINT('',(38.803508229573,293.333,242.38026132887));
#2878 = CARTESIAN_POINT('',(38.850755598542,293.333,242.90602126739));
#2879 = CARTESIAN_POINT('',(38.875503899297,293.333,243.18141659701));
#2880 = CARTESIAN_POINT('',(38.900252030926,293.333,243.45681056881));
#2881 = CARTESIAN_POINT('',(38.924999653522,293.333,243.73220005908));
#2882 = CARTESIAN_POINT('',(38.949747057965,293.333,244.00758774607));
#2883 = CARTESIAN_POINT('',(38.974494371139,293.333,244.28297478706));
#2884 = CARTESIAN_POINT('',(38.999241027581,293.333,244.55835598384));
#2885 = CARTESIAN_POINT('',(39.773167873501,293.333,253.17063550715));
#2886 = CARTESIAN_POINT('',(40.522348053758,293.333,261.50762818278));
#2887 = CARTESIAN_POINT('',(41.271528231205,293.333,269.84471558765));
#2888 = CARTESIAN_POINT('',(42.020708406786,293.333,278.18189775408));
#2889 = CARTESIAN_POINT('',(42.769888581379,293.333,286.51917471292));
#2890 = CARTESIAN_POINT('',(43.519068755794,293.333,294.85654649354));
#2891 = CARTESIAN_POINT('',(44.268248930776,293.333,303.19401312383));
#2892 = CARTESIAN_POINT('',(45.764418364781,293.333,319.84475359426));
#2893 = CARTESIAN_POINT('',(46.511407623797,293.333,328.1580268803));
#2894 = CARTESIAN_POINT('',(47.258396884722,293.333,336.47139451446));
#2895 = CARTESIAN_POINT('',(48.005386148161,293.333,344.78485652142));
#2896 = CARTESIAN_POINT('',(48.752375414654,293.333,353.0984129244));
#2897 = CARTESIAN_POINT('',(49.499364684673,293.333,361.41206374514));
#2898 = CARTESIAN_POINT('',(50.246353958625,293.333,369.72580900389));
#2899 = CARTESIAN_POINT('',(51.040595641346,293.333,378.56555843273));
#2900 = CARTESIAN_POINT('',(51.087847932714,293.333,379.0914679708));
#2901 = CARTESIAN_POINT('',(51.135101981016,293.333,379.61739156218));
#2902 = CARTESIAN_POINT('',(51.182354830216,293.333,380.14330539035));
#2903 = CARTESIAN_POINT('',(51.229609690174,293.333,380.66923616832));
#2904 = CARTESIAN_POINT('',(51.276864139653,293.333,381.19516333883));
#2905 = CARTESIAN_POINT('',(51.324119392498,293.333,381.72109735797));
#2906 = CARTESIAN_POINT('',(51.702231033858,293.333,385.92933491974));
#2907 = CARTESIAN_POINT('',(52.033110594846,293.333,389.61183375243));
#2908 = CARTESIAN_POINT('',(52.364012758218,293.333,393.29452433283));
#2909 = CARTESIAN_POINT('',(52.694936380043,293.333,396.97739821329));
#2910 = CARTESIAN_POINT('',(53.025880171816,293.333,400.660445641));
#2911 = CARTESIAN_POINT('',(53.356842700457,293.333,404.34365555801));
#2912 = CARTESIAN_POINT('',(53.68782238831,293.333,408.02701560115));
#2913 = CARTESIAN_POINT('',(54.018817513147,293.333,411.71051210213));
#2914 = PCURVE('',#71,#2915);
#2915 = DEFINITIONAL_REPRESENTATION('',(#2916),#2982);
#2916 = B_SPLINE_CURVE_WITH_KNOTS('',8,(#2917,#2918,#2919,#2920,#2921,
    #2922,#2923,#2924,#2925,#2926,#2927,#2928,#2929,#2930,#2931,#2932,
    #2933,#2934,#2935,#2936,#2937,#2938,#2939,#2940,#2941,#2942,#2943,
    #2944,#2945,#2946,#2947,#2948,#2949,#2950,#2951,#2952,#2953,#2954,
    #2955,#2956,#2957,#2958,#2959,#2960,#2961,#2962,#2963,#2964,#2965,
    #2966,#2967,#2968,#2969,#2970,#2971,#2972,#2973,#2974,#2975,#2976,
    #2977,#2978,#2979,#2980,#2981),.UNSPECIFIED.,.F.,.F.,(9,7,7,7,7,7,7,
    7,7,9),(0.,8.301569913746E-02,0.125014875698,0.146012419669,
    0.156010935054,0.16700930012,0.499973690117,0.831964351968,
    0.852965131363,1.),.UNSPECIFIED.);
#2917 = CARTESIAN_POINT('',(188.71244760229,-27.04188552823));
#2918 = CARTESIAN_POINT('',(187.17272989735,-25.63123395645));
#2919 = CARTESIAN_POINT('',(185.63307777424,-24.22064900382));
#2920 = CARTESIAN_POINT('',(184.09348949204,-22.81012895738));
#2921 = CARTESIAN_POINT('',(182.5539634048,-21.3996721948));
#2922 = CARTESIAN_POINT('',(181.01449796152,-19.9892771844));
#2923 = CARTESIAN_POINT('',(179.47509170618,-18.57894248514));
#2924 = CARTESIAN_POINT('',(177.93574327773,-17.16866674663));
#2925 = CARTESIAN_POINT('',(175.61769520375,-15.04499333911));
#2926 = CARTESIAN_POINT('',(174.83895347445,-14.33155273796));
#2927 = CARTESIAN_POINT('',(174.0602260583,-13.61812674263));
#2928 = CARTESIAN_POINT('',(173.28151279772,-12.90471519604));
#2929 = CARTESIAN_POINT('',(172.50281354139,-12.19131794712));
#2930 = CARTESIAN_POINT('',(171.72412814428,-11.47793485082));
#2931 = CARTESIAN_POINT('',(170.94545646764,-10.76456576805));
#2932 = CARTESIAN_POINT('',(169.77750723586,-9.694567687135));
#2933 = CARTESIAN_POINT('',(169.38821948905,-9.337928277968));
#2934 = CARTESIAN_POINT('',(168.99893512203,-8.981292321615));
#2935 = CARTESIAN_POINT('',(168.60965411865,-8.624659801823));
#2936 = CARTESIAN_POINT('',(168.22037646315,-8.268030702719));
#2937 = CARTESIAN_POINT('',(167.83110214014,-7.911405008801));
#2938 = CARTESIAN_POINT('',(167.44183113467,-7.554782704948));
#2939 = CARTESIAN_POINT('',(166.86720370064,-7.028350590233));
#2940 = CARTESIAN_POINT('',(166.68184550554,-6.858538890819));
#2941 = CARTESIAN_POINT('',(166.49648884359,-6.688728675039));
#2942 = CARTESIAN_POINT('',(166.31113371159,-6.518919939801));
#2943 = CARTESIAN_POINT('',(166.12578010635,-6.349112682053));
#2944 = CARTESIAN_POINT('',(165.94042802476,-6.179306898778));
#2945 = CARTESIAN_POINT('',(165.75507746372,-6.009502587002));
#2946 = CARTESIAN_POINT('',(165.36584450675,-5.652916647797));
#2947 = CARTESIAN_POINT('',(165.16196255475,-5.466135450639));
#2948 = CARTESIAN_POINT('',(164.95808157938,-5.279355211833));
#2949 = CARTESIAN_POINT('',(164.75420385729,-5.092578097028));
#2950 = CARTESIAN_POINT('',(164.55032743619,-4.905802249859));
#2951 = CARTESIAN_POINT('',(164.34645147317,-4.719026867224));
#2952 = CARTESIAN_POINT('',(164.14257975695,-4.532255552864));
#2953 = CARTESIAN_POINT('',(157.76668931139,1.308835302166));
#2954 = CARTESIAN_POINT('',(151.59459558265,6.963212086549));
#2955 = CARTESIAN_POINT('',(145.42242655625,12.617646350398));
#2956 = CARTESIAN_POINT('',(139.25018220706,18.272138114084));
#2957 = CARTESIAN_POINT('',(133.07786251109,23.926687397027));
#2958 = CARTESIAN_POINT('',(126.9054674455,29.581294217689));
#2959 = CARTESIAN_POINT('',(120.73299698856,35.235958593581));
#2960 = CARTESIAN_POINT('',(108.40595637534,46.528865699764));
#2961 = CARTESIAN_POINT('',(102.25138665948,52.167108093816));
#2962 = CARTESIAN_POINT('',(96.096741951756,57.805407739828));
#2963 = CARTESIAN_POINT('',(89.942022232902,63.443764653261));
#2964 = CARTESIAN_POINT('',(83.7872274848,69.082178848629));
#2965 = CARTESIAN_POINT('',(77.632357690458,74.720650339499));
#2966 = CARTESIAN_POINT('',(71.47741283402,80.359179138487));
#2967 = CARTESIAN_POINT('',(64.9330439502,86.354446082314));
#2968 = CARTESIAN_POINT('',(64.543695070268,86.71112671112));
#2969 = CARTESIAN_POINT('',(64.1543360861,87.06781726399));
#2970 = CARTESIAN_POINT('',(63.764984134656,87.424500939425));
#2971 = CARTESIAN_POINT('',(63.375619930714,87.78119649826));
#2972 = CARTESIAN_POINT('',(62.986258345099,88.137889541817));
#2973 = CARTESIAN_POINT('',(62.596891803302,88.494587379683));
#2974 = CARTESIAN_POINT('',(59.481393324963,91.348689869276));
#2975 = CARTESIAN_POINT('',(56.755120222291,93.846231441766));
#2976 = CARTESIAN_POINT('',(54.02870842322,96.343907332378));
#2977 = CARTESIAN_POINT('',(51.302163948254,98.841711505825));
#2978 = CARTESIAN_POINT('',(48.575493767593,101.33963701993));
#2979 = CARTESIAN_POINT('',(45.848705801121,103.83767602562));
#2980 = CARTESIAN_POINT('',(43.121808918418,106.33581976694));
#2981 = CARTESIAN_POINT('',(40.39481293875,108.83405858104));
#2982 = ( GEOMETRIC_REPRESENTATION_CONTEXT(2) 
PARAMETRIC_REPRESENTATION_CONTEXT() REPRESENTATION_CONTEXT('2D SPACE',''
  ) );
#2983 = PCURVE('',#1791,#2984);
#2984 = DEFINITIONAL_REPRESENTATION('',(#2985),#3051);
#2985 = B_SPLINE_CURVE_WITH_KNOTS('',8,(#2986,#2987,#2988,#2989,#2990,
    #2991,#2992,#2993,#2994,#2995,#2996,#2997,#2998,#2999,#3000,#3001,
    #3002,#3003,#3004,#3005,#3006,#3007,#3008,#3009,#3010,#3011,#3012,
    #3013,#3014,#3015,#3016,#3017,#3018,#3019,#3020,#3021,#3022,#3023,
    #3024,#3025,#3026,#3027,#3028,#3029,#3030,#3031,#3032,#3033,#3034,
    #3035,#3036,#3037,#3038,#3039,#3040,#3041,#3042,#3043,#3044,#3045,
    #3046,#3047,#3048,#3049,#3050),.UNSPECIFIED.,.F.,.F.,(9,7,7,7,7,7,7,
    7,7,9),(0.,8.301569913746E-02,0.125014875698,0.146012419669,
    0.156010935054,0.16700930012,0.499973690117,0.831964351968,
    0.852965131363,1.),.UNSPECIFIED.);
#2986 = CARTESIAN_POINT('',(167.68599431396,3.212948622799E-03));
#2987 = CARTESIAN_POINT('',(165.59861456777,3.193846476553E-03));
#2988 = CARTESIAN_POINT('',(163.51114142526,3.175168610809E-03));
#2989 = CARTESIAN_POINT('',(161.42357733774,3.156915446405E-03));
#2990 = CARTESIAN_POINT('',(159.33592462451,3.139087387214E-03));
#2991 = CARTESIAN_POINT('',(157.24818547286,3.121684820138E-03));
#2992 = CARTESIAN_POINT('',(155.16036193809,3.104708115115E-03));
#2993 = CARTESIAN_POINT('',(153.07245594347,3.088157625112E-03));
#2994 = CARTESIAN_POINT('',(149.92811823544,3.063876287381E-03));
#2995 = CARTESIAN_POINT('',(148.8717465431,3.055828066124E-03));
#2996 = CARTESIAN_POINT('',(147.81535443513,3.047889066041E-03));
#2997 = CARTESIAN_POINT('',(146.75894213472,3.040059329878E-03));
#2998 = CARTESIAN_POINT('',(145.7025098563,3.032338899449E-03));
#2999 = CARTESIAN_POINT('',(144.64605780562,3.024727815631E-03));
#3000 = CARTESIAN_POINT('',(143.58958617971,3.017226118366E-03));
#3001 = CARTESIAN_POINT('',(142.00490108511,3.006138070629E-03));
#3002 = CARTESIAN_POINT('',(141.47670215757,3.002469645668E-03));
#3003 = CARTESIAN_POINT('',(140.94849840777,2.998828576659E-03));
#3004 = CARTESIAN_POINT('',(140.42028985869,2.99521486843E-03));
#3005 = CARTESIAN_POINT('',(139.89207653277,2.991628525755E-03));
#3006 = CARTESIAN_POINT('',(139.3638584519,2.988069553355E-03));
#3007 = CARTESIAN_POINT('',(138.83563563743,2.984537955898E-03));
#3008 = CARTESIAN_POINT('',(138.05587911868,2.979365115394E-03));
#3009 = CARTESIAN_POINT('',(137.80435012721,2.977702708001E-03));
#3010 = CARTESIAN_POINT('',(137.55282113574,2.976046516215E-03));
#3011 = CARTESIAN_POINT('',(137.30129214427,2.974396540424E-03));
#3012 = CARTESIAN_POINT('',(137.0497631528,2.972752781014E-03));
#3013 = CARTESIAN_POINT('',(136.79823416132,2.971115238371E-03));
#3014 = CARTESIAN_POINT('',(136.54670516985,2.969483912878E-03));
#3015 = CARTESIAN_POINT('',(136.0184943345,2.966071186458E-03));
#3016 = CARTESIAN_POINT('',(135.74181212644,2.964291371783E-03));
#3017 = CARTESIAN_POINT('',(135.46513110164,2.962517891423E-03));
#3018 = CARTESIAN_POINT('',(135.18844821392,2.960753734759E-03));
#3019 = CARTESIAN_POINT('',(134.91176615418,2.958996578061E-03));
#3020 = CARTESIAN_POINT('',(134.63508599092,2.957245089344E-03));
#3021 = CARTESIAN_POINT('',(134.35840231131,2.955503758113E-03));
#3022 = CARTESIAN_POINT('',(125.70547552093,2.901241508858E-03));
#3023 = CARTESIAN_POINT('',(117.32932423866,2.848703591542E-03));
#3024 = CARTESIAN_POINT('',(108.95326724285,2.796155240071E-03));
#3025 = CARTESIAN_POINT('',(100.57730456827,2.743596748724E-03));
#3026 = CARTESIAN_POINT('',(92.201436248206,2.691028412127E-03));
#3027 = CARTESIAN_POINT('',(83.825662314436,2.638450525253E-03));
#3028 = CARTESIAN_POINT('',(75.449982797282,2.585863383421E-03));
#3029 = CARTESIAN_POINT('',(58.723306393064,2.480824994335E-03));
#3030 = CARTESIAN_POINT('',(50.372308954403,2.42837379937E-03));
#3031 = CARTESIAN_POINT('',(42.021405438183,2.375913990486E-03));
#3032 = CARTESIAN_POINT('',(33.67059587151,2.323445861036E-03));
#3033 = CARTESIAN_POINT('',(25.319880280021,2.27096970465E-03));
#3034 = CARTESIAN_POINT('',(16.969258687876,2.218485815229E-03));
#3035 = CARTESIAN_POINT('',(8.618731117764,2.165994486952E-03));
#3036 = CARTESIAN_POINT('',(-0.259926942194,2.110175111092E-03));
#3037 = CARTESIAN_POINT('',(-0.788151659462,2.106864842778E-03));
#3038 = CARTESIAN_POINT('',(-1.316362228364,2.103461229855E-03));
#3039 = CARTESIAN_POINT('',(-1.844582623986,2.100109407925E-03));
#3040 = CARTESIAN_POINT('',(-2.372785965062,2.096663491818E-03));
#3041 = CARTESIAN_POINT('',(-2.900992933367,2.093227443201E-03));
#3042 = CARTESIAN_POINT('',(-3.429193011305,2.08975100463E-03));
#3043 = CARTESIAN_POINT('',(-7.655504418769,2.061730556924E-03));
#3044 = CARTESIAN_POINT('',(-11.35341922136,2.035861467897E-03));
#3045 = CARTESIAN_POINT('',(-15.05114104838,2.008642097954E-03));
#3046 = CARTESIAN_POINT('',(-18.74867839168,1.980072647757E-03));
#3047 = CARTESIAN_POINT('',(-22.44604106021,1.950153215347E-03));
#3048 = CARTESIAN_POINT('',(-26.14324017998,1.91888379615E-03));
#3049 = CARTESIAN_POINT('',(-29.84028819411,1.886264282971E-03));
#3050 = CARTESIAN_POINT('',(-33.53719886279,1.852294465995E-03));
#3051 = ( GEOMETRIC_REPRESENTATION_CONTEXT(2) 
PARAMETRIC_REPRESENTATION_CONTEXT() REPRESENTATION_CONTEXT('2D SPACE',''
  ) );
#3052 = ORIENTED_EDGE('',*,*,#3053,.F.);
#3053 = EDGE_CURVE('',#3054,#2845,#3056,.T.);
#3054 = VERTEX_POINT('',#3055);
#3055 = CARTESIAN_POINT('',(-39.51108130378,293.33300000138,
    250.2541463732));
#3056 = SURFACE_CURVE('',#3057,(#3102,#3150),.PCURVE_S1.);
#3057 = B_SPLINE_CURVE_WITH_KNOTS('',8,(#3058,#3059,#3060,#3061,#3062,
    #3063,#3064,#3065,#3066,#3067,#3068,#3069,#3070,#3071,#3072,#3073,
    #3074,#3075,#3076,#3077,#3078,#3079,#3080,#3081,#3082,#3083,#3084,
    #3085,#3086,#3087,#3088,#3089,#3090,#3091,#3092,#3093,#3094,#3095,
    #3096,#3097,#3098,#3099,#3100,#3101),.UNSPECIFIED.,.F.,.F.,(9,7,7,7,
    7,7,9),(0.,0.165059457275,0.185055915926,0.499999999916,
    0.831941066216,0.852938573941,1.),.UNSPECIFIED.);
#3058 = CARTESIAN_POINT('',(-67.45208055053,293.333,250.25414637297));
#3059 = CARTESIAN_POINT('',(-64.66620926394,293.333,250.25414637297));
#3060 = CARTESIAN_POINT('',(-61.88075642767,293.333,250.25414637297));
#3061 = CARTESIAN_POINT('',(-59.09572233567,293.333,250.25414637297));
#3062 = CARTESIAN_POINT('',(-56.31110728218,293.333,250.25414637297));
#3063 = CARTESIAN_POINT('',(-53.52691156177,293.333,250.25414637297));
#3064 = CARTESIAN_POINT('',(-50.74313546931,293.333,250.25414637297));
#3065 = CARTESIAN_POINT('',(-47.95977929997,293.333,250.25414637297));
#3066 = CARTESIAN_POINT('',(-44.83969899785,293.333,250.25414637297));
#3067 = CARTESIAN_POINT('',(-44.50256330482,293.333,250.25414637297));
#3068 = CARTESIAN_POINT('',(-44.16541883557,293.333,250.25414637297));
#3069 = CARTESIAN_POINT('',(-43.82827819405,293.333,250.25414637297));
#3070 = CARTESIAN_POINT('',(-43.49113969982,293.333,250.25414637297));
#3071 = CARTESIAN_POINT('',(-43.1539971203,293.333,250.25414637297));
#3072 = CARTESIAN_POINT('',(-42.81685687399,293.333,250.25414637297));
#3073 = CARTESIAN_POINT('',(-37.16975160522,293.333,250.25414637297));
#3074 = CARTESIAN_POINT('',(-31.85978709019,293.333,250.25414637297));
#3075 = CARTESIAN_POINT('',(-26.54982257515,293.333,250.25414637297));
#3076 = CARTESIAN_POINT('',(-21.23985806012,293.333,250.25414637297));
#3077 = CARTESIAN_POINT('',(-15.92989354509,293.333,250.25414637297));
#3078 = CARTESIAN_POINT('',(-10.61992903006,293.333,250.25414637297));
#3079 = CARTESIAN_POINT('',(-5.30996451503,293.333,250.25414637297));
#3080 = CARTESIAN_POINT('',(5.596534028544,293.333,250.25414637297));
#3081 = CARTESIAN_POINT('',(11.193068057085,293.333,250.25414637297));
#3082 = CARTESIAN_POINT('',(16.789602085627,293.333,250.25414637297));
#3083 = CARTESIAN_POINT('',(22.386136114168,293.333,250.25414637297));
#3084 = CARTESIAN_POINT('',(27.98267014271,293.333,250.25414637297));
#3085 = CARTESIAN_POINT('',(33.579204171252,293.333,250.25414637297));
#3086 = CARTESIAN_POINT('',(39.175738199794,293.333,250.25414637297));
#3087 = CARTESIAN_POINT('',(45.12629069254,293.333,250.25414637297));
#3088 = CARTESIAN_POINT('',(45.480306398455,293.333,250.25414637296));
#3089 = CARTESIAN_POINT('',(45.83434504518,293.333,250.25414637298));
#3090 = CARTESIAN_POINT('',(46.188371290009,293.333,250.25414637295));
#3091 = CARTESIAN_POINT('',(46.542420278023,293.333,250.25414637298));
#3092 = CARTESIAN_POINT('',(46.896467163765,293.333,250.25414637296));
#3093 = CARTESIAN_POINT('',(47.250523883657,293.333,250.25414637297));
#3094 = CARTESIAN_POINT('',(50.084358111076,293.333,250.25414637297));
#3095 = CARTESIAN_POINT('',(52.564462724369,293.333,250.25414637297));
#3096 = CARTESIAN_POINT('',(55.044900549237,293.333,250.25414637297));
#3097 = CARTESIAN_POINT('',(57.525671377008,293.333,250.25414637297));
#3098 = CARTESIAN_POINT('',(60.006774999207,293.333,250.25414637297));
#3099 = CARTESIAN_POINT('',(62.488211207552,293.333,250.25414637297));
#3100 = CARTESIAN_POINT('',(64.969979793958,293.333,250.25414637297));
#3101 = CARTESIAN_POINT('',(67.452080550536,293.333,250.25414637297));
#3102 = PCURVE('',#71,#3103);
#3103 = DEFINITIONAL_REPRESENTATION('',(#3104),#3149);
#3104 = B_SPLINE_CURVE_WITH_KNOTS('',8,(#3105,#3106,#3107,#3108,#3109,
    #3110,#3111,#3112,#3113,#3114,#3115,#3116,#3117,#3118,#3119,#3120,
    #3121,#3122,#3123,#3124,#3125,#3126,#3127,#3128,#3129,#3130,#3131,
    #3132,#3133,#3134,#3135,#3136,#3137,#3138,#3139,#3140,#3141,#3142,
    #3143,#3144,#3145,#3146,#3147,#3148),.UNSPECIFIED.,.F.,.F.,(9,7,7,7,
    7,7,9),(0.,0.165059457275,0.185055915926,0.499999999916,
    0.831941066216,0.852938573941,1.),.UNSPECIFIED.);
#3105 = CARTESIAN_POINT('',(95.020588276471,-85.68936360666));
#3106 = CARTESIAN_POINT('',(96.71105509936,-83.47500122752));
#3107 = CARTESIAN_POINT('',(98.401268006572,-81.2609714555));
#3108 = CARTESIAN_POINT('',(100.09122681974,-79.04727452426));
#3109 = CARTESIAN_POINT('',(101.78093136032,-76.83391066768));
#3110 = CARTESIAN_POINT('',(103.47038144957,-74.62088011988));
#3111 = CARTESIAN_POINT('',(105.15957690857,-72.40818311525));
#3112 = CARTESIAN_POINT('',(106.84851755819,-70.19581988842));
#3113 = CARTESIAN_POINT('',(108.74178242684,-67.71580996327));
#3114 = CARTESIAN_POINT('',(108.94635638064,-67.44783613444));
#3115 = CARTESIAN_POINT('',(109.15093565985,-67.17985532978));
#3116 = CARTESIAN_POINT('',(109.3555126164,-66.91187756762));
#3117 = CARTESIAN_POINT('',(109.56008826997,-66.64390151224));
#3118 = CARTESIAN_POINT('',(109.76466640249,-66.37592220964));
#3119 = CARTESIAN_POINT('',(109.96924311922,-66.10794476161));
#3120 = CARTESIAN_POINT('',(113.39590685209,-61.61931762423));
#3121 = CARTESIAN_POINT('',(116.61799356032,-57.39866833822));
#3122 = CARTESIAN_POINT('',(119.84008026856,-53.1780190522));
#3123 = CARTESIAN_POINT('',(123.06216697679,-48.95736976619));
#3124 = CARTESIAN_POINT('',(126.28425368502,-44.73672048017));
#3125 = CARTESIAN_POINT('',(129.50634039325,-40.51607119416));
#3126 = CARTESIAN_POINT('',(132.72842710148,-36.29542190814));
#3127 = CARTESIAN_POINT('',(139.34649091172,-27.62634226354));
#3128 = CARTESIAN_POINT('',(142.74246801373,-23.17791190494));
#3129 = CARTESIAN_POINT('',(146.13844511574,-18.72948154635));
#3130 = CARTESIAN_POINT('',(149.53442221775,-14.28105118776));
#3131 = CARTESIAN_POINT('',(152.93039931976,-9.832620829166));
#3132 = CARTESIAN_POINT('',(156.32637642177,-5.384190470573));
#3133 = CARTESIAN_POINT('',(159.72235352378,-0.935760111979));
#3134 = CARTESIAN_POINT('',(163.3331490459,3.794063422398));
#3135 = CARTESIAN_POINT('',(163.54796579229,4.07545440574));
#3136 = CARTESIAN_POINT('',(163.76279645914,4.356863623699));
#3137 = CARTESIAN_POINT('',(163.97761960056,4.638262983931));
#3138 = CARTESIAN_POINT('',(164.1924565425,4.919680421718));
#3139 = CARTESIAN_POINT('',(164.40729220882,5.201096188479));
#3140 = CARTESIAN_POINT('',(164.62213384249,5.482519771971));
#3141 = CARTESIAN_POINT('',(166.34170458004,7.735005711337));
#3142 = CARTESIAN_POINT('',(167.84663217172,9.706328068709));
#3143 = CARTESIAN_POINT('',(169.3517619562,11.677915280808));
#3144 = CARTESIAN_POINT('',(170.85709380685,13.649767181768));
#3145 = CARTESIAN_POINT('',(172.36262759718,15.621883605883));
#3146 = CARTESIAN_POINT('',(173.8683632008,17.594264387599));
#3147 = CARTESIAN_POINT('',(175.37430049144,19.566909361519));
#3148 = CARTESIAN_POINT('',(176.88043934296,21.5398183624));
#3149 = ( GEOMETRIC_REPRESENTATION_CONTEXT(2) 
PARAMETRIC_REPRESENTATION_CONTEXT() REPRESENTATION_CONTEXT('2D SPACE',''
  ) );
#3150 = PCURVE('',#1053,#3151);
#3151 = DEFINITIONAL_REPRESENTATION('',(#3152),#3197);
#3152 = B_SPLINE_CURVE_WITH_KNOTS('',8,(#3153,#3154,#3155,#3156,#3157,
    #3158,#3159,#3160,#3161,#3162,#3163,#3164,#3165,#3166,#3167,#3168,
    #3169,#3170,#3171,#3172,#3173,#3174,#3175,#3176,#3177,#3178,#3179,
    #3180,#3181,#3182,#3183,#3184,#3185,#3186,#3187,#3188,#3189,#3190,
    #3191,#3192,#3193,#3194,#3195,#3196),.UNSPECIFIED.,.F.,.F.,(9,7,7,7,
    7,7,9),(0.,0.165059457275,0.185055915926,0.499999999916,
    0.831941066216,0.852938573941,1.),.UNSPECIFIED.);
#3153 = CARTESIAN_POINT('',(112.5,7.986574910688E-03));
#3154 = CARTESIAN_POINT('',(109.71709216698,7.986574910688E-03));
#3155 = CARTESIAN_POINT('',(106.93376543805,7.986574910688E-03));
#3156 = CARTESIAN_POINT('',(104.15001966591,7.986574910688E-03));
#3157 = CARTESIAN_POINT('',(101.36585470324,7.986574910687E-03));
#3158 = CARTESIAN_POINT('',(98.581270402715,7.986574910687E-03));
#3159 = CARTESIAN_POINT('',(95.79626661694,7.986574910688E-03));
#3160 = CARTESIAN_POINT('',(93.010843198514,7.986574910688E-03));
#3161 = CARTESIAN_POINT('',(89.887503444233,7.986574910688E-03));
#3162 = CARTESIAN_POINT('',(89.549998239103,7.986574910688E-03));
#3163 = CARTESIAN_POINT('',(89.212501800839,7.986574910688E-03));
#3164 = CARTESIAN_POINT('',(88.875001539027,7.986574910688E-03));
#3165 = CARTESIAN_POINT('',(88.537499132232,7.986574910688E-03));
#3166 = CARTESIAN_POINT('',(88.200000806329,7.986574910688E-03));
#3167 = CARTESIAN_POINT('',(87.862500149771,7.986574910688E-03));
#3168 = CARTESIAN_POINT('',(82.209374999999,7.986574910688E-03));
#3169 = CARTESIAN_POINT('',(76.893749999999,7.986574910688E-03));
#3170 = CARTESIAN_POINT('',(71.578124999999,7.986574910688E-03));
#3171 = CARTESIAN_POINT('',(66.262499999999,7.986574910688E-03));
#3172 = CARTESIAN_POINT('',(60.946874999999,7.986574910688E-03));
#3173 = CARTESIAN_POINT('',(55.631249999998,7.986574910688E-03));
#3174 = CARTESIAN_POINT('',(50.315624999998,7.986574910688E-03));
#3175 = CARTESIAN_POINT('',(39.397499999998,7.986574910688E-03));
#3176 = CARTESIAN_POINT('',(33.794999999998,7.986574910688E-03));
#3177 = CARTESIAN_POINT('',(28.192499999998,7.986574910688E-03));
#3178 = CARTESIAN_POINT('',(22.589999999999,7.986574910688E-03));
#3179 = CARTESIAN_POINT('',(16.987499999999,7.986574910688E-03));
#3180 = CARTESIAN_POINT('',(11.384999999998,7.986574910688E-03));
#3181 = CARTESIAN_POINT('',(5.782499999998,7.986574910688E-03));
#3182 = CARTESIAN_POINT('',(-0.174395852076,7.986574910688E-03));
#3183 = CARTESIAN_POINT('',(-0.528794458507,7.986574910688E-03));
#3184 = CARTESIAN_POINT('',(-0.88317014869,7.986574910688E-03));
#3185 = CARTESIAN_POINT('',(-1.237558227163,7.986574910688E-03));
#3186 = CARTESIAN_POINT('',(-1.591923586468,7.986574910688E-03));
#3187 = CARTESIAN_POINT('',(-1.946291044312,7.986574910688E-03));
#3188 = CARTESIAN_POINT('',(-2.300648677328,7.986574910688E-03));
#3189 = CARTESIAN_POINT('',(-5.136790292467,7.986574910688E-03));
#3190 = CARTESIAN_POINT('',(-7.618247435748,7.986574910688E-03));
#3191 = CARTESIAN_POINT('',(-10.0993715341,7.986574910688E-03));
#3192 = CARTESIAN_POINT('',(-12.58016269179,7.986574910688E-03));
#3193 = CARTESIAN_POINT('',(-15.06062101303,7.986574910688E-03));
#3194 = CARTESIAN_POINT('',(-17.54074660202,7.986574910688E-03));
#3195 = CARTESIAN_POINT('',(-20.02053956295,7.986574910688E-03));
#3196 = CARTESIAN_POINT('',(-22.5,7.986574910688E-03));
#3197 = ( GEOMETRIC_REPRESENTATION_CONTEXT(2) 
PARAMETRIC_REPRESENTATION_CONTEXT() REPRESENTATION_CONTEXT('2D SPACE',''
  ) );
#3198 = ORIENTED_EDGE('',*,*,#3199,.F.);
#3199 = EDGE_CURVE('',#3200,#3054,#3202,.T.);
#3200 = VERTEX_POINT('',#3201);
#3201 = CARTESIAN_POINT('',(-50.4305199215,293.33300000404,
    371.77556240409));
#3202 = SURFACE_CURVE('',#3203,(#3248,#3296),.PCURVE_S1.);
#3203 = B_SPLINE_CURVE_WITH_KNOTS('',8,(#3204,#3205,#3206,#3207,#3208,
    #3209,#3210,#3211,#3212,#3213,#3214,#3215,#3216,#3217,#3218,#3219,
    #3220,#3221,#3222,#3223,#3224,#3225,#3226,#3227,#3228,#3229,#3230,
    #3231,#3232,#3233,#3234,#3235,#3236,#3237,#3238,#3239,#3240,#3241,
    #3242,#3243,#3244,#3245,#3246,#3247),.UNSPECIFIED.,.F.,.F.,(9,7,7,7,
    7,7,9),(0.,0.166034049824,0.186034049185,0.500021570699,
    0.83198296062,0.841981492898,1.),.UNSPECIFIED.);
#3204 = CARTESIAN_POINT('',(-54.01881751314,293.333,411.71051210213));
#3205 = CARTESIAN_POINT('',(-53.64504915169,293.333,407.55101140772));
#3206 = CARTESIAN_POINT('',(-53.27130047465,293.333,403.39168471697));
#3207 = CARTESIAN_POINT('',(-52.89757396204,293.333,399.23255171238));
#3208 = CARTESIAN_POINT('',(-52.5238718587,293.333,395.0736299537));
#3209 = CARTESIAN_POINT('',(-52.15019617438,293.333,390.91493487794));
#3210 = CARTESIAN_POINT('',(-51.77654868367,293.333,386.75647979931));
#3211 = CARTESIAN_POINT('',(-51.40293092606,293.333,382.59827590929));
#3212 = CARTESIAN_POINT('',(-50.98434298973,293.333,377.93947796335));
#3213 = CARTESIAN_POINT('',(-50.93934240787,293.333,377.43862953135));
#3214 = CARTESIAN_POINT('',(-50.89434058775,293.333,376.93777087672));
#3215 = CARTESIAN_POINT('',(-50.84934038597,293.333,376.43692617943));
#3216 = CARTESIAN_POINT('',(-50.8043387498,293.333,375.93606987107));
#3217 = CARTESIAN_POINT('',(-50.75933795332,293.333,375.43522085642));
#3218 = CARTESIAN_POINT('',(-50.71433686011,293.333,374.93436974002));
#3219 = CARTESIAN_POINT('',(-49.96284746631,293.333,366.57048069387));
#3220 = CARTESIAN_POINT('',(-49.25635912106,293.333,358.70752651049));
#3221 = CARTESIAN_POINT('',(-48.54987077923,293.333,350.84465679714));
#3222 = CARTESIAN_POINT('',(-47.84338244045,293.333,342.98187153641));
#3223 = CARTESIAN_POINT('',(-47.13689410433,293.333,335.11917070972));
#3224 = CARTESIAN_POINT('',(-46.4304057704,293.333,327.25655429728));
#3225 = CARTESIAN_POINT('',(-45.72391743815,293.333,319.39402227814));
#3226 = CARTESIAN_POINT('',(-44.27049863269,293.333,303.21904986226));
#3227 = CARTESIAN_POINT('',(-43.52356815962,293.333,294.90661940147));
#3228 = CARTESIAN_POINT('',(-42.77663768711,293.333,286.59428322163));
#3229 = CARTESIAN_POINT('',(-42.02970721444,293.333,278.28204129511));
#3230 = CARTESIAN_POINT('',(-41.28277674078,293.333,269.96989359282));
#3231 = CARTESIAN_POINT('',(-40.53584626529,293.333,261.6578400842));
#3232 = CARTESIAN_POINT('',(-39.78891578701,293.333,253.34588073722));
#3233 = CARTESIAN_POINT('',(-39.01948808461,293.333,244.78366576325));
#3234 = CARTESIAN_POINT('',(-38.99699093391,293.333,244.53331673405));
#3235 = CARTESIAN_POINT('',(-38.97449365233,293.333,244.2829668778));
#3236 = CARTESIAN_POINT('',(-38.95199617295,293.333,244.03261565173));
#3237 = CARTESIAN_POINT('',(-38.9294985104,293.333,243.78226313691));
#3238 = CARTESIAN_POINT('',(-38.90700070889,293.333,243.53190965196));
#3239 = CARTESIAN_POINT('',(-38.88450279015,293.333,243.28155536664));
#3240 = CARTESIAN_POINT('',(-38.50644107568,293.333,239.07453972605));
#3241 = CARTESIAN_POINT('',(-38.15083956117,293.333,235.1176187304));
#3242 = CARTESIAN_POINT('',(-37.79519900399,293.333,231.16042881806));
#3243 = CARTESIAN_POINT('',(-37.43951805981,293.333,227.20296015547));
#3244 = CARTESIAN_POINT('',(-37.08379519384,293.333,223.24520118612));
#3245 = CARTESIAN_POINT('',(-36.7280286809,293.333,219.28713863053));
#3246 = CARTESIAN_POINT('',(-36.37221660534,293.333,215.32875748626));
#3247 = CARTESIAN_POINT('',(-36.01635686109,293.333,211.37004102789));
#3248 = PCURVE('',#71,#3249);
#3249 = DEFINITIONAL_REPRESENTATION('',(#3250),#3295);
#3250 = B_SPLINE_CURVE_WITH_KNOTS('',8,(#3251,#3252,#3253,#3254,#3255,
    #3256,#3257,#3258,#3259,#3260,#3261,#3262,#3263,#3264,#3265,#3266,
    #3267,#3268,#3269,#3270,#3271,#3272,#3273,#3274,#3275,#3276,#3277,
    #3278,#3279,#3280,#3281,#3282,#3283,#3284,#3285,#3286,#3287,#3288,
    #3289,#3290,#3291,#3292,#3293,#3294),.UNSPECIFIED.,.F.,.F.,(9,7,7,7,
    7,7,9),(0.,0.166034049824,0.186034049185,0.500021570699,
    0.83198296062,0.841981492898,1.),.UNSPECIFIED.);
#3251 = CARTESIAN_POINT('',(-25.16242888867,22.959856249637));
#3252 = CARTESIAN_POINT('',(-21.62942830979,20.732962510717));
#3253 = CARTESIAN_POINT('',(-18.09657798301,18.506158710967));
#3254 = CARTESIAN_POINT('',(-14.56389505792,16.279454822503));
#3255 = CARTESIAN_POINT('',(-11.03139485415,14.052859716247));
#3256 = CARTESIAN_POINT('',(-7.499090861388,11.826381161918));
#3257 = CARTESIAN_POINT('',(-3.966994739313,9.600025828039));
#3258 = CARTESIAN_POINT('',(-0.435116317677,7.373799281933));
#3259 = CARTESIAN_POINT('',(3.521949457545,4.879556989754));
#3260 = CARTESIAN_POINT('',(3.947357451751,4.611411054346));
#3261 = CARTESIAN_POINT('',(4.372774322821,4.343259900074));
#3262 = CARTESIAN_POINT('',(4.798179117834,4.075115928777));
#3263 = CARTESIAN_POINT('',(5.223594012347,3.806966052012));
#3264 = CARTESIAN_POINT('',(5.649002599898,3.538819933637));
#3265 = CARTESIAN_POINT('',(6.074413038091,3.270672775787));
#3266 = CARTESIAN_POINT('',(13.178491833958,-1.207210736249));
#3267 = CARTESIAN_POINT('',(19.857093652563,-5.416896237623));
#3268 = CARTESIAN_POINT('',(26.535628327706,-9.626530485294));
#3269 = CARTESIAN_POINT('',(33.214095873443,-13.83611348954));
#3270 = CARTESIAN_POINT('',(39.892496304799,-18.04564526132));
#3271 = CARTESIAN_POINT('',(46.570829637774,-22.25512581227));
#3272 = CARTESIAN_POINT('',(53.249095889335,-26.46455515469));
#3273 = CARTESIAN_POINT('',(66.987780392107,-35.12427264499));
#3274 = CARTESIAN_POINT('',(74.048190745608,-39.57455476384));
#3275 = CARTESIAN_POINT('',(81.108526159126,-44.02477967345));
#3276 = CARTESIAN_POINT('',(88.168786655067,-48.47494739));
#3277 = CARTESIAN_POINT('',(95.228972257045,-52.92505793051));
#3278 = CARTESIAN_POINT('',(102.28908298987,-57.37511131283));
#3279 = CARTESIAN_POINT('',(109.34911887959,-61.82510755565));
#3280 = CARTESIAN_POINT('',(116.62172290173,-66.40907690403));
#3281 = CARTESIAN_POINT('',(116.83436523077,-66.54310674441));
#3282 = CARTESIAN_POINT('',(117.04700829661,-66.67713698261));
#3283 = CARTESIAN_POINT('',(117.25965257128,-66.81116789479));
#3284 = CARTESIAN_POINT('',(117.47229798147,-66.9451994434));
#3285 = CARTESIAN_POINT('',(117.6849442471,-67.07923147024));
#3286 = CARTESIAN_POINT('',(117.89759122003,-67.21326388955));
#3287 = CARTESIAN_POINT('',(121.47096447537,-69.46557710892));
#3288 = CARTESIAN_POINT('',(124.83192002186,-71.58398547783));
#3289 = CARTESIAN_POINT('',(128.19311300908,-73.70252599216));
#3290 = CARTESIAN_POINT('',(131.55455206903,-75.82120355037));
#3291 = CARTESIAN_POINT('',(134.91624731877,-77.94002394501));
#3292 = CARTESIAN_POINT('',(138.27821036038,-80.0589938628));
#3293 = CARTESIAN_POINT('',(141.64045428106,-82.17812088456));
#3294 = CARTESIAN_POINT('',(145.00299365301,-84.29741348526));
#3295 = ( GEOMETRIC_REPRESENTATION_CONTEXT(2) 
PARAMETRIC_REPRESENTATION_CONTEXT() REPRESENTATION_CONTEXT('2D SPACE',''
  ) );
#3296 = PCURVE('',#1388,#3297);
#3297 = DEFINITIONAL_REPRESENTATION('',(#3298),#3343);
#3298 = B_SPLINE_CURVE_WITH_KNOTS('',8,(#3299,#3300,#3301,#3302,#3303,
    #3304,#3305,#3306,#3307,#3308,#3309,#3310,#3311,#3312,#3313,#3314,
    #3315,#3316,#3317,#3318,#3319,#3320,#3321,#3322,#3323,#3324,#3325,
    #3326,#3327,#3328,#3329,#3330,#3331,#3332,#3333,#3334,#3335,#3336,
    #3337,#3338,#3339,#3340,#3341,#3342),.UNSPECIFIED.,.F.,.F.,(9,7,7,7,
    7,7,9),(0.,0.166034049824,0.186034049185,0.500021570699,
    0.83198296062,0.841981492898,1.),.UNSPECIFIED.);
#3299 = CARTESIAN_POINT('',(167.68599431396,1.852294465995E-03));
#3300 = CARTESIAN_POINT('',(163.51134599016,1.89065407276E-03));
#3301 = CARTESIAN_POINT('',(159.33652253041,1.927291842122E-03));
#3302 = CARTESIAN_POINT('',(155.16150412034,1.96220806931E-03));
#3303 = CARTESIAN_POINT('',(150.98627308753,1.995402886348E-03));
#3304 = CARTESIAN_POINT('',(146.81081390142,2.026876262054E-03));
#3305 = CARTESIAN_POINT('',(142.6351131734,2.056628002039E-03));
#3306 = CARTESIAN_POINT('',(138.45915965674,2.084657748709E-03));
#3307 = CARTESIAN_POINT('',(133.77988896596,2.114133877249E-03));
#3308 = CARTESIAN_POINT('',(133.27682777292,2.117277569658E-03));
#3309 = CARTESIAN_POINT('',(132.77377686889,2.120473900113E-03));
#3310 = CARTESIAN_POINT('',(132.27071192312,2.123598621283E-03));
#3311 = CARTESIAN_POINT('',(131.767658667,2.126788379934E-03));
#3312 = CARTESIAN_POINT('',(131.26459807294,2.12993935997E-03));
#3313 = CARTESIAN_POINT('',(130.76153959864,2.133104180926E-03));
#3314 = CARTESIAN_POINT('',(122.36076431729,2.185916176086E-03));
#3315 = CARTESIAN_POINT('',(114.46296413587,2.235559181917E-03));
#3316 = CARTESIAN_POINT('',(106.56507985711,2.285195462348E-03));
#3317 = CARTESIAN_POINT('',(98.66711150046,2.334824768553E-03));
#3318 = CARTESIAN_POINT('',(90.76905908657,2.384446851926E-03));
#3319 = CARTESIAN_POINT('',(82.870922637263,2.434061464081E-03));
#3320 = CARTESIAN_POINT('',(74.972702175541,2.483668356853E-03));
#3321 = CARTESIAN_POINT('',(58.723963572715,2.585705443378E-03));
#3322 = CARTESIAN_POINT('',(50.373435540762,2.638134698892E-03));
#3323 = CARTESIAN_POINT('',(42.022813658299,2.690554755832E-03));
#3324 = CARTESIAN_POINT('',(33.672097955365,2.742965321528E-03));
#3325 = CARTESIAN_POINT('',(25.321288463461,2.795366103655E-03));
#3326 = CARTESIAN_POINT('',(16.970385215552,2.84775681023E-03));
#3327 = CARTESIAN_POINT('',(8.619388246068,2.900137149614E-03));
#3328 = CARTESIAN_POINT('',(1.676638272423E-02,2.954084182455E-03));
#3329 = CARTESIAN_POINT('',(-0.234765554192,2.955660954777E-03));
#3330 = CARTESIAN_POINT('',(-0.486296656238,2.957244329055E-03));
#3331 = CARTESIAN_POINT('',(-0.737826377202,2.958836227915E-03));
#3332 = CARTESIAN_POINT('',(-0.989354799088,2.960435496059E-03));
#3333 = CARTESIAN_POINT('',(-1.240882242943,2.962040081294E-03));
#3334 = CARTESIAN_POINT('',(-1.492408879674,2.963649215564E-03));
#3335 = CARTESIAN_POINT('',(-5.719085570079,2.990811147362E-03));
#3336 = CARTESIAN_POINT('',(-9.693973814052,3.017908020286E-03));
#3337 = CARTESIAN_POINT('',(-13.66859086069,3.046554352536E-03));
#3338 = CARTESIAN_POINT('',(-17.64292675722,3.076748080421E-03));
#3339 = CARTESIAN_POINT('',(-21.61696981019,3.108486938773E-03));
#3340 = CARTESIAN_POINT('',(-25.59070658543,3.141768460948E-03));
#3341 = CARTESIAN_POINT('',(-29.56412190814,3.176589978823E-03));
#3342 = CARTESIAN_POINT('',(-33.53719886279,3.2129486228E-03));
#3343 = ( GEOMETRIC_REPRESENTATION_CONTEXT(2) 
PARAMETRIC_REPRESENTATION_CONTEXT() REPRESENTATION_CONTEXT('2D SPACE',''
  ) );
#3344 = ORIENTED_EDGE('',*,*,#3345,.T.);
#3345 = EDGE_CURVE('',#3200,#3346,#3348,.T.);
#3346 = VERTEX_POINT('',#3347);
#3347 = CARTESIAN_POINT('',(-20.,293.333,371.7755624078));
#3348 = SURFACE_CURVE('',#3349,(#3353,#3359),.PCURVE_S1.);
#3349 = LINE('',#3350,#3351);
#3350 = CARTESIAN_POINT('',(-28.5,293.333,371.7755624078));
#3351 = VECTOR('',#3352,1.);
#3352 = DIRECTION('',(1.,0.,1.098462835488E-16));
#3353 = PCURVE('',#71,#3354);
#3354 = DEFINITIONAL_REPRESENTATION('',(#3355),#3358);
#3355 = B_SPLINE_CURVE_WITH_KNOTS('',1,(#3356,#3357),.UNSPECIFIED.,.F.,
  .F.,(2,2),(-9.9999715E+06,1.00000285E+07),.PIECEWISE_BEZIER_KNOTS.);
#3356 = CARTESIAN_POINT('',(-6.067961094274E+06,-7.94850351712E+06));
#3357 = CARTESIAN_POINT('',(6.068039811608E+06,7.948586845976E+06));
#3358 = ( GEOMETRIC_REPRESENTATION_CONTEXT(2) 
PARAMETRIC_REPRESENTATION_CONTEXT() REPRESENTATION_CONTEXT('2D SPACE',''
  ) );
#3359 = PCURVE('',#1696,#3360);
#3360 = DEFINITIONAL_REPRESENTATION('',(#3361),#3364);
#3361 = B_SPLINE_CURVE_WITH_KNOTS('',1,(#3362,#3363),.UNSPECIFIED.,.F.,
  .F.,(2,2),(-9.9999715E+06,1.00000285E+07),.PIECEWISE_BEZIER_KNOTS.);
#3362 = CARTESIAN_POINT('',(-1.E+07,-63.18818329185));
#3363 = CARTESIAN_POINT('',(1.E+07,-63.18818328675));
#3364 = ( GEOMETRIC_REPRESENTATION_CONTEXT(2) 
PARAMETRIC_REPRESENTATION_CONTEXT() REPRESENTATION_CONTEXT('2D SPACE',''
  ) );
#3365 = ORIENTED_EDGE('',*,*,#3366,.T.);
#3366 = EDGE_CURVE('',#3346,#56,#3367,.T.);
#3367 = SURFACE_CURVE('',#3368,(#3372,#3378),.PCURVE_S1.);
#3368 = LINE('',#3369,#3370);
#3369 = CARTESIAN_POINT('',(-20.,293.333,345.904));
#3370 = VECTOR('',#3371,1.);
#3371 = DIRECTION('',(0.,0.,1.));
#3372 = PCURVE('',#71,#3373);
#3373 = DEFINITIONAL_REPRESENTATION('',(#3374),#3377);
#3374 = B_SPLINE_CURVE_WITH_KNOTS('',1,(#3375,#3376),.UNSPECIFIED.,.F.,
  .F.,(2,2),(-31.874,39.874),.PIECEWISE_BEZIER_KNOTS.);
#3375 = CARTESIAN_POINT('',(73.121987499213,-9.27267211568));
#3376 = CARTESIAN_POINT('',(16.092765530643,34.26401753408));
#3377 = ( GEOMETRIC_REPRESENTATION_CONTEXT(2) 
PARAMETRIC_REPRESENTATION_CONTEXT() REPRESENTATION_CONTEXT('2D SPACE',''
  ) );
#3378 = PCURVE('',#103,#3379);
#3379 = DEFINITIONAL_REPRESENTATION('',(#3380),#3383);
#3380 = B_SPLINE_CURVE_WITH_KNOTS('',1,(#3381,#3382),.UNSPECIFIED.,.F.,
  .F.,(2,2),(-31.874,39.874),.PIECEWISE_BEZIER_KNOTS.);
#3381 = CARTESIAN_POINT('',(0.,-30.003));
#3382 = CARTESIAN_POINT('',(71.748,-30.003));
#3383 = ( GEOMETRIC_REPRESENTATION_CONTEXT(2) 
PARAMETRIC_REPRESENTATION_CONTEXT() REPRESENTATION_CONTEXT('2D SPACE',''
  ) );
#3384 = ADVANCED_FACE('',(#3385,#3649,#3680),#162,.T.);
#3385 = FACE_BOUND('',#3386,.T.);
#3386 = EDGE_LOOP('',(#3387,#3410,#3438,#3466,#3494,#3520,#3546,#3572,
    #3600,#3628,#3647,#3648));
#3387 = ORIENTED_EDGE('',*,*,#3388,.T.);
#3388 = EDGE_CURVE('',#118,#3389,#3391,.T.);
#3389 = VERTEX_POINT('',#3390);
#3390 = CARTESIAN_POINT('',(20.,331.33,385.778));
#3391 = SURFACE_CURVE('',#3392,(#3396,#3403),.PCURVE_S1.);
#3392 = LINE('',#3393,#3394);
#3393 = CARTESIAN_POINT('',(20.,331.33,314.03));
#3394 = VECTOR('',#3395,1.);
#3395 = DIRECTION('',(0.,0.,1.));
#3396 = PCURVE('',#162,#3397);
#3397 = DEFINITIONAL_REPRESENTATION('',(#3398),#3402);
#3398 = LINE('',#3399,#3400);
#3399 = CARTESIAN_POINT('',(0.,-68.));
#3400 = VECTOR('',#3401,1.);
#3401 = DIRECTION('',(1.,0.));
#3402 = ( GEOMETRIC_REPRESENTATION_CONTEXT(2) 
PARAMETRIC_REPRESENTATION_CONTEXT() REPRESENTATION_CONTEXT('2D SPACE',''
  ) );
#3403 = PCURVE('',#131,#3404);
#3404 = DEFINITIONAL_REPRESENTATION('',(#3405),#3409);
#3405 = LINE('',#3406,#3407);
#3406 = CARTESIAN_POINT('',(0.,40.));
#3407 = VECTOR('',#3408,1.);
#3408 = DIRECTION('',(1.,0.));
#3409 = ( GEOMETRIC_REPRESENTATION_CONTEXT(2) 
PARAMETRIC_REPRESENTATION_CONTEXT() REPRESENTATION_CONTEXT('2D SPACE',''
  ) );
#3410 = ORIENTED_EDGE('',*,*,#3411,.F.);
#3411 = EDGE_CURVE('',#3412,#3389,#3414,.T.);
#3412 = VERTEX_POINT('',#3413);
#3413 = CARTESIAN_POINT('',(20.,263.33,385.778));
#3414 = SURFACE_CURVE('',#3415,(#3419,#3426),.PCURVE_S1.);
#3415 = LINE('',#3416,#3417);
#3416 = CARTESIAN_POINT('',(20.,263.33,385.778));
#3417 = VECTOR('',#3418,1.);
#3418 = DIRECTION('',(-0.,1.,0.));
#3419 = PCURVE('',#162,#3420);
#3420 = DEFINITIONAL_REPRESENTATION('',(#3421),#3425);
#3421 = LINE('',#3422,#3423);
#3422 = CARTESIAN_POINT('',(71.748,0.));
#3423 = VECTOR('',#3424,1.);
#3424 = DIRECTION('',(0.,-1.));
#3425 = ( GEOMETRIC_REPRESENTATION_CONTEXT(2) 
PARAMETRIC_REPRESENTATION_CONTEXT() REPRESENTATION_CONTEXT('2D SPACE',''
  ) );
#3426 = PCURVE('',#3427,#3432);
#3427 = PLANE('',#3428);
#3428 = AXIS2_PLACEMENT_3D('',#3429,#3430,#3431);
#3429 = CARTESIAN_POINT('',(-20.,263.33,385.778));
#3430 = DIRECTION('',(0.,0.,1.));
#3431 = DIRECTION('',(1.,0.,-0.));
#3432 = DEFINITIONAL_REPRESENTATION('',(#3433),#3437);
#3433 = LINE('',#3434,#3435);
#3434 = CARTESIAN_POINT('',(40.,0.));
#3435 = VECTOR('',#3436,1.);
#3436 = DIRECTION('',(0.,1.));
#3437 = ( GEOMETRIC_REPRESENTATION_CONTEXT(2) 
PARAMETRIC_REPRESENTATION_CONTEXT() REPRESENTATION_CONTEXT('2D SPACE',''
  ) );
#3438 = ORIENTED_EDGE('',*,*,#3439,.F.);
#3439 = EDGE_CURVE('',#3440,#3412,#3442,.T.);
#3440 = VERTEX_POINT('',#3441);
#3441 = CARTESIAN_POINT('',(20.,263.33,314.03));
#3442 = SURFACE_CURVE('',#3443,(#3447,#3454),.PCURVE_S1.);
#3443 = LINE('',#3444,#3445);
#3444 = CARTESIAN_POINT('',(20.,263.33,314.03));
#3445 = VECTOR('',#3446,1.);
#3446 = DIRECTION('',(0.,0.,1.));
#3447 = PCURVE('',#162,#3448);
#3448 = DEFINITIONAL_REPRESENTATION('',(#3449),#3453);
#3449 = LINE('',#3450,#3451);
#3450 = CARTESIAN_POINT('',(0.,0.));
#3451 = VECTOR('',#3452,1.);
#3452 = DIRECTION('',(1.,0.));
#3453 = ( GEOMETRIC_REPRESENTATION_CONTEXT(2) 
PARAMETRIC_REPRESENTATION_CONTEXT() REPRESENTATION_CONTEXT('2D SPACE',''
  ) );
#3454 = PCURVE('',#3455,#3460);
#3455 = PLANE('',#3456);
#3456 = AXIS2_PLACEMENT_3D('',#3457,#3458,#3459);
#3457 = CARTESIAN_POINT('',(-20.,263.33,314.03));
#3458 = DIRECTION('',(-0.,1.,0.));
#3459 = DIRECTION('',(0.,0.,1.));
#3460 = DEFINITIONAL_REPRESENTATION('',(#3461),#3465);
#3461 = LINE('',#3462,#3463);
#3462 = CARTESIAN_POINT('',(0.,40.));
#3463 = VECTOR('',#3464,1.);
#3464 = DIRECTION('',(1.,0.));
#3465 = ( GEOMETRIC_REPRESENTATION_CONTEXT(2) 
PARAMETRIC_REPRESENTATION_CONTEXT() REPRESENTATION_CONTEXT('2D SPACE',''
  ) );
#3466 = ORIENTED_EDGE('',*,*,#3467,.T.);
#3467 = EDGE_CURVE('',#3440,#3468,#3470,.T.);
#3468 = VERTEX_POINT('',#3469);
#3469 = CARTESIAN_POINT('',(20.,278.33,314.03));
#3470 = SURFACE_CURVE('',#3471,(#3475,#3482),.PCURVE_S1.);
#3471 = LINE('',#3472,#3473);
#3472 = CARTESIAN_POINT('',(20.,263.33,314.03));
#3473 = VECTOR('',#3474,1.);
#3474 = DIRECTION('',(-0.,1.,0.));
#3475 = PCURVE('',#162,#3476);
#3476 = DEFINITIONAL_REPRESENTATION('',(#3477),#3481);
#3477 = LINE('',#3478,#3479);
#3478 = CARTESIAN_POINT('',(0.,0.));
#3479 = VECTOR('',#3480,1.);
#3480 = DIRECTION('',(0.,-1.));
#3481 = ( GEOMETRIC_REPRESENTATION_CONTEXT(2) 
PARAMETRIC_REPRESENTATION_CONTEXT() REPRESENTATION_CONTEXT('2D SPACE',''
  ) );
#3482 = PCURVE('',#3483,#3488);
#3483 = PLANE('',#3484);
#3484 = AXIS2_PLACEMENT_3D('',#3485,#3486,#3487);
#3485 = CARTESIAN_POINT('',(-20.,263.33,314.03));
#3486 = DIRECTION('',(0.,0.,1.));
#3487 = DIRECTION('',(1.,0.,-0.));
#3488 = DEFINITIONAL_REPRESENTATION('',(#3489),#3493);
#3489 = LINE('',#3490,#3491);
#3490 = CARTESIAN_POINT('',(40.,0.));
#3491 = VECTOR('',#3492,1.);
#3492 = DIRECTION('',(0.,1.));
#3493 = ( GEOMETRIC_REPRESENTATION_CONTEXT(2) 
PARAMETRIC_REPRESENTATION_CONTEXT() REPRESENTATION_CONTEXT('2D SPACE',''
  ) );
#3494 = ORIENTED_EDGE('',*,*,#3495,.T.);
#3495 = EDGE_CURVE('',#3468,#3496,#3498,.T.);
#3496 = VERTEX_POINT('',#3497);
#3497 = CARTESIAN_POINT('',(20.,278.33,345.03));
#3498 = SURFACE_CURVE('',#3499,(#3503,#3509),.PCURVE_S1.);
#3499 = LINE('',#3500,#3501);
#3500 = CARTESIAN_POINT('',(20.,278.33,313.53));
#3501 = VECTOR('',#3502,1.);
#3502 = DIRECTION('',(0.,0.,1.));
#3503 = PCURVE('',#162,#3504);
#3504 = DEFINITIONAL_REPRESENTATION('',(#3505),#3508);
#3505 = B_SPLINE_CURVE_WITH_KNOTS('',1,(#3506,#3507),.UNSPECIFIED.,.F.,
  .F.,(2,2),(0.5,31.5),.PIECEWISE_BEZIER_KNOTS.);
#3506 = CARTESIAN_POINT('',(0.,-15.));
#3507 = CARTESIAN_POINT('',(31.,-15.));
#3508 = ( GEOMETRIC_REPRESENTATION_CONTEXT(2) 
PARAMETRIC_REPRESENTATION_CONTEXT() REPRESENTATION_CONTEXT('2D SPACE',''
  ) );
#3509 = PCURVE('',#3510,#3515);
#3510 = PLANE('',#3511);
#3511 = AXIS2_PLACEMENT_3D('',#3512,#3513,#3514);
#3512 = CARTESIAN_POINT('',(-21.,278.33,313.03));
#3513 = DIRECTION('',(-0.,1.,0.));
#3514 = DIRECTION('',(0.,0.,1.));
#3515 = DEFINITIONAL_REPRESENTATION('',(#3516),#3519);
#3516 = B_SPLINE_CURVE_WITH_KNOTS('',1,(#3517,#3518),.UNSPECIFIED.,.F.,
  .F.,(2,2),(0.5,31.5),.PIECEWISE_BEZIER_KNOTS.);
#3517 = CARTESIAN_POINT('',(1.,41.));
#3518 = CARTESIAN_POINT('',(32.,41.));
#3519 = ( GEOMETRIC_REPRESENTATION_CONTEXT(2) 
PARAMETRIC_REPRESENTATION_CONTEXT() REPRESENTATION_CONTEXT('2D SPACE',''
  ) );
#3520 = ORIENTED_EDGE('',*,*,#3521,.F.);
#3521 = EDGE_CURVE('',#3522,#3496,#3524,.T.);
#3522 = VERTEX_POINT('',#3523);
#3523 = CARTESIAN_POINT('',(20.,308.33,345.03));
#3524 = SURFACE_CURVE('',#3525,(#3529,#3535),.PCURVE_S1.);
#3525 = LINE('',#3526,#3527);
#3526 = CARTESIAN_POINT('',(20.,270.83,345.03));
#3527 = VECTOR('',#3528,1.);
#3528 = DIRECTION('',(0.,-1.,0.));
#3529 = PCURVE('',#162,#3530);
#3530 = DEFINITIONAL_REPRESENTATION('',(#3531),#3534);
#3531 = B_SPLINE_CURVE_WITH_KNOTS('',1,(#3532,#3533),.UNSPECIFIED.,.F.,
  .F.,(2,2),(-37.5,-7.5),.PIECEWISE_BEZIER_KNOTS.);
#3532 = CARTESIAN_POINT('',(31.,-45.));
#3533 = CARTESIAN_POINT('',(31.,-15.));
#3534 = ( GEOMETRIC_REPRESENTATION_CONTEXT(2) 
PARAMETRIC_REPRESENTATION_CONTEXT() REPRESENTATION_CONTEXT('2D SPACE',''
  ) );
#3535 = PCURVE('',#3536,#3541);
#3536 = PLANE('',#3537);
#3537 = AXIS2_PLACEMENT_3D('',#3538,#3539,#3540);
#3538 = CARTESIAN_POINT('',(-21.,278.33,345.03));
#3539 = DIRECTION('',(0.,0.,1.));
#3540 = DIRECTION('',(1.,0.,-0.));
#3541 = DEFINITIONAL_REPRESENTATION('',(#3542),#3545);
#3542 = B_SPLINE_CURVE_WITH_KNOTS('',1,(#3543,#3544),.UNSPECIFIED.,.F.,
  .F.,(2,2),(-37.5,-7.5),.PIECEWISE_BEZIER_KNOTS.);
#3543 = CARTESIAN_POINT('',(41.,30.));
#3544 = CARTESIAN_POINT('',(41.,0.));
#3545 = ( GEOMETRIC_REPRESENTATION_CONTEXT(2) 
PARAMETRIC_REPRESENTATION_CONTEXT() REPRESENTATION_CONTEXT('2D SPACE',''
  ) );
#3546 = ORIENTED_EDGE('',*,*,#3547,.F.);
#3547 = EDGE_CURVE('',#3548,#3522,#3550,.T.);
#3548 = VERTEX_POINT('',#3549);
#3549 = CARTESIAN_POINT('',(20.,308.33,314.03));
#3550 = SURFACE_CURVE('',#3551,(#3555,#3561),.PCURVE_S1.);
#3551 = LINE('',#3552,#3553);
#3552 = CARTESIAN_POINT('',(20.,308.33,313.53));
#3553 = VECTOR('',#3554,1.);
#3554 = DIRECTION('',(0.,0.,1.));
#3555 = PCURVE('',#162,#3556);
#3556 = DEFINITIONAL_REPRESENTATION('',(#3557),#3560);
#3557 = B_SPLINE_CURVE_WITH_KNOTS('',1,(#3558,#3559),.UNSPECIFIED.,.F.,
  .F.,(2,2),(0.5,31.5),.PIECEWISE_BEZIER_KNOTS.);
#3558 = CARTESIAN_POINT('',(0.,-45.));
#3559 = CARTESIAN_POINT('',(31.,-45.));
#3560 = ( GEOMETRIC_REPRESENTATION_CONTEXT(2) 
PARAMETRIC_REPRESENTATION_CONTEXT() REPRESENTATION_CONTEXT('2D SPACE',''
  ) );
#3561 = PCURVE('',#3562,#3567);
#3562 = PLANE('',#3563);
#3563 = AXIS2_PLACEMENT_3D('',#3564,#3565,#3566);
#3564 = CARTESIAN_POINT('',(-21.,308.33,313.03));
#3565 = DIRECTION('',(-0.,1.,0.));
#3566 = DIRECTION('',(0.,0.,1.));
#3567 = DEFINITIONAL_REPRESENTATION('',(#3568),#3571);
#3568 = B_SPLINE_CURVE_WITH_KNOTS('',1,(#3569,#3570),.UNSPECIFIED.,.F.,
  .F.,(2,2),(0.5,31.5),.PIECEWISE_BEZIER_KNOTS.);
#3569 = CARTESIAN_POINT('',(1.,41.));
#3570 = CARTESIAN_POINT('',(32.,41.));
#3571 = ( GEOMETRIC_REPRESENTATION_CONTEXT(2) 
PARAMETRIC_REPRESENTATION_CONTEXT() REPRESENTATION_CONTEXT('2D SPACE',''
  ) );
#3572 = ORIENTED_EDGE('',*,*,#3573,.T.);
#3573 = EDGE_CURVE('',#3548,#3574,#3576,.T.);
#3574 = VERTEX_POINT('',#3575);
#3575 = CARTESIAN_POINT('',(20.,331.33,314.03));
#3576 = SURFACE_CURVE('',#3577,(#3581,#3588),.PCURVE_S1.);
#3577 = LINE('',#3578,#3579);
#3578 = CARTESIAN_POINT('',(20.,263.33,314.03));
#3579 = VECTOR('',#3580,1.);
#3580 = DIRECTION('',(-0.,1.,0.));
#3581 = PCURVE('',#162,#3582);
#3582 = DEFINITIONAL_REPRESENTATION('',(#3583),#3587);
#3583 = LINE('',#3584,#3585);
#3584 = CARTESIAN_POINT('',(0.,0.));
#3585 = VECTOR('',#3586,1.);
#3586 = DIRECTION('',(0.,-1.));
#3587 = ( GEOMETRIC_REPRESENTATION_CONTEXT(2) 
PARAMETRIC_REPRESENTATION_CONTEXT() REPRESENTATION_CONTEXT('2D SPACE',''
  ) );
#3588 = PCURVE('',#3589,#3594);
#3589 = PLANE('',#3590);
#3590 = AXIS2_PLACEMENT_3D('',#3591,#3592,#3593);
#3591 = CARTESIAN_POINT('',(-20.,263.33,314.03));
#3592 = DIRECTION('',(0.,0.,1.));
#3593 = DIRECTION('',(1.,0.,-0.));
#3594 = DEFINITIONAL_REPRESENTATION('',(#3595),#3599);
#3595 = LINE('',#3596,#3597);
#3596 = CARTESIAN_POINT('',(40.,0.));
#3597 = VECTOR('',#3598,1.);
#3598 = DIRECTION('',(0.,1.));
#3599 = ( GEOMETRIC_REPRESENTATION_CONTEXT(2) 
PARAMETRIC_REPRESENTATION_CONTEXT() REPRESENTATION_CONTEXT('2D SPACE',''
  ) );
#3600 = ORIENTED_EDGE('',*,*,#3601,.T.);
#3601 = EDGE_CURVE('',#3574,#3602,#3604,.T.);
#3602 = VERTEX_POINT('',#3603);
#3603 = CARTESIAN_POINT('',(20.,331.33,370.69235078204));
#3604 = SURFACE_CURVE('',#3605,(#3609,#3616),.PCURVE_S1.);
#3605 = LINE('',#3606,#3607);
#3606 = CARTESIAN_POINT('',(20.,331.33,314.03));
#3607 = VECTOR('',#3608,1.);
#3608 = DIRECTION('',(0.,0.,1.));
#3609 = PCURVE('',#162,#3610);
#3610 = DEFINITIONAL_REPRESENTATION('',(#3611),#3615);
#3611 = LINE('',#3612,#3613);
#3612 = CARTESIAN_POINT('',(0.,-68.));
#3613 = VECTOR('',#3614,1.);
#3614 = DIRECTION('',(1.,0.));
#3615 = ( GEOMETRIC_REPRESENTATION_CONTEXT(2) 
PARAMETRIC_REPRESENTATION_CONTEXT() REPRESENTATION_CONTEXT('2D SPACE',''
  ) );
#3616 = PCURVE('',#3617,#3622);
#3617 = PLANE('',#3618);
#3618 = AXIS2_PLACEMENT_3D('',#3619,#3620,#3621);
#3619 = CARTESIAN_POINT('',(-20.,331.33,314.03));
#3620 = DIRECTION('',(-0.,1.,0.));
#3621 = DIRECTION('',(0.,0.,1.));
#3622 = DEFINITIONAL_REPRESENTATION('',(#3623),#3627);
#3623 = LINE('',#3624,#3625);
#3624 = CARTESIAN_POINT('',(0.,40.));
#3625 = VECTOR('',#3626,1.);
#3626 = DIRECTION('',(1.,0.));
#3627 = ( GEOMETRIC_REPRESENTATION_CONTEXT(2) 
PARAMETRIC_REPRESENTATION_CONTEXT() REPRESENTATION_CONTEXT('2D SPACE',''
  ) );
#3628 = ORIENTED_EDGE('',*,*,#3629,.F.);
#3629 = EDGE_CURVE('',#2803,#3602,#3630,.T.);
#3630 = SURFACE_CURVE('',#3631,(#3635,#3641),.PCURVE_S1.);
#3631 = LINE('',#3632,#3633);
#3632 = CARTESIAN_POINT('',(20.,310.74737468224,371.27911655388));
#3633 = VECTOR('',#3634,1.);
#3634 = DIRECTION('',(-0.,0.999593899618,-2.849624267978E-02));
#3635 = PCURVE('',#162,#3636);
#3636 = DEFINITIONAL_REPRESENTATION('',(#3637),#3640);
#3637 = B_SPLINE_CURVE_WITH_KNOTS('',1,(#3638,#3639),.UNSPECIFIED.,.F.,
  .F.,(2,2),(-17.42144953956,20.590987325576),.PIECEWISE_BEZIER_KNOTS.);
#3638 = CARTESIAN_POINT('',(57.7455624078,-30.003));
#3639 = CARTESIAN_POINT('',(56.662350782041,-68.));
#3640 = ( GEOMETRIC_REPRESENTATION_CONTEXT(2) 
PARAMETRIC_REPRESENTATION_CONTEXT() REPRESENTATION_CONTEXT('2D SPACE',''
  ) );
#3641 = PCURVE('',#1696,#3642);
#3642 = DEFINITIONAL_REPRESENTATION('',(#3643),#3646);
#3643 = B_SPLINE_CURVE_WITH_KNOTS('',1,(#3644,#3645),.UNSPECIFIED.,.F.,
  .F.,(2,2),(-17.42144953956,20.590987325576),.PIECEWISE_BEZIER_KNOTS.);
#3644 = CARTESIAN_POINT('',(20.,-63.1881832893));
#3645 = CARTESIAN_POINT('',(20.,-25.17574642416));
#3646 = ( GEOMETRIC_REPRESENTATION_CONTEXT(2) 
PARAMETRIC_REPRESENTATION_CONTEXT() REPRESENTATION_CONTEXT('2D SPACE',''
  ) );
#3647 = ORIENTED_EDGE('',*,*,#2802,.T.);
#3648 = ORIENTED_EDGE('',*,*,#142,.T.);
#3649 = FACE_BOUND('',#3650,.T.);
#3650 = EDGE_LOOP('',(#3651));
#3651 = ORIENTED_EDGE('',*,*,#3652,.F.);
#3652 = EDGE_CURVE('',#3653,#3653,#3655,.T.);
#3653 = VERTEX_POINT('',#3654);
#3654 = CARTESIAN_POINT('',(20.,315.83,335.03));
#3655 = SURFACE_CURVE('',#3656,(#3661,#3668),.PCURVE_S1.);
#3656 = CIRCLE('',#3657,6.);
#3657 = AXIS2_PLACEMENT_3D('',#3658,#3659,#3660);
#3658 = CARTESIAN_POINT('',(20.,315.83,329.03));
#3659 = DIRECTION('',(1.,0.,0.));
#3660 = DIRECTION('',(-0.,0.,1.));
#3661 = PCURVE('',#162,#3662);
#3662 = DEFINITIONAL_REPRESENTATION('',(#3663),#3667);
#3663 = CIRCLE('',#3664,6.);
#3664 = AXIS2_PLACEMENT_2D('',#3665,#3666);
#3665 = CARTESIAN_POINT('',(15.,-52.5));
#3666 = DIRECTION('',(1.,0.));
#3667 = ( GEOMETRIC_REPRESENTATION_CONTEXT(2) 
PARAMETRIC_REPRESENTATION_CONTEXT() REPRESENTATION_CONTEXT('2D SPACE',''
  ) );
#3668 = PCURVE('',#3669,#3674);
#3669 = CYLINDRICAL_SURFACE('',#3670,6.);
#3670 = AXIS2_PLACEMENT_3D('',#3671,#3672,#3673);
#3671 = CARTESIAN_POINT('',(-21.,315.83,329.03));
#3672 = DIRECTION('',(1.,0.,0.));
#3673 = DIRECTION('',(-0.,0.,1.));
#3674 = DEFINITIONAL_REPRESENTATION('',(#3675),#3679);
#3675 = LINE('',#3676,#3677);
#3676 = CARTESIAN_POINT('',(0.,41.));
#3677 = VECTOR('',#3678,1.);
#3678 = DIRECTION('',(1.,0.));
#3679 = ( GEOMETRIC_REPRESENTATION_CONTEXT(2) 
PARAMETRIC_REPRESENTATION_CONTEXT() REPRESENTATION_CONTEXT('2D SPACE',''
  ) );
#3680 = FACE_BOUND('',#3681,.T.);
#3681 = EDGE_LOOP('',(#3682));
#3682 = ORIENTED_EDGE('',*,*,#3683,.F.);
#3683 = EDGE_CURVE('',#3684,#3684,#3686,.T.);
#3684 = VERTEX_POINT('',#3685);
#3685 = CARTESIAN_POINT('',(20.,270.83,335.03));
#3686 = SURFACE_CURVE('',#3687,(#3692,#3699),.PCURVE_S1.);
#3687 = CIRCLE('',#3688,6.);
#3688 = AXIS2_PLACEMENT_3D('',#3689,#3690,#3691);
#3689 = CARTESIAN_POINT('',(20.,270.83,329.03));
#3690 = DIRECTION('',(1.,0.,0.));
#3691 = DIRECTION('',(-0.,0.,1.));
#3692 = PCURVE('',#162,#3693);
#3693 = DEFINITIONAL_REPRESENTATION('',(#3694),#3698);
#3694 = CIRCLE('',#3695,6.);
#3695 = AXIS2_PLACEMENT_2D('',#3696,#3697);
#3696 = CARTESIAN_POINT('',(15.,-7.5));
#3697 = DIRECTION('',(1.,0.));
#3698 = ( GEOMETRIC_REPRESENTATION_CONTEXT(2) 
PARAMETRIC_REPRESENTATION_CONTEXT() REPRESENTATION_CONTEXT('2D SPACE',''
  ) );
#3699 = PCURVE('',#3700,#3705);
#3700 = CYLINDRICAL_SURFACE('',#3701,6.);
#3701 = AXIS2_PLACEMENT_3D('',#3702,#3703,#3704);
#3702 = CARTESIAN_POINT('',(-21.,270.83,329.03));
#3703 = DIRECTION('',(1.,0.,0.));
#3704 = DIRECTION('',(-0.,0.,1.));
#3705 = DEFINITIONAL_REPRESENTATION('',(#3706),#3710);
#3706 = LINE('',#3707,#3708);
#3707 = CARTESIAN_POINT('',(0.,41.));
#3708 = VECTOR('',#3709,1.);
#3709 = DIRECTION('',(1.,0.));
#3710 = ( GEOMETRIC_REPRESENTATION_CONTEXT(2) 
PARAMETRIC_REPRESENTATION_CONTEXT() REPRESENTATION_CONTEXT('2D SPACE',''
  ) );
#3711 = ADVANCED_FACE('',(#3712),#131,.T.);
#3712 = FACE_BOUND('',#3713,.T.);
#3713 = EDGE_LOOP('',(#3714,#3715,#3716,#3739));
#3714 = ORIENTED_EDGE('',*,*,#3388,.F.);
#3715 = ORIENTED_EDGE('',*,*,#117,.T.);
#3716 = ORIENTED_EDGE('',*,*,#3717,.T.);
#3717 = EDGE_CURVE('',#84,#3718,#3720,.T.);
#3718 = VERTEX_POINT('',#3719);
#3719 = CARTESIAN_POINT('',(-20.,331.33,385.778));
#3720 = SURFACE_CURVE('',#3721,(#3725,#3732),.PCURVE_S1.);
#3721 = LINE('',#3722,#3723);
#3722 = CARTESIAN_POINT('',(-20.,331.33,314.03));
#3723 = VECTOR('',#3724,1.);
#3724 = DIRECTION('',(0.,0.,1.));
#3725 = PCURVE('',#131,#3726);
#3726 = DEFINITIONAL_REPRESENTATION('',(#3727),#3731);
#3727 = LINE('',#3728,#3729);
#3728 = CARTESIAN_POINT('',(0.,0.));
#3729 = VECTOR('',#3730,1.);
#3730 = DIRECTION('',(1.,0.));
#3731 = ( GEOMETRIC_REPRESENTATION_CONTEXT(2) 
PARAMETRIC_REPRESENTATION_CONTEXT() REPRESENTATION_CONTEXT('2D SPACE',''
  ) );
#3732 = PCURVE('',#103,#3733);
#3733 = DEFINITIONAL_REPRESENTATION('',(#3734),#3738);
#3734 = LINE('',#3735,#3736);
#3735 = CARTESIAN_POINT('',(0.,-68.));
#3736 = VECTOR('',#3737,1.);
#3737 = DIRECTION('',(1.,0.));
#3738 = ( GEOMETRIC_REPRESENTATION_CONTEXT(2) 
PARAMETRIC_REPRESENTATION_CONTEXT() REPRESENTATION_CONTEXT('2D SPACE',''
  ) );
#3739 = ORIENTED_EDGE('',*,*,#3740,.T.);
#3740 = EDGE_CURVE('',#3718,#3389,#3741,.T.);
#3741 = SURFACE_CURVE('',#3742,(#3746,#3753),.PCURVE_S1.);
#3742 = LINE('',#3743,#3744);
#3743 = CARTESIAN_POINT('',(-20.,331.33,385.778));
#3744 = VECTOR('',#3745,1.);
#3745 = DIRECTION('',(1.,0.,-0.));
#3746 = PCURVE('',#131,#3747);
#3747 = DEFINITIONAL_REPRESENTATION('',(#3748),#3752);
#3748 = LINE('',#3749,#3750);
#3749 = CARTESIAN_POINT('',(71.748,0.));
#3750 = VECTOR('',#3751,1.);
#3751 = DIRECTION('',(0.,1.));
#3752 = ( GEOMETRIC_REPRESENTATION_CONTEXT(2) 
PARAMETRIC_REPRESENTATION_CONTEXT() REPRESENTATION_CONTEXT('2D SPACE',''
  ) );
#3753 = PCURVE('',#3427,#3754);
#3754 = DEFINITIONAL_REPRESENTATION('',(#3755),#3759);
#3755 = LINE('',#3756,#3757);
#3756 = CARTESIAN_POINT('',(0.,68.));
#3757 = VECTOR('',#3758,1.);
#3758 = DIRECTION('',(1.,0.));
#3759 = ( GEOMETRIC_REPRESENTATION_CONTEXT(2) 
PARAMETRIC_REPRESENTATION_CONTEXT() REPRESENTATION_CONTEXT('2D SPACE',''
  ) );
#3760 = ADVANCED_FACE('',(#3761,#3963,#3989),#103,.F.);
#3761 = FACE_BOUND('',#3762,.F.);
#3762 = EDGE_LOOP('',(#3763,#3764,#3787,#3810,#3833,#3854,#3875,#3896,
    #3919,#3942,#3961,#3962));
#3763 = ORIENTED_EDGE('',*,*,#3717,.T.);
#3764 = ORIENTED_EDGE('',*,*,#3765,.F.);
#3765 = EDGE_CURVE('',#3766,#3718,#3768,.T.);
#3766 = VERTEX_POINT('',#3767);
#3767 = CARTESIAN_POINT('',(-20.,263.33,385.778));
#3768 = SURFACE_CURVE('',#3769,(#3773,#3780),.PCURVE_S1.);
#3769 = LINE('',#3770,#3771);
#3770 = CARTESIAN_POINT('',(-20.,263.33,385.778));
#3771 = VECTOR('',#3772,1.);
#3772 = DIRECTION('',(-0.,1.,0.));
#3773 = PCURVE('',#103,#3774);
#3774 = DEFINITIONAL_REPRESENTATION('',(#3775),#3779);
#3775 = LINE('',#3776,#3777);
#3776 = CARTESIAN_POINT('',(71.748,0.));
#3777 = VECTOR('',#3778,1.);
#3778 = DIRECTION('',(0.,-1.));
#3779 = ( GEOMETRIC_REPRESENTATION_CONTEXT(2) 
PARAMETRIC_REPRESENTATION_CONTEXT() REPRESENTATION_CONTEXT('2D SPACE',''
  ) );
#3780 = PCURVE('',#3427,#3781);
#3781 = DEFINITIONAL_REPRESENTATION('',(#3782),#3786);
#3782 = LINE('',#3783,#3784);
#3783 = CARTESIAN_POINT('',(0.,0.));
#3784 = VECTOR('',#3785,1.);
#3785 = DIRECTION('',(0.,1.));
#3786 = ( GEOMETRIC_REPRESENTATION_CONTEXT(2) 
PARAMETRIC_REPRESENTATION_CONTEXT() REPRESENTATION_CONTEXT('2D SPACE',''
  ) );
#3787 = ORIENTED_EDGE('',*,*,#3788,.F.);
#3788 = EDGE_CURVE('',#3789,#3766,#3791,.T.);
#3789 = VERTEX_POINT('',#3790);
#3790 = CARTESIAN_POINT('',(-20.,263.33,314.03));
#3791 = SURFACE_CURVE('',#3792,(#3796,#3803),.PCURVE_S1.);
#3792 = LINE('',#3793,#3794);
#3793 = CARTESIAN_POINT('',(-20.,263.33,314.03));
#3794 = VECTOR('',#3795,1.);
#3795 = DIRECTION('',(0.,0.,1.));
#3796 = PCURVE('',#103,#3797);
#3797 = DEFINITIONAL_REPRESENTATION('',(#3798),#3802);
#3798 = LINE('',#3799,#3800);
#3799 = CARTESIAN_POINT('',(0.,0.));
#3800 = VECTOR('',#3801,1.);
#3801 = DIRECTION('',(1.,0.));
#3802 = ( GEOMETRIC_REPRESENTATION_CONTEXT(2) 
PARAMETRIC_REPRESENTATION_CONTEXT() REPRESENTATION_CONTEXT('2D SPACE',''
  ) );
#3803 = PCURVE('',#3455,#3804);
#3804 = DEFINITIONAL_REPRESENTATION('',(#3805),#3809);
#3805 = LINE('',#3806,#3807);
#3806 = CARTESIAN_POINT('',(0.,0.));
#3807 = VECTOR('',#3808,1.);
#3808 = DIRECTION('',(1.,0.));
#3809 = ( GEOMETRIC_REPRESENTATION_CONTEXT(2) 
PARAMETRIC_REPRESENTATION_CONTEXT() REPRESENTATION_CONTEXT('2D SPACE',''
  ) );
#3810 = ORIENTED_EDGE('',*,*,#3811,.T.);
#3811 = EDGE_CURVE('',#3789,#3812,#3814,.T.);
#3812 = VERTEX_POINT('',#3813);
#3813 = CARTESIAN_POINT('',(-20.,278.33,314.03));
#3814 = SURFACE_CURVE('',#3815,(#3819,#3826),.PCURVE_S1.);
#3815 = LINE('',#3816,#3817);
#3816 = CARTESIAN_POINT('',(-20.,263.33,314.03));
#3817 = VECTOR('',#3818,1.);
#3818 = DIRECTION('',(-0.,1.,0.));
#3819 = PCURVE('',#103,#3820);
#3820 = DEFINITIONAL_REPRESENTATION('',(#3821),#3825);
#3821 = LINE('',#3822,#3823);
#3822 = CARTESIAN_POINT('',(0.,0.));
#3823 = VECTOR('',#3824,1.);
#3824 = DIRECTION('',(0.,-1.));
#3825 = ( GEOMETRIC_REPRESENTATION_CONTEXT(2) 
PARAMETRIC_REPRESENTATION_CONTEXT() REPRESENTATION_CONTEXT('2D SPACE',''
  ) );
#3826 = PCURVE('',#3483,#3827);
#3827 = DEFINITIONAL_REPRESENTATION('',(#3828),#3832);
#3828 = LINE('',#3829,#3830);
#3829 = CARTESIAN_POINT('',(0.,0.));
#3830 = VECTOR('',#3831,1.);
#3831 = DIRECTION('',(0.,1.));
#3832 = ( GEOMETRIC_REPRESENTATION_CONTEXT(2) 
PARAMETRIC_REPRESENTATION_CONTEXT() REPRESENTATION_CONTEXT('2D SPACE',''
  ) );
#3833 = ORIENTED_EDGE('',*,*,#3834,.T.);
#3834 = EDGE_CURVE('',#3812,#3835,#3837,.T.);
#3835 = VERTEX_POINT('',#3836);
#3836 = CARTESIAN_POINT('',(-20.,278.33,345.03));
#3837 = SURFACE_CURVE('',#3838,(#3842,#3848),.PCURVE_S1.);
#3838 = LINE('',#3839,#3840);
#3839 = CARTESIAN_POINT('',(-20.,278.33,313.53));
#3840 = VECTOR('',#3841,1.);
#3841 = DIRECTION('',(0.,0.,1.));
#3842 = PCURVE('',#103,#3843);
#3843 = DEFINITIONAL_REPRESENTATION('',(#3844),#3847);
#3844 = B_SPLINE_CURVE_WITH_KNOTS('',1,(#3845,#3846),.UNSPECIFIED.,.F.,
  .F.,(2,2),(0.5,31.5),.PIECEWISE_BEZIER_KNOTS.);
#3845 = CARTESIAN_POINT('',(0.,-15.));
#3846 = CARTESIAN_POINT('',(31.,-15.));
#3847 = ( GEOMETRIC_REPRESENTATION_CONTEXT(2) 
PARAMETRIC_REPRESENTATION_CONTEXT() REPRESENTATION_CONTEXT('2D SPACE',''
  ) );
#3848 = PCURVE('',#3510,#3849);
#3849 = DEFINITIONAL_REPRESENTATION('',(#3850),#3853);
#3850 = B_SPLINE_CURVE_WITH_KNOTS('',1,(#3851,#3852),.UNSPECIFIED.,.F.,
  .F.,(2,2),(0.5,31.5),.PIECEWISE_BEZIER_KNOTS.);
#3851 = CARTESIAN_POINT('',(1.,1.));
#3852 = CARTESIAN_POINT('',(32.,1.));
#3853 = ( GEOMETRIC_REPRESENTATION_CONTEXT(2) 
PARAMETRIC_REPRESENTATION_CONTEXT() REPRESENTATION_CONTEXT('2D SPACE',''
  ) );
#3854 = ORIENTED_EDGE('',*,*,#3855,.F.);
#3855 = EDGE_CURVE('',#3856,#3835,#3858,.T.);
#3856 = VERTEX_POINT('',#3857);
#3857 = CARTESIAN_POINT('',(-20.,308.33,345.03));
#3858 = SURFACE_CURVE('',#3859,(#3863,#3869),.PCURVE_S1.);
#3859 = LINE('',#3860,#3861);
#3860 = CARTESIAN_POINT('',(-20.,270.83,345.03));
#3861 = VECTOR('',#3862,1.);
#3862 = DIRECTION('',(0.,-1.,0.));
#3863 = PCURVE('',#103,#3864);
#3864 = DEFINITIONAL_REPRESENTATION('',(#3865),#3868);
#3865 = B_SPLINE_CURVE_WITH_KNOTS('',1,(#3866,#3867),.UNSPECIFIED.,.F.,
  .F.,(2,2),(-37.5,-7.5),.PIECEWISE_BEZIER_KNOTS.);
#3866 = CARTESIAN_POINT('',(31.,-45.));
#3867 = CARTESIAN_POINT('',(31.,-15.));
#3868 = ( GEOMETRIC_REPRESENTATION_CONTEXT(2) 
PARAMETRIC_REPRESENTATION_CONTEXT() REPRESENTATION_CONTEXT('2D SPACE',''
  ) );
#3869 = PCURVE('',#3536,#3870);
#3870 = DEFINITIONAL_REPRESENTATION('',(#3871),#3874);
#3871 = B_SPLINE_CURVE_WITH_KNOTS('',1,(#3872,#3873),.UNSPECIFIED.,.F.,
  .F.,(2,2),(-37.5,-7.5),.PIECEWISE_BEZIER_KNOTS.);
#3872 = CARTESIAN_POINT('',(1.,30.));
#3873 = CARTESIAN_POINT('',(1.,0.));
#3874 = ( GEOMETRIC_REPRESENTATION_CONTEXT(2) 
PARAMETRIC_REPRESENTATION_CONTEXT() REPRESENTATION_CONTEXT('2D SPACE',''
  ) );
#3875 = ORIENTED_EDGE('',*,*,#3876,.F.);
#3876 = EDGE_CURVE('',#3877,#3856,#3879,.T.);
#3877 = VERTEX_POINT('',#3878);
#3878 = CARTESIAN_POINT('',(-20.,308.33,314.03));
#3879 = SURFACE_CURVE('',#3880,(#3884,#3890),.PCURVE_S1.);
#3880 = LINE('',#3881,#3882);
#3881 = CARTESIAN_POINT('',(-20.,308.33,313.53));
#3882 = VECTOR('',#3883,1.);
#3883 = DIRECTION('',(0.,0.,1.));
#3884 = PCURVE('',#103,#3885);
#3885 = DEFINITIONAL_REPRESENTATION('',(#3886),#3889);
#3886 = B_SPLINE_CURVE_WITH_KNOTS('',1,(#3887,#3888),.UNSPECIFIED.,.F.,
  .F.,(2,2),(0.5,31.5),.PIECEWISE_BEZIER_KNOTS.);
#3887 = CARTESIAN_POINT('',(0.,-45.));
#3888 = CARTESIAN_POINT('',(31.,-45.));
#3889 = ( GEOMETRIC_REPRESENTATION_CONTEXT(2) 
PARAMETRIC_REPRESENTATION_CONTEXT() REPRESENTATION_CONTEXT('2D SPACE',''
  ) );
#3890 = PCURVE('',#3562,#3891);
#3891 = DEFINITIONAL_REPRESENTATION('',(#3892),#3895);
#3892 = B_SPLINE_CURVE_WITH_KNOTS('',1,(#3893,#3894),.UNSPECIFIED.,.F.,
  .F.,(2,2),(0.5,31.5),.PIECEWISE_BEZIER_KNOTS.);
#3893 = CARTESIAN_POINT('',(1.,1.));
#3894 = CARTESIAN_POINT('',(32.,1.));
#3895 = ( GEOMETRIC_REPRESENTATION_CONTEXT(2) 
PARAMETRIC_REPRESENTATION_CONTEXT() REPRESENTATION_CONTEXT('2D SPACE',''
  ) );
#3896 = ORIENTED_EDGE('',*,*,#3897,.T.);
#3897 = EDGE_CURVE('',#3877,#3898,#3900,.T.);
#3898 = VERTEX_POINT('',#3899);
#3899 = CARTESIAN_POINT('',(-20.,331.33,314.03));
#3900 = SURFACE_CURVE('',#3901,(#3905,#3912),.PCURVE_S1.);
#3901 = LINE('',#3902,#3903);
#3902 = CARTESIAN_POINT('',(-20.,263.33,314.03));
#3903 = VECTOR('',#3904,1.);
#3904 = DIRECTION('',(-0.,1.,0.));
#3905 = PCURVE('',#103,#3906);
#3906 = DEFINITIONAL_REPRESENTATION('',(#3907),#3911);
#3907 = LINE('',#3908,#3909);
#3908 = CARTESIAN_POINT('',(0.,0.));
#3909 = VECTOR('',#3910,1.);
#3910 = DIRECTION('',(0.,-1.));
#3911 = ( GEOMETRIC_REPRESENTATION_CONTEXT(2) 
PARAMETRIC_REPRESENTATION_CONTEXT() REPRESENTATION_CONTEXT('2D SPACE',''
  ) );
#3912 = PCURVE('',#3589,#3913);
#3913 = DEFINITIONAL_REPRESENTATION('',(#3914),#3918);
#3914 = LINE('',#3915,#3916);
#3915 = CARTESIAN_POINT('',(0.,0.));
#3916 = VECTOR('',#3917,1.);
#3917 = DIRECTION('',(0.,1.));
#3918 = ( GEOMETRIC_REPRESENTATION_CONTEXT(2) 
PARAMETRIC_REPRESENTATION_CONTEXT() REPRESENTATION_CONTEXT('2D SPACE',''
  ) );
#3919 = ORIENTED_EDGE('',*,*,#3920,.T.);
#3920 = EDGE_CURVE('',#3898,#3921,#3923,.T.);
#3921 = VERTEX_POINT('',#3922);
#3922 = CARTESIAN_POINT('',(-20.,331.33,370.69235078204));
#3923 = SURFACE_CURVE('',#3924,(#3928,#3935),.PCURVE_S1.);
#3924 = LINE('',#3925,#3926);
#3925 = CARTESIAN_POINT('',(-20.,331.33,314.03));
#3926 = VECTOR('',#3927,1.);
#3927 = DIRECTION('',(0.,0.,1.));
#3928 = PCURVE('',#103,#3929);
#3929 = DEFINITIONAL_REPRESENTATION('',(#3930),#3934);
#3930 = LINE('',#3931,#3932);
#3931 = CARTESIAN_POINT('',(0.,-68.));
#3932 = VECTOR('',#3933,1.);
#3933 = DIRECTION('',(1.,0.));
#3934 = ( GEOMETRIC_REPRESENTATION_CONTEXT(2) 
PARAMETRIC_REPRESENTATION_CONTEXT() REPRESENTATION_CONTEXT('2D SPACE',''
  ) );
#3935 = PCURVE('',#3617,#3936);
#3936 = DEFINITIONAL_REPRESENTATION('',(#3937),#3941);
#3937 = LINE('',#3938,#3939);
#3938 = CARTESIAN_POINT('',(0.,0.));
#3939 = VECTOR('',#3940,1.);
#3940 = DIRECTION('',(1.,0.));
#3941 = ( GEOMETRIC_REPRESENTATION_CONTEXT(2) 
PARAMETRIC_REPRESENTATION_CONTEXT() REPRESENTATION_CONTEXT('2D SPACE',''
  ) );
#3942 = ORIENTED_EDGE('',*,*,#3943,.F.);
#3943 = EDGE_CURVE('',#3346,#3921,#3944,.T.);
#3944 = SURFACE_CURVE('',#3945,(#3949,#3955),.PCURVE_S1.);
#3945 = LINE('',#3946,#3947);
#3946 = CARTESIAN_POINT('',(-20.,310.74737468224,371.27911655388));
#3947 = VECTOR('',#3948,1.);
#3948 = DIRECTION('',(-0.,0.999593899618,-2.849624267978E-02));
#3949 = PCURVE('',#103,#3950);
#3950 = DEFINITIONAL_REPRESENTATION('',(#3951),#3954);
#3951 = B_SPLINE_CURVE_WITH_KNOTS('',1,(#3952,#3953),.UNSPECIFIED.,.F.,
  .F.,(2,2),(-17.42144953956,20.590987325576),.PIECEWISE_BEZIER_KNOTS.);
#3952 = CARTESIAN_POINT('',(57.7455624078,-30.003));
#3953 = CARTESIAN_POINT('',(56.662350782041,-68.));
#3954 = ( GEOMETRIC_REPRESENTATION_CONTEXT(2) 
PARAMETRIC_REPRESENTATION_CONTEXT() REPRESENTATION_CONTEXT('2D SPACE',''
  ) );
#3955 = PCURVE('',#1696,#3956);
#3956 = DEFINITIONAL_REPRESENTATION('',(#3957),#3960);
#3957 = B_SPLINE_CURVE_WITH_KNOTS('',1,(#3958,#3959),.UNSPECIFIED.,.F.,
  .F.,(2,2),(-17.42144953956,20.590987325576),.PIECEWISE_BEZIER_KNOTS.);
#3958 = CARTESIAN_POINT('',(-20.,-63.1881832893));
#3959 = CARTESIAN_POINT('',(-20.,-25.17574642416));
#3960 = ( GEOMETRIC_REPRESENTATION_CONTEXT(2) 
PARAMETRIC_REPRESENTATION_CONTEXT() REPRESENTATION_CONTEXT('2D SPACE',''
  ) );
#3961 = ORIENTED_EDGE('',*,*,#3366,.T.);
#3962 = ORIENTED_EDGE('',*,*,#83,.T.);
#3963 = FACE_BOUND('',#3964,.F.);
#3964 = EDGE_LOOP('',(#3965));
#3965 = ORIENTED_EDGE('',*,*,#3966,.F.);
#3966 = EDGE_CURVE('',#3967,#3967,#3969,.T.);
#3967 = VERTEX_POINT('',#3968);
#3968 = CARTESIAN_POINT('',(-20.,315.83,335.03));
#3969 = SURFACE_CURVE('',#3970,(#3975,#3982),.PCURVE_S1.);
#3970 = CIRCLE('',#3971,6.);
#3971 = AXIS2_PLACEMENT_3D('',#3972,#3973,#3974);
#3972 = CARTESIAN_POINT('',(-20.,315.83,329.03));
#3973 = DIRECTION('',(1.,0.,0.));
#3974 = DIRECTION('',(-0.,0.,1.));
#3975 = PCURVE('',#103,#3976);
#3976 = DEFINITIONAL_REPRESENTATION('',(#3977),#3981);
#3977 = CIRCLE('',#3978,6.);
#3978 = AXIS2_PLACEMENT_2D('',#3979,#3980);
#3979 = CARTESIAN_POINT('',(15.,-52.5));
#3980 = DIRECTION('',(1.,0.));
#3981 = ( GEOMETRIC_REPRESENTATION_CONTEXT(2) 
PARAMETRIC_REPRESENTATION_CONTEXT() REPRESENTATION_CONTEXT('2D SPACE',''
  ) );
#3982 = PCURVE('',#3669,#3983);
#3983 = DEFINITIONAL_REPRESENTATION('',(#3984),#3988);
#3984 = LINE('',#3985,#3986);
#3985 = CARTESIAN_POINT('',(0.,1.));
#3986 = VECTOR('',#3987,1.);
#3987 = DIRECTION('',(1.,0.));
#3988 = ( GEOMETRIC_REPRESENTATION_CONTEXT(2) 
PARAMETRIC_REPRESENTATION_CONTEXT() REPRESENTATION_CONTEXT('2D SPACE',''
  ) );
#3989 = FACE_BOUND('',#3990,.F.);
#3990 = EDGE_LOOP('',(#3991));
#3991 = ORIENTED_EDGE('',*,*,#3992,.F.);
#3992 = EDGE_CURVE('',#3993,#3993,#3995,.T.);
#3993 = VERTEX_POINT('',#3994);
#3994 = CARTESIAN_POINT('',(-20.,270.83,335.03));
#3995 = SURFACE_CURVE('',#3996,(#4001,#4008),.PCURVE_S1.);
#3996 = CIRCLE('',#3997,6.);
#3997 = AXIS2_PLACEMENT_3D('',#3998,#3999,#4000);
#3998 = CARTESIAN_POINT('',(-20.,270.83,329.03));
#3999 = DIRECTION('',(1.,0.,0.));
#4000 = DIRECTION('',(-0.,0.,1.));
#4001 = PCURVE('',#103,#4002);
#4002 = DEFINITIONAL_REPRESENTATION('',(#4003),#4007);
#4003 = CIRCLE('',#4004,6.);
#4004 = AXIS2_PLACEMENT_2D('',#4005,#4006);
#4005 = CARTESIAN_POINT('',(15.,-7.5));
#4006 = DIRECTION('',(1.,0.));
#4007 = ( GEOMETRIC_REPRESENTATION_CONTEXT(2) 
PARAMETRIC_REPRESENTATION_CONTEXT() REPRESENTATION_CONTEXT('2D SPACE',''
  ) );
#4008 = PCURVE('',#3700,#4009);
#4009 = DEFINITIONAL_REPRESENTATION('',(#4010),#4014);
#4010 = LINE('',#4011,#4012);
#4011 = CARTESIAN_POINT('',(0.,1.));
#4012 = VECTOR('',#4013,1.);
#4013 = DIRECTION('',(1.,0.));
#4014 = ( GEOMETRIC_REPRESENTATION_CONTEXT(2) 
PARAMETRIC_REPRESENTATION_CONTEXT() REPRESENTATION_CONTEXT('2D SPACE',''
  ) );
#4015 = ADVANCED_FACE('',(#4016),#313,.T.);
#4016 = FACE_BOUND('',#4017,.T.);
#4017 = EDGE_LOOP('',(#4018,#4019,#4020,#4021));
#4018 = ORIENTED_EDGE('',*,*,#2779,.T.);
#4019 = ORIENTED_EDGE('',*,*,#300,.T.);
#4020 = ORIENTED_EDGE('',*,*,#933,.F.);
#4021 = ORIENTED_EDGE('',*,*,#2120,.F.);
#4022 = ADVANCED_FACE('',(#4023),#427,.T.);
#4023 = FACE_BOUND('',#4024,.T.);
#4024 = EDGE_LOOP('',(#4025,#4047,#4048,#4071,#4098,#4099));
#4025 = ORIENTED_EDGE('',*,*,#4026,.F.);
#4026 = EDGE_CURVE('',#330,#846,#4027,.T.);
#4027 = SURFACE_CURVE('',#4028,(#4033,#4040),.PCURVE_S1.);
#4028 = CIRCLE('',#4029,14.);
#4029 = AXIS2_PLACEMENT_3D('',#4030,#4031,#4032);
#4030 = CARTESIAN_POINT('',(-46.,364.5,295.7));
#4031 = DIRECTION('',(1.,0.,0.));
#4032 = DIRECTION('',(-0.,0.,1.));
#4033 = PCURVE('',#427,#4034);
#4034 = DEFINITIONAL_REPRESENTATION('',(#4035),#4039);
#4035 = LINE('',#4036,#4037);
#4036 = CARTESIAN_POINT('',(0.,12.));
#4037 = VECTOR('',#4038,1.);
#4038 = DIRECTION('',(1.,0.));
#4039 = ( GEOMETRIC_REPRESENTATION_CONTEXT(2) 
PARAMETRIC_REPRESENTATION_CONTEXT() REPRESENTATION_CONTEXT('2D SPACE',''
  ) );
#4040 = PCURVE('',#500,#4041);
#4041 = DEFINITIONAL_REPRESENTATION('',(#4042),#4046);
#4042 = CIRCLE('',#4043,14.);
#4043 = AXIS2_PLACEMENT_2D('',#4044,#4045);
#4044 = CARTESIAN_POINT('',(0.,0.));
#4045 = DIRECTION('',(1.,0.));
#4046 = ( GEOMETRIC_REPRESENTATION_CONTEXT(2) 
PARAMETRIC_REPRESENTATION_CONTEXT() REPRESENTATION_CONTEXT('2D SPACE',''
  ) );
#4047 = ORIENTED_EDGE('',*,*,#327,.F.);
#4048 = ORIENTED_EDGE('',*,*,#4049,.F.);
#4049 = EDGE_CURVE('',#4050,#328,#4052,.T.);
#4050 = VERTEX_POINT('',#4051);
#4051 = CARTESIAN_POINT('',(-58.,364.5,309.7));
#4052 = SEAM_CURVE('',#4053,(#4057,#4064),.PCURVE_S1.);
#4053 = LINE('',#4054,#4055);
#4054 = CARTESIAN_POINT('',(-58.,364.5,309.7));
#4055 = VECTOR('',#4056,1.);
#4056 = DIRECTION('',(1.,0.,0.));
#4057 = PCURVE('',#427,#4058);
#4058 = DEFINITIONAL_REPRESENTATION('',(#4059),#4063);
#4059 = LINE('',#4060,#4061);
#4060 = CARTESIAN_POINT('',(6.28318530718,-0.));
#4061 = VECTOR('',#4062,1.);
#4062 = DIRECTION('',(0.,1.));
#4063 = ( GEOMETRIC_REPRESENTATION_CONTEXT(2) 
PARAMETRIC_REPRESENTATION_CONTEXT() REPRESENTATION_CONTEXT('2D SPACE',''
  ) );
#4064 = PCURVE('',#427,#4065);
#4065 = DEFINITIONAL_REPRESENTATION('',(#4066),#4070);
#4066 = LINE('',#4067,#4068);
#4067 = CARTESIAN_POINT('',(0.,-0.));
#4068 = VECTOR('',#4069,1.);
#4069 = DIRECTION('',(0.,1.));
#4070 = ( GEOMETRIC_REPRESENTATION_CONTEXT(2) 
PARAMETRIC_REPRESENTATION_CONTEXT() REPRESENTATION_CONTEXT('2D SPACE',''
  ) );
#4071 = ORIENTED_EDGE('',*,*,#4072,.T.);
#4072 = EDGE_CURVE('',#4050,#4050,#4073,.T.);
#4073 = SURFACE_CURVE('',#4074,(#4079,#4086),.PCURVE_S1.);
#4074 = CIRCLE('',#4075,14.);
#4075 = AXIS2_PLACEMENT_3D('',#4076,#4077,#4078);
#4076 = CARTESIAN_POINT('',(-58.,364.5,295.7));
#4077 = DIRECTION('',(1.,0.,0.));
#4078 = DIRECTION('',(-0.,0.,1.));
#4079 = PCURVE('',#427,#4080);
#4080 = DEFINITIONAL_REPRESENTATION('',(#4081),#4085);
#4081 = LINE('',#4082,#4083);
#4082 = CARTESIAN_POINT('',(0.,0.));
#4083 = VECTOR('',#4084,1.);
#4084 = DIRECTION('',(1.,0.));
#4085 = ( GEOMETRIC_REPRESENTATION_CONTEXT(2) 
PARAMETRIC_REPRESENTATION_CONTEXT() REPRESENTATION_CONTEXT('2D SPACE',''
  ) );
#4086 = PCURVE('',#4087,#4092);
#4087 = PLANE('',#4088);
#4088 = AXIS2_PLACEMENT_3D('',#4089,#4090,#4091);
#4089 = CARTESIAN_POINT('',(-58.,364.5,295.7));
#4090 = DIRECTION('',(1.,0.,0.));
#4091 = DIRECTION('',(-0.,0.,1.));
#4092 = DEFINITIONAL_REPRESENTATION('',(#4093),#4097);
#4093 = CIRCLE('',#4094,14.);
#4094 = AXIS2_PLACEMENT_2D('',#4095,#4096);
#4095 = CARTESIAN_POINT('',(0.,0.));
#4096 = DIRECTION('',(1.,0.));
#4097 = ( GEOMETRIC_REPRESENTATION_CONTEXT(2) 
PARAMETRIC_REPRESENTATION_CONTEXT() REPRESENTATION_CONTEXT('2D SPACE',''
  ) );
#4098 = ORIENTED_EDGE('',*,*,#4049,.T.);
#4099 = ORIENTED_EDGE('',*,*,#874,.F.);
#4100 = ADVANCED_FACE('',(#4101),#500,.T.);
#4101 = FACE_BOUND('',#4102,.T.);
#4102 = EDGE_LOOP('',(#4103,#4104,#4105,#4106));
#4103 = ORIENTED_EDGE('',*,*,#480,.F.);
#4104 = ORIENTED_EDGE('',*,*,#4026,.T.);
#4105 = ORIENTED_EDGE('',*,*,#845,.F.);
#4106 = ORIENTED_EDGE('',*,*,#4107,.F.);
#4107 = EDGE_CURVE('',#481,#742,#4108,.T.);
#4108 = SURFACE_CURVE('',#4109,(#4114,#4121),.PCURVE_S1.);
#4109 = CIRCLE('',#4110,8.);
#4110 = AXIS2_PLACEMENT_3D('',#4111,#4112,#4113);
#4111 = CARTESIAN_POINT('',(-46.,364.5,295.7));
#4112 = DIRECTION('',(1.,0.,0.));
#4113 = DIRECTION('',(-0.,0.,1.));
#4114 = PCURVE('',#500,#4115);
#4115 = DEFINITIONAL_REPRESENTATION('',(#4116),#4120);
#4116 = CIRCLE('',#4117,8.);
#4117 = AXIS2_PLACEMENT_2D('',#4118,#4119);
#4118 = CARTESIAN_POINT('',(0.,0.));
#4119 = DIRECTION('',(1.,0.));
#4120 = ( GEOMETRIC_REPRESENTATION_CONTEXT(2) 
PARAMETRIC_REPRESENTATION_CONTEXT() REPRESENTATION_CONTEXT('2D SPACE',''
  ) );
#4121 = PCURVE('',#640,#4122);
#4122 = DEFINITIONAL_REPRESENTATION('',(#4123),#4127);
#4123 = LINE('',#4124,#4125);
#4124 = CARTESIAN_POINT('',(0.,13.));
#4125 = VECTOR('',#4126,1.);
#4126 = DIRECTION('',(1.,0.));
#4127 = ( GEOMETRIC_REPRESENTATION_CONTEXT(2) 
PARAMETRIC_REPRESENTATION_CONTEXT() REPRESENTATION_CONTEXT('2D SPACE',''
  ) );
#4128 = ADVANCED_FACE('',(#4129),#640,.F.);
#4129 = FACE_BOUND('',#4130,.F.);
#4130 = EDGE_LOOP('',(#4131,#4156,#4178,#4179,#4180,#4181,#4203,#4204));
#4131 = ORIENTED_EDGE('',*,*,#4132,.T.);
#4132 = EDGE_CURVE('',#4133,#4135,#4137,.T.);
#4133 = VERTEX_POINT('',#4134);
#4134 = CARTESIAN_POINT('',(-58.,364.5,303.7));
#4135 = VERTEX_POINT('',#4136);
#4136 = CARTESIAN_POINT('',(-45.,364.5,303.7));
#4137 = SEAM_CURVE('',#4138,(#4142,#4149),.PCURVE_S1.);
#4138 = LINE('',#4139,#4140);
#4139 = CARTESIAN_POINT('',(-59.,364.5,303.7));
#4140 = VECTOR('',#4141,1.);
#4141 = DIRECTION('',(1.,0.,0.));
#4142 = PCURVE('',#640,#4143);
#4143 = DEFINITIONAL_REPRESENTATION('',(#4144),#4148);
#4144 = LINE('',#4145,#4146);
#4145 = CARTESIAN_POINT('',(6.28318530718,-0.));
#4146 = VECTOR('',#4147,1.);
#4147 = DIRECTION('',(0.,1.));
#4148 = ( GEOMETRIC_REPRESENTATION_CONTEXT(2) 
PARAMETRIC_REPRESENTATION_CONTEXT() REPRESENTATION_CONTEXT('2D SPACE',''
  ) );
#4149 = PCURVE('',#640,#4150);
#4150 = DEFINITIONAL_REPRESENTATION('',(#4151),#4155);
#4151 = LINE('',#4152,#4153);
#4152 = CARTESIAN_POINT('',(0.,-0.));
#4153 = VECTOR('',#4154,1.);
#4154 = DIRECTION('',(0.,1.));
#4155 = ( GEOMETRIC_REPRESENTATION_CONTEXT(2) 
PARAMETRIC_REPRESENTATION_CONTEXT() REPRESENTATION_CONTEXT('2D SPACE',''
  ) );
#4156 = ORIENTED_EDGE('',*,*,#4157,.F.);
#4157 = EDGE_CURVE('',#708,#4135,#4158,.T.);
#4158 = SURFACE_CURVE('',#4159,(#4164,#4171),.PCURVE_S1.);
#4159 = CIRCLE('',#4160,8.);
#4160 = AXIS2_PLACEMENT_3D('',#4161,#4162,#4163);
#4161 = CARTESIAN_POINT('',(-45.,364.5,295.7));
#4162 = DIRECTION('',(1.,0.,0.));
#4163 = DIRECTION('',(-0.,0.,1.));
#4164 = PCURVE('',#640,#4165);
#4165 = DEFINITIONAL_REPRESENTATION('',(#4166),#4170);
#4166 = LINE('',#4167,#4168);
#4167 = CARTESIAN_POINT('',(0.,14.));
#4168 = VECTOR('',#4169,1.);
#4169 = DIRECTION('',(1.,0.));
#4170 = ( GEOMETRIC_REPRESENTATION_CONTEXT(2) 
PARAMETRIC_REPRESENTATION_CONTEXT() REPRESENTATION_CONTEXT('2D SPACE',''
  ) );
#4171 = PCURVE('',#727,#4172);
#4172 = DEFINITIONAL_REPRESENTATION('',(#4173),#4177);
#4173 = CIRCLE('',#4174,8.);
#4174 = AXIS2_PLACEMENT_2D('',#4175,#4176);
#4175 = CARTESIAN_POINT('',(0.,0.));
#4176 = DIRECTION('',(1.,0.));
#4177 = ( GEOMETRIC_REPRESENTATION_CONTEXT(2) 
PARAMETRIC_REPRESENTATION_CONTEXT() REPRESENTATION_CONTEXT('2D SPACE',''
  ) );
#4178 = ORIENTED_EDGE('',*,*,#741,.T.);
#4179 = ORIENTED_EDGE('',*,*,#4107,.F.);
#4180 = ORIENTED_EDGE('',*,*,#514,.T.);
#4181 = ORIENTED_EDGE('',*,*,#4182,.F.);
#4182 = EDGE_CURVE('',#4135,#515,#4183,.T.);
#4183 = SURFACE_CURVE('',#4184,(#4189,#4196),.PCURVE_S1.);
#4184 = CIRCLE('',#4185,8.);
#4185 = AXIS2_PLACEMENT_3D('',#4186,#4187,#4188);
#4186 = CARTESIAN_POINT('',(-45.,364.5,295.7));
#4187 = DIRECTION('',(1.,0.,0.));
#4188 = DIRECTION('',(-0.,0.,1.));
#4189 = PCURVE('',#640,#4190);
#4190 = DEFINITIONAL_REPRESENTATION('',(#4191),#4195);
#4191 = LINE('',#4192,#4193);
#4192 = CARTESIAN_POINT('',(0.,14.));
#4193 = VECTOR('',#4194,1.);
#4194 = DIRECTION('',(1.,0.));
#4195 = ( GEOMETRIC_REPRESENTATION_CONTEXT(2) 
PARAMETRIC_REPRESENTATION_CONTEXT() REPRESENTATION_CONTEXT('2D SPACE',''
  ) );
#4196 = PCURVE('',#727,#4197);
#4197 = DEFINITIONAL_REPRESENTATION('',(#4198),#4202);
#4198 = CIRCLE('',#4199,8.);
#4199 = AXIS2_PLACEMENT_2D('',#4200,#4201);
#4200 = CARTESIAN_POINT('',(0.,0.));
#4201 = DIRECTION('',(1.,0.));
#4202 = ( GEOMETRIC_REPRESENTATION_CONTEXT(2) 
PARAMETRIC_REPRESENTATION_CONTEXT() REPRESENTATION_CONTEXT('2D SPACE',''
  ) );
#4203 = ORIENTED_EDGE('',*,*,#4132,.F.);
#4204 = ORIENTED_EDGE('',*,*,#4205,.T.);
#4205 = EDGE_CURVE('',#4133,#4133,#4206,.T.);
#4206 = SURFACE_CURVE('',#4207,(#4212,#4219),.PCURVE_S1.);
#4207 = CIRCLE('',#4208,8.);
#4208 = AXIS2_PLACEMENT_3D('',#4209,#4210,#4211);
#4209 = CARTESIAN_POINT('',(-58.,364.5,295.7));
#4210 = DIRECTION('',(1.,0.,0.));
#4211 = DIRECTION('',(-0.,0.,1.));
#4212 = PCURVE('',#640,#4213);
#4213 = DEFINITIONAL_REPRESENTATION('',(#4214),#4218);
#4214 = LINE('',#4215,#4216);
#4215 = CARTESIAN_POINT('',(0.,1.));
#4216 = VECTOR('',#4217,1.);
#4217 = DIRECTION('',(1.,0.));
#4218 = ( GEOMETRIC_REPRESENTATION_CONTEXT(2) 
PARAMETRIC_REPRESENTATION_CONTEXT() REPRESENTATION_CONTEXT('2D SPACE',''
  ) );
#4219 = PCURVE('',#4087,#4220);
#4220 = DEFINITIONAL_REPRESENTATION('',(#4221),#4225);
#4221 = CIRCLE('',#4222,8.);
#4222 = AXIS2_PLACEMENT_2D('',#4223,#4224);
#4223 = CARTESIAN_POINT('',(0.,0.));
#4224 = DIRECTION('',(1.,0.));
#4225 = ( GEOMETRIC_REPRESENTATION_CONTEXT(2) 
PARAMETRIC_REPRESENTATION_CONTEXT() REPRESENTATION_CONTEXT('2D SPACE',''
  ) );
#4226 = ADVANCED_FACE('',(#4227),#727,.F.);
#4227 = FACE_BOUND('',#4228,.F.);
#4228 = EDGE_LOOP('',(#4229,#4230,#4231));
#4229 = ORIENTED_EDGE('',*,*,#4157,.T.);
#4230 = ORIENTED_EDGE('',*,*,#4182,.T.);
#4231 = ORIENTED_EDGE('',*,*,#707,.T.);
#4232 = ADVANCED_FACE('',(#4233),#1053,.F.);
#4233 = FACE_BOUND('',#4234,.F.);
#4234 = EDGE_LOOP('',(#4235,#4236,#4478,#4479));
#4235 = ORIENTED_EDGE('',*,*,#3053,.F.);
#4236 = ORIENTED_EDGE('',*,*,#4237,.F.);
#4237 = EDGE_CURVE('',#978,#3054,#4238,.T.);
#4238 = SURFACE_CURVE('',#4239,(#4319,#4395),.PCURVE_S1.);
#4239 = B_SPLINE_CURVE_WITH_KNOTS('',8,(#4240,#4241,#4242,#4243,#4244,
    #4245,#4246,#4247,#4248,#4249,#4250,#4251,#4252,#4253,#4254,#4255,
    #4256,#4257,#4258,#4259,#4260,#4261,#4262,#4263,#4264,#4265,#4266,
    #4267,#4268,#4269,#4270,#4271,#4272,#4273,#4274,#4275,#4276,#4277,
    #4278,#4279,#4280,#4281,#4282,#4283,#4284,#4285,#4286,#4287,#4288,
    #4289,#4290,#4291,#4292,#4293,#4294,#4295,#4296,#4297,#4298,#4299,
    #4300,#4301,#4302,#4303,#4304,#4305,#4306,#4307,#4308,#4309,#4310,
    #4311,#4312,#4313,#4314,#4315,#4316,#4317,#4318),.UNSPECIFIED.,.F.,
  .F.,(9,7,7,7,7,7,7,7,7,7,7,9),(0.,5.677868757063E-03,
    9.887637532681E-02,0.194475185894,0.295274301135,0.395673786956,
    0.496473617353,0.596873438186,0.697673087242,0.798072583888,
    0.898871939062,1.),.UNSPECIFIED.);
#4240 = CARTESIAN_POINT('',(-33.62490254747,420.00000560882,
    271.92114733238));
#4241 = CARTESIAN_POINT('',(-33.62906231441,419.91010681503,
    271.90576971102));
#4242 = CARTESIAN_POINT('',(-33.6332221406,419.820208016,271.89039208876
    ));
#4243 = CARTESIAN_POINT('',(-33.63738203128,419.73030921715,
    271.87501446654));
#4244 = CARTESIAN_POINT('',(-33.64154199414,419.64041041275,
    271.85963684336));
#4245 = CARTESIAN_POINT('',(-33.64570201833,419.55051159979,
    271.84425921872));
#4246 = CARTESIAN_POINT('',(-33.64986207589,419.46061278243,
    271.82888159333));
#4247 = CARTESIAN_POINT('',(-33.65402214569,419.37071396711,
    271.81350396828));
#4248 = CARTESIAN_POINT('',(-33.72646781553,417.80518476114,
    271.54571266269));
#4249 = CARTESIAN_POINT('',(-33.79476279273,416.32955374487,
    271.29329887512));
#4250 = CARTESIAN_POINT('',(-33.8630670935,414.85392215363,
    271.04088498921));
#4251 = CARTESIAN_POINT('',(-33.93138062688,413.37828992528,
    270.78847099429));
#4252 = CARTESIAN_POINT('',(-33.99970329624,411.90265715083,
    270.53605690601));
#4253 = CARTESIAN_POINT('',(-34.06803501321,410.42702377716,
    270.28364271518));
#4254 = CARTESIAN_POINT('',(-34.13637568637,408.95138984609,
    270.03122842903));
#4255 = CARTESIAN_POINT('',(-34.27483509423,405.96211627353,
    269.51989879703));
#4256 = CARTESIAN_POINT('',(-34.34495429149,404.44847660458,
    269.26098344649));
#4257 = CARTESIAN_POINT('',(-34.41508272408,402.9348363597,
    269.00206799743));
#4258 = CARTESIAN_POINT('',(-34.48522029805,401.42119554865,
    268.74315245153));
#4259 = CARTESIAN_POINT('',(-34.55536692095,399.90755418096,
    268.48423681041));
#4260 = CARTESIAN_POINT('',(-34.62552250179,398.39391226596,
    268.22532107567));
#4261 = CARTESIAN_POINT('',(-34.69568695107,396.88026981277,
    267.96640524887));
#4262 = CARTESIAN_POINT('',(-34.83985063556,393.7706459544,
    267.43448912123));
#4263 = CARTESIAN_POINT('',(-34.91385085193,392.17466449009,
    267.16148881028));
#4264 = CARTESIAN_POINT('',(-34.98786072671,390.57868244782,
    266.88848840046));
#4265 = CARTESIAN_POINT('',(-35.06188015839,388.98269983779,
    266.61548789353));
#4266 = CARTESIAN_POINT('',(-35.1359090471,387.38671666999,
    266.34248729119));
#4267 = CARTESIAN_POINT('',(-35.20994729463,385.79073295418,
    266.06948659511));
#4268 = CARTESIAN_POINT('',(-35.28399480443,384.19474869988,
    265.79648580692));
#4269 = CARTESIAN_POINT('',(-35.43181455272,381.00910659393,
    265.25156639216));
#4270 = CARTESIAN_POINT('',(-35.50558671859,379.41944874649,
    264.97964776631));
#4271 = CARTESIAN_POINT('',(-35.57936788539,377.82979038326,
    264.70772905223));
#4272 = CARTESIAN_POINT('',(-35.65315796082,376.24013151323,
    264.43581025146));
#4273 = CARTESIAN_POINT('',(-35.72695685402,374.6504721452,
    264.16389136551));
#4274 = CARTESIAN_POINT('',(-35.8007644756,373.06081228777,
    263.89197239584));
#4275 = CARTESIAN_POINT('',(-35.87458073765,371.47115194933,
    263.62005334389));
#4276 = CARTESIAN_POINT('',(-36.02252474744,368.28549152863,
    263.0751307963));
#4277 = CARTESIAN_POINT('',(-36.09665256347,366.6894914426,
    262.80212730002));
#4278 = CARTESIAN_POINT('',(-36.17078891431,365.0934908883,
    262.52912372363));
#4279 = CARTESIAN_POINT('',(-36.24493371382,363.49748987387,
    262.25612006854));
#4280 = CARTESIAN_POINT('',(-36.31908687721,361.90148840724,
    261.9831163361));
#4281 = CARTESIAN_POINT('',(-36.39324832104,360.3054864962,
    261.71011252763));
#4282 = CARTESIAN_POINT('',(-36.4674179632,358.70948414832,
    261.43710864445));
#4283 = CARTESIAN_POINT('',(-36.61547911899,355.52381210017,
    260.89218410793));
#4284 = CARTESIAN_POINT('',(-36.68937056826,353.93414240332,
    260.62026345518));
#4285 = CARTESIAN_POINT('',(-36.76326999097,352.3444722878,
    260.34834273082));
#4286 = CARTESIAN_POINT('',(-36.83717730852,350.75480176079,
    260.07642193607));
#4287 = CARTESIAN_POINT('',(-36.91109244353,349.1651308293,
    259.80450107213));
#4288 = CARTESIAN_POINT('',(-36.98501531981,347.57545950022,
    259.53258014018));
#4289 = CARTESIAN_POINT('',(-37.05894586238,345.98578778025,
    259.26065914137));
#4290 = CARTESIAN_POINT('',(-37.2071165808,342.80011292518,
    258.71573412471));
#4291 = CARTESIAN_POINT('',(-37.28135681719,341.20410978702,
    258.44273010634));
#4292 = CARTESIAN_POINT('',(-37.35560463196,339.60810626812,
    258.16972602285));
#4293 = CARTESIAN_POINT('',(-37.42985995155,338.01210237498,
    257.89672187534));
#4294 = CARTESIAN_POINT('',(-37.5041227035,336.41609811397,
    257.6237176649));
#4295 = CARTESIAN_POINT('',(-37.57839281648,334.82009349132,
    257.35071339261));
#4296 = CARTESIAN_POINT('',(-37.65267022025,333.2240885131,
    257.07770905949));
#4297 = CARTESIAN_POINT('',(-37.80094457753,330.03841364718,
    256.53278404097));
#4298 = CARTESIAN_POINT('',(-37.87494147376,328.44874376225,
    256.26086335605));
#4299 = CARTESIAN_POINT('',(-37.94894546609,326.85907353637,
    255.98894261281));
#4300 = CARTESIAN_POINT('',(-38.0229564872,325.26940297531,
    255.71702181224));
#4301 = CARTESIAN_POINT('',(-38.09697447076,323.6797320847,
    255.44510095529));
#4302 = CARTESIAN_POINT('',(-38.17099935144,322.09006087007,
    255.17318004292));
#4303 = CARTESIAN_POINT('',(-38.24503106492,320.50038933681,
    254.90125907605));
#4304 = CARTESIAN_POINT('',(-38.39340290197,317.31471449785,
    254.35633406215));
#4305 = CARTESIAN_POINT('',(-38.46774307952,315.71871118966,
    254.08333001469));
#4306 = CARTESIAN_POINT('',(-38.54209001639,314.12270757097,
    253.81032591413));
#4307 = CARTESIAN_POINT('',(-38.61644364941,312.52670364702,
    253.53732176135));
#4308 = CARTESIAN_POINT('',(-38.69080391629,310.93069942294,
    253.26431755723));
#4309 = CARTESIAN_POINT('',(-38.76517075569,309.33469490375,
    252.99131330263));
#4310 = CARTESIAN_POINT('',(-38.83954410719,307.73869009434,
    252.71830899839));
#4311 = CARTESIAN_POINT('',(-38.98854626719,304.54147534692,
    252.1714100276));
#4312 = CARTESIAN_POINT('',(-39.0631751178,302.94026540704,
    251.89751536074));
#4313 = CARTESIAN_POINT('',(-39.137810403,301.33905518474,
    251.62362064557));
#4314 = CARTESIAN_POINT('',(-39.21245206355,299.73784468479,
    251.34972588291));
#4315 = CARTESIAN_POINT('',(-39.28710004103,298.13663391183,
    251.07583107354));
#4316 = CARTESIAN_POINT('',(-39.3617542779,296.53542287042,
    250.80193621826));
#4317 = CARTESIAN_POINT('',(-39.43641471746,294.93421156502,
    250.52804131782));
#4318 = CARTESIAN_POINT('',(-39.51108130385,293.333,250.25414637297));
#4319 = PCURVE('',#1053,#4320);
#4320 = DEFINITIONAL_REPRESENTATION('',(#4321),#4394);
#4321 = B_SPLINE_CURVE_WITH_KNOTS('',11,(#4322,#4323,#4324,#4325,#4326,
    #4327,#4328,#4329,#4330,#4331,#4332,#4333,#4334,#4335,#4336,#4337,
    #4338,#4339,#4340,#4341,#4342,#4343,#4344,#4345,#4346,#4347,#4348,
    #4349,#4350,#4351,#4352,#4353,#4354,#4355,#4356,#4357,#4358,#4359,
    #4360,#4361,#4362,#4363,#4364,#4365,#4366,#4367,#4368,#4369,#4370,
    #4371,#4372,#4373,#4374,#4375,#4376,#4377,#4378,#4379,#4380,#4381,
    #4382,#4383,#4384,#4385,#4386,#4387,#4388,#4389,#4390,#4391,#4392,
    #4393),.UNSPECIFIED.,.F.,.F.,(12,10,10,10,10,10,10,12),(
    4.428058453064E-08,3.125004289682E-02,6.250004151305E-02,
    9.375004012928E-02,0.125000038746,0.25000003321,0.50000002214,1.),
  .UNSPECIFIED.);
#4322 = CARTESIAN_POINT('',(83.84569384636,1.007986443749));
#4323 = CARTESIAN_POINT('',(83.847931614037,1.005145660702));
#4324 = CARTESIAN_POINT('',(83.850168015557,1.002304839173));
#4325 = CARTESIAN_POINT('',(83.85240460765,0.999464007691));
#4326 = CARTESIAN_POINT('',(83.854632812873,0.996622993422));
#4327 = CARTESIAN_POINT('',(83.856871290978,0.993782306273));
#4328 = CARTESIAN_POINT('',(83.85909445353,0.990941222816));
#4329 = CARTESIAN_POINT('',(83.861327636341,0.988100480009));
#4330 = CARTESIAN_POINT('',(83.863552414409,0.985259536172));
#4331 = CARTESIAN_POINT('',(83.865778537946,0.982418677236));
#4332 = CARTESIAN_POINT('',(83.868002395598,0.979577796595));
#4333 = CARTESIAN_POINT('',(83.872447256097,0.973896039773));
#4334 = CARTESIAN_POINT('',(83.874668164784,0.971055160817));
#4335 = CARTESIAN_POINT('',(83.876887548295,0.968214280736));
#4336 = CARTESIAN_POINT('',(83.879105406325,0.96537339943));
#4337 = CARTESIAN_POINT('',(83.881321740725,0.962532517143));
#4338 = CARTESIAN_POINT('',(83.883536555154,0.959691634327));
#4339 = CARTESIAN_POINT('',(83.885749853577,0.956850751506));
#4340 = CARTESIAN_POINT('',(83.887961640041,0.954009869139));
#4341 = CARTESIAN_POINT('',(83.890171917344,0.951168987484));
#4342 = CARTESIAN_POINT('',(83.892380686455,0.948328106461));
#4343 = CARTESIAN_POINT('',(83.896795204613,0.942646344569));
#4344 = CARTESIAN_POINT('',(83.899000954647,0.939805463896));
#4345 = CARTESIAN_POINT('',(83.901205193537,0.936964582937));
#4346 = CARTESIAN_POINT('',(83.903407920397,0.934123701298));
#4347 = CARTESIAN_POINT('',(83.905609134797,0.931282818741));
#4348 = CARTESIAN_POINT('',(83.907808838065,0.928441935204));
#4349 = CARTESIAN_POINT('',(83.910007031517,0.925601050771));
#4350 = CARTESIAN_POINT('',(83.912203718394,0.922760165706));
#4351 = CARTESIAN_POINT('',(83.914398902138,0.919919280423));
#4352 = CARTESIAN_POINT('',(83.916592587643,0.917078395507));
#4353 = CARTESIAN_POINT('',(83.920976973401,0.911396627896));
#4354 = CARTESIAN_POINT('',(83.92316766523,0.908555743846));
#4355 = CARTESIAN_POINT('',(83.925356851282,0.905714858606));
#4356 = CARTESIAN_POINT('',(83.927544533689,0.902873972372));
#4357 = CARTESIAN_POINT('',(83.929730716314,0.900033085744));
#4358 = CARTESIAN_POINT('',(83.931915403472,0.897192199241));
#4359 = CARTESIAN_POINT('',(83.934098596286,0.894351313015));
#4360 = CARTESIAN_POINT('',(83.936280294861,0.891510426833));
#4361 = CARTESIAN_POINT('',(83.938460497377,0.888669540257));
#4362 = CARTESIAN_POINT('',(83.940639204124,0.885828653081));
#4363 = CARTESIAN_POINT('',(83.951525286037,0.871624217597));
#4364 = CARTESIAN_POINT('',(83.960210275854,0.860260665249));
#4365 = CARTESIAN_POINT('',(83.968871461687,0.848897109002));
#4366 = CARTESIAN_POINT('',(83.977508915156,0.837533548916));
#4367 = CARTESIAN_POINT('',(83.986122708157,0.826169985054));
#4368 = CARTESIAN_POINT('',(83.994712912087,0.814806417478));
#4369 = CARTESIAN_POINT('',(84.003279599046,0.803442846249));
#4370 = CARTESIAN_POINT('',(84.011822840347,0.792079271428));
#4371 = CARTESIAN_POINT('',(84.020342708002,0.780715693078));
#4372 = CARTESIAN_POINT('',(84.028839273538,0.76935211126));
#4373 = CARTESIAN_POINT('',(84.054259279126,0.735261355586));
#4374 = CARTESIAN_POINT('',(84.071113021948,0.712534171494));
#4375 = CARTESIAN_POINT('',(84.087874430285,0.689806974107));
#4376 = CARTESIAN_POINT('',(84.104544097272,0.667079763774));
#4377 = CARTESIAN_POINT('',(84.1211226159,0.644352540842));
#4378 = CARTESIAN_POINT('',(84.137610579423,0.621625305663));
#4379 = CARTESIAN_POINT('',(84.154008580745,0.598898058582));
#4380 = CARTESIAN_POINT('',(84.170317213124,0.576170799951));
#4381 = CARTESIAN_POINT('',(84.18653706954,0.553443530115));
#4382 = CARTESIAN_POINT('',(84.202668743145,0.530716249425));
#4383 = CARTESIAN_POINT('',(84.250800994732,0.462534375836));
#4384 = CARTESIAN_POINT('',(84.282538805493,0.41707975118));
#4385 = CARTESIAN_POINT('',(84.313931090049,0.371625086616));
#4386 = CARTESIAN_POINT('',(84.344982650379,0.326170384375));
#4387 = CARTESIAN_POINT('',(84.375698259356,0.280715646561));
#4388 = CARTESIAN_POINT('',(84.406082661232,0.235260875157));
#4389 = CARTESIAN_POINT('',(84.436140571098,0.189806072019));
#4390 = CARTESIAN_POINT('',(84.465876675326,0.144351238879));
#4391 = CARTESIAN_POINT('',(84.495295631321,9.889637734655E-02));
#4392 = CARTESIAN_POINT('',(84.524402067593,5.344148890395E-02));
#4393 = CARTESIAN_POINT('',(84.553200583774,7.986574910688E-03));
#4394 = ( GEOMETRIC_REPRESENTATION_CONTEXT(2) 
PARAMETRIC_REPRESENTATION_CONTEXT() REPRESENTATION_CONTEXT('2D SPACE',''
  ) );
#4395 = PCURVE('',#1388,#4396);
#4396 = DEFINITIONAL_REPRESENTATION('',(#4397),#4477);
#4397 = B_SPLINE_CURVE_WITH_KNOTS('',8,(#4398,#4399,#4400,#4401,#4402,
    #4403,#4404,#4405,#4406,#4407,#4408,#4409,#4410,#4411,#4412,#4413,
    #4414,#4415,#4416,#4417,#4418,#4419,#4420,#4421,#4422,#4423,#4424,
    #4425,#4426,#4427,#4428,#4429,#4430,#4431,#4432,#4433,#4434,#4435,
    #4436,#4437,#4438,#4439,#4440,#4441,#4442,#4443,#4444,#4445,#4446,
    #4447,#4448,#4449,#4450,#4451,#4452,#4453,#4454,#4455,#4456,#4457,
    #4458,#4459,#4460,#4461,#4462,#4463,#4464,#4465,#4466,#4467,#4468,
    #4469,#4470,#4471,#4472,#4473,#4474,#4475,#4476),.UNSPECIFIED.,.F.,
  .F.,(9,7,7,7,7,7,7,7,7,7,7,9),(0.,5.677868757063E-03,
    9.887637532681E-02,0.194475185894,0.295274301135,0.395673786956,
    0.496473617353,0.596873438186,0.697673087242,0.798072583888,
    0.898871939062,1.),.UNSPECIFIED.);
#4398 = CARTESIAN_POINT('',(6.643385391169,1.003064597994));
#4399 = CARTESIAN_POINT('',(6.642419890506,1.002354839388));
#4400 = CARTESIAN_POINT('',(6.641455117111,1.001645055838));
#4401 = CARTESIAN_POINT('',(6.640490565727,1.000935266221));
#4402 = CARTESIAN_POINT('',(6.6395268448,1.000225442998));
#4403 = CARTESIAN_POINT('',(6.638564193163,0.999515580019));
#4404 = CARTESIAN_POINT('',(6.637602047272,0.998805709747));
#4405 = CARTESIAN_POINT('',(6.636639658994,0.998095869914));
#4406 = CARTESIAN_POINT('',(6.619888884913,0.985734290414));
#4407 = CARTESIAN_POINT('',(6.604184446204,0.974082567837));
#4408 = CARTESIAN_POINT('',(6.588563674524,0.962430852185));
#4409 = CARTESIAN_POINT('',(6.573025806382,0.950779142852));
#4410 = CARTESIAN_POINT('',(6.55757009072,0.939127440452));
#4411 = CARTESIAN_POINT('',(6.542195785513,0.927475744451));
#4412 = CARTESIAN_POINT('',(6.5269021601,0.915824055075));
#4413 = CARTESIAN_POINT('',(6.496083002747,0.892220603196));
#4414 = CARTESIAN_POINT('',(6.480561642267,0.880268841045));
#4415 = CARTESIAN_POINT('',(6.465123634502,0.868317085722));
#4416 = CARTESIAN_POINT('',(6.449768212644,0.856365337193));
#4417 = CARTESIAN_POINT('',(6.434494620627,0.844413595423));
#4418 = CARTESIAN_POINT('',(6.419302113127,0.832461860375));
#4419 = CARTESIAN_POINT('',(6.404189955564,0.820510132016));
#4420 = CARTESIAN_POINT('',(6.373307165475,0.795956548777));
#4421 = CARTESIAN_POINT('',(6.357545430905,0.78335469464));
#4422 = CARTESIAN_POINT('',(6.341871371898,0.77075284786));
#4423 = CARTESIAN_POINT('',(6.326284152122,0.758151008394));
#4424 = CARTESIAN_POINT('',(6.310782947403,0.745549176204));
#4425 = CARTESIAN_POINT('',(6.29536694572,0.732947351247));
#4426 = CARTESIAN_POINT('',(6.280035347212,0.720345533484));
#4427 = CARTESIAN_POINT('',(6.249599833476,0.695191873557));
#4428 = CARTESIAN_POINT('',(6.234495256044,0.682640031338));
#4429 = CARTESIAN_POINT('',(6.219472853458,0.670088196175));
#4430 = CARTESIAN_POINT('',(6.204531858246,0.657536368029));
#4431 = CARTESIAN_POINT('',(6.189671513876,0.644984546861));
#4432 = CARTESIAN_POINT('',(6.174891074762,0.63243273263));
#4433 = CARTESIAN_POINT('',(6.160189806261,0.619880925298));
#4434 = CARTESIAN_POINT('',(6.130885854353,0.594727273845));
#4435 = CARTESIAN_POINT('',(6.116283797342,0.582125429779));
#4436 = CARTESIAN_POINT('',(6.10176008122,0.569523592588));
#4437 = CARTESIAN_POINT('',(6.087313983747,0.556921762232));
#4438 = CARTESIAN_POINT('',(6.072944792864,0.544319938672));
#4439 = CARTESIAN_POINT('',(6.058651806697,0.531718121869));
#4440 = CARTESIAN_POINT('',(6.044434333551,0.519116311783));
#4441 = CARTESIAN_POINT('',(6.016205173313,0.493962713407));
#4442 = CARTESIAN_POINT('',(6.002192893064,0.481410925063));
#4443 = CARTESIAN_POINT('',(5.988254177705,0.468859143307));
#4444 = CARTESIAN_POINT('',(5.97438836296,0.456307368101));
#4445 = CARTESIAN_POINT('',(5.960594793741,0.443755599407));
#4446 = CARTESIAN_POINT('',(5.946872824148,0.431203837188));
#4447 = CARTESIAN_POINT('',(5.93322181747,0.418652081406));
#4448 = CARTESIAN_POINT('',(5.906006391773,0.393498597056));
#4449 = CARTESIAN_POINT('',(5.892442533691,0.38089686854));
#4450 = CARTESIAN_POINT('',(5.878948936859,0.368295146436));
#4451 = CARTESIAN_POINT('',(5.86552497477,0.355693430709));
#4452 = CARTESIAN_POINT('',(5.852170029486,0.343091721319));
#4453 = CARTESIAN_POINT('',(5.838883491638,0.33049001823));
#4454 = CARTESIAN_POINT('',(5.825664760427,0.317888321405));
#4455 = CARTESIAN_POINT('',(5.799413935444,0.292734966147));
#4456 = CARTESIAN_POINT('',(5.786381308734,0.280183307664));
#4457 = CARTESIAN_POINT('',(5.77341477826,0.267631655323));
#4458 = CARTESIAN_POINT('',(5.760513766539,0.255080009088));
#4459 = CARTESIAN_POINT('',(5.747677703837,0.242528368923));
#4460 = CARTESIAN_POINT('',(5.734906028175,0.229976734792));
#4461 = CARTESIAN_POINT('',(5.722198185319,0.21742510666));
#4462 = CARTESIAN_POINT('',(5.696858713106,0.192271873296));
#4463 = CARTESIAN_POINT('',(5.684227588537,0.179670268112));
#4464 = CARTESIAN_POINT('',(5.671659702026,0.167068668904));
#4465 = CARTESIAN_POINT('',(5.659154507761,0.154467075636));
#4466 = CARTESIAN_POINT('',(5.646711467177,0.141865488273));
#4467 = CARTESIAN_POINT('',(5.634330048952,0.129263906781));
#4468 = CARTESIAN_POINT('',(5.622009729012,0.116662331125));
#4469 = CARTESIAN_POINT('',(5.597450273145,9.141809781283E-02));
#4470 = CARTESIAN_POINT('',(5.585211532676,7.877544018599E-02));
#4471 = CARTESIAN_POINT('',(5.573033247208,6.613278836602E-02));
#4472 = CARTESIAN_POINT('',(5.560914901581,5.34901423246E-02));
#4473 = CARTESIAN_POINT('',(5.548855987395,4.084750202872E-02));
#4474 = CARTESIAN_POINT('',(5.536856003001,2.820486744069E-02));
#4475 = CARTESIAN_POINT('',(5.524914453506,1.556223851808E-02));
#4476 = CARTESIAN_POINT('',(5.51303085077,2.919615213803E-03));
#4477 = ( GEOMETRIC_REPRESENTATION_CONTEXT(2) 
PARAMETRIC_REPRESENTATION_CONTEXT() REPRESENTATION_CONTEXT('2D SPACE',''
  ) );
#4478 = ORIENTED_EDGE('',*,*,#977,.T.);
#4479 = ORIENTED_EDGE('',*,*,#4480,.T.);
#4480 = EDGE_CURVE('',#980,#2845,#4481,.T.);
#4481 = SURFACE_CURVE('',#4482,(#4535,#4591),.PCURVE_S1.);
#4482 = B_SPLINE_CURVE_WITH_KNOTS('',6,(#4483,#4484,#4485,#4486,#4487,
    #4488,#4489,#4490,#4491,#4492,#4493,#4494,#4495,#4496,#4497,#4498,
    #4499,#4500,#4501,#4502,#4503,#4504,#4505,#4506,#4507,#4508,#4509,
    #4510,#4511,#4512,#4513,#4514,#4515,#4516,#4517,#4518,#4519,#4520,
    #4521,#4522,#4523,#4524,#4525,#4526,#4527,#4528,#4529,#4530,#4531,
    #4532,#4533,#4534),.UNSPECIFIED.,.F.,.F.,(7,5,5,5,5,5,5,5,5,5,7),(0.
    ,6.71015538932E-03,2.830978074746E-02,0.149907996036,0.271506771898,
    0.393106087947,0.514305888204,0.635905611134,0.757505094229,
    0.879104365338,1.),.UNSPECIFIED.);
#4483 = CARTESIAN_POINT('',(33.624902550562,420.00000560882,
    271.92114733238));
#4484 = CARTESIAN_POINT('',(33.631457280661,419.85834802551,
    271.89691612096));
#4485 = CARTESIAN_POINT('',(33.638012148568,419.71669043165,
    271.87268490773));
#4486 = CARTESIAN_POINT('',(33.644567283703,419.57503283335,
    271.84845369374));
#4487 = CARTESIAN_POINT('',(33.651122454653,419.43337520473,
    271.82422247456));
#4488 = CARTESIAN_POINT('',(33.657677706226,419.29171758686,
    271.79999125723));
#4489 = CARTESIAN_POINT('',(33.685334369478,418.69407175682,
    271.69776106152));
#4490 = CARTESIAN_POINT('',(33.706436627161,418.23808349223,
    271.61976207419));
#4491 = CARTESIAN_POINT('',(33.727539825434,417.7820951663,
    271.54176307636));
#4492 = CARTESIAN_POINT('',(33.74864396096,417.32610677977,
    271.46376406816));
#4493 = CARTESIAN_POINT('',(33.769749030445,416.87011833292,
    271.38576504965));
#4494 = CARTESIAN_POINT('',(33.909674311636,413.84707656613,
    270.8686592055));
#4495 = CARTESIAN_POINT('',(34.028523088766,411.28002139816,
    270.42955206375));
#4496 = CARTESIAN_POINT('',(34.147400778089,408.71296438403,
    269.9904446062));
#4497 = CARTESIAN_POINT('',(34.266306814912,406.14590558328,
    269.55133684304));
#4498 = CARTESIAN_POINT('',(34.385240653779,403.57884505268,
    269.11222878399));
#4499 = CARTESIAN_POINT('',(34.623163431585,398.4447088055,
    268.23401006824));
#4500 = CARTESIAN_POINT('',(34.742152370311,395.87763308903,
    267.79489941156));
#4501 = CARTESIAN_POINT('',(34.86116805835,393.31055575082,
    267.35578847749));
#4502 = CARTESIAN_POINT('',(34.980209986329,390.74347684254,
    266.91667727484));
#4503 = CARTESIAN_POINT('',(35.099277661807,388.17639641347,
    266.47756581205));
#4504 = CARTESIAN_POINT('',(35.33746408579,383.0422212037,
    265.59934043157));
#4505 = CARTESIAN_POINT('',(35.456582834121,380.47512642308,
    265.16022651388));
#4506 = CARTESIAN_POINT('',(35.575726378679,377.90803021564,
    264.72111235213));
#4507 = CARTESIAN_POINT('',(35.694894258826,375.3409326263,264.281997954
    ));
#4508 = CARTESIAN_POINT('',(35.814086028865,372.77383369797,
    263.84288332682));
#4509 = CARTESIAN_POINT('',(36.052124804382,367.648067479,
    262.96609634468));
#4510 = CARTESIAN_POINT('',(36.170971655621,365.08940019696,
    262.52842399119));
#4511 = CARTESIAN_POINT('',(36.289841385188,362.53073166591,
    262.09075142405));
#4512 = CARTESIAN_POINT('',(36.408733579568,359.97206192463,
    261.65307864989));
#4513 = CARTESIAN_POINT('',(36.527647838305,357.41339101019,
    261.21540567506));
#4514 = CARTESIAN_POINT('',(36.765912162306,352.28760406208,
    260.3386151471));
#4515 = CARTESIAN_POINT('',(36.885262370565,349.72048802097,
    259.8994975927));
#4516 = CARTESIAN_POINT('',(37.004634007494,347.15337087033,
    259.46037984852));
#4517 = CARTESIAN_POINT('',(37.124026693558,344.58625264441,
    259.0212619204));
#4518 = CARTESIAN_POINT('',(37.243440060975,342.01913337595,
    258.58214381395));
#4519 = CARTESIAN_POINT('',(37.482307210892,336.88489787963,
    257.70390812116));
#4520 = CARTESIAN_POINT('',(37.601760993053,334.31778165185,
    257.26479053483));
#4521 = CARTESIAN_POINT('',(37.721234744128,331.75066444411,
    256.82567278088));
#4522 = CARTESIAN_POINT('',(37.840728118511,329.18354628638,
    256.38655486442));
#4523 = CARTESIAN_POINT('',(37.960240781057,326.61642720735,
    255.94743679037));
#4524 = CARTESIAN_POINT('',(38.199303824731,321.48219173679,
    255.06920110199));
#4525 = CARTESIAN_POINT('',(38.318854205567,318.91507534532,
    254.63008348766));
#4526 = CARTESIAN_POINT('',(38.438423224877,316.34795808742,
    254.19096572513));
#4527 = CARTESIAN_POINT('',(38.558010567284,313.7808399894,
    253.75184781889));
#4528 = CARTESIAN_POINT('',(38.677615926748,311.21372107646,
    253.31272977325));
#4529 = CARTESIAN_POINT('',(38.916169885212,306.09433635486,
    252.43703437695));
#4530 = CARTESIAN_POINT('',(39.035118279533,303.54207055538,
    252.00045702786));
#4531 = CARTESIAN_POINT('',(39.15408389792,300.98980399789,
    251.56387954911));
#4532 = CARTESIAN_POINT('',(39.273066456927,298.43753670513,
    251.12730194459));
#4533 = CARTESIAN_POINT('',(39.392065681275,295.88526869888,
    250.69072421802));
#4534 = CARTESIAN_POINT('',(39.511081303851,293.333,250.25414637297));
#4535 = PCURVE('',#1053,#4536);
#4536 = DEFINITIONAL_REPRESENTATION('',(#4537),#4590);
#4537 = B_SPLINE_CURVE_WITH_KNOTS('',6,(#4538,#4539,#4540,#4541,#4542,
    #4543,#4544,#4545,#4546,#4547,#4548,#4549,#4550,#4551,#4552,#4553,
    #4554,#4555,#4556,#4557,#4558,#4559,#4560,#4561,#4562,#4563,#4564,
    #4565,#4566,#4567,#4568,#4569,#4570,#4571,#4572,#4573,#4574,#4575,
    #4576,#4577,#4578,#4579,#4580,#4581,#4582,#4583,#4584,#4585,#4586,
    #4587,#4588,#4589),.UNSPECIFIED.,.F.,.F.,(7,5,5,5,5,5,5,5,5,5,7),(0.
    ,6.71015538932E-03,2.830978074746E-02,0.149907996036,0.271506771898,
    0.393106087947,0.514305888204,0.635905611134,0.757505094229,
    0.879104365338,1.),.UNSPECIFIED.);
#4538 = CARTESIAN_POINT('',(6.154306184955,1.007986488027));
#4539 = CARTESIAN_POINT('',(6.15342526241,1.006868178367));
#4540 = CARTESIAN_POINT('',(6.152544582293,1.005749862447));
#4541 = CARTESIAN_POINT('',(6.151663994681,1.004631540317));
#4542 = CARTESIAN_POINT('',(6.150783767943,1.003513211774));
#4543 = CARTESIAN_POINT('',(6.149903848039,1.002394877144));
#4544 = CARTESIAN_POINT('',(6.146192727237,0.997676657772));
#4545 = CARTESIAN_POINT('',(6.14336409048,0.994076749681));
#4546 = CARTESIAN_POINT('',(6.140538139271,0.990476839325));
#4547 = CARTESIAN_POINT('',(6.137714795048,0.986876939371));
#4548 = CARTESIAN_POINT('',(6.134894066891,0.983277047827));
#4549 = CARTESIAN_POINT('',(6.116211626412,0.959410991421));
#4550 = CARTESIAN_POINT('',(6.100431704998,0.939144819743));
#4551 = CARTESIAN_POINT('',(6.084735774012,0.91887863349));
#4552 = CARTESIAN_POINT('',(6.069123311348,0.898612433132));
#4553 = CARTESIAN_POINT('',(6.05359378606,0.878346219117));
#4554 = CARTESIAN_POINT('',(6.022699459459,0.837813671199));
#4555 = CARTESIAN_POINT('',(6.007334659558,0.817547337296));
#4556 = CARTESIAN_POINT('',(5.992051719043,0.79728099059));
#4557 = CARTESIAN_POINT('',(5.976850092704,0.777014631489));
#4558 = CARTESIAN_POINT('',(5.961729229745,0.756748260381));
#4559 = CARTESIAN_POINT('',(5.931647850987,0.716215404864));
#4560 = CARTESIAN_POINT('',(5.916687336418,0.695948920455));
#4561 = CARTESIAN_POINT('',(5.901806473806,0.675682424782));
#4562 = CARTESIAN_POINT('',(5.887004703875,0.655415918199));
#4563 = CARTESIAN_POINT('',(5.872281464328,0.635149401045));
#4564 = CARTESIAN_POINT('',(5.843039032571,0.594682932123));
#4565 = CARTESIAN_POINT('',(5.828519329295,0.574482980423));
#4566 = CARTESIAN_POINT('',(5.814076520374,0.554283018862));
#4567 = CARTESIAN_POINT('',(5.799710045182,0.534083047746));
#4568 = CARTESIAN_POINT('',(5.785419342112,0.513883067369));
#4569 = CARTESIAN_POINT('',(5.75694144822,0.473416434796));
#4570 = CARTESIAN_POINT('',(5.742754754873,0.453149782541));
#4571 = CARTESIAN_POINT('',(5.728643200451,0.432883121528));
#4572 = CARTESIAN_POINT('',(5.714606217468,0.412616452025));
#4573 = CARTESIAN_POINT('',(5.700643239038,0.392349774291));
#4574 = CARTESIAN_POINT('',(5.672864186102,0.351816442829));
#4575 = CARTESIAN_POINT('',(5.659048111557,0.331549789101));
#4576 = CARTESIAN_POINT('',(5.645304909025,0.311283127636));
#4577 = CARTESIAN_POINT('',(5.631634014138,0.291016458672));
#4578 = CARTESIAN_POINT('',(5.618034864372,0.270749782434));
#4579 = CARTESIAN_POINT('',(5.590978957299,0.230216451175));
#4580 = CARTESIAN_POINT('',(5.577522199938,0.209949796155));
#4581 = CARTESIAN_POINT('',(5.564136066338,0.189683134294));
#4582 = CARTESIAN_POINT('',(5.550819998683,0.169416465801));
#4583 = CARTESIAN_POINT('',(5.537573441958,0.149149790874));
#4584 = CARTESIAN_POINT('',(5.511294498364,0.108733702062));
#4585 = CARTESIAN_POINT('',(5.498261315886,8.858428824869E-02));
#4586 = CARTESIAN_POINT('',(5.485295753887,6.84348684512E-02));
#4587 = CARTESIAN_POINT('',(5.472397273187,4.828544284893E-02));
#4588 = CARTESIAN_POINT('',(5.459565338058,2.813601161389E-02));
#4589 = CARTESIAN_POINT('',(5.446799416226,7.986574910688E-03));
#4590 = ( GEOMETRIC_REPRESENTATION_CONTEXT(2) 
PARAMETRIC_REPRESENTATION_CONTEXT() REPRESENTATION_CONTEXT('2D SPACE',''
  ) );
#4591 = PCURVE('',#1791,#4592);
#4592 = DEFINITIONAL_REPRESENTATION('',(#4593),#4646);
#4593 = B_SPLINE_CURVE_WITH_KNOTS('',6,(#4594,#4595,#4596,#4597,#4598,
    #4599,#4600,#4601,#4602,#4603,#4604,#4605,#4606,#4607,#4608,#4609,
    #4610,#4611,#4612,#4613,#4614,#4615,#4616,#4617,#4618,#4619,#4620,
    #4621,#4622,#4623,#4624,#4625,#4626,#4627,#4628,#4629,#4630,#4631,
    #4632,#4633,#4634,#4635,#4636,#4637,#4638,#4639,#4640,#4641,#4642,
    #4643,#4644,#4645),.UNSPECIFIED.,.F.,.F.,(7,5,5,5,5,5,5,5,5,5,7),(0.
    ,6.71015538932E-03,2.830978074746E-02,0.149907996036,0.271506771898,
    0.393106087947,0.514305888204,0.635905611134,0.757505094229,
    0.879104365338,1.),.UNSPECIFIED.);
#4594 = CARTESIAN_POINT('',(127.50541000815,1.00306459484));
#4595 = CARTESIAN_POINT('',(127.50693142232,1.001946198236));
#4596 = CARTESIAN_POINT('',(127.50845133975,1.000827758504));
#4597 = CARTESIAN_POINT('',(127.5099696477,0.999709227462));
#4598 = CARTESIAN_POINT('',(127.51148505739,0.998590629762));
#4599 = CARTESIAN_POINT('',(127.51300137217,0.997472106331));
#4600 = CARTESIAN_POINT('',(127.51939338328,0.9927530338));
#4601 = CARTESIAN_POINT('',(127.52426186017,0.989152505038));
#4602 = CARTESIAN_POINT('',(127.52912190289,0.985551976948));
#4603 = CARTESIAN_POINT('',(127.53397353825,0.981951449532));
#4604 = CARTESIAN_POINT('',(127.5388167929,0.978350922788));
#4605 = CARTESIAN_POINT('',(127.57087046474,0.954480714351));
#4606 = CARTESIAN_POINT('',(127.59782446874,0.934211053191));
#4607 = CARTESIAN_POINT('',(127.62451843012,0.913941413028));
#4608 = CARTESIAN_POINT('',(127.65095693538,0.893671793657));
#4609 = CARTESIAN_POINT('',(127.67714443274,0.873402194878));
#4610 = CARTESIAN_POINT('',(127.72902615117,0.832862944654));
#4611 = CARTESIAN_POINT('',(127.75472037283,0.812593293209));
#4612 = CARTESIAN_POINT('',(127.78017220758,0.792323661952));
#4613 = CARTESIAN_POINT('',(127.80538584194,0.772054050681));
#4614 = CARTESIAN_POINT('',(127.83036533857,0.751784459196));
#4615 = CARTESIAN_POINT('',(127.87986404384,0.711245225355));
#4616 = CARTESIAN_POINT('',(127.90438325298,0.690975582999));
#4617 = CARTESIAN_POINT('',(127.92867620283,0.670705960031));
#4618 = CARTESIAN_POINT('',(127.95274672139,0.650436356253));
#4619 = CARTESIAN_POINT('',(127.97659852544,0.630166771469));
#4620 = CARTESIAN_POINT('',(128.02379425721,0.589694235364));
#4621 = CARTESIAN_POINT('',(128.04713959831,0.569491283921));
#4622 = CARTESIAN_POINT('',(128.07027481446,0.54928835096));
#4623 = CARTESIAN_POINT('',(128.0932033775,0.52908543629));
#4624 = CARTESIAN_POINT('',(128.11592866065,0.508882539722));
#4625 = CARTESIAN_POINT('',(128.1610535428,0.468410119029));
#4626 = CARTESIAN_POINT('',(128.18345182168,0.448140595021));
#4627 = CARTESIAN_POINT('',(128.20565208238,0.427871088857));
#4628 = CARTESIAN_POINT('',(128.22765754213,0.407601600348));
#4629 = CARTESIAN_POINT('',(128.24947132813,0.387332129309));
#4630 = CARTESIAN_POINT('',(128.29272158426,0.346793261782));
#4631 = CARTESIAN_POINT('',(128.3141580569,0.326523865293));
#4632 = CARTESIAN_POINT('',(128.33540893279,0.306254485908));
#4633 = CARTESIAN_POINT('',(128.35647716806,0.285985123444));
#4634 = CARTESIAN_POINT('',(128.37736563759,0.265715777722));
#4635 = CARTESIAN_POINT('',(128.41878859634,0.225177154743));
#4636 = CARTESIAN_POINT('',(128.43932308774,0.204907877487));
#4637 = CARTESIAN_POINT('',(128.45968340306,0.184638616618));
#4638 = CARTESIAN_POINT('',(128.47987226272,0.164369371963));
#4639 = CARTESIAN_POINT('',(128.49989231372,0.144100143347));
#4640 = CARTESIAN_POINT('',(128.53948506112,0.103679006034));
#4641 = CARTESIAN_POINT('',(128.55905967716,8.352709715251E-02));
#4642 = CARTESIAN_POINT('',(128.57847250716,6.337520379064E-02));
#4643 = CARTESIAN_POINT('',(128.59772601554,4.322332578302E-02));
#4644 = CARTESIAN_POINT('',(128.61682260178,2.30714629667E-02));
#4645 = CARTESIAN_POINT('',(128.63576460043,2.919615180916E-03));
#4646 = ( GEOMETRIC_REPRESENTATION_CONTEXT(2) 
PARAMETRIC_REPRESENTATION_CONTEXT() REPRESENTATION_CONTEXT('2D SPACE',''
  ) );
#4647 = ADVANCED_FACE('',(#4648),#1388,.F.);
#4648 = FACE_BOUND('',#4649,.F.);
#4649 = EDGE_LOOP('',(#4650,#4651,#4759,#4760));
#4650 = ORIENTED_EDGE('',*,*,#3199,.F.);
#4651 = ORIENTED_EDGE('',*,*,#4652,.T.);
#4652 = EDGE_CURVE('',#3200,#1303,#4653,.T.);
#4653 = SURFACE_CURVE('',#4654,(#4687,#4723),.PCURVE_S1.);
#4654 = B_SPLINE_CURVE_WITH_KNOTS('',7,(#4655,#4656,#4657,#4658,#4659,
    #4660,#4661,#4662,#4663,#4664,#4665,#4666,#4667,#4668,#4669,#4670,
    #4671,#4672,#4673,#4674,#4675,#4676,#4677,#4678,#4679,#4680,#4681,
    #4682,#4683,#4684,#4685,#4686),.UNSPECIFIED.,.F.,.F.,(8,6,6,6,6,8),(
    0.,0.251169337575,0.499377959353,0.748588929482,0.970779442016,1.),
  .UNSPECIFIED.);
#4655 = CARTESIAN_POINT('',(-50.43051992202,293.333,371.7755624078));
#4656 = CARTESIAN_POINT('',(-50.21123710853,297.87818118489,
    371.645989202));
#4657 = CARTESIAN_POINT('',(-49.99188913375,302.42335053771,
    371.51641633351));
#4658 = CARTESIAN_POINT('',(-49.77247408676,306.96850752922,
    371.38684381741));
#4659 = CARTESIAN_POINT('',(-49.5529899501,311.51365158448,
    371.2572716701));
#4660 = CARTESIAN_POINT('',(-49.33343459971,316.05878208284,
    371.12769990927));
#4661 = CARTESIAN_POINT('',(-49.11380580499,320.60389835795,
    370.99812855391));
#4662 = CARTESIAN_POINT('',(-48.67698647027,329.64052461987,
    370.74051404159));
#4663 = CARTESIAN_POINT('',(-48.45979769645,334.13203494814,
    370.6124708749));
#4664 = CARTESIAN_POINT('',(-48.24253265421,338.62352999816,
    370.48442814375));
#4665 = CARTESIAN_POINT('',(-48.02518895935,343.11500902318,
    370.35638586945));
#4666 = CARTESIAN_POINT('',(-47.80776409654,347.60647121405,
    370.22834407505));
#4667 = CARTESIAN_POINT('',(-47.59025541935,352.09791569922,
    370.1003027854));
#4668 = CARTESIAN_POINT('',(-47.15418615958,361.09890525054,
    369.843704198));
#4669 = CARTESIAN_POINT('',(-46.93562486276,365.60845015264,
    369.71514690493));
#4670 = CARTESIAN_POINT('',(-46.71697345243,370.11797531074,
    369.58659017472));
#4671 = CARTESIAN_POINT('',(-46.49822894723,374.62747969204,
    369.45803403681));
#4672 = CARTESIAN_POINT('',(-46.27938819179,379.13696217127,
    369.32947852328));
#4673 = CARTESIAN_POINT('',(-46.06044785673,383.64642153065,
    369.20092366884));
#4674 = CARTESIAN_POINT('',(-45.64611059057,392.17636028312,
    368.95775371269));
#4675 = CARTESIAN_POINT('',(-45.45073478867,396.1968446733,
    368.84313846853));
#4676 = CARTESIAN_POINT('',(-45.2552745501,400.21730870392,
    368.72852380477));
#4677 = CARTESIAN_POINT('',(-45.05972724856,404.23775136315,
    368.61390975026));
#4678 = CARTESIAN_POINT('',(-44.86409011428,408.25817155393,
    368.49929633627));
#4679 = CARTESIAN_POINT('',(-44.66836023403,412.27856809399,
    368.38468359652));
#4680 = CARTESIAN_POINT('',(-44.44678126551,416.82766392078,
    368.25499879282));
#4681 = CARTESIAN_POINT('',(-44.42102631432,417.35638769038,
    368.23992603092));
#4682 = CARTESIAN_POINT('',(-44.3952697472,417.88511105035,
    368.22485328069));
#4683 = CARTESIAN_POINT('',(-44.36951138659,418.41383391162,
    368.20978054468));
#4684 = CARTESIAN_POINT('',(-44.3437515329,418.94255642584,
    368.19470781857));
#4685 = CARTESIAN_POINT('',(-44.31798981228,419.47127840639,
    368.17963510767));
#4686 = CARTESIAN_POINT('',(-44.29222651808,420.,368.1645624078));
#4687 = PCURVE('',#1388,#4688);
#4688 = DEFINITIONAL_REPRESENTATION('',(#4689),#4722);
#4689 = B_SPLINE_CURVE_WITH_KNOTS('',7,(#4690,#4691,#4692,#4693,#4694,
    #4695,#4696,#4697,#4698,#4699,#4700,#4701,#4702,#4703,#4704,#4705,
    #4706,#4707,#4708,#4709,#4710,#4711,#4712,#4713,#4714,#4715,#4716,
    #4717,#4718,#4719,#4720,#4721),.UNSPECIFIED.,.F.,.F.,(8,6,6,6,6,8),(
    0.,0.251169337575,0.499377959353,0.748588929482,0.970779442016,1.),
  .UNSPECIFIED.);
#4690 = CARTESIAN_POINT('',(127.58879290738,2.153049594531E-03));
#4691 = CARTESIAN_POINT('',(127.54061005287,3.803561247624E-02));
#4692 = CARTESIAN_POINT('',(127.49160690054,7.391808059143E-02));
#4693 = CARTESIAN_POINT('',(127.44175860382,0.109800449918));
#4694 = CARTESIAN_POINT('',(127.39103888567,0.145682716058));
#4695 = CARTESIAN_POINT('',(127.33942003857,0.181564874239));
#4696 = CARTESIAN_POINT('',(127.28687292451,0.217446919309));
#4697 = CARTESIAN_POINT('',(127.18049173911,0.288787805794));
#4698 = CARTESIAN_POINT('',(127.12667999682,0.324246649957));
#4699 = CARTESIAN_POINT('',(127.07190227742,0.359705372971));
#4700 = CARTESIAN_POINT('',(127.01612733242,0.395163969104));
#4701 = CARTESIAN_POINT('',(126.95932213558,0.430622432146));
#4702 = CARTESIAN_POINT('',(126.90145188296,0.466080755417));
#4703 = CARTESIAN_POINT('',(126.78326995474,0.537140299933));
#4704 = CARTESIAN_POINT('',(126.72294917227,0.572741519888));
#4705 = CARTESIAN_POINT('',(126.66148067739,0.608342584425));
#4706 = CARTESIAN_POINT('',(126.59882512262,0.643943485641));
#4707 = CARTESIAN_POINT('',(126.53494078101,0.679544214932));
#4708 = CARTESIAN_POINT('',(126.46978354618,0.715144762992));
#4709 = CARTESIAN_POINT('',(126.34403798074,0.782485542499));
#4710 = CARTESIAN_POINT('',(126.28372006728,0.814225813065));
#4711 = CARTESIAN_POINT('',(126.22232025014,0.845965924438));
#4712 = CARTESIAN_POINT('',(126.15980360853,0.877705868896));
#4713 = CARTESIAN_POINT('',(126.09613324257,0.909445638072));
#4714 = CARTESIAN_POINT('',(126.03127027332,0.941185222954));
#4715 = CARTESIAN_POINT('',(125.95648141682,0.977098701708));
#4716 = CARTESIAN_POINT('',(125.94776754751,0.981273052855));
#4717 = CARTESIAN_POINT('',(125.93903285764,0.985445903069));
#4718 = CARTESIAN_POINT('',(125.93027511104,0.989622565403));
#4719 = CARTESIAN_POINT('',(125.92149804295,0.993793449101));
#4720 = CARTESIAN_POINT('',(125.91269704421,0.997970009394));
#4721 = CARTESIAN_POINT('',(125.90387565374,1.002142837402));
#4722 = ( GEOMETRIC_REPRESENTATION_CONTEXT(2) 
PARAMETRIC_REPRESENTATION_CONTEXT() REPRESENTATION_CONTEXT('2D SPACE',''
  ) );
#4723 = PCURVE('',#1696,#4724);
#4724 = DEFINITIONAL_REPRESENTATION('',(#4725),#4758);
#4725 = B_SPLINE_CURVE_WITH_KNOTS('',7,(#4726,#4727,#4728,#4729,#4730,
    #4731,#4732,#4733,#4734,#4735,#4736,#4737,#4738,#4739,#4740,#4741,
    #4742,#4743,#4744,#4745,#4746,#4747,#4748,#4749,#4750,#4751,#4752,
    #4753,#4754,#4755,#4756,#4757),.UNSPECIFIED.,.F.,.F.,(8,6,6,6,6,8),(
    0.,0.251169337575,0.499377959353,0.748588929482,0.970779442016,1.),
  .UNSPECIFIED.);
#4726 = CARTESIAN_POINT('',(-50.43051992202,-63.1881832893));
#4727 = CARTESIAN_POINT('',(-50.21123710853,-58.64115555471));
#4728 = CARTESIAN_POINT('',(-49.99188913375,-54.09413965699));
#4729 = CARTESIAN_POINT('',(-49.77247408676,-49.54713612561));
#4730 = CARTESIAN_POINT('',(-49.5529899501,-45.00014553574));
#4731 = CARTESIAN_POINT('',(-49.33343459971,-40.45316850826));
#4732 = CARTESIAN_POINT('',(-49.11380580499,-35.90620570982));
#4733 = CARTESIAN_POINT('',(-48.67698647027,-26.86590817962));
#4734 = CARTESIAN_POINT('',(-48.45979769645,-22.37257310627));
#4735 = CARTESIAN_POINT('',(-48.24253265421,-17.87925331736));
#4736 = CARTESIAN_POINT('',(-48.02518895935,-13.38594955996));
#4737 = CARTESIAN_POINT('',(-47.80776409654,-8.892662643566));
#4738 = CARTESIAN_POINT('',(-47.59025541935,-4.399393440056));
#4739 = CARTESIAN_POINT('',(-47.15418615958,4.605252901585));
#4740 = CARTESIAN_POINT('',(-46.93562486276,9.116629875595));
#4741 = CARTESIAN_POINT('',(-46.71697345243,13.627987097588));
#4742 = CARTESIAN_POINT('',(-46.49822894723,18.139323534345));
#4743 = CARTESIAN_POINT('',(-46.27938819179,22.650638060126));
#4744 = CARTESIAN_POINT('',(-46.06044785673,27.16192945667));
#4745 = CARTESIAN_POINT('',(-45.64611059057,35.695333627829));
#4746 = CARTESIAN_POINT('',(-45.45073478867,39.717451401581));
#4747 = CARTESIAN_POINT('',(-45.2552745501,43.739548807491));
#4748 = CARTESIAN_POINT('',(-45.05972724856,47.761624833328));
#4749 = CARTESIAN_POINT('',(-44.86409011428,51.783678381596));
#4750 = CARTESIAN_POINT('',(-44.66836023403,55.805708269527));
#4751 = CARTESIAN_POINT('',(-44.44678126551,60.3566522364));
#4752 = CARTESIAN_POINT('',(-44.42102631432,60.885590808157));
#4753 = CARTESIAN_POINT('',(-44.3952697472,61.414528970119));
#4754 = CARTESIAN_POINT('',(-44.36951138659,61.943466633181));
#4755 = CARTESIAN_POINT('',(-44.3437515329,62.472403949041));
#4756 = CARTESIAN_POINT('',(-44.31798981228,63.001340731027));
#4757 = CARTESIAN_POINT('',(-44.29222651808,63.5302771259));
#4758 = ( GEOMETRIC_REPRESENTATION_CONTEXT(2) 
PARAMETRIC_REPRESENTATION_CONTEXT() REPRESENTATION_CONTEXT('2D SPACE',''
  ) );
#4759 = ORIENTED_EDGE('',*,*,#1302,.T.);
#4760 = ORIENTED_EDGE('',*,*,#4237,.T.);
#4761 = ADVANCED_FACE('',(#4762),#1696,.F.);
#4762 = FACE_BOUND('',#4763,.F.);
#4763 = EDGE_LOOP('',(#4764,#4765,#4766,#4767,#4786,#4787,#4788,#4896));
#4764 = ORIENTED_EDGE('',*,*,#4652,.F.);
#4765 = ORIENTED_EDGE('',*,*,#3345,.T.);
#4766 = ORIENTED_EDGE('',*,*,#3943,.T.);
#4767 = ORIENTED_EDGE('',*,*,#4768,.F.);
#4768 = EDGE_CURVE('',#3602,#3921,#4769,.T.);
#4769 = SURFACE_CURVE('',#4770,(#4774,#4780),.PCURVE_S1.);
#4770 = LINE('',#4771,#4772);
#4771 = CARTESIAN_POINT('',(-10.,331.33,370.69235078204));
#4772 = VECTOR('',#4773,1.);
#4773 = DIRECTION('',(-1.,0.,-1.098462835488E-16));
#4774 = PCURVE('',#1696,#4775);
#4775 = DEFINITIONAL_REPRESENTATION('',(#4776),#4779);
#4776 = B_SPLINE_CURVE_WITH_KNOTS('',1,(#4777,#4778),.UNSPECIFIED.,.F.,
  .F.,(2,2),(-30.,10.),.PIECEWISE_BEZIER_KNOTS.);
#4777 = CARTESIAN_POINT('',(20.,-25.17574642416));
#4778 = CARTESIAN_POINT('',(-20.,-25.17574642416));
#4779 = ( GEOMETRIC_REPRESENTATION_CONTEXT(2) 
PARAMETRIC_REPRESENTATION_CONTEXT() REPRESENTATION_CONTEXT('2D SPACE',''
  ) );
#4780 = PCURVE('',#3617,#4781);
#4781 = DEFINITIONAL_REPRESENTATION('',(#4782),#4785);
#4782 = B_SPLINE_CURVE_WITH_KNOTS('',1,(#4783,#4784),.UNSPECIFIED.,.F.,
  .F.,(2,2),(-30.,10.),.PIECEWISE_BEZIER_KNOTS.);
#4783 = CARTESIAN_POINT('',(56.662350782041,40.));
#4784 = CARTESIAN_POINT('',(56.662350782041,0.));
#4785 = ( GEOMETRIC_REPRESENTATION_CONTEXT(2) 
PARAMETRIC_REPRESENTATION_CONTEXT() REPRESENTATION_CONTEXT('2D SPACE',''
  ) );
#4786 = ORIENTED_EDGE('',*,*,#3629,.F.);
#4787 = ORIENTED_EDGE('',*,*,#2823,.T.);
#4788 = ORIENTED_EDGE('',*,*,#4789,.T.);
#4789 = EDGE_CURVE('',#2824,#1682,#4790,.T.);
#4790 = SURFACE_CURVE('',#4791,(#4824,#4860),.PCURVE_S1.);
#4791 = B_SPLINE_CURVE_WITH_KNOTS('',7,(#4792,#4793,#4794,#4795,#4796,
    #4797,#4798,#4799,#4800,#4801,#4802,#4803,#4804,#4805,#4806,#4807,
    #4808,#4809,#4810,#4811,#4812,#4813,#4814,#4815,#4816,#4817,#4818,
    #4819,#4820,#4821,#4822,#4823),.UNSPECIFIED.,.F.,.F.,(8,6,6,6,6,8),(
    0.,0.251169336797,0.499377957975,0.748588927502,0.9707794395,1.),
  .UNSPECIFIED.);
#4792 = CARTESIAN_POINT('',(50.430519922024,293.333,371.7755624078));
#4793 = CARTESIAN_POINT('',(50.211237109215,297.87818117081,
    371.6459892024));
#4794 = CARTESIAN_POINT('',(49.991889135111,302.42335050954,
    371.51641633431));
#4795 = CARTESIAN_POINT('',(49.772474088806,306.96850748697,
    371.38684381862));
#4796 = CARTESIAN_POINT('',(49.552989952823,311.51365152814,
    371.25727167171));
#4797 = CARTESIAN_POINT('',(49.333434603118,316.05878201242,
    371.12769991127));
#4798 = CARTESIAN_POINT('',(49.113805809078,320.60389827345,
    370.99812855632));
#4799 = CARTESIAN_POINT('',(48.676986475563,329.64052451044,
    370.74051404471));
#4800 = CARTESIAN_POINT('',(48.459797702269,334.13203482786,
    370.61247087833));
#4801 = CARTESIAN_POINT('',(48.242532660557,338.62352986703,
    370.48442814749));
#4802 = CARTESIAN_POINT('',(48.025188966221,343.11500888121,
    370.3563858735));
#4803 = CARTESIAN_POINT('',(47.807764103942,347.60647106123,
    370.22834407941));
#4804 = CARTESIAN_POINT('',(47.590255427283,352.09791553555,
    370.10030279007));
#4805 = CARTESIAN_POINT('',(47.15418616857,361.09890506514,
    369.84370420329));
#4806 = CARTESIAN_POINT('',(46.935624872278,365.60844995634,
    369.71514691053));
#4807 = CARTESIAN_POINT('',(46.716973462477,370.11797510355,
    369.58659018063));
#4808 = CARTESIAN_POINT('',(46.498228957813,374.62747947397,
    369.45803404302));
#4809 = CARTESIAN_POINT('',(46.279388202911,379.13696194231,
    369.3294785298));
#4810 = CARTESIAN_POINT('',(46.060447868382,383.6464212908,
    369.20092367568));
#4811 = CARTESIAN_POINT('',(45.646110603233,392.17636002267,
    368.95775372012));
#4812 = CARTESIAN_POINT('',(45.450734801807,396.19684440314,
    368.84313847623));
#4813 = CARTESIAN_POINT('',(45.255274563713,400.21730842405,
    368.72852381274));
#4814 = CARTESIAN_POINT('',(45.05972726265,404.23775107357,
    368.61390975851));
#4815 = CARTESIAN_POINT('',(44.864090128852,408.25817125464,
    368.49929634481));
#4816 = CARTESIAN_POINT('',(44.668360249078,412.27856778499,
    368.38468360533));
#4817 = CARTESIAN_POINT('',(44.44678127882,416.82766364759,
    368.25499880061));
#4818 = CARTESIAN_POINT('',(44.42102632529,417.35638746266,
    368.23992603741));
#4819 = CARTESIAN_POINT('',(44.395269756512,417.8851108684,
    368.22485328588));
#4820 = CARTESIAN_POINT('',(44.369511392516,418.41383377466,
    368.20978054859));
#4821 = CARTESIAN_POINT('',(44.343751538054,418.94255633506,
    368.19470782116));
#4822 = CARTESIAN_POINT('',(44.317989814091,419.47127836061,
    368.17963510897));
#4823 = CARTESIAN_POINT('',(44.292226518227,420.,368.1645624078));
#4824 = PCURVE('',#1696,#4825);
#4825 = DEFINITIONAL_REPRESENTATION('',(#4826),#4859);
#4826 = B_SPLINE_CURVE_WITH_KNOTS('',7,(#4827,#4828,#4829,#4830,#4831,
    #4832,#4833,#4834,#4835,#4836,#4837,#4838,#4839,#4840,#4841,#4842,
    #4843,#4844,#4845,#4846,#4847,#4848,#4849,#4850,#4851,#4852,#4853,
    #4854,#4855,#4856,#4857,#4858),.UNSPECIFIED.,.F.,.F.,(8,6,6,6,6,8),(
    0.,0.251169336797,0.499377957975,0.748588927502,0.9707794395,1.),
  .UNSPECIFIED.);
#4827 = CARTESIAN_POINT('',(50.430519922024,-63.1881832893));
#4828 = CARTESIAN_POINT('',(50.211237109215,-58.6411555688));
#4829 = CARTESIAN_POINT('',(49.991889135111,-54.09413968517));
#4830 = CARTESIAN_POINT('',(49.772474088806,-49.54713616788));
#4831 = CARTESIAN_POINT('',(49.552989952823,-45.00014559209));
#4832 = CARTESIAN_POINT('',(49.333434603118,-40.45316857871));
#4833 = CARTESIAN_POINT('',(49.113805809078,-35.90620579436));
#4834 = CARTESIAN_POINT('',(48.676986475563,-26.8659082891));
#4835 = CARTESIAN_POINT('',(48.459797702269,-22.37257322659));
#4836 = CARTESIAN_POINT('',(48.242532660557,-17.87925344854));
#4837 = CARTESIAN_POINT('',(48.025188966221,-13.38594970199));
#4838 = CARTESIAN_POINT('',(47.807764103942,-8.892662796447));
#4839 = CARTESIAN_POINT('',(47.590255427283,-4.399393603787));
#4840 = CARTESIAN_POINT('',(47.15418616857,4.605252716109));
#4841 = CARTESIAN_POINT('',(46.935624872278,9.116629679223));
#4842 = CARTESIAN_POINT('',(46.716973462477,13.627986890321));
#4843 = CARTESIAN_POINT('',(46.498228957813,18.139323316183));
#4844 = CARTESIAN_POINT('',(46.279388202911,22.65063783107));
#4845 = CARTESIAN_POINT('',(46.060447868382,27.16192921672));
#4846 = CARTESIAN_POINT('',(45.646110603233,35.695333367271));
#4847 = CARTESIAN_POINT('',(45.450734801807,39.717451131311));
#4848 = CARTESIAN_POINT('',(45.255274563712,43.739548527508));
#4849 = CARTESIAN_POINT('',(45.05972726265,47.761624543633));
#4850 = CARTESIAN_POINT('',(44.864090128852,51.783678082188));
#4851 = CARTESIAN_POINT('',(44.668360249078,55.805707960408));
#4852 = CARTESIAN_POINT('',(44.44678127882,60.356651963105));
#4853 = CARTESIAN_POINT('',(44.42102632529,60.885590580345));
#4854 = CARTESIAN_POINT('',(44.395269756512,61.414528788099));
#4855 = CARTESIAN_POINT('',(44.369511392516,61.943466496166));
#4856 = CARTESIAN_POINT('',(44.343751538054,62.472403858227));
#4857 = CARTESIAN_POINT('',(44.317989814091,63.001340685224));
#4858 = CARTESIAN_POINT('',(44.292226518227,63.5302771259));
#4859 = ( GEOMETRIC_REPRESENTATION_CONTEXT(2) 
PARAMETRIC_REPRESENTATION_CONTEXT() REPRESENTATION_CONTEXT('2D SPACE',''
  ) );
#4860 = PCURVE('',#1791,#4861);
#4861 = DEFINITIONAL_REPRESENTATION('',(#4862),#4895);
#4862 = B_SPLINE_CURVE_WITH_KNOTS('',7,(#4863,#4864,#4865,#4866,#4867,
    #4868,#4869,#4870,#4871,#4872,#4873,#4874,#4875,#4876,#4877,#4878,
    #4879,#4880,#4881,#4882,#4883,#4884,#4885,#4886,#4887,#4888,#4889,
    #4890,#4891,#4892,#4893,#4894),.UNSPECIFIED.,.F.,.F.,(8,6,6,6,6,8),(
    0.,0.251169336797,0.499377957975,0.748588927502,0.9707794395,1.),
  .UNSPECIFIED.);
#4863 = CARTESIAN_POINT('',(6.560002543791,2.15304959453E-03));
#4864 = CARTESIAN_POINT('',(6.608185398151,3.803561236505E-02));
#4865 = CARTESIAN_POINT('',(6.657188550327,7.391808036906E-02));
#4866 = CARTESIAN_POINT('',(6.707036846885,0.109800449585));
#4867 = CARTESIAN_POINT('',(6.757756564869,0.145682715614));
#4868 = CARTESIAN_POINT('',(6.8093754118,0.181564873683));
#4869 = CARTESIAN_POINT('',(6.861922525678,0.217446918642));
#4870 = CARTESIAN_POINT('',(6.968303710751,0.28878780493));
#4871 = CARTESIAN_POINT('',(7.022115452888,0.324246649007));
#4872 = CARTESIAN_POINT('',(7.076893172135,0.359705371936));
#4873 = CARTESIAN_POINT('',(7.132668116978,0.395163967983));
#4874 = CARTESIAN_POINT('',(7.189473313643,0.430622430939));
#4875 = CARTESIAN_POINT('',(7.247343566096,0.466080754125));
#4876 = CARTESIAN_POINT('',(7.365525493953,0.53714029847));
#4877 = CARTESIAN_POINT('',(7.425846276235,0.572741518338));
#4878 = CARTESIAN_POINT('',(7.487314770922,0.608342582789));
#4879 = CARTESIAN_POINT('',(7.549970325498,0.643943483919));
#4880 = CARTESIAN_POINT('',(7.613854666899,0.679544213124));
#4881 = CARTESIAN_POINT('',(7.679011901514,0.715144761099));
#4882 = CARTESIAN_POINT('',(7.80475746653,0.782485540443));
#4883 = CARTESIAN_POINT('',(7.865075379789,0.814225810932));
#4884 = CARTESIAN_POINT('',(7.926475196709,0.845965922228));
#4885 = CARTESIAN_POINT('',(7.9889918381,0.87770586661));
#4886 = CARTESIAN_POINT('',(8.052662203833,0.909445635709));
#4887 = CARTESIAN_POINT('',(8.117525172845,0.941185220514));
#4888 = CARTESIAN_POINT('',(8.19231402984,0.977098699551));
#4889 = CARTESIAN_POINT('',(8.201027901431,0.98127305481));
#4890 = CARTESIAN_POINT('',(8.209762585026,0.985445888064));
#4891 = CARTESIAN_POINT('',(8.218520346953,0.989622587127));
#4892 = CARTESIAN_POINT('',(8.227297398072,0.993793426286));
#4893 = CARTESIAN_POINT('',(8.236098411067,0.997970021973));
#4894 = CARTESIAN_POINT('',(8.244919795853,1.002142832897));
#4895 = ( GEOMETRIC_REPRESENTATION_CONTEXT(2) 
PARAMETRIC_REPRESENTATION_CONTEXT() REPRESENTATION_CONTEXT('2D SPACE',''
  ) );
#4896 = ORIENTED_EDGE('',*,*,#1681,.F.);
#4897 = ADVANCED_FACE('',(#4898),#1791,.F.);
#4898 = FACE_BOUND('',#4899,.F.);
#4899 = EDGE_LOOP('',(#4900,#4901,#4902,#4903));
#4900 = ORIENTED_EDGE('',*,*,#2844,.F.);
#4901 = ORIENTED_EDGE('',*,*,#4480,.F.);
#4902 = ORIENTED_EDGE('',*,*,#1707,.T.);
#4903 = ORIENTED_EDGE('',*,*,#4789,.F.);
#4904 = ADVANCED_FACE('',(#4905),#2166,.F.);
#4905 = FACE_BOUND('',#4906,.F.);
#4906 = EDGE_LOOP('',(#4907,#4908,#4930,#4931));
#4907 = ORIENTED_EDGE('',*,*,#2144,.F.);
#4908 = ORIENTED_EDGE('',*,*,#4909,.T.);
#4909 = EDGE_CURVE('',#2145,#2382,#4910,.T.);
#4910 = SURFACE_CURVE('',#4911,(#4916,#4923),.PCURVE_S1.);
#4911 = CIRCLE('',#4912,14.);
#4912 = AXIS2_PLACEMENT_3D('',#4913,#4914,#4915);
#4913 = CARTESIAN_POINT('',(46.,364.5,295.7));
#4914 = DIRECTION('',(1.,0.,0.));
#4915 = DIRECTION('',(-0.,0.,1.));
#4916 = PCURVE('',#2166,#4917);
#4917 = DEFINITIONAL_REPRESENTATION('',(#4918),#4922);
#4918 = CIRCLE('',#4919,14.);
#4919 = AXIS2_PLACEMENT_2D('',#4920,#4921);
#4920 = CARTESIAN_POINT('',(0.,0.));
#4921 = DIRECTION('',(1.,0.));
#4922 = ( GEOMETRIC_REPRESENTATION_CONTEXT(2) 
PARAMETRIC_REPRESENTATION_CONTEXT() REPRESENTATION_CONTEXT('2D SPACE',''
  ) );
#4923 = PCURVE('',#2303,#4924);
#4924 = DEFINITIONAL_REPRESENTATION('',(#4925),#4929);
#4925 = LINE('',#4926,#4927);
#4926 = CARTESIAN_POINT('',(0.,0.));
#4927 = VECTOR('',#4928,1.);
#4928 = DIRECTION('',(1.,0.));
#4929 = ( GEOMETRIC_REPRESENTATION_CONTEXT(2) 
PARAMETRIC_REPRESENTATION_CONTEXT() REPRESENTATION_CONTEXT('2D SPACE',''
  ) );
#4930 = ORIENTED_EDGE('',*,*,#2437,.F.);
#4931 = ORIENTED_EDGE('',*,*,#4932,.F.);
#4932 = EDGE_CURVE('',#2147,#2438,#4933,.T.);
#4933 = SURFACE_CURVE('',#4934,(#4939,#4946),.PCURVE_S1.);
#4934 = CIRCLE('',#4935,8.);
#4935 = AXIS2_PLACEMENT_3D('',#4936,#4937,#4938);
#4936 = CARTESIAN_POINT('',(46.,364.5,295.7));
#4937 = DIRECTION('',(1.,0.,0.));
#4938 = DIRECTION('',(-0.,0.,1.));
#4939 = PCURVE('',#2166,#4940);
#4940 = DEFINITIONAL_REPRESENTATION('',(#4941),#4945);
#4941 = CIRCLE('',#4942,8.);
#4942 = AXIS2_PLACEMENT_2D('',#4943,#4944);
#4943 = CARTESIAN_POINT('',(0.,0.));
#4944 = DIRECTION('',(1.,0.));
#4945 = ( GEOMETRIC_REPRESENTATION_CONTEXT(2) 
PARAMETRIC_REPRESENTATION_CONTEXT() REPRESENTATION_CONTEXT('2D SPACE',''
  ) );
#4946 = PCURVE('',#2536,#4947);
#4947 = DEFINITIONAL_REPRESENTATION('',(#4948),#4952);
#4948 = LINE('',#4949,#4950);
#4949 = CARTESIAN_POINT('',(0.,1.));
#4950 = VECTOR('',#4951,1.);
#4951 = DIRECTION('',(1.,0.));
#4952 = ( GEOMETRIC_REPRESENTATION_CONTEXT(2) 
PARAMETRIC_REPRESENTATION_CONTEXT() REPRESENTATION_CONTEXT('2D SPACE',''
  ) );
#4953 = ADVANCED_FACE('',(#4954),#2536,.F.);
#4954 = FACE_BOUND('',#4955,.F.);
#4955 = EDGE_LOOP('',(#4956,#4985,#5008,#5030,#5031,#5032,#5033,#5055));
#4956 = ORIENTED_EDGE('',*,*,#4957,.F.);
#4957 = EDGE_CURVE('',#4958,#4958,#4960,.T.);
#4958 = VERTEX_POINT('',#4959);
#4959 = CARTESIAN_POINT('',(58.,364.5,303.7));
#4960 = SURFACE_CURVE('',#4961,(#4966,#4973),.PCURVE_S1.);
#4961 = CIRCLE('',#4962,8.);
#4962 = AXIS2_PLACEMENT_3D('',#4963,#4964,#4965);
#4963 = CARTESIAN_POINT('',(58.,364.5,295.7));
#4964 = DIRECTION('',(1.,0.,0.));
#4965 = DIRECTION('',(-0.,0.,1.));
#4966 = PCURVE('',#2536,#4967);
#4967 = DEFINITIONAL_REPRESENTATION('',(#4968),#4972);
#4968 = LINE('',#4969,#4970);
#4969 = CARTESIAN_POINT('',(0.,13.));
#4970 = VECTOR('',#4971,1.);
#4971 = DIRECTION('',(1.,0.));
#4972 = ( GEOMETRIC_REPRESENTATION_CONTEXT(2) 
PARAMETRIC_REPRESENTATION_CONTEXT() REPRESENTATION_CONTEXT('2D SPACE',''
  ) );
#4973 = PCURVE('',#4974,#4979);
#4974 = PLANE('',#4975);
#4975 = AXIS2_PLACEMENT_3D('',#4976,#4977,#4978);
#4976 = CARTESIAN_POINT('',(58.,364.5,295.7));
#4977 = DIRECTION('',(1.,0.,0.));
#4978 = DIRECTION('',(-0.,0.,1.));
#4979 = DEFINITIONAL_REPRESENTATION('',(#4980),#4984);
#4980 = CIRCLE('',#4981,8.);
#4981 = AXIS2_PLACEMENT_2D('',#4982,#4983);
#4982 = CARTESIAN_POINT('',(0.,0.));
#4983 = DIRECTION('',(1.,0.));
#4984 = ( GEOMETRIC_REPRESENTATION_CONTEXT(2) 
PARAMETRIC_REPRESENTATION_CONTEXT() REPRESENTATION_CONTEXT('2D SPACE',''
  ) );
#4985 = ORIENTED_EDGE('',*,*,#4986,.F.);
#4986 = EDGE_CURVE('',#4987,#4958,#4989,.T.);
#4987 = VERTEX_POINT('',#4988);
#4988 = CARTESIAN_POINT('',(45.,364.5,303.7));
#4989 = SEAM_CURVE('',#4990,(#4994,#5001),.PCURVE_S1.);
#4990 = LINE('',#4991,#4992);
#4991 = CARTESIAN_POINT('',(45.,364.5,303.7));
#4992 = VECTOR('',#4993,1.);
#4993 = DIRECTION('',(1.,0.,0.));
#4994 = PCURVE('',#2536,#4995);
#4995 = DEFINITIONAL_REPRESENTATION('',(#4996),#5000);
#4996 = LINE('',#4997,#4998);
#4997 = CARTESIAN_POINT('',(6.28318530718,-0.));
#4998 = VECTOR('',#4999,1.);
#4999 = DIRECTION('',(0.,1.));
#5000 = ( GEOMETRIC_REPRESENTATION_CONTEXT(2) 
PARAMETRIC_REPRESENTATION_CONTEXT() REPRESENTATION_CONTEXT('2D SPACE',''
  ) );
#5001 = PCURVE('',#2536,#5002);
#5002 = DEFINITIONAL_REPRESENTATION('',(#5003),#5007);
#5003 = LINE('',#5004,#5005);
#5004 = CARTESIAN_POINT('',(0.,-0.));
#5005 = VECTOR('',#5006,1.);
#5006 = DIRECTION('',(0.,1.));
#5007 = ( GEOMETRIC_REPRESENTATION_CONTEXT(2) 
PARAMETRIC_REPRESENTATION_CONTEXT() REPRESENTATION_CONTEXT('2D SPACE',''
  ) );
#5008 = ORIENTED_EDGE('',*,*,#5009,.T.);
#5009 = EDGE_CURVE('',#4987,#2576,#5010,.T.);
#5010 = SURFACE_CURVE('',#5011,(#5016,#5023),.PCURVE_S1.);
#5011 = CIRCLE('',#5012,8.);
#5012 = AXIS2_PLACEMENT_3D('',#5013,#5014,#5015);
#5013 = CARTESIAN_POINT('',(45.,364.5,295.7));
#5014 = DIRECTION('',(1.,0.,0.));
#5015 = DIRECTION('',(-0.,0.,1.));
#5016 = PCURVE('',#2536,#5017);
#5017 = DEFINITIONAL_REPRESENTATION('',(#5018),#5022);
#5018 = LINE('',#5019,#5020);
#5019 = CARTESIAN_POINT('',(0.,0.));
#5020 = VECTOR('',#5021,1.);
#5021 = DIRECTION('',(1.,0.));
#5022 = ( GEOMETRIC_REPRESENTATION_CONTEXT(2) 
PARAMETRIC_REPRESENTATION_CONTEXT() REPRESENTATION_CONTEXT('2D SPACE',''
  ) );
#5023 = PCURVE('',#2595,#5024);
#5024 = DEFINITIONAL_REPRESENTATION('',(#5025),#5029);
#5025 = CIRCLE('',#5026,8.);
#5026 = AXIS2_PLACEMENT_2D('',#5027,#5028);
#5027 = CARTESIAN_POINT('',(0.,0.));
#5028 = DIRECTION('',(1.,0.));
#5029 = ( GEOMETRIC_REPRESENTATION_CONTEXT(2) 
PARAMETRIC_REPRESENTATION_CONTEXT() REPRESENTATION_CONTEXT('2D SPACE',''
  ) );
#5030 = ORIENTED_EDGE('',*,*,#2609,.T.);
#5031 = ORIENTED_EDGE('',*,*,#4932,.T.);
#5032 = ORIENTED_EDGE('',*,*,#2466,.T.);
#5033 = ORIENTED_EDGE('',*,*,#5034,.T.);
#5034 = EDGE_CURVE('',#2467,#4987,#5035,.T.);
#5035 = SURFACE_CURVE('',#5036,(#5041,#5048),.PCURVE_S1.);
#5036 = CIRCLE('',#5037,8.);
#5037 = AXIS2_PLACEMENT_3D('',#5038,#5039,#5040);
#5038 = CARTESIAN_POINT('',(45.,364.5,295.7));
#5039 = DIRECTION('',(1.,0.,0.));
#5040 = DIRECTION('',(-0.,0.,1.));
#5041 = PCURVE('',#2536,#5042);
#5042 = DEFINITIONAL_REPRESENTATION('',(#5043),#5047);
#5043 = LINE('',#5044,#5045);
#5044 = CARTESIAN_POINT('',(0.,0.));
#5045 = VECTOR('',#5046,1.);
#5046 = DIRECTION('',(1.,0.));
#5047 = ( GEOMETRIC_REPRESENTATION_CONTEXT(2) 
PARAMETRIC_REPRESENTATION_CONTEXT() REPRESENTATION_CONTEXT('2D SPACE',''
  ) );
#5048 = PCURVE('',#2595,#5049);
#5049 = DEFINITIONAL_REPRESENTATION('',(#5050),#5054);
#5050 = CIRCLE('',#5051,8.);
#5051 = AXIS2_PLACEMENT_2D('',#5052,#5053);
#5052 = CARTESIAN_POINT('',(0.,0.));
#5053 = DIRECTION('',(1.,0.));
#5054 = ( GEOMETRIC_REPRESENTATION_CONTEXT(2) 
PARAMETRIC_REPRESENTATION_CONTEXT() REPRESENTATION_CONTEXT('2D SPACE',''
  ) );
#5055 = ORIENTED_EDGE('',*,*,#4986,.T.);
#5056 = ADVANCED_FACE('',(#5057),#2595,.T.);
#5057 = FACE_BOUND('',#5058,.T.);
#5058 = EDGE_LOOP('',(#5059,#5060,#5061));
#5059 = ORIENTED_EDGE('',*,*,#5034,.T.);
#5060 = ORIENTED_EDGE('',*,*,#5009,.T.);
#5061 = ORIENTED_EDGE('',*,*,#2575,.T.);
#5062 = ADVANCED_FACE('',(#5063),#2303,.T.);
#5063 = FACE_BOUND('',#5064,.T.);
#5064 = EDGE_LOOP('',(#5065,#5088,#5110,#5111,#5112,#5113));
#5065 = ORIENTED_EDGE('',*,*,#5066,.T.);
#5066 = EDGE_CURVE('',#2181,#5067,#5069,.T.);
#5067 = VERTEX_POINT('',#5068);
#5068 = CARTESIAN_POINT('',(58.,364.5,309.7));
#5069 = SEAM_CURVE('',#5070,(#5074,#5081),.PCURVE_S1.);
#5070 = LINE('',#5071,#5072);
#5071 = CARTESIAN_POINT('',(46.,364.5,309.7));
#5072 = VECTOR('',#5073,1.);
#5073 = DIRECTION('',(1.,0.,0.));
#5074 = PCURVE('',#2303,#5075);
#5075 = DEFINITIONAL_REPRESENTATION('',(#5076),#5080);
#5076 = LINE('',#5077,#5078);
#5077 = CARTESIAN_POINT('',(6.28318530718,-0.));
#5078 = VECTOR('',#5079,1.);
#5079 = DIRECTION('',(0.,1.));
#5080 = ( GEOMETRIC_REPRESENTATION_CONTEXT(2) 
PARAMETRIC_REPRESENTATION_CONTEXT() REPRESENTATION_CONTEXT('2D SPACE',''
  ) );
#5081 = PCURVE('',#2303,#5082);
#5082 = DEFINITIONAL_REPRESENTATION('',(#5083),#5087);
#5083 = LINE('',#5084,#5085);
#5084 = CARTESIAN_POINT('',(0.,-0.));
#5085 = VECTOR('',#5086,1.);
#5086 = DIRECTION('',(0.,1.));
#5087 = ( GEOMETRIC_REPRESENTATION_CONTEXT(2) 
PARAMETRIC_REPRESENTATION_CONTEXT() REPRESENTATION_CONTEXT('2D SPACE',''
  ) );
#5088 = ORIENTED_EDGE('',*,*,#5089,.F.);
#5089 = EDGE_CURVE('',#5067,#5067,#5090,.T.);
#5090 = SURFACE_CURVE('',#5091,(#5096,#5103),.PCURVE_S1.);
#5091 = CIRCLE('',#5092,14.);
#5092 = AXIS2_PLACEMENT_3D('',#5093,#5094,#5095);
#5093 = CARTESIAN_POINT('',(58.,364.5,295.7));
#5094 = DIRECTION('',(1.,0.,0.));
#5095 = DIRECTION('',(-0.,0.,1.));
#5096 = PCURVE('',#2303,#5097);
#5097 = DEFINITIONAL_REPRESENTATION('',(#5098),#5102);
#5098 = LINE('',#5099,#5100);
#5099 = CARTESIAN_POINT('',(0.,12.));
#5100 = VECTOR('',#5101,1.);
#5101 = DIRECTION('',(1.,0.));
#5102 = ( GEOMETRIC_REPRESENTATION_CONTEXT(2) 
PARAMETRIC_REPRESENTATION_CONTEXT() REPRESENTATION_CONTEXT('2D SPACE',''
  ) );
#5103 = PCURVE('',#4974,#5104);
#5104 = DEFINITIONAL_REPRESENTATION('',(#5105),#5109);
#5105 = CIRCLE('',#5106,14.);
#5106 = AXIS2_PLACEMENT_2D('',#5107,#5108);
#5107 = CARTESIAN_POINT('',(0.,0.));
#5108 = DIRECTION('',(1.,0.));
#5109 = ( GEOMETRIC_REPRESENTATION_CONTEXT(2) 
PARAMETRIC_REPRESENTATION_CONTEXT() REPRESENTATION_CONTEXT('2D SPACE',''
  ) );
#5110 = ORIENTED_EDGE('',*,*,#5066,.F.);
#5111 = ORIENTED_EDGE('',*,*,#2180,.F.);
#5112 = ORIENTED_EDGE('',*,*,#4909,.T.);
#5113 = ORIENTED_EDGE('',*,*,#2381,.F.);
#5114 = ADVANCED_FACE('',(#5115),#3427,.T.);
#5115 = FACE_BOUND('',#5116,.T.);
#5116 = EDGE_LOOP('',(#5117,#5118,#5139,#5140));
#5117 = ORIENTED_EDGE('',*,*,#3765,.F.);
#5118 = ORIENTED_EDGE('',*,*,#5119,.T.);
#5119 = EDGE_CURVE('',#3766,#3412,#5120,.T.);
#5120 = SURFACE_CURVE('',#5121,(#5125,#5132),.PCURVE_S1.);
#5121 = LINE('',#5122,#5123);
#5122 = CARTESIAN_POINT('',(-20.,263.33,385.778));
#5123 = VECTOR('',#5124,1.);
#5124 = DIRECTION('',(1.,0.,-0.));
#5125 = PCURVE('',#3427,#5126);
#5126 = DEFINITIONAL_REPRESENTATION('',(#5127),#5131);
#5127 = LINE('',#5128,#5129);
#5128 = CARTESIAN_POINT('',(0.,0.));
#5129 = VECTOR('',#5130,1.);
#5130 = DIRECTION('',(1.,0.));
#5131 = ( GEOMETRIC_REPRESENTATION_CONTEXT(2) 
PARAMETRIC_REPRESENTATION_CONTEXT() REPRESENTATION_CONTEXT('2D SPACE',''
  ) );
#5132 = PCURVE('',#3455,#5133);
#5133 = DEFINITIONAL_REPRESENTATION('',(#5134),#5138);
#5134 = LINE('',#5135,#5136);
#5135 = CARTESIAN_POINT('',(71.748,0.));
#5136 = VECTOR('',#5137,1.);
#5137 = DIRECTION('',(0.,1.));
#5138 = ( GEOMETRIC_REPRESENTATION_CONTEXT(2) 
PARAMETRIC_REPRESENTATION_CONTEXT() REPRESENTATION_CONTEXT('2D SPACE',''
  ) );
#5139 = ORIENTED_EDGE('',*,*,#3411,.T.);
#5140 = ORIENTED_EDGE('',*,*,#3740,.F.);
#5141 = ADVANCED_FACE('',(#5142),#3455,.F.);
#5142 = FACE_BOUND('',#5143,.F.);
#5143 = EDGE_LOOP('',(#5144,#5165,#5166,#5167));
#5144 = ORIENTED_EDGE('',*,*,#5145,.F.);
#5145 = EDGE_CURVE('',#3789,#3440,#5146,.T.);
#5146 = SURFACE_CURVE('',#5147,(#5151,#5158),.PCURVE_S1.);
#5147 = LINE('',#5148,#5149);
#5148 = CARTESIAN_POINT('',(-20.,263.33,314.03));
#5149 = VECTOR('',#5150,1.);
#5150 = DIRECTION('',(1.,0.,-0.));
#5151 = PCURVE('',#3455,#5152);
#5152 = DEFINITIONAL_REPRESENTATION('',(#5153),#5157);
#5153 = LINE('',#5154,#5155);
#5154 = CARTESIAN_POINT('',(0.,0.));
#5155 = VECTOR('',#5156,1.);
#5156 = DIRECTION('',(0.,1.));
#5157 = ( GEOMETRIC_REPRESENTATION_CONTEXT(2) 
PARAMETRIC_REPRESENTATION_CONTEXT() REPRESENTATION_CONTEXT('2D SPACE',''
  ) );
#5158 = PCURVE('',#3483,#5159);
#5159 = DEFINITIONAL_REPRESENTATION('',(#5160),#5164);
#5160 = LINE('',#5161,#5162);
#5161 = CARTESIAN_POINT('',(0.,0.));
#5162 = VECTOR('',#5163,1.);
#5163 = DIRECTION('',(1.,0.));
#5164 = ( GEOMETRIC_REPRESENTATION_CONTEXT(2) 
PARAMETRIC_REPRESENTATION_CONTEXT() REPRESENTATION_CONTEXT('2D SPACE',''
  ) );
#5165 = ORIENTED_EDGE('',*,*,#3788,.T.);
#5166 = ORIENTED_EDGE('',*,*,#5119,.T.);
#5167 = ORIENTED_EDGE('',*,*,#3439,.F.);
#5168 = ADVANCED_FACE('',(#5169),#3483,.F.);
#5169 = FACE_BOUND('',#5170,.F.);
#5170 = EDGE_LOOP('',(#5171,#5172,#5173,#5174));
#5171 = ORIENTED_EDGE('',*,*,#3811,.F.);
#5172 = ORIENTED_EDGE('',*,*,#5145,.T.);
#5173 = ORIENTED_EDGE('',*,*,#3467,.T.);
#5174 = ORIENTED_EDGE('',*,*,#5175,.T.);
#5175 = EDGE_CURVE('',#3468,#3812,#5176,.T.);
#5176 = SURFACE_CURVE('',#5177,(#5181,#5187),.PCURVE_S1.);
#5177 = LINE('',#5178,#5179);
#5178 = CARTESIAN_POINT('',(-20.5,278.33,314.03));
#5179 = VECTOR('',#5180,1.);
#5180 = DIRECTION('',(-1.,-0.,0.));
#5181 = PCURVE('',#3483,#5182);
#5182 = DEFINITIONAL_REPRESENTATION('',(#5183),#5186);
#5183 = B_SPLINE_CURVE_WITH_KNOTS('',1,(#5184,#5185),.UNSPECIFIED.,.F.,
  .F.,(2,2),(-40.5,-0.5),.PIECEWISE_BEZIER_KNOTS.);
#5184 = CARTESIAN_POINT('',(40.,15.));
#5185 = CARTESIAN_POINT('',(0.,15.));
#5186 = ( GEOMETRIC_REPRESENTATION_CONTEXT(2) 
PARAMETRIC_REPRESENTATION_CONTEXT() REPRESENTATION_CONTEXT('2D SPACE',''
  ) );
#5187 = PCURVE('',#3510,#5188);
#5188 = DEFINITIONAL_REPRESENTATION('',(#5189),#5192);
#5189 = B_SPLINE_CURVE_WITH_KNOTS('',1,(#5190,#5191),.UNSPECIFIED.,.F.,
  .F.,(2,2),(-40.5,-0.5),.PIECEWISE_BEZIER_KNOTS.);
#5190 = CARTESIAN_POINT('',(1.,41.));
#5191 = CARTESIAN_POINT('',(1.,1.));
#5192 = ( GEOMETRIC_REPRESENTATION_CONTEXT(2) 
PARAMETRIC_REPRESENTATION_CONTEXT() REPRESENTATION_CONTEXT('2D SPACE',''
  ) );
#5193 = ADVANCED_FACE('',(#5194),#3617,.T.);
#5194 = FACE_BOUND('',#5195,.T.);
#5195 = EDGE_LOOP('',(#5196,#5197,#5218,#5219));
#5196 = ORIENTED_EDGE('',*,*,#3601,.F.);
#5197 = ORIENTED_EDGE('',*,*,#5198,.F.);
#5198 = EDGE_CURVE('',#3898,#3574,#5199,.T.);
#5199 = SURFACE_CURVE('',#5200,(#5204,#5211),.PCURVE_S1.);
#5200 = LINE('',#5201,#5202);
#5201 = CARTESIAN_POINT('',(-20.,331.33,314.03));
#5202 = VECTOR('',#5203,1.);
#5203 = DIRECTION('',(1.,0.,-0.));
#5204 = PCURVE('',#3617,#5205);
#5205 = DEFINITIONAL_REPRESENTATION('',(#5206),#5210);
#5206 = LINE('',#5207,#5208);
#5207 = CARTESIAN_POINT('',(0.,0.));
#5208 = VECTOR('',#5209,1.);
#5209 = DIRECTION('',(0.,1.));
#5210 = ( GEOMETRIC_REPRESENTATION_CONTEXT(2) 
PARAMETRIC_REPRESENTATION_CONTEXT() REPRESENTATION_CONTEXT('2D SPACE',''
  ) );
#5211 = PCURVE('',#3589,#5212);
#5212 = DEFINITIONAL_REPRESENTATION('',(#5213),#5217);
#5213 = LINE('',#5214,#5215);
#5214 = CARTESIAN_POINT('',(0.,68.));
#5215 = VECTOR('',#5216,1.);
#5216 = DIRECTION('',(1.,0.));
#5217 = ( GEOMETRIC_REPRESENTATION_CONTEXT(2) 
PARAMETRIC_REPRESENTATION_CONTEXT() REPRESENTATION_CONTEXT('2D SPACE',''
  ) );
#5218 = ORIENTED_EDGE('',*,*,#3920,.T.);
#5219 = ORIENTED_EDGE('',*,*,#4768,.F.);
#5220 = ADVANCED_FACE('',(#5221),#3510,.T.);
#5221 = FACE_BOUND('',#5222,.T.);
#5222 = EDGE_LOOP('',(#5223,#5244,#5245,#5246));
#5223 = ORIENTED_EDGE('',*,*,#5224,.T.);
#5224 = EDGE_CURVE('',#3835,#3496,#5225,.T.);
#5225 = SURFACE_CURVE('',#5226,(#5230,#5237),.PCURVE_S1.);
#5226 = LINE('',#5227,#5228);
#5227 = CARTESIAN_POINT('',(-21.,278.33,345.03));
#5228 = VECTOR('',#5229,1.);
#5229 = DIRECTION('',(1.,0.,-0.));
#5230 = PCURVE('',#3510,#5231);
#5231 = DEFINITIONAL_REPRESENTATION('',(#5232),#5236);
#5232 = LINE('',#5233,#5234);
#5233 = CARTESIAN_POINT('',(32.,0.));
#5234 = VECTOR('',#5235,1.);
#5235 = DIRECTION('',(0.,1.));
#5236 = ( GEOMETRIC_REPRESENTATION_CONTEXT(2) 
PARAMETRIC_REPRESENTATION_CONTEXT() REPRESENTATION_CONTEXT('2D SPACE',''
  ) );
#5237 = PCURVE('',#3536,#5238);
#5238 = DEFINITIONAL_REPRESENTATION('',(#5239),#5243);
#5239 = LINE('',#5240,#5241);
#5240 = CARTESIAN_POINT('',(0.,0.));
#5241 = VECTOR('',#5242,1.);
#5242 = DIRECTION('',(1.,0.));
#5243 = ( GEOMETRIC_REPRESENTATION_CONTEXT(2) 
PARAMETRIC_REPRESENTATION_CONTEXT() REPRESENTATION_CONTEXT('2D SPACE',''
  ) );
#5244 = ORIENTED_EDGE('',*,*,#3495,.F.);
#5245 = ORIENTED_EDGE('',*,*,#5175,.T.);
#5246 = ORIENTED_EDGE('',*,*,#3834,.T.);
#5247 = ADVANCED_FACE('',(#5248),#3589,.F.);
#5248 = FACE_BOUND('',#5249,.F.);
#5249 = EDGE_LOOP('',(#5250,#5251,#5270,#5271));
#5250 = ORIENTED_EDGE('',*,*,#3897,.F.);
#5251 = ORIENTED_EDGE('',*,*,#5252,.F.);
#5252 = EDGE_CURVE('',#3548,#3877,#5253,.T.);
#5253 = SURFACE_CURVE('',#5254,(#5258,#5264),.PCURVE_S1.);
#5254 = LINE('',#5255,#5256);
#5255 = CARTESIAN_POINT('',(-20.5,308.33,314.03));
#5256 = VECTOR('',#5257,1.);
#5257 = DIRECTION('',(-1.,-0.,0.));
#5258 = PCURVE('',#3589,#5259);
#5259 = DEFINITIONAL_REPRESENTATION('',(#5260),#5263);
#5260 = B_SPLINE_CURVE_WITH_KNOTS('',1,(#5261,#5262),.UNSPECIFIED.,.F.,
  .F.,(2,2),(-40.5,-0.5),.PIECEWISE_BEZIER_KNOTS.);
#5261 = CARTESIAN_POINT('',(40.,45.));
#5262 = CARTESIAN_POINT('',(0.,45.));
#5263 = ( GEOMETRIC_REPRESENTATION_CONTEXT(2) 
PARAMETRIC_REPRESENTATION_CONTEXT() REPRESENTATION_CONTEXT('2D SPACE',''
  ) );
#5264 = PCURVE('',#3562,#5265);
#5265 = DEFINITIONAL_REPRESENTATION('',(#5266),#5269);
#5266 = B_SPLINE_CURVE_WITH_KNOTS('',1,(#5267,#5268),.UNSPECIFIED.,.F.,
  .F.,(2,2),(-40.5,-0.5),.PIECEWISE_BEZIER_KNOTS.);
#5267 = CARTESIAN_POINT('',(1.,41.));
#5268 = CARTESIAN_POINT('',(1.,1.));
#5269 = ( GEOMETRIC_REPRESENTATION_CONTEXT(2) 
PARAMETRIC_REPRESENTATION_CONTEXT() REPRESENTATION_CONTEXT('2D SPACE',''
  ) );
#5270 = ORIENTED_EDGE('',*,*,#3573,.T.);
#5271 = ORIENTED_EDGE('',*,*,#5198,.F.);
#5272 = ADVANCED_FACE('',(#5273),#3536,.F.);
#5273 = FACE_BOUND('',#5274,.F.);
#5274 = EDGE_LOOP('',(#5275,#5296,#5297,#5298));
#5275 = ORIENTED_EDGE('',*,*,#5276,.F.);
#5276 = EDGE_CURVE('',#3856,#3522,#5277,.T.);
#5277 = SURFACE_CURVE('',#5278,(#5282,#5289),.PCURVE_S1.);
#5278 = LINE('',#5279,#5280);
#5279 = CARTESIAN_POINT('',(-21.,308.33,345.03));
#5280 = VECTOR('',#5281,1.);
#5281 = DIRECTION('',(1.,0.,-0.));
#5282 = PCURVE('',#3536,#5283);
#5283 = DEFINITIONAL_REPRESENTATION('',(#5284),#5288);
#5284 = LINE('',#5285,#5286);
#5285 = CARTESIAN_POINT('',(0.,30.));
#5286 = VECTOR('',#5287,1.);
#5287 = DIRECTION('',(1.,0.));
#5288 = ( GEOMETRIC_REPRESENTATION_CONTEXT(2) 
PARAMETRIC_REPRESENTATION_CONTEXT() REPRESENTATION_CONTEXT('2D SPACE',''
  ) );
#5289 = PCURVE('',#3562,#5290);
#5290 = DEFINITIONAL_REPRESENTATION('',(#5291),#5295);
#5291 = LINE('',#5292,#5293);
#5292 = CARTESIAN_POINT('',(32.,0.));
#5293 = VECTOR('',#5294,1.);
#5294 = DIRECTION('',(0.,1.));
#5295 = ( GEOMETRIC_REPRESENTATION_CONTEXT(2) 
PARAMETRIC_REPRESENTATION_CONTEXT() REPRESENTATION_CONTEXT('2D SPACE',''
  ) );
#5296 = ORIENTED_EDGE('',*,*,#3855,.T.);
#5297 = ORIENTED_EDGE('',*,*,#5224,.T.);
#5298 = ORIENTED_EDGE('',*,*,#3521,.F.);
#5299 = ADVANCED_FACE('',(#5300),#3562,.F.);
#5300 = FACE_BOUND('',#5301,.F.);
#5301 = EDGE_LOOP('',(#5302,#5303,#5304,#5305));
#5302 = ORIENTED_EDGE('',*,*,#5276,.T.);
#5303 = ORIENTED_EDGE('',*,*,#3547,.F.);
#5304 = ORIENTED_EDGE('',*,*,#5252,.T.);
#5305 = ORIENTED_EDGE('',*,*,#3876,.T.);
#5306 = ADVANCED_FACE('',(#5307),#3669,.F.);
#5307 = FACE_BOUND('',#5308,.F.);
#5308 = EDGE_LOOP('',(#5309,#5310,#5331,#5332));
#5309 = ORIENTED_EDGE('',*,*,#3652,.F.);
#5310 = ORIENTED_EDGE('',*,*,#5311,.F.);
#5311 = EDGE_CURVE('',#3967,#3653,#5312,.T.);
#5312 = SEAM_CURVE('',#5313,(#5317,#5324),.PCURVE_S1.);
#5313 = LINE('',#5314,#5315);
#5314 = CARTESIAN_POINT('',(-21.,315.83,335.03));
#5315 = VECTOR('',#5316,1.);
#5316 = DIRECTION('',(1.,0.,0.));
#5317 = PCURVE('',#3669,#5318);
#5318 = DEFINITIONAL_REPRESENTATION('',(#5319),#5323);
#5319 = LINE('',#5320,#5321);
#5320 = CARTESIAN_POINT('',(6.28318530718,-0.));
#5321 = VECTOR('',#5322,1.);
#5322 = DIRECTION('',(0.,1.));
#5323 = ( GEOMETRIC_REPRESENTATION_CONTEXT(2) 
PARAMETRIC_REPRESENTATION_CONTEXT() REPRESENTATION_CONTEXT('2D SPACE',''
  ) );
#5324 = PCURVE('',#3669,#5325);
#5325 = DEFINITIONAL_REPRESENTATION('',(#5326),#5330);
#5326 = LINE('',#5327,#5328);
#5327 = CARTESIAN_POINT('',(0.,-0.));
#5328 = VECTOR('',#5329,1.);
#5329 = DIRECTION('',(0.,1.));
#5330 = ( GEOMETRIC_REPRESENTATION_CONTEXT(2) 
PARAMETRIC_REPRESENTATION_CONTEXT() REPRESENTATION_CONTEXT('2D SPACE',''
  ) );
#5331 = ORIENTED_EDGE('',*,*,#3966,.T.);
#5332 = ORIENTED_EDGE('',*,*,#5311,.T.);
#5333 = ADVANCED_FACE('',(#5334),#3700,.F.);
#5334 = FACE_BOUND('',#5335,.F.);
#5335 = EDGE_LOOP('',(#5336,#5337,#5358,#5359));
#5336 = ORIENTED_EDGE('',*,*,#3683,.F.);
#5337 = ORIENTED_EDGE('',*,*,#5338,.F.);
#5338 = EDGE_CURVE('',#3993,#3684,#5339,.T.);
#5339 = SEAM_CURVE('',#5340,(#5344,#5351),.PCURVE_S1.);
#5340 = LINE('',#5341,#5342);
#5341 = CARTESIAN_POINT('',(-21.,270.83,335.03));
#5342 = VECTOR('',#5343,1.);
#5343 = DIRECTION('',(1.,0.,0.));
#5344 = PCURVE('',#3700,#5345);
#5345 = DEFINITIONAL_REPRESENTATION('',(#5346),#5350);
#5346 = LINE('',#5347,#5348);
#5347 = CARTESIAN_POINT('',(6.28318530718,-0.));
#5348 = VECTOR('',#5349,1.);
#5349 = DIRECTION('',(0.,1.));
#5350 = ( GEOMETRIC_REPRESENTATION_CONTEXT(2) 
PARAMETRIC_REPRESENTATION_CONTEXT() REPRESENTATION_CONTEXT('2D SPACE',''
  ) );
#5351 = PCURVE('',#3700,#5352);
#5352 = DEFINITIONAL_REPRESENTATION('',(#5353),#5357);
#5353 = LINE('',#5354,#5355);
#5354 = CARTESIAN_POINT('',(0.,-0.));
#5355 = VECTOR('',#5356,1.);
#5356 = DIRECTION('',(0.,1.));
#5357 = ( GEOMETRIC_REPRESENTATION_CONTEXT(2) 
PARAMETRIC_REPRESENTATION_CONTEXT() REPRESENTATION_CONTEXT('2D SPACE',''
  ) );
#5358 = ORIENTED_EDGE('',*,*,#3992,.T.);
#5359 = ORIENTED_EDGE('',*,*,#5338,.T.);
#5360 = ADVANCED_FACE('',(#5361,#5364),#4087,.F.);
#5361 = FACE_BOUND('',#5362,.F.);
#5362 = EDGE_LOOP('',(#5363));
#5363 = ORIENTED_EDGE('',*,*,#4072,.T.);
#5364 = FACE_BOUND('',#5365,.F.);
#5365 = EDGE_LOOP('',(#5366));
#5366 = ORIENTED_EDGE('',*,*,#4205,.F.);
#5367 = ADVANCED_FACE('',(#5368,#5371),#4974,.T.);
#5368 = FACE_BOUND('',#5369,.T.);
#5369 = EDGE_LOOP('',(#5370));
#5370 = ORIENTED_EDGE('',*,*,#5089,.T.);
#5371 = FACE_BOUND('',#5372,.T.);
#5372 = EDGE_LOOP('',(#5373));
#5373 = ORIENTED_EDGE('',*,*,#4957,.F.);
#5374 = ( GEOMETRIC_REPRESENTATION_CONTEXT(3) 
GLOBAL_UNCERTAINTY_ASSIGNED_CONTEXT((#5378)) 
GLOBAL_UNIT_ASSIGNED_CONTEXT((#5375,#5376,#5377)) REPRESENTATION_CONTEXT
('Context #1','3D Context with UNIT and UNCERTAINTY') );
#5375 = ( LENGTH_UNIT() NAMED_UNIT(*) SI_UNIT(.MILLI.,.METRE.) );
#5376 = ( NAMED_UNIT(*) PLANE_ANGLE_UNIT() SI_UNIT($,.RADIAN.) );
#5377 = ( NAMED_UNIT(*) SI_UNIT($,.STERADIAN.) SOLID_ANGLE_UNIT() );
#5378 = UNCERTAINTY_MEASURE_WITH_UNIT(LENGTH_MEASURE(1.E-05),#5375,
  'distance_accuracy_value','confusion accuracy');
#5379 = PRODUCT_RELATED_PRODUCT_CATEGORY('part',$,(#7));
ENDSEC;
END-ISO-10303-21;
