ISO-10303-21;
HEADER;
FILE_DESCRIPTION(('Open CASCADE Model'),'2;1');
FILE_NAME('Open CASCADE Shape Model','2026-09-06T10:45:19',('Author'),(
    'Open CASCADE'),'Open CASCADE STEP processor 7.9','Open CASCADE 7.9'
  ,'Unknown');
FILE_SCHEMA(('AUTOMOTIVE_DESIGN { 1 0 10303 214 1 1 1 1 }'));
ENDSEC;
DATA;
#1 = APPLICATION_PROTOCOL_DEFINITION('international standard',
  'automotive_design',2000,#2);
#2 = APPLICATION_CONTEXT(
  'core data for automotive mechanical design processes');
#3 = SHAPE_DEFINITION_REPRESENTATION(#4,#10);
#4 = PRODUCT_DEFINITION_SHAPE('','',#5);
#5 = PRODUCT_DEFINITION('design','',#6,#9);
#6 = PRODUCT_DEFINITION_FORMATION('','',#7);
#7 = PRODUCT('d12609c6-a9f0-11f1-8000-d48564993a34',
  'd12609c6-a9f0-11f1-8000-d48564993a34','',(#8));
#8 = PRODUCT_CONTEXT('',#2,'mechanical');
#9 = PRODUCT_DEFINITION_CONTEXT('part definition',#2,'design');
#10 = SHAPE_REPRESENTATION('',(#11,#15,#19,#23,#27,#31,#35,#39,#43,#47,
    #51,#55,#59,#63,#67,#71,#75,#79,#83,#87,#91,#95,#99,#103,#107,#111,
    #115,#119,#123,#127,#131,#135,#139,#143,#147,#151,#155,#159,#163,
    #167,#171,#175,#179,#183,#187,#191,#195,#199,#203,#207,#211,#215,
    #219,#223,#227,#231,#235,#239,#243,#247,#251,#255,#259,#263,#267,
    #271,#275,#279,#283,#287,#291,#295,#299,#303,#307,#311,#315,#319,
    #323,#327,#331,#335,#339,#343,#347,#351,#355,#359,#363,#367,#371,
    #375,#379,#383,#387,#391,#395,#399,#403,#407,#411,#415,#419,#423,
    #427,#431,#435,#439,#443,#447,#451,#455,#459,#463,#467,#471,#475,
    #479,#483),#487);
#11 = AXIS2_PLACEMENT_3D('',#12,#13,#14);
#12 = CARTESIAN_POINT('',(0.,0.,0.));
#13 = DIRECTION('',(0.,0.,1.));
#14 = DIRECTION('',(1.,0.,-0.));
#15 = AXIS2_PLACEMENT_3D('',#16,#17,#18);
#16 = CARTESIAN_POINT('',(0.,0.,0.));
#17 = DIRECTION('',(0.,0.,1.));
#18 = DIRECTION('',(1.,0.,-0.));
#19 = AXIS2_PLACEMENT_3D('',#20,#21,#22);
#20 = CARTESIAN_POINT('',(0.,0.,0.));
#21 = DIRECTION('',(0.,0.,1.));
#22 = DIRECTION('',(1.,0.,-0.));
#23 = AXIS2_PLACEMENT_3D('',#24,#25,#26);
#24 = CARTESIAN_POINT('',(0.,0.,0.));
#25 = DIRECTION('',(0.,0.,1.));
#26 = DIRECTION('',(1.,0.,-0.));
#27 = AXIS2_PLACEMENT_3D('',#28,#29,#30);
#28 = CARTESIAN_POINT('',(0.,0.,0.));
#29 = DIRECTION('',(0.,0.,1.));
#30 = DIRECTION('',(1.,0.,-0.));
#31 = AXIS2_PLACEMENT_3D('',#32,#33,#34);
#32 = CARTESIAN_POINT('',(0.,0.,0.));
#33 = DIRECTION('',(0.,0.,1.));
#34 = DIRECTION('',(1.,0.,-0.));
#35 = AXIS2_PLACEMENT_3D('',#36,#37,#38);
#36 = CARTESIAN_POINT('',(0.,0.,0.));
#37 = DIRECTION('',(0.,0.,1.));
#38 = DIRECTION('',(1.,0.,-0.));
#39 = AXIS2_PLACEMENT_3D('',#40,#41,#42);
#40 = CARTESIAN_POINT('',(0.,0.,0.));
#41 = DIRECTION('',(0.,0.,1.));
#42 = DIRECTION('',(1.,0.,-0.));
#43 = AXIS2_PLACEMENT_3D('',#44,#45,#46);
#44 = CARTESIAN_POINT('',(0.,0.,0.));
#45 = DIRECTION('',(0.,0.,1.));
#46 = DIRECTION('',(1.,0.,-0.));
#47 = AXIS2_PLACEMENT_3D('',#48,#49,#50);
#48 = CARTESIAN_POINT('',(0.,0.,0.));
#49 = DIRECTION('',(0.,0.,1.));
#50 = DIRECTION('',(1.,0.,-0.));
#51 = AXIS2_PLACEMENT_3D('',#52,#53,#54);
#52 = CARTESIAN_POINT('',(0.,0.,0.));
#53 = DIRECTION('',(0.,0.,1.));
#54 = DIRECTION('',(1.,0.,-0.));
#55 = AXIS2_PLACEMENT_3D('',#56,#57,#58);
#56 = CARTESIAN_POINT('',(0.,0.,0.));
#57 = DIRECTION('',(0.,0.,1.));
#58 = DIRECTION('',(1.,0.,-0.));
#59 = AXIS2_PLACEMENT_3D('',#60,#61,#62);
#60 = CARTESIAN_POINT('',(0.,0.,0.));
#61 = DIRECTION('',(0.,0.,1.));
#62 = DIRECTION('',(1.,0.,-0.));
#63 = AXIS2_PLACEMENT_3D('',#64,#65,#66);
#64 = CARTESIAN_POINT('',(0.,0.,0.));
#65 = DIRECTION('',(0.,0.,1.));
#66 = DIRECTION('',(1.,0.,-0.));
#67 = AXIS2_PLACEMENT_3D('',#68,#69,#70);
#68 = CARTESIAN_POINT('',(0.,0.,0.));
#69 = DIRECTION('',(0.,0.,1.));
#70 = DIRECTION('',(1.,0.,-0.));
#71 = AXIS2_PLACEMENT_3D('',#72,#73,#74);
#72 = CARTESIAN_POINT('',(0.,0.,0.));
#73 = DIRECTION('',(0.,0.,1.));
#74 = DIRECTION('',(1.,0.,-0.));
#75 = AXIS2_PLACEMENT_3D('',#76,#77,#78);
#76 = CARTESIAN_POINT('',(0.,0.,0.));
#77 = DIRECTION('',(0.,0.,1.));
#78 = DIRECTION('',(1.,0.,-0.));
#79 = AXIS2_PLACEMENT_3D('',#80,#81,#82);
#80 = CARTESIAN_POINT('',(0.,0.,0.));
#81 = DIRECTION('',(0.,0.,1.));
#82 = DIRECTION('',(1.,0.,-0.));
#83 = AXIS2_PLACEMENT_3D('',#84,#85,#86);
#84 = CARTESIAN_POINT('',(0.,0.,0.));
#85 = DIRECTION('',(0.,0.,1.));
#86 = DIRECTION('',(1.,0.,-0.));
#87 = AXIS2_PLACEMENT_3D('',#88,#89,#90);
#88 = CARTESIAN_POINT('',(0.,0.,0.));
#89 = DIRECTION('',(0.,0.,1.));
#90 = DIRECTION('',(1.,0.,-0.));
#91 = AXIS2_PLACEMENT_3D('',#92,#93,#94);
#92 = CARTESIAN_POINT('',(0.,0.,0.));
#93 = DIRECTION('',(0.,0.,1.));
#94 = DIRECTION('',(1.,0.,-0.));
#95 = AXIS2_PLACEMENT_3D('',#96,#97,#98);
#96 = CARTESIAN_POINT('',(0.,0.,0.));
#97 = DIRECTION('',(0.,0.,1.));
#98 = DIRECTION('',(1.,0.,-0.));
#99 = AXIS2_PLACEMENT_3D('',#100,#101,#102);
#100 = CARTESIAN_POINT('',(0.,0.,0.));
#101 = DIRECTION('',(0.,0.,1.));
#102 = DIRECTION('',(1.,0.,-0.));
#103 = AXIS2_PLACEMENT_3D('',#104,#105,#106);
#104 = CARTESIAN_POINT('',(0.,0.,0.));
#105 = DIRECTION('',(0.,0.,1.));
#106 = DIRECTION('',(1.,0.,-0.));
#107 = AXIS2_PLACEMENT_3D('',#108,#109,#110);
#108 = CARTESIAN_POINT('',(0.,0.,0.));
#109 = DIRECTION('',(0.,0.,1.));
#110 = DIRECTION('',(1.,0.,-0.));
#111 = AXIS2_PLACEMENT_3D('',#112,#113,#114);
#112 = CARTESIAN_POINT('',(0.,0.,0.));
#113 = DIRECTION('',(0.,0.,1.));
#114 = DIRECTION('',(1.,0.,-0.));
#115 = AXIS2_PLACEMENT_3D('',#116,#117,#118);
#116 = CARTESIAN_POINT('',(0.,0.,0.));
#117 = DIRECTION('',(0.,0.,1.));
#118 = DIRECTION('',(1.,0.,-0.));
#119 = AXIS2_PLACEMENT_3D('',#120,#121,#122);
#120 = CARTESIAN_POINT('',(0.,0.,0.));
#121 = DIRECTION('',(0.,0.,1.));
#122 = DIRECTION('',(1.,0.,-0.));
#123 = AXIS2_PLACEMENT_3D('',#124,#125,#126);
#124 = CARTESIAN_POINT('',(0.,0.,0.));
#125 = DIRECTION('',(0.,0.,1.));
#126 = DIRECTION('',(1.,0.,-0.));
#127 = AXIS2_PLACEMENT_3D('',#128,#129,#130);
#128 = CARTESIAN_POINT('',(0.,0.,0.));
#129 = DIRECTION('',(0.,0.,1.));
#130 = DIRECTION('',(1.,0.,-0.));
#131 = AXIS2_PLACEMENT_3D('',#132,#133,#134);
#132 = CARTESIAN_POINT('',(0.,0.,0.));
#133 = DIRECTION('',(0.,0.,1.));
#134 = DIRECTION('',(1.,0.,-0.));
#135 = AXIS2_PLACEMENT_3D('',#136,#137,#138);
#136 = CARTESIAN_POINT('',(0.,0.,0.));
#137 = DIRECTION('',(0.,0.,1.));
#138 = DIRECTION('',(1.,0.,-0.));
#139 = AXIS2_PLACEMENT_3D('',#140,#141,#142);
#140 = CARTESIAN_POINT('',(0.,0.,0.));
#141 = DIRECTION('',(0.,0.,1.));
#142 = DIRECTION('',(1.,0.,-0.));
#143 = AXIS2_PLACEMENT_3D('',#144,#145,#146);
#144 = CARTESIAN_POINT('',(0.,0.,0.));
#145 = DIRECTION('',(0.,0.,1.));
#146 = DIRECTION('',(1.,0.,-0.));
#147 = AXIS2_PLACEMENT_3D('',#148,#149,#150);
#148 = CARTESIAN_POINT('',(0.,0.,0.));
#149 = DIRECTION('',(0.,0.,1.));
#150 = DIRECTION('',(1.,0.,-0.));
#151 = AXIS2_PLACEMENT_3D('',#152,#153,#154);
#152 = CARTESIAN_POINT('',(0.,0.,0.));
#153 = DIRECTION('',(0.,0.,1.));
#154 = DIRECTION('',(1.,0.,-0.));
#155 = AXIS2_PLACEMENT_3D('',#156,#157,#158);
#156 = CARTESIAN_POINT('',(0.,0.,0.));
#157 = DIRECTION('',(0.,0.,1.));
#158 = DIRECTION('',(1.,0.,-0.));
#159 = AXIS2_PLACEMENT_3D('',#160,#161,#162);
#160 = CARTESIAN_POINT('',(0.,0.,0.));
#161 = DIRECTION('',(0.,0.,1.));
#162 = DIRECTION('',(1.,0.,-0.));
#163 = AXIS2_PLACEMENT_3D('',#164,#165,#166);
#164 = CARTESIAN_POINT('',(0.,0.,0.));
#165 = DIRECTION('',(0.,0.,1.));
#166 = DIRECTION('',(1.,0.,-0.));
#167 = AXIS2_PLACEMENT_3D('',#168,#169,#170);
#168 = CARTESIAN_POINT('',(0.,0.,0.));
#169 = DIRECTION('',(0.,0.,1.));
#170 = DIRECTION('',(1.,0.,-0.));
#171 = AXIS2_PLACEMENT_3D('',#172,#173,#174);
#172 = CARTESIAN_POINT('',(0.,0.,0.));
#173 = DIRECTION('',(0.,0.,1.));
#174 = DIRECTION('',(1.,0.,-0.));
#175 = AXIS2_PLACEMENT_3D('',#176,#177,#178);
#176 = CARTESIAN_POINT('',(0.,0.,0.));
#177 = DIRECTION('',(0.,0.,1.));
#178 = DIRECTION('',(1.,0.,-0.));
#179 = AXIS2_PLACEMENT_3D('',#180,#181,#182);
#180 = CARTESIAN_POINT('',(0.,0.,0.));
#181 = DIRECTION('',(0.,0.,1.));
#182 = DIRECTION('',(1.,0.,-0.));
#183 = AXIS2_PLACEMENT_3D('',#184,#185,#186);
#184 = CARTESIAN_POINT('',(0.,0.,0.));
#185 = DIRECTION('',(0.,0.,1.));
#186 = DIRECTION('',(1.,0.,-0.));
#187 = AXIS2_PLACEMENT_3D('',#188,#189,#190);
#188 = CARTESIAN_POINT('',(0.,0.,0.));
#189 = DIRECTION('',(0.,0.,1.));
#190 = DIRECTION('',(1.,0.,-0.));
#191 = AXIS2_PLACEMENT_3D('',#192,#193,#194);
#192 = CARTESIAN_POINT('',(0.,0.,0.));
#193 = DIRECTION('',(0.,0.,1.));
#194 = DIRECTION('',(1.,0.,-0.));
#195 = AXIS2_PLACEMENT_3D('',#196,#197,#198);
#196 = CARTESIAN_POINT('',(0.,0.,0.));
#197 = DIRECTION('',(0.,0.,1.));
#198 = DIRECTION('',(1.,0.,-0.));
#199 = AXIS2_PLACEMENT_3D('',#200,#201,#202);
#200 = CARTESIAN_POINT('',(0.,0.,0.));
#201 = DIRECTION('',(0.,0.,1.));
#202 = DIRECTION('',(1.,0.,-0.));
#203 = AXIS2_PLACEMENT_3D('',#204,#205,#206);
#204 = CARTESIAN_POINT('',(0.,0.,0.));
#205 = DIRECTION('',(0.,0.,1.));
#206 = DIRECTION('',(1.,0.,-0.));
#207 = AXIS2_PLACEMENT_3D('',#208,#209,#210);
#208 = CARTESIAN_POINT('',(0.,0.,0.));
#209 = DIRECTION('',(0.,0.,1.));
#210 = DIRECTION('',(1.,0.,-0.));
#211 = AXIS2_PLACEMENT_3D('',#212,#213,#214);
#212 = CARTESIAN_POINT('',(0.,0.,0.));
#213 = DIRECTION('',(0.,0.,1.));
#214 = DIRECTION('',(1.,0.,-0.));
#215 = AXIS2_PLACEMENT_3D('',#216,#217,#218);
#216 = CARTESIAN_POINT('',(0.,0.,0.));
#217 = DIRECTION('',(0.,0.,1.));
#218 = DIRECTION('',(1.,0.,-0.));
#219 = AXIS2_PLACEMENT_3D('',#220,#221,#222);
#220 = CARTESIAN_POINT('',(0.,0.,0.));
#221 = DIRECTION('',(0.,0.,1.));
#222 = DIRECTION('',(1.,0.,-0.));
#223 = AXIS2_PLACEMENT_3D('',#224,#225,#226);
#224 = CARTESIAN_POINT('',(0.,0.,0.));
#225 = DIRECTION('',(0.,0.,1.));
#226 = DIRECTION('',(1.,0.,-0.));
#227 = AXIS2_PLACEMENT_3D('',#228,#229,#230);
#228 = CARTESIAN_POINT('',(0.,0.,0.));
#229 = DIRECTION('',(0.,0.,1.));
#230 = DIRECTION('',(1.,0.,-0.));
#231 = AXIS2_PLACEMENT_3D('',#232,#233,#234);
#232 = CARTESIAN_POINT('',(0.,0.,0.));
#233 = DIRECTION('',(0.,0.,1.));
#234 = DIRECTION('',(1.,0.,-0.));
#235 = AXIS2_PLACEMENT_3D('',#236,#237,#238);
#236 = CARTESIAN_POINT('',(0.,0.,0.));
#237 = DIRECTION('',(0.,0.,1.));
#238 = DIRECTION('',(1.,0.,-0.));
#239 = AXIS2_PLACEMENT_3D('',#240,#241,#242);
#240 = CARTESIAN_POINT('',(0.,0.,0.));
#241 = DIRECTION('',(0.,0.,1.));
#242 = DIRECTION('',(1.,0.,-0.));
#243 = AXIS2_PLACEMENT_3D('',#244,#245,#246);
#244 = CARTESIAN_POINT('',(0.,0.,0.));
#245 = DIRECTION('',(0.,0.,1.));
#246 = DIRECTION('',(1.,0.,-0.));
#247 = AXIS2_PLACEMENT_3D('',#248,#249,#250);
#248 = CARTESIAN_POINT('',(0.,0.,0.));
#249 = DIRECTION('',(0.,0.,1.));
#250 = DIRECTION('',(1.,0.,-0.));
#251 = AXIS2_PLACEMENT_3D('',#252,#253,#254);
#252 = CARTESIAN_POINT('',(0.,0.,0.));
#253 = DIRECTION('',(0.,0.,1.));
#254 = DIRECTION('',(1.,0.,-0.));
#255 = AXIS2_PLACEMENT_3D('',#256,#257,#258);
#256 = CARTESIAN_POINT('',(0.,0.,0.));
#257 = DIRECTION('',(0.,0.,1.));
#258 = DIRECTION('',(1.,0.,-0.));
#259 = AXIS2_PLACEMENT_3D('',#260,#261,#262);
#260 = CARTESIAN_POINT('',(0.,0.,0.));
#261 = DIRECTION('',(0.,0.,1.));
#262 = DIRECTION('',(1.,0.,-0.));
#263 = AXIS2_PLACEMENT_3D('',#264,#265,#266);
#264 = CARTESIAN_POINT('',(0.,0.,0.));
#265 = DIRECTION('',(0.,0.,1.));
#266 = DIRECTION('',(1.,0.,-0.));
#267 = AXIS2_PLACEMENT_3D('',#268,#269,#270);
#268 = CARTESIAN_POINT('',(0.,0.,0.));
#269 = DIRECTION('',(0.,0.,1.));
#270 = DIRECTION('',(1.,0.,-0.));
#271 = AXIS2_PLACEMENT_3D('',#272,#273,#274);
#272 = CARTESIAN_POINT('',(0.,0.,0.));
#273 = DIRECTION('',(0.,0.,1.));
#274 = DIRECTION('',(1.,0.,-0.));
#275 = AXIS2_PLACEMENT_3D('',#276,#277,#278);
#276 = CARTESIAN_POINT('',(0.,0.,0.));
#277 = DIRECTION('',(0.,0.,1.));
#278 = DIRECTION('',(1.,0.,-0.));
#279 = AXIS2_PLACEMENT_3D('',#280,#281,#282);
#280 = CARTESIAN_POINT('',(0.,0.,0.));
#281 = DIRECTION('',(0.,0.,1.));
#282 = DIRECTION('',(1.,0.,-0.));
#283 = AXIS2_PLACEMENT_3D('',#284,#285,#286);
#284 = CARTESIAN_POINT('',(0.,0.,0.));
#285 = DIRECTION('',(0.,0.,1.));
#286 = DIRECTION('',(1.,0.,-0.));
#287 = AXIS2_PLACEMENT_3D('',#288,#289,#290);
#288 = CARTESIAN_POINT('',(0.,0.,0.));
#289 = DIRECTION('',(0.,0.,1.));
#290 = DIRECTION('',(1.,0.,-0.));
#291 = AXIS2_PLACEMENT_3D('',#292,#293,#294);
#292 = CARTESIAN_POINT('',(0.,0.,0.));
#293 = DIRECTION('',(0.,0.,1.));
#294 = DIRECTION('',(1.,0.,-0.));
#295 = AXIS2_PLACEMENT_3D('',#296,#297,#298);
#296 = CARTESIAN_POINT('',(0.,0.,0.));
#297 = DIRECTION('',(0.,0.,1.));
#298 = DIRECTION('',(1.,0.,-0.));
#299 = AXIS2_PLACEMENT_3D('',#300,#301,#302);
#300 = CARTESIAN_POINT('',(0.,0.,0.));
#301 = DIRECTION('',(0.,0.,1.));
#302 = DIRECTION('',(1.,0.,-0.));
#303 = AXIS2_PLACEMENT_3D('',#304,#305,#306);
#304 = CARTESIAN_POINT('',(0.,0.,0.));
#305 = DIRECTION('',(0.,0.,1.));
#306 = DIRECTION('',(1.,0.,-0.));
#307 = AXIS2_PLACEMENT_3D('',#308,#309,#310);
#308 = CARTESIAN_POINT('',(0.,0.,0.));
#309 = DIRECTION('',(0.,0.,1.));
#310 = DIRECTION('',(1.,0.,-0.));
#311 = AXIS2_PLACEMENT_3D('',#312,#313,#314);
#312 = CARTESIAN_POINT('',(0.,0.,0.));
#313 = DIRECTION('',(0.,0.,1.));
#314 = DIRECTION('',(1.,0.,-0.));
#315 = AXIS2_PLACEMENT_3D('',#316,#317,#318);
#316 = CARTESIAN_POINT('',(0.,0.,0.));
#317 = DIRECTION('',(0.,0.,1.));
#318 = DIRECTION('',(1.,0.,-0.));
#319 = AXIS2_PLACEMENT_3D('',#320,#321,#322);
#320 = CARTESIAN_POINT('',(0.,0.,0.));
#321 = DIRECTION('',(0.,0.,1.));
#322 = DIRECTION('',(1.,0.,-0.));
#323 = AXIS2_PLACEMENT_3D('',#324,#325,#326);
#324 = CARTESIAN_POINT('',(0.,0.,0.));
#325 = DIRECTION('',(0.,0.,1.));
#326 = DIRECTION('',(1.,0.,-0.));
#327 = AXIS2_PLACEMENT_3D('',#328,#329,#330);
#328 = CARTESIAN_POINT('',(0.,0.,0.));
#329 = DIRECTION('',(0.,0.,1.));
#330 = DIRECTION('',(1.,0.,-0.));
#331 = AXIS2_PLACEMENT_3D('',#332,#333,#334);
#332 = CARTESIAN_POINT('',(0.,0.,0.));
#333 = DIRECTION('',(0.,0.,1.));
#334 = DIRECTION('',(1.,0.,-0.));
#335 = AXIS2_PLACEMENT_3D('',#336,#337,#338);
#336 = CARTESIAN_POINT('',(0.,0.,0.));
#337 = DIRECTION('',(0.,0.,1.));
#338 = DIRECTION('',(1.,0.,-0.));
#339 = AXIS2_PLACEMENT_3D('',#340,#341,#342);
#340 = CARTESIAN_POINT('',(0.,0.,0.));
#341 = DIRECTION('',(0.,0.,1.));
#342 = DIRECTION('',(1.,0.,-0.));
#343 = AXIS2_PLACEMENT_3D('',#344,#345,#346);
#344 = CARTESIAN_POINT('',(0.,0.,0.));
#345 = DIRECTION('',(0.,0.,1.));
#346 = DIRECTION('',(1.,0.,-0.));
#347 = AXIS2_PLACEMENT_3D('',#348,#349,#350);
#348 = CARTESIAN_POINT('',(0.,0.,0.));
#349 = DIRECTION('',(0.,0.,1.));
#350 = DIRECTION('',(1.,0.,-0.));
#351 = AXIS2_PLACEMENT_3D('',#352,#353,#354);
#352 = CARTESIAN_POINT('',(0.,0.,0.));
#353 = DIRECTION('',(0.,0.,1.));
#354 = DIRECTION('',(1.,0.,-0.));
#355 = AXIS2_PLACEMENT_3D('',#356,#357,#358);
#356 = CARTESIAN_POINT('',(0.,0.,0.));
#357 = DIRECTION('',(0.,0.,1.));
#358 = DIRECTION('',(1.,0.,-0.));
#359 = AXIS2_PLACEMENT_3D('',#360,#361,#362);
#360 = CARTESIAN_POINT('',(0.,0.,0.));
#361 = DIRECTION('',(0.,0.,1.));
#362 = DIRECTION('',(1.,0.,-0.));
#363 = AXIS2_PLACEMENT_3D('',#364,#365,#366);
#364 = CARTESIAN_POINT('',(0.,0.,0.));
#365 = DIRECTION('',(0.,0.,1.));
#366 = DIRECTION('',(1.,0.,-0.));
#367 = AXIS2_PLACEMENT_3D('',#368,#369,#370);
#368 = CARTESIAN_POINT('',(0.,0.,0.));
#369 = DIRECTION('',(0.,0.,1.));
#370 = DIRECTION('',(1.,0.,-0.));
#371 = AXIS2_PLACEMENT_3D('',#372,#373,#374);
#372 = CARTESIAN_POINT('',(0.,0.,0.));
#373 = DIRECTION('',(0.,0.,1.));
#374 = DIRECTION('',(1.,0.,-0.));
#375 = AXIS2_PLACEMENT_3D('',#376,#377,#378);
#376 = CARTESIAN_POINT('',(0.,0.,0.));
#377 = DIRECTION('',(0.,0.,1.));
#378 = DIRECTION('',(1.,0.,-0.));
#379 = AXIS2_PLACEMENT_3D('',#380,#381,#382);
#380 = CARTESIAN_POINT('',(0.,0.,0.));
#381 = DIRECTION('',(0.,0.,1.));
#382 = DIRECTION('',(1.,0.,-0.));
#383 = AXIS2_PLACEMENT_3D('',#384,#385,#386);
#384 = CARTESIAN_POINT('',(0.,0.,0.));
#385 = DIRECTION('',(0.,0.,1.));
#386 = DIRECTION('',(1.,0.,-0.));
#387 = AXIS2_PLACEMENT_3D('',#388,#389,#390);
#388 = CARTESIAN_POINT('',(0.,0.,0.));
#389 = DIRECTION('',(0.,0.,1.));
#390 = DIRECTION('',(1.,0.,-0.));
#391 = AXIS2_PLACEMENT_3D('',#392,#393,#394);
#392 = CARTESIAN_POINT('',(0.,0.,0.));
#393 = DIRECTION('',(0.,0.,1.));
#394 = DIRECTION('',(1.,0.,-0.));
#395 = AXIS2_PLACEMENT_3D('',#396,#397,#398);
#396 = CARTESIAN_POINT('',(0.,0.,0.));
#397 = DIRECTION('',(0.,0.,1.));
#398 = DIRECTION('',(1.,0.,-0.));
#399 = AXIS2_PLACEMENT_3D('',#400,#401,#402);
#400 = CARTESIAN_POINT('',(0.,0.,0.));
#401 = DIRECTION('',(0.,0.,1.));
#402 = DIRECTION('',(1.,0.,-0.));
#403 = AXIS2_PLACEMENT_3D('',#404,#405,#406);
#404 = CARTESIAN_POINT('',(0.,0.,0.));
#405 = DIRECTION('',(0.,0.,1.));
#406 = DIRECTION('',(1.,0.,-0.));
#407 = AXIS2_PLACEMENT_3D('',#408,#409,#410);
#408 = CARTESIAN_POINT('',(0.,0.,0.));
#409 = DIRECTION('',(0.,0.,1.));
#410 = DIRECTION('',(1.,0.,-0.));
#411 = AXIS2_PLACEMENT_3D('',#412,#413,#414);
#412 = CARTESIAN_POINT('',(0.,0.,0.));
#413 = DIRECTION('',(0.,0.,1.));
#414 = DIRECTION('',(1.,0.,-0.));
#415 = AXIS2_PLACEMENT_3D('',#416,#417,#418);
#416 = CARTESIAN_POINT('',(0.,0.,0.));
#417 = DIRECTION('',(0.,0.,1.));
#418 = DIRECTION('',(1.,0.,-0.));
#419 = AXIS2_PLACEMENT_3D('',#420,#421,#422);
#420 = CARTESIAN_POINT('',(0.,0.,0.));
#421 = DIRECTION('',(0.,0.,1.));
#422 = DIRECTION('',(1.,0.,-0.));
#423 = AXIS2_PLACEMENT_3D('',#424,#425,#426);
#424 = CARTESIAN_POINT('',(0.,0.,0.));
#425 = DIRECTION('',(0.,0.,1.));
#426 = DIRECTION('',(1.,0.,-0.));
#427 = AXIS2_PLACEMENT_3D('',#428,#429,#430);
#428 = CARTESIAN_POINT('',(0.,0.,0.));
#429 = DIRECTION('',(0.,0.,1.));
#430 = DIRECTION('',(1.,0.,-0.));
#431 = AXIS2_PLACEMENT_3D('',#432,#433,#434);
#432 = CARTESIAN_POINT('',(0.,0.,0.));
#433 = DIRECTION('',(0.,0.,1.));
#434 = DIRECTION('',(1.,0.,-0.));
#435 = AXIS2_PLACEMENT_3D('',#436,#437,#438);
#436 = CARTESIAN_POINT('',(0.,0.,0.));
#437 = DIRECTION('',(0.,0.,1.));
#438 = DIRECTION('',(1.,0.,-0.));
#439 = AXIS2_PLACEMENT_3D('',#440,#441,#442);
#440 = CARTESIAN_POINT('',(0.,0.,0.));
#441 = DIRECTION('',(0.,0.,1.));
#442 = DIRECTION('',(1.,0.,-0.));
#443 = AXIS2_PLACEMENT_3D('',#444,#445,#446);
#444 = CARTESIAN_POINT('',(0.,0.,0.));
#445 = DIRECTION('',(0.,0.,1.));
#446 = DIRECTION('',(1.,0.,-0.));
#447 = AXIS2_PLACEMENT_3D('',#448,#449,#450);
#448 = CARTESIAN_POINT('',(0.,0.,0.));
#449 = DIRECTION('',(0.,0.,1.));
#450 = DIRECTION('',(1.,0.,-0.));
#451 = AXIS2_PLACEMENT_3D('',#452,#453,#454);
#452 = CARTESIAN_POINT('',(0.,0.,0.));
#453 = DIRECTION('',(0.,0.,1.));
#454 = DIRECTION('',(1.,0.,-0.));
#455 = AXIS2_PLACEMENT_3D('',#456,#457,#458);
#456 = CARTESIAN_POINT('',(0.,0.,0.));
#457 = DIRECTION('',(0.,0.,1.));
#458 = DIRECTION('',(1.,0.,-0.));
#459 = AXIS2_PLACEMENT_3D('',#460,#461,#462);
#460 = CARTESIAN_POINT('',(0.,0.,0.));
#461 = DIRECTION('',(0.,0.,1.));
#462 = DIRECTION('',(1.,0.,-0.));
#463 = AXIS2_PLACEMENT_3D('',#464,#465,#466);
#464 = CARTESIAN_POINT('',(0.,0.,0.));
#465 = DIRECTION('',(0.,0.,1.));
#466 = DIRECTION('',(1.,0.,-0.));
#467 = AXIS2_PLACEMENT_3D('',#468,#469,#470);
#468 = CARTESIAN_POINT('',(0.,0.,0.));
#469 = DIRECTION('',(0.,0.,1.));
#470 = DIRECTION('',(1.,0.,-0.));
#471 = AXIS2_PLACEMENT_3D('',#472,#473,#474);
#472 = CARTESIAN_POINT('',(0.,0.,0.));
#473 = DIRECTION('',(0.,0.,1.));
#474 = DIRECTION('',(1.,0.,-0.));
#475 = AXIS2_PLACEMENT_3D('',#476,#477,#478);
#476 = CARTESIAN_POINT('',(0.,0.,0.));
#477 = DIRECTION('',(0.,0.,1.));
#478 = DIRECTION('',(1.,0.,-0.));
#479 = AXIS2_PLACEMENT_3D('',#480,#481,#482);
#480 = CARTESIAN_POINT('',(0.,0.,0.));
#481 = DIRECTION('',(0.,0.,1.));
#482 = DIRECTION('',(1.,0.,-0.));
#483 = AXIS2_PLACEMENT_3D('',#484,#485,#486);
#484 = CARTESIAN_POINT('',(0.,0.,0.));
#485 = DIRECTION('',(0.,0.,1.));
#486 = DIRECTION('',(1.,0.,-0.));
#487 = ( GEOMETRIC_REPRESENTATION_CONTEXT(3) 
GLOBAL_UNCERTAINTY_ASSIGNED_CONTEXT((#491)) GLOBAL_UNIT_ASSIGNED_CONTEXT
((#488,#489,#490)) REPRESENTATION_CONTEXT('Context #1',
  '3D Context with UNIT and UNCERTAINTY') );
#488 = ( LENGTH_UNIT() NAMED_UNIT(*) SI_UNIT(.MILLI.,.METRE.) );
#489 = ( NAMED_UNIT(*) PLANE_ANGLE_UNIT() SI_UNIT($,.RADIAN.) );
#490 = ( NAMED_UNIT(*) SI_UNIT($,.STERADIAN.) SOLID_ANGLE_UNIT() );
#491 = UNCERTAINTY_MEASURE_WITH_UNIT(LENGTH_MEASURE(1.E-07),#488,
  'distance_accuracy_value','confusion accuracy');
#492 = PRODUCT_RELATED_PRODUCT_CATEGORY('part',$,(#7));
#493 = SHAPE_DEFINITION_REPRESENTATION(#494,#500);
#494 = PRODUCT_DEFINITION_SHAPE('','',#495);
#495 = PRODUCT_DEFINITION('design','',#496,#499);
#496 = PRODUCT_DEFINITION_FORMATION('','',#497);
#497 = PRODUCT('0000_shoulder_R','0000_shoulder_R','',(#498));
#498 = PRODUCT_CONTEXT('',#2,'mechanical');
#499 = PRODUCT_DEFINITION_CONTEXT('part definition',#2,'design');
#500 = ADVANCED_BREP_SHAPE_REPRESENTATION('',(#11,#501),#569);
#501 = MANIFOLD_SOLID_BREP('',#502);
#502 = CLOSED_SHELL('',(#503,#565));
#503 = ADVANCED_FACE('',(#504),#519,.T.);
#504 = FACE_BOUND('',#505,.T.);
#505 = EDGE_LOOP('',(#506,#537,#564));
#506 = ORIENTED_EDGE('',*,*,#507,.F.);
#507 = EDGE_CURVE('',#508,#510,#512,.T.);
#508 = VERTEX_POINT('',#509);
#509 = CARTESIAN_POINT('',(66.,21.3,285.9));
#510 = VERTEX_POINT('',#511);
#511 = CARTESIAN_POINT('',(60.,21.3,291.9));
#512 = SEAM_CURVE('',#513,(#518,#530),.PCURVE_S1.);
#513 = CIRCLE('',#514,6.);
#514 = AXIS2_PLACEMENT_3D('',#515,#516,#517);
#515 = CARTESIAN_POINT('',(60.,21.3,285.9));
#516 = DIRECTION('',(-2.449293598295E-16,-1.,0.));
#517 = DIRECTION('',(1.,-2.449293598295E-16,0.));
#518 = PCURVE('',#519,#524);
#519 = SPHERICAL_SURFACE('',#520,6.);
#520 = AXIS2_PLACEMENT_3D('',#521,#522,#523);
#521 = CARTESIAN_POINT('',(60.,21.3,285.9));
#522 = DIRECTION('',(0.,0.,1.));
#523 = DIRECTION('',(1.,0.,-0.));
#524 = DEFINITIONAL_REPRESENTATION('',(#525),#529);
#525 = LINE('',#526,#527);
#526 = CARTESIAN_POINT('',(6.28318530718,-6.28318530718));
#527 = VECTOR('',#528,1.);
#528 = DIRECTION('',(0.,1.));
#529 = ( GEOMETRIC_REPRESENTATION_CONTEXT(2) 
PARAMETRIC_REPRESENTATION_CONTEXT() REPRESENTATION_CONTEXT('2D SPACE',''
  ) );
#530 = PCURVE('',#519,#531);
#531 = DEFINITIONAL_REPRESENTATION('',(#532),#536);
#532 = LINE('',#533,#534);
#533 = CARTESIAN_POINT('',(0.,-6.28318530718));
#534 = VECTOR('',#535,1.);
#535 = DIRECTION('',(0.,1.));
#536 = ( GEOMETRIC_REPRESENTATION_CONTEXT(2) 
PARAMETRIC_REPRESENTATION_CONTEXT() REPRESENTATION_CONTEXT('2D SPACE',''
  ) );
#537 = ORIENTED_EDGE('',*,*,#538,.T.);
#538 = EDGE_CURVE('',#508,#508,#539,.T.);
#539 = SURFACE_CURVE('',#540,(#545,#552),.PCURVE_S1.);
#540 = CIRCLE('',#541,6.);
#541 = AXIS2_PLACEMENT_3D('',#542,#543,#544);
#542 = CARTESIAN_POINT('',(60.,21.3,285.9));
#543 = DIRECTION('',(0.,0.,1.));
#544 = DIRECTION('',(1.,0.,-0.));
#545 = PCURVE('',#519,#546);
#546 = DEFINITIONAL_REPRESENTATION('',(#547),#551);
#547 = LINE('',#548,#549);
#548 = CARTESIAN_POINT('',(0.,0.));
#549 = VECTOR('',#550,1.);
#550 = DIRECTION('',(1.,0.));
#551 = ( GEOMETRIC_REPRESENTATION_CONTEXT(2) 
PARAMETRIC_REPRESENTATION_CONTEXT() REPRESENTATION_CONTEXT('2D SPACE',''
  ) );
#552 = PCURVE('',#553,#558);
#553 = PLANE('',#554);
#554 = AXIS2_PLACEMENT_3D('',#555,#556,#557);
#555 = CARTESIAN_POINT('',(60.,21.3,285.9));
#556 = DIRECTION('',(0.,0.,1.));
#557 = DIRECTION('',(1.,0.,-0.));
#558 = DEFINITIONAL_REPRESENTATION('',(#559),#563);
#559 = CIRCLE('',#560,6.);
#560 = AXIS2_PLACEMENT_2D('',#561,#562);
#561 = CARTESIAN_POINT('',(0.,0.));
#562 = DIRECTION('',(1.,0.));
#563 = ( GEOMETRIC_REPRESENTATION_CONTEXT(2) 
PARAMETRIC_REPRESENTATION_CONTEXT() REPRESENTATION_CONTEXT('2D SPACE',''
  ) );
#564 = ORIENTED_EDGE('',*,*,#507,.T.);
#565 = ADVANCED_FACE('',(#566),#553,.F.);
#566 = FACE_BOUND('',#567,.T.);
#567 = EDGE_LOOP('',(#568));
#568 = ORIENTED_EDGE('',*,*,#538,.F.);
#569 = ( GEOMETRIC_REPRESENTATION_CONTEXT(3) 
GLOBAL_UNCERTAINTY_ASSIGNED_CONTEXT((#573)) GLOBAL_UNIT_ASSIGNED_CONTEXT
((#570,#571,#572)) REPRESENTATION_CONTEXT('Context #1',
  '3D Context with UNIT and UNCERTAINTY') );
#570 = ( LENGTH_UNIT() NAMED_UNIT(*) SI_UNIT(.MILLI.,.METRE.) );
#571 = ( NAMED_UNIT(*) PLANE_ANGLE_UNIT() SI_UNIT($,.RADIAN.) );
#572 = ( NAMED_UNIT(*) SI_UNIT($,.STERADIAN.) SOLID_ANGLE_UNIT() );
#573 = UNCERTAINTY_MEASURE_WITH_UNIT(LENGTH_MEASURE(1.E-07),#570,
  'distance_accuracy_value','confusion accuracy');
#574 = CONTEXT_DEPENDENT_SHAPE_REPRESENTATION(#575,#577);
#575 = ( REPRESENTATION_RELATIONSHIP('','',#500,#10) 
REPRESENTATION_RELATIONSHIP_WITH_TRANSFORMATION(#576) 
SHAPE_REPRESENTATION_RELATIONSHIP() );
#576 = ITEM_DEFINED_TRANSFORMATION('','',#11,#15);
#577 = PRODUCT_DEFINITION_SHAPE('Placement','Placement of an item',#578
  );
#578 = NEXT_ASSEMBLY_USAGE_OCCURRENCE('1','0000_shoulder_R','',#5,#495,$
  );
#579 = PRODUCT_RELATED_PRODUCT_CATEGORY('part',$,(#497));
#580 = SHAPE_DEFINITION_REPRESENTATION(#581,#587);
#581 = PRODUCT_DEFINITION_SHAPE('','',#582);
#582 = PRODUCT_DEFINITION('design','',#583,#586);
#583 = PRODUCT_DEFINITION_FORMATION('','',#584);
#584 = PRODUCT('0001_shoulder_L','0001_shoulder_L','',(#585));
#585 = PRODUCT_CONTEXT('',#2,'mechanical');
#586 = PRODUCT_DEFINITION_CONTEXT('part definition',#2,'design');
#587 = ADVANCED_BREP_SHAPE_REPRESENTATION('',(#11,#588),#656);
#588 = MANIFOLD_SOLID_BREP('',#589);
#589 = CLOSED_SHELL('',(#590,#652));
#590 = ADVANCED_FACE('',(#591),#606,.T.);
#591 = FACE_BOUND('',#592,.T.);
#592 = EDGE_LOOP('',(#593,#624,#651));
#593 = ORIENTED_EDGE('',*,*,#594,.F.);
#594 = EDGE_CURVE('',#595,#597,#599,.T.);
#595 = VERTEX_POINT('',#596);
#596 = CARTESIAN_POINT('',(-54.,21.3,285.9));
#597 = VERTEX_POINT('',#598);
#598 = CARTESIAN_POINT('',(-60.,21.3,291.9));
#599 = SEAM_CURVE('',#600,(#605,#617),.PCURVE_S1.);
#600 = CIRCLE('',#601,6.);
#601 = AXIS2_PLACEMENT_3D('',#602,#603,#604);
#602 = CARTESIAN_POINT('',(-60.,21.3,285.9));
#603 = DIRECTION('',(-2.449293598295E-16,-1.,0.));
#604 = DIRECTION('',(1.,-2.449293598295E-16,0.));
#605 = PCURVE('',#606,#611);
#606 = SPHERICAL_SURFACE('',#607,6.);
#607 = AXIS2_PLACEMENT_3D('',#608,#609,#610);
#608 = CARTESIAN_POINT('',(-60.,21.3,285.9));
#609 = DIRECTION('',(0.,0.,1.));
#610 = DIRECTION('',(1.,0.,-0.));
#611 = DEFINITIONAL_REPRESENTATION('',(#612),#616);
#612 = LINE('',#613,#614);
#613 = CARTESIAN_POINT('',(6.28318530718,-6.28318530718));
#614 = VECTOR('',#615,1.);
#615 = DIRECTION('',(0.,1.));
#616 = ( GEOMETRIC_REPRESENTATION_CONTEXT(2) 
PARAMETRIC_REPRESENTATION_CONTEXT() REPRESENTATION_CONTEXT('2D SPACE',''
  ) );
#617 = PCURVE('',#606,#618);
#618 = DEFINITIONAL_REPRESENTATION('',(#619),#623);
#619 = LINE('',#620,#621);
#620 = CARTESIAN_POINT('',(0.,-6.28318530718));
#621 = VECTOR('',#622,1.);
#622 = DIRECTION('',(0.,1.));
#623 = ( GEOMETRIC_REPRESENTATION_CONTEXT(2) 
PARAMETRIC_REPRESENTATION_CONTEXT() REPRESENTATION_CONTEXT('2D SPACE',''
  ) );
#624 = ORIENTED_EDGE('',*,*,#625,.T.);
#625 = EDGE_CURVE('',#595,#595,#626,.T.);
#626 = SURFACE_CURVE('',#627,(#632,#639),.PCURVE_S1.);
#627 = CIRCLE('',#628,6.);
#628 = AXIS2_PLACEMENT_3D('',#629,#630,#631);
#629 = CARTESIAN_POINT('',(-60.,21.3,285.9));
#630 = DIRECTION('',(0.,0.,1.));
#631 = DIRECTION('',(1.,0.,-0.));
#632 = PCURVE('',#606,#633);
#633 = DEFINITIONAL_REPRESENTATION('',(#634),#638);
#634 = LINE('',#635,#636);
#635 = CARTESIAN_POINT('',(0.,0.));
#636 = VECTOR('',#637,1.);
#637 = DIRECTION('',(1.,0.));
#638 = ( GEOMETRIC_REPRESENTATION_CONTEXT(2) 
PARAMETRIC_REPRESENTATION_CONTEXT() REPRESENTATION_CONTEXT('2D SPACE',''
  ) );
#639 = PCURVE('',#640,#645);
#640 = PLANE('',#641);
#641 = AXIS2_PLACEMENT_3D('',#642,#643,#644);
#642 = CARTESIAN_POINT('',(-60.,21.3,285.9));
#643 = DIRECTION('',(0.,0.,1.));
#644 = DIRECTION('',(1.,0.,-0.));
#645 = DEFINITIONAL_REPRESENTATION('',(#646),#650);
#646 = CIRCLE('',#647,6.);
#647 = AXIS2_PLACEMENT_2D('',#648,#649);
#648 = CARTESIAN_POINT('',(0.,0.));
#649 = DIRECTION('',(1.,0.));
#650 = ( GEOMETRIC_REPRESENTATION_CONTEXT(2) 
PARAMETRIC_REPRESENTATION_CONTEXT() REPRESENTATION_CONTEXT('2D SPACE',''
  ) );
#651 = ORIENTED_EDGE('',*,*,#594,.T.);
#652 = ADVANCED_FACE('',(#653),#640,.F.);
#653 = FACE_BOUND('',#654,.T.);
#654 = EDGE_LOOP('',(#655));
#655 = ORIENTED_EDGE('',*,*,#625,.F.);
#656 = ( GEOMETRIC_REPRESENTATION_CONTEXT(3) 
GLOBAL_UNCERTAINTY_ASSIGNED_CONTEXT((#660)) GLOBAL_UNIT_ASSIGNED_CONTEXT
((#657,#658,#659)) REPRESENTATION_CONTEXT('Context #1',
  '3D Context with UNIT and UNCERTAINTY') );
#657 = ( LENGTH_UNIT() NAMED_UNIT(*) SI_UNIT(.MILLI.,.METRE.) );
#658 = ( NAMED_UNIT(*) PLANE_ANGLE_UNIT() SI_UNIT($,.RADIAN.) );
#659 = ( NAMED_UNIT(*) SI_UNIT($,.STERADIAN.) SOLID_ANGLE_UNIT() );
#660 = UNCERTAINTY_MEASURE_WITH_UNIT(LENGTH_MEASURE(1.E-07),#657,
  'distance_accuracy_value','confusion accuracy');
#661 = CONTEXT_DEPENDENT_SHAPE_REPRESENTATION(#662,#664);
#662 = ( REPRESENTATION_RELATIONSHIP('','',#587,#10) 
REPRESENTATION_RELATIONSHIP_WITH_TRANSFORMATION(#663) 
SHAPE_REPRESENTATION_RELATIONSHIP() );
#663 = ITEM_DEFINED_TRANSFORMATION('','',#11,#19);
#664 = PRODUCT_DEFINITION_SHAPE('Placement','Placement of an item',#665
  );
#665 = NEXT_ASSEMBLY_USAGE_OCCURRENCE('2','0001_shoulder_L','',#5,#582,$
  );
#666 = PRODUCT_RELATED_PRODUCT_CATEGORY('part',$,(#584));
#667 = SHAPE_DEFINITION_REPRESENTATION(#668,#674);
#668 = PRODUCT_DEFINITION_SHAPE('','',#669);
#669 = PRODUCT_DEFINITION('design','',#670,#673);
#670 = PRODUCT_DEFINITION_FORMATION('','',#671);
#671 = PRODUCT('0002_elbow_R','0002_elbow_R','',(#672));
#672 = PRODUCT_CONTEXT('',#2,'mechanical');
#673 = PRODUCT_DEFINITION_CONTEXT('part definition',#2,'design');
#674 = ADVANCED_BREP_SHAPE_REPRESENTATION('',(#11,#675),#743);
#675 = MANIFOLD_SOLID_BREP('',#676);
#676 = CLOSED_SHELL('',(#677,#739));
#677 = ADVANCED_FACE('',(#678),#693,.T.);
#678 = FACE_BOUND('',#679,.T.);
#679 = EDGE_LOOP('',(#680,#711,#738));
#680 = ORIENTED_EDGE('',*,*,#681,.F.);
#681 = EDGE_CURVE('',#682,#684,#686,.T.);
#682 = VERTEX_POINT('',#683);
#683 = CARTESIAN_POINT('',(66.,68.,190.));
#684 = VERTEX_POINT('',#685);
#685 = CARTESIAN_POINT('',(60.,68.,196.));
#686 = SEAM_CURVE('',#687,(#692,#704),.PCURVE_S1.);
#687 = CIRCLE('',#688,6.);
#688 = AXIS2_PLACEMENT_3D('',#689,#690,#691);
#689 = CARTESIAN_POINT('',(60.,68.,190.));
#690 = DIRECTION('',(-2.449293598295E-16,-1.,0.));
#691 = DIRECTION('',(1.,-2.449293598295E-16,0.));
#692 = PCURVE('',#693,#698);
#693 = SPHERICAL_SURFACE('',#694,6.);
#694 = AXIS2_PLACEMENT_3D('',#695,#696,#697);
#695 = CARTESIAN_POINT('',(60.,68.,190.));
#696 = DIRECTION('',(0.,0.,1.));
#697 = DIRECTION('',(1.,0.,-0.));
#698 = DEFINITIONAL_REPRESENTATION('',(#699),#703);
#699 = LINE('',#700,#701);
#700 = CARTESIAN_POINT('',(6.28318530718,-6.28318530718));
#701 = VECTOR('',#702,1.);
#702 = DIRECTION('',(0.,1.));
#703 = ( GEOMETRIC_REPRESENTATION_CONTEXT(2) 
PARAMETRIC_REPRESENTATION_CONTEXT() REPRESENTATION_CONTEXT('2D SPACE',''
  ) );
#704 = PCURVE('',#693,#705);
#705 = DEFINITIONAL_REPRESENTATION('',(#706),#710);
#706 = LINE('',#707,#708);
#707 = CARTESIAN_POINT('',(0.,-6.28318530718));
#708 = VECTOR('',#709,1.);
#709 = DIRECTION('',(0.,1.));
#710 = ( GEOMETRIC_REPRESENTATION_CONTEXT(2) 
PARAMETRIC_REPRESENTATION_CONTEXT() REPRESENTATION_CONTEXT('2D SPACE',''
  ) );
#711 = ORIENTED_EDGE('',*,*,#712,.T.);
#712 = EDGE_CURVE('',#682,#682,#713,.T.);
#713 = SURFACE_CURVE('',#714,(#719,#726),.PCURVE_S1.);
#714 = CIRCLE('',#715,6.);
#715 = AXIS2_PLACEMENT_3D('',#716,#717,#718);
#716 = CARTESIAN_POINT('',(60.,68.,190.));
#717 = DIRECTION('',(0.,0.,1.));
#718 = DIRECTION('',(1.,0.,-0.));
#719 = PCURVE('',#693,#720);
#720 = DEFINITIONAL_REPRESENTATION('',(#721),#725);
#721 = LINE('',#722,#723);
#722 = CARTESIAN_POINT('',(0.,0.));
#723 = VECTOR('',#724,1.);
#724 = DIRECTION('',(1.,0.));
#725 = ( GEOMETRIC_REPRESENTATION_CONTEXT(2) 
PARAMETRIC_REPRESENTATION_CONTEXT() REPRESENTATION_CONTEXT('2D SPACE',''
  ) );
#726 = PCURVE('',#727,#732);
#727 = PLANE('',#728);
#728 = AXIS2_PLACEMENT_3D('',#729,#730,#731);
#729 = CARTESIAN_POINT('',(60.,68.,190.));
#730 = DIRECTION('',(0.,0.,1.));
#731 = DIRECTION('',(1.,0.,-0.));
#732 = DEFINITIONAL_REPRESENTATION('',(#733),#737);
#733 = CIRCLE('',#734,6.);
#734 = AXIS2_PLACEMENT_2D('',#735,#736);
#735 = CARTESIAN_POINT('',(0.,0.));
#736 = DIRECTION('',(1.,0.));
#737 = ( GEOMETRIC_REPRESENTATION_CONTEXT(2) 
PARAMETRIC_REPRESENTATION_CONTEXT() REPRESENTATION_CONTEXT('2D SPACE',''
  ) );
#738 = ORIENTED_EDGE('',*,*,#681,.T.);
#739 = ADVANCED_FACE('',(#740),#727,.F.);
#740 = FACE_BOUND('',#741,.T.);
#741 = EDGE_LOOP('',(#742));
#742 = ORIENTED_EDGE('',*,*,#712,.F.);
#743 = ( GEOMETRIC_REPRESENTATION_CONTEXT(3) 
GLOBAL_UNCERTAINTY_ASSIGNED_CONTEXT((#747)) GLOBAL_UNIT_ASSIGNED_CONTEXT
((#744,#745,#746)) REPRESENTATION_CONTEXT('Context #1',
  '3D Context with UNIT and UNCERTAINTY') );
#744 = ( LENGTH_UNIT() NAMED_UNIT(*) SI_UNIT(.MILLI.,.METRE.) );
#745 = ( NAMED_UNIT(*) PLANE_ANGLE_UNIT() SI_UNIT($,.RADIAN.) );
#746 = ( NAMED_UNIT(*) SI_UNIT($,.STERADIAN.) SOLID_ANGLE_UNIT() );
#747 = UNCERTAINTY_MEASURE_WITH_UNIT(LENGTH_MEASURE(1.E-07),#744,
  'distance_accuracy_value','confusion accuracy');
#748 = CONTEXT_DEPENDENT_SHAPE_REPRESENTATION(#749,#751);
#749 = ( REPRESENTATION_RELATIONSHIP('','',#674,#10) 
REPRESENTATION_RELATIONSHIP_WITH_TRANSFORMATION(#750) 
SHAPE_REPRESENTATION_RELATIONSHIP() );
#750 = ITEM_DEFINED_TRANSFORMATION('','',#11,#23);
#751 = PRODUCT_DEFINITION_SHAPE('Placement','Placement of an item',#752
  );
#752 = NEXT_ASSEMBLY_USAGE_OCCURRENCE('3','0002_elbow_R','',#5,#669,$);
#753 = PRODUCT_RELATED_PRODUCT_CATEGORY('part',$,(#671));
#754 = SHAPE_DEFINITION_REPRESENTATION(#755,#761);
#755 = PRODUCT_DEFINITION_SHAPE('','',#756);
#756 = PRODUCT_DEFINITION('design','',#757,#760);
#757 = PRODUCT_DEFINITION_FORMATION('','',#758);
#758 = PRODUCT('0003_elbow_L','0003_elbow_L','',(#759));
#759 = PRODUCT_CONTEXT('',#2,'mechanical');
#760 = PRODUCT_DEFINITION_CONTEXT('part definition',#2,'design');
#761 = ADVANCED_BREP_SHAPE_REPRESENTATION('',(#11,#762),#830);
#762 = MANIFOLD_SOLID_BREP('',#763);
#763 = CLOSED_SHELL('',(#764,#826));
#764 = ADVANCED_FACE('',(#765),#780,.T.);
#765 = FACE_BOUND('',#766,.T.);
#766 = EDGE_LOOP('',(#767,#798,#825));
#767 = ORIENTED_EDGE('',*,*,#768,.F.);
#768 = EDGE_CURVE('',#769,#771,#773,.T.);
#769 = VERTEX_POINT('',#770);
#770 = CARTESIAN_POINT('',(-54.,68.,190.));
#771 = VERTEX_POINT('',#772);
#772 = CARTESIAN_POINT('',(-60.,68.,196.));
#773 = SEAM_CURVE('',#774,(#779,#791),.PCURVE_S1.);
#774 = CIRCLE('',#775,6.);
#775 = AXIS2_PLACEMENT_3D('',#776,#777,#778);
#776 = CARTESIAN_POINT('',(-60.,68.,190.));
#777 = DIRECTION('',(-2.449293598295E-16,-1.,0.));
#778 = DIRECTION('',(1.,-2.449293598295E-16,0.));
#779 = PCURVE('',#780,#785);
#780 = SPHERICAL_SURFACE('',#781,6.);
#781 = AXIS2_PLACEMENT_3D('',#782,#783,#784);
#782 = CARTESIAN_POINT('',(-60.,68.,190.));
#783 = DIRECTION('',(0.,0.,1.));
#784 = DIRECTION('',(1.,0.,-0.));
#785 = DEFINITIONAL_REPRESENTATION('',(#786),#790);
#786 = LINE('',#787,#788);
#787 = CARTESIAN_POINT('',(6.28318530718,-6.28318530718));
#788 = VECTOR('',#789,1.);
#789 = DIRECTION('',(0.,1.));
#790 = ( GEOMETRIC_REPRESENTATION_CONTEXT(2) 
PARAMETRIC_REPRESENTATION_CONTEXT() REPRESENTATION_CONTEXT('2D SPACE',''
  ) );
#791 = PCURVE('',#780,#792);
#792 = DEFINITIONAL_REPRESENTATION('',(#793),#797);
#793 = LINE('',#794,#795);
#794 = CARTESIAN_POINT('',(0.,-6.28318530718));
#795 = VECTOR('',#796,1.);
#796 = DIRECTION('',(0.,1.));
#797 = ( GEOMETRIC_REPRESENTATION_CONTEXT(2) 
PARAMETRIC_REPRESENTATION_CONTEXT() REPRESENTATION_CONTEXT('2D SPACE',''
  ) );
#798 = ORIENTED_EDGE('',*,*,#799,.T.);
#799 = EDGE_CURVE('',#769,#769,#800,.T.);
#800 = SURFACE_CURVE('',#801,(#806,#813),.PCURVE_S1.);
#801 = CIRCLE('',#802,6.);
#802 = AXIS2_PLACEMENT_3D('',#803,#804,#805);
#803 = CARTESIAN_POINT('',(-60.,68.,190.));
#804 = DIRECTION('',(0.,0.,1.));
#805 = DIRECTION('',(1.,0.,-0.));
#806 = PCURVE('',#780,#807);
#807 = DEFINITIONAL_REPRESENTATION('',(#808),#812);
#808 = LINE('',#809,#810);
#809 = CARTESIAN_POINT('',(0.,0.));
#810 = VECTOR('',#811,1.);
#811 = DIRECTION('',(1.,0.));
#812 = ( GEOMETRIC_REPRESENTATION_CONTEXT(2) 
PARAMETRIC_REPRESENTATION_CONTEXT() REPRESENTATION_CONTEXT('2D SPACE',''
  ) );
#813 = PCURVE('',#814,#819);
#814 = PLANE('',#815);
#815 = AXIS2_PLACEMENT_3D('',#816,#817,#818);
#816 = CARTESIAN_POINT('',(-60.,68.,190.));
#817 = DIRECTION('',(0.,0.,1.));
#818 = DIRECTION('',(1.,0.,-0.));
#819 = DEFINITIONAL_REPRESENTATION('',(#820),#824);
#820 = CIRCLE('',#821,6.);
#821 = AXIS2_PLACEMENT_2D('',#822,#823);
#822 = CARTESIAN_POINT('',(0.,0.));
#823 = DIRECTION('',(1.,0.));
#824 = ( GEOMETRIC_REPRESENTATION_CONTEXT(2) 
PARAMETRIC_REPRESENTATION_CONTEXT() REPRESENTATION_CONTEXT('2D SPACE',''
  ) );
#825 = ORIENTED_EDGE('',*,*,#768,.T.);
#826 = ADVANCED_FACE('',(#827),#814,.F.);
#827 = FACE_BOUND('',#828,.T.);
#828 = EDGE_LOOP('',(#829));
#829 = ORIENTED_EDGE('',*,*,#799,.F.);
#830 = ( GEOMETRIC_REPRESENTATION_CONTEXT(3) 
GLOBAL_UNCERTAINTY_ASSIGNED_CONTEXT((#834)) GLOBAL_UNIT_ASSIGNED_CONTEXT
((#831,#832,#833)) REPRESENTATION_CONTEXT('Context #1',
  '3D Context with UNIT and UNCERTAINTY') );
#831 = ( LENGTH_UNIT() NAMED_UNIT(*) SI_UNIT(.MILLI.,.METRE.) );
#832 = ( NAMED_UNIT(*) PLANE_ANGLE_UNIT() SI_UNIT($,.RADIAN.) );
#833 = ( NAMED_UNIT(*) SI_UNIT($,.STERADIAN.) SOLID_ANGLE_UNIT() );
#834 = UNCERTAINTY_MEASURE_WITH_UNIT(LENGTH_MEASURE(1.E-07),#831,
  'distance_accuracy_value','confusion accuracy');
#835 = CONTEXT_DEPENDENT_SHAPE_REPRESENTATION(#836,#838);
#836 = ( REPRESENTATION_RELATIONSHIP('','',#761,#10) 
REPRESENTATION_RELATIONSHIP_WITH_TRANSFORMATION(#837) 
SHAPE_REPRESENTATION_RELATIONSHIP() );
#837 = ITEM_DEFINED_TRANSFORMATION('','',#11,#27);
#838 = PRODUCT_DEFINITION_SHAPE('Placement','Placement of an item',#839
  );
#839 = NEXT_ASSEMBLY_USAGE_OCCURRENCE('4','0003_elbow_L','',#5,#756,$);
#840 = PRODUCT_RELATED_PRODUCT_CATEGORY('part',$,(#758));
#841 = SHAPE_DEFINITION_REPRESENTATION(#842,#848);
#842 = PRODUCT_DEFINITION_SHAPE('','',#843);
#843 = PRODUCT_DEFINITION('design','',#844,#847);
#844 = PRODUCT_DEFINITION_FORMATION('','',#845);
#845 = PRODUCT('0004_carpus_R','0004_carpus_R','',(#846));
#846 = PRODUCT_CONTEXT('',#2,'mechanical');
#847 = PRODUCT_DEFINITION_CONTEXT('part definition',#2,'design');
#848 = ADVANCED_BREP_SHAPE_REPRESENTATION('',(#11,#849),#917);
#849 = MANIFOLD_SOLID_BREP('',#850);
#850 = CLOSED_SHELL('',(#851,#913));
#851 = ADVANCED_FACE('',(#852),#867,.T.);
#852 = FACE_BOUND('',#853,.T.);
#853 = EDGE_LOOP('',(#854,#885,#912));
#854 = ORIENTED_EDGE('',*,*,#855,.F.);
#855 = EDGE_CURVE('',#856,#858,#860,.T.);
#856 = VERTEX_POINT('',#857);
#857 = CARTESIAN_POINT('',(66.,85.2,72.9));
#858 = VERTEX_POINT('',#859);
#859 = CARTESIAN_POINT('',(60.,85.2,78.9));
#860 = SEAM_CURVE('',#861,(#866,#878),.PCURVE_S1.);
#861 = CIRCLE('',#862,6.);
#862 = AXIS2_PLACEMENT_3D('',#863,#864,#865);
#863 = CARTESIAN_POINT('',(60.,85.2,72.9));
#864 = DIRECTION('',(-2.449293598295E-16,-1.,0.));
#865 = DIRECTION('',(1.,-2.449293598295E-16,0.));
#866 = PCURVE('',#867,#872);
#867 = SPHERICAL_SURFACE('',#868,6.);
#868 = AXIS2_PLACEMENT_3D('',#869,#870,#871);
#869 = CARTESIAN_POINT('',(60.,85.2,72.9));
#870 = DIRECTION('',(0.,0.,1.));
#871 = DIRECTION('',(1.,0.,-0.));
#872 = DEFINITIONAL_REPRESENTATION('',(#873),#877);
#873 = LINE('',#874,#875);
#874 = CARTESIAN_POINT('',(6.28318530718,-6.28318530718));
#875 = VECTOR('',#876,1.);
#876 = DIRECTION('',(0.,1.));
#877 = ( GEOMETRIC_REPRESENTATION_CONTEXT(2) 
PARAMETRIC_REPRESENTATION_CONTEXT() REPRESENTATION_CONTEXT('2D SPACE',''
  ) );
#878 = PCURVE('',#867,#879);
#879 = DEFINITIONAL_REPRESENTATION('',(#880),#884);
#880 = LINE('',#881,#882);
#881 = CARTESIAN_POINT('',(0.,-6.28318530718));
#882 = VECTOR('',#883,1.);
#883 = DIRECTION('',(0.,1.));
#884 = ( GEOMETRIC_REPRESENTATION_CONTEXT(2) 
PARAMETRIC_REPRESENTATION_CONTEXT() REPRESENTATION_CONTEXT('2D SPACE',''
  ) );
#885 = ORIENTED_EDGE('',*,*,#886,.T.);
#886 = EDGE_CURVE('',#856,#856,#887,.T.);
#887 = SURFACE_CURVE('',#888,(#893,#900),.PCURVE_S1.);
#888 = CIRCLE('',#889,6.);
#889 = AXIS2_PLACEMENT_3D('',#890,#891,#892);
#890 = CARTESIAN_POINT('',(60.,85.2,72.9));
#891 = DIRECTION('',(0.,0.,1.));
#892 = DIRECTION('',(1.,0.,-0.));
#893 = PCURVE('',#867,#894);
#894 = DEFINITIONAL_REPRESENTATION('',(#895),#899);
#895 = LINE('',#896,#897);
#896 = CARTESIAN_POINT('',(0.,0.));
#897 = VECTOR('',#898,1.);
#898 = DIRECTION('',(1.,0.));
#899 = ( GEOMETRIC_REPRESENTATION_CONTEXT(2) 
PARAMETRIC_REPRESENTATION_CONTEXT() REPRESENTATION_CONTEXT('2D SPACE',''
  ) );
#900 = PCURVE('',#901,#906);
#901 = PLANE('',#902);
#902 = AXIS2_PLACEMENT_3D('',#903,#904,#905);
#903 = CARTESIAN_POINT('',(60.,85.2,72.9));
#904 = DIRECTION('',(0.,0.,1.));
#905 = DIRECTION('',(1.,0.,-0.));
#906 = DEFINITIONAL_REPRESENTATION('',(#907),#911);
#907 = CIRCLE('',#908,6.);
#908 = AXIS2_PLACEMENT_2D('',#909,#910);
#909 = CARTESIAN_POINT('',(0.,0.));
#910 = DIRECTION('',(1.,0.));
#911 = ( GEOMETRIC_REPRESENTATION_CONTEXT(2) 
PARAMETRIC_REPRESENTATION_CONTEXT() REPRESENTATION_CONTEXT('2D SPACE',''
  ) );
#912 = ORIENTED_EDGE('',*,*,#855,.T.);
#913 = ADVANCED_FACE('',(#914),#901,.F.);
#914 = FACE_BOUND('',#915,.T.);
#915 = EDGE_LOOP('',(#916));
#916 = ORIENTED_EDGE('',*,*,#886,.F.);
#917 = ( GEOMETRIC_REPRESENTATION_CONTEXT(3) 
GLOBAL_UNCERTAINTY_ASSIGNED_CONTEXT((#921)) GLOBAL_UNIT_ASSIGNED_CONTEXT
((#918,#919,#920)) REPRESENTATION_CONTEXT('Context #1',
  '3D Context with UNIT and UNCERTAINTY') );
#918 = ( LENGTH_UNIT() NAMED_UNIT(*) SI_UNIT(.MILLI.,.METRE.) );
#919 = ( NAMED_UNIT(*) PLANE_ANGLE_UNIT() SI_UNIT($,.RADIAN.) );
#920 = ( NAMED_UNIT(*) SI_UNIT($,.STERADIAN.) SOLID_ANGLE_UNIT() );
#921 = UNCERTAINTY_MEASURE_WITH_UNIT(LENGTH_MEASURE(1.E-07),#918,
  'distance_accuracy_value','confusion accuracy');
#922 = CONTEXT_DEPENDENT_SHAPE_REPRESENTATION(#923,#925);
#923 = ( REPRESENTATION_RELATIONSHIP('','',#848,#10) 
REPRESENTATION_RELATIONSHIP_WITH_TRANSFORMATION(#924) 
SHAPE_REPRESENTATION_RELATIONSHIP() );
#924 = ITEM_DEFINED_TRANSFORMATION('','',#11,#31);
#925 = PRODUCT_DEFINITION_SHAPE('Placement','Placement of an item',#926
  );
#926 = NEXT_ASSEMBLY_USAGE_OCCURRENCE('5','0004_carpus_R','',#5,#843,$);
#927 = PRODUCT_RELATED_PRODUCT_CATEGORY('part',$,(#845));
#928 = SHAPE_DEFINITION_REPRESENTATION(#929,#935);
#929 = PRODUCT_DEFINITION_SHAPE('','',#930);
#930 = PRODUCT_DEFINITION('design','',#931,#934);
#931 = PRODUCT_DEFINITION_FORMATION('','',#932);
#932 = PRODUCT('0005_carpus_L','0005_carpus_L','',(#933));
#933 = PRODUCT_CONTEXT('',#2,'mechanical');
#934 = PRODUCT_DEFINITION_CONTEXT('part definition',#2,'design');
#935 = ADVANCED_BREP_SHAPE_REPRESENTATION('',(#11,#936),#1004);
#936 = MANIFOLD_SOLID_BREP('',#937);
#937 = CLOSED_SHELL('',(#938,#1000));
#938 = ADVANCED_FACE('',(#939),#954,.T.);
#939 = FACE_BOUND('',#940,.T.);
#940 = EDGE_LOOP('',(#941,#972,#999));
#941 = ORIENTED_EDGE('',*,*,#942,.F.);
#942 = EDGE_CURVE('',#943,#945,#947,.T.);
#943 = VERTEX_POINT('',#944);
#944 = CARTESIAN_POINT('',(-54.,85.2,72.9));
#945 = VERTEX_POINT('',#946);
#946 = CARTESIAN_POINT('',(-60.,85.2,78.9));
#947 = SEAM_CURVE('',#948,(#953,#965),.PCURVE_S1.);
#948 = CIRCLE('',#949,6.);
#949 = AXIS2_PLACEMENT_3D('',#950,#951,#952);
#950 = CARTESIAN_POINT('',(-60.,85.2,72.9));
#951 = DIRECTION('',(-2.449293598295E-16,-1.,0.));
#952 = DIRECTION('',(1.,-2.449293598295E-16,0.));
#953 = PCURVE('',#954,#959);
#954 = SPHERICAL_SURFACE('',#955,6.);
#955 = AXIS2_PLACEMENT_3D('',#956,#957,#958);
#956 = CARTESIAN_POINT('',(-60.,85.2,72.9));
#957 = DIRECTION('',(0.,0.,1.));
#958 = DIRECTION('',(1.,0.,-0.));
#959 = DEFINITIONAL_REPRESENTATION('',(#960),#964);
#960 = LINE('',#961,#962);
#961 = CARTESIAN_POINT('',(6.28318530718,-6.28318530718));
#962 = VECTOR('',#963,1.);
#963 = DIRECTION('',(0.,1.));
#964 = ( GEOMETRIC_REPRESENTATION_CONTEXT(2) 
PARAMETRIC_REPRESENTATION_CONTEXT() REPRESENTATION_CONTEXT('2D SPACE',''
  ) );
#965 = PCURVE('',#954,#966);
#966 = DEFINITIONAL_REPRESENTATION('',(#967),#971);
#967 = LINE('',#968,#969);
#968 = CARTESIAN_POINT('',(0.,-6.28318530718));
#969 = VECTOR('',#970,1.);
#970 = DIRECTION('',(0.,1.));
#971 = ( GEOMETRIC_REPRESENTATION_CONTEXT(2) 
PARAMETRIC_REPRESENTATION_CONTEXT() REPRESENTATION_CONTEXT('2D SPACE',''
  ) );
#972 = ORIENTED_EDGE('',*,*,#973,.T.);
#973 = EDGE_CURVE('',#943,#943,#974,.T.);
#974 = SURFACE_CURVE('',#975,(#980,#987),.PCURVE_S1.);
#975 = CIRCLE('',#976,6.);
#976 = AXIS2_PLACEMENT_3D('',#977,#978,#979);
#977 = CARTESIAN_POINT('',(-60.,85.2,72.9));
#978 = DIRECTION('',(0.,0.,1.));
#979 = DIRECTION('',(1.,0.,-0.));
#980 = PCURVE('',#954,#981);
#981 = DEFINITIONAL_REPRESENTATION('',(#982),#986);
#982 = LINE('',#983,#984);
#983 = CARTESIAN_POINT('',(0.,0.));
#984 = VECTOR('',#985,1.);
#985 = DIRECTION('',(1.,0.));
#986 = ( GEOMETRIC_REPRESENTATION_CONTEXT(2) 
PARAMETRIC_REPRESENTATION_CONTEXT() REPRESENTATION_CONTEXT('2D SPACE',''
  ) );
#987 = PCURVE('',#988,#993);
#988 = PLANE('',#989);
#989 = AXIS2_PLACEMENT_3D('',#990,#991,#992);
#990 = CARTESIAN_POINT('',(-60.,85.2,72.9));
#991 = DIRECTION('',(0.,0.,1.));
#992 = DIRECTION('',(1.,0.,-0.));
#993 = DEFINITIONAL_REPRESENTATION('',(#994),#998);
#994 = CIRCLE('',#995,6.);
#995 = AXIS2_PLACEMENT_2D('',#996,#997);
#996 = CARTESIAN_POINT('',(0.,0.));
#997 = DIRECTION('',(1.,0.));
#998 = ( GEOMETRIC_REPRESENTATION_CONTEXT(2) 
PARAMETRIC_REPRESENTATION_CONTEXT() REPRESENTATION_CONTEXT('2D SPACE',''
  ) );
#999 = ORIENTED_EDGE('',*,*,#942,.T.);
#1000 = ADVANCED_FACE('',(#1001),#988,.F.);
#1001 = FACE_BOUND('',#1002,.T.);
#1002 = EDGE_LOOP('',(#1003));
#1003 = ORIENTED_EDGE('',*,*,#973,.F.);
#1004 = ( GEOMETRIC_REPRESENTATION_CONTEXT(3) 
GLOBAL_UNCERTAINTY_ASSIGNED_CONTEXT((#1008)) 
GLOBAL_UNIT_ASSIGNED_CONTEXT((#1005,#1006,#1007)) REPRESENTATION_CONTEXT
('Context #1','3D Context with UNIT and UNCERTAINTY') );
#1005 = ( LENGTH_UNIT() NAMED_UNIT(*) SI_UNIT(.MILLI.,.METRE.) );
#1006 = ( NAMED_UNIT(*) PLANE_ANGLE_UNIT() SI_UNIT($,.RADIAN.) );
#1007 = ( NAMED_UNIT(*) SI_UNIT($,.STERADIAN.) SOLID_ANGLE_UNIT() );
#1008 = UNCERTAINTY_MEASURE_WITH_UNIT(LENGTH_MEASURE(1.E-07),#1005,
  'distance_accuracy_value','confusion accuracy');
#1009 = CONTEXT_DEPENDENT_SHAPE_REPRESENTATION(#1010,#1012);
#1010 = ( REPRESENTATION_RELATIONSHIP('','',#935,#10) 
REPRESENTATION_RELATIONSHIP_WITH_TRANSFORMATION(#1011) 
SHAPE_REPRESENTATION_RELATIONSHIP() );
#1011 = ITEM_DEFINED_TRANSFORMATION('','',#11,#35);
#1012 = PRODUCT_DEFINITION_SHAPE('Placement','Placement of an item',
  #1013);
#1013 = NEXT_ASSEMBLY_USAGE_OCCURRENCE('6','0005_carpus_L','',#5,#930,$
  );
#1014 = PRODUCT_RELATED_PRODUCT_CATEGORY('part',$,(#932));
#1015 = SHAPE_DEFINITION_REPRESENTATION(#1016,#1022);
#1016 = PRODUCT_DEFINITION_SHAPE('','',#1017);
#1017 = PRODUCT_DEFINITION('design','',#1018,#1021);
#1018 = PRODUCT_DEFINITION_FORMATION('','',#1019);
#1019 = PRODUCT('0006_ffoot_R','0006_ffoot_R','',(#1020));
#1020 = PRODUCT_CONTEXT('',#2,'mechanical');
#1021 = PRODUCT_DEFINITION_CONTEXT('part definition',#2,'design');
#1022 = ADVANCED_BREP_SHAPE_REPRESENTATION('',(#11,#1023),#1091);
#1023 = MANIFOLD_SOLID_BREP('',#1024);
#1024 = CLOSED_SHELL('',(#1025,#1087));
#1025 = ADVANCED_FACE('',(#1026),#1041,.T.);
#1026 = FACE_BOUND('',#1027,.T.);
#1027 = EDGE_LOOP('',(#1028,#1059,#1086));
#1028 = ORIENTED_EDGE('',*,*,#1029,.F.);
#1029 = EDGE_CURVE('',#1030,#1032,#1034,.T.);
#1030 = VERTEX_POINT('',#1031);
#1031 = CARTESIAN_POINT('',(64.,78.6,5.7));
#1032 = VERTEX_POINT('',#1033);
#1033 = CARTESIAN_POINT('',(60.,78.6,9.7));
#1034 = SEAM_CURVE('',#1035,(#1040,#1052),.PCURVE_S1.);
#1035 = CIRCLE('',#1036,4.);
#1036 = AXIS2_PLACEMENT_3D('',#1037,#1038,#1039);
#1037 = CARTESIAN_POINT('',(60.,78.6,5.7));
#1038 = DIRECTION('',(-2.449293598295E-16,-1.,0.));
#1039 = DIRECTION('',(1.,-2.449293598295E-16,0.));
#1040 = PCURVE('',#1041,#1046);
#1041 = SPHERICAL_SURFACE('',#1042,4.);
#1042 = AXIS2_PLACEMENT_3D('',#1043,#1044,#1045);
#1043 = CARTESIAN_POINT('',(60.,78.6,5.7));
#1044 = DIRECTION('',(0.,0.,1.));
#1045 = DIRECTION('',(1.,0.,-0.));
#1046 = DEFINITIONAL_REPRESENTATION('',(#1047),#1051);
#1047 = LINE('',#1048,#1049);
#1048 = CARTESIAN_POINT('',(6.28318530718,-6.28318530718));
#1049 = VECTOR('',#1050,1.);
#1050 = DIRECTION('',(0.,1.));
#1051 = ( GEOMETRIC_REPRESENTATION_CONTEXT(2) 
PARAMETRIC_REPRESENTATION_CONTEXT() REPRESENTATION_CONTEXT('2D SPACE',''
  ) );
#1052 = PCURVE('',#1041,#1053);
#1053 = DEFINITIONAL_REPRESENTATION('',(#1054),#1058);
#1054 = LINE('',#1055,#1056);
#1055 = CARTESIAN_POINT('',(0.,-6.28318530718));
#1056 = VECTOR('',#1057,1.);
#1057 = DIRECTION('',(0.,1.));
#1058 = ( GEOMETRIC_REPRESENTATION_CONTEXT(2) 
PARAMETRIC_REPRESENTATION_CONTEXT() REPRESENTATION_CONTEXT('2D SPACE',''
  ) );
#1059 = ORIENTED_EDGE('',*,*,#1060,.T.);
#1060 = EDGE_CURVE('',#1030,#1030,#1061,.T.);
#1061 = SURFACE_CURVE('',#1062,(#1067,#1074),.PCURVE_S1.);
#1062 = CIRCLE('',#1063,4.);
#1063 = AXIS2_PLACEMENT_3D('',#1064,#1065,#1066);
#1064 = CARTESIAN_POINT('',(60.,78.6,5.7));
#1065 = DIRECTION('',(0.,0.,1.));
#1066 = DIRECTION('',(1.,0.,-0.));
#1067 = PCURVE('',#1041,#1068);
#1068 = DEFINITIONAL_REPRESENTATION('',(#1069),#1073);
#1069 = LINE('',#1070,#1071);
#1070 = CARTESIAN_POINT('',(0.,0.));
#1071 = VECTOR('',#1072,1.);
#1072 = DIRECTION('',(1.,0.));
#1073 = ( GEOMETRIC_REPRESENTATION_CONTEXT(2) 
PARAMETRIC_REPRESENTATION_CONTEXT() REPRESENTATION_CONTEXT('2D SPACE',''
  ) );
#1074 = PCURVE('',#1075,#1080);
#1075 = PLANE('',#1076);
#1076 = AXIS2_PLACEMENT_3D('',#1077,#1078,#1079);
#1077 = CARTESIAN_POINT('',(60.,78.6,5.7));
#1078 = DIRECTION('',(0.,0.,1.));
#1079 = DIRECTION('',(1.,0.,-0.));
#1080 = DEFINITIONAL_REPRESENTATION('',(#1081),#1085);
#1081 = CIRCLE('',#1082,4.);
#1082 = AXIS2_PLACEMENT_2D('',#1083,#1084);
#1083 = CARTESIAN_POINT('',(0.,0.));
#1084 = DIRECTION('',(1.,0.));
#1085 = ( GEOMETRIC_REPRESENTATION_CONTEXT(2) 
PARAMETRIC_REPRESENTATION_CONTEXT() REPRESENTATION_CONTEXT('2D SPACE',''
  ) );
#1086 = ORIENTED_EDGE('',*,*,#1029,.T.);
#1087 = ADVANCED_FACE('',(#1088),#1075,.F.);
#1088 = FACE_BOUND('',#1089,.T.);
#1089 = EDGE_LOOP('',(#1090));
#1090 = ORIENTED_EDGE('',*,*,#1060,.F.);
#1091 = ( GEOMETRIC_REPRESENTATION_CONTEXT(3) 
GLOBAL_UNCERTAINTY_ASSIGNED_CONTEXT((#1095)) 
GLOBAL_UNIT_ASSIGNED_CONTEXT((#1092,#1093,#1094)) REPRESENTATION_CONTEXT
('Context #1','3D Context with UNIT and UNCERTAINTY') );
#1092 = ( LENGTH_UNIT() NAMED_UNIT(*) SI_UNIT(.MILLI.,.METRE.) );
#1093 = ( NAMED_UNIT(*) PLANE_ANGLE_UNIT() SI_UNIT($,.RADIAN.) );
#1094 = ( NAMED_UNIT(*) SI_UNIT($,.STERADIAN.) SOLID_ANGLE_UNIT() );
#1095 = UNCERTAINTY_MEASURE_WITH_UNIT(LENGTH_MEASURE(1.E-07),#1092,
  'distance_accuracy_value','confusion accuracy');
#1096 = CONTEXT_DEPENDENT_SHAPE_REPRESENTATION(#1097,#1099);
#1097 = ( REPRESENTATION_RELATIONSHIP('','',#1022,#10) 
REPRESENTATION_RELATIONSHIP_WITH_TRANSFORMATION(#1098) 
SHAPE_REPRESENTATION_RELATIONSHIP() );
#1098 = ITEM_DEFINED_TRANSFORMATION('','',#11,#39);
#1099 = PRODUCT_DEFINITION_SHAPE('Placement','Placement of an item',
  #1100);
#1100 = NEXT_ASSEMBLY_USAGE_OCCURRENCE('7','0006_ffoot_R','',#5,#1017,$
  );
#1101 = PRODUCT_RELATED_PRODUCT_CATEGORY('part',$,(#1019));
#1102 = SHAPE_DEFINITION_REPRESENTATION(#1103,#1109);
#1103 = PRODUCT_DEFINITION_SHAPE('','',#1104);
#1104 = PRODUCT_DEFINITION('design','',#1105,#1108);
#1105 = PRODUCT_DEFINITION_FORMATION('','',#1106);
#1106 = PRODUCT('0007_ffoot_L','0007_ffoot_L','',(#1107));
#1107 = PRODUCT_CONTEXT('',#2,'mechanical');
#1108 = PRODUCT_DEFINITION_CONTEXT('part definition',#2,'design');
#1109 = ADVANCED_BREP_SHAPE_REPRESENTATION('',(#11,#1110),#1178);
#1110 = MANIFOLD_SOLID_BREP('',#1111);
#1111 = CLOSED_SHELL('',(#1112,#1174));
#1112 = ADVANCED_FACE('',(#1113),#1128,.T.);
#1113 = FACE_BOUND('',#1114,.T.);
#1114 = EDGE_LOOP('',(#1115,#1146,#1173));
#1115 = ORIENTED_EDGE('',*,*,#1116,.F.);
#1116 = EDGE_CURVE('',#1117,#1119,#1121,.T.);
#1117 = VERTEX_POINT('',#1118);
#1118 = CARTESIAN_POINT('',(-56.,78.6,5.7));
#1119 = VERTEX_POINT('',#1120);
#1120 = CARTESIAN_POINT('',(-60.,78.6,9.7));
#1121 = SEAM_CURVE('',#1122,(#1127,#1139),.PCURVE_S1.);
#1122 = CIRCLE('',#1123,4.);
#1123 = AXIS2_PLACEMENT_3D('',#1124,#1125,#1126);
#1124 = CARTESIAN_POINT('',(-60.,78.6,5.7));
#1125 = DIRECTION('',(-2.449293598295E-16,-1.,0.));
#1126 = DIRECTION('',(1.,-2.449293598295E-16,0.));
#1127 = PCURVE('',#1128,#1133);
#1128 = SPHERICAL_SURFACE('',#1129,4.);
#1129 = AXIS2_PLACEMENT_3D('',#1130,#1131,#1132);
#1130 = CARTESIAN_POINT('',(-60.,78.6,5.7));
#1131 = DIRECTION('',(0.,0.,1.));
#1132 = DIRECTION('',(1.,0.,-0.));
#1133 = DEFINITIONAL_REPRESENTATION('',(#1134),#1138);
#1134 = LINE('',#1135,#1136);
#1135 = CARTESIAN_POINT('',(6.28318530718,-6.28318530718));
#1136 = VECTOR('',#1137,1.);
#1137 = DIRECTION('',(0.,1.));
#1138 = ( GEOMETRIC_REPRESENTATION_CONTEXT(2) 
PARAMETRIC_REPRESENTATION_CONTEXT() REPRESENTATION_CONTEXT('2D SPACE',''
  ) );
#1139 = PCURVE('',#1128,#1140);
#1140 = DEFINITIONAL_REPRESENTATION('',(#1141),#1145);
#1141 = LINE('',#1142,#1143);
#1142 = CARTESIAN_POINT('',(0.,-6.28318530718));
#1143 = VECTOR('',#1144,1.);
#1144 = DIRECTION('',(0.,1.));
#1145 = ( GEOMETRIC_REPRESENTATION_CONTEXT(2) 
PARAMETRIC_REPRESENTATION_CONTEXT() REPRESENTATION_CONTEXT('2D SPACE',''
  ) );
#1146 = ORIENTED_EDGE('',*,*,#1147,.T.);
#1147 = EDGE_CURVE('',#1117,#1117,#1148,.T.);
#1148 = SURFACE_CURVE('',#1149,(#1154,#1161),.PCURVE_S1.);
#1149 = CIRCLE('',#1150,4.);
#1150 = AXIS2_PLACEMENT_3D('',#1151,#1152,#1153);
#1151 = CARTESIAN_POINT('',(-60.,78.6,5.7));
#1152 = DIRECTION('',(0.,0.,1.));
#1153 = DIRECTION('',(1.,0.,-0.));
#1154 = PCURVE('',#1128,#1155);
#1155 = DEFINITIONAL_REPRESENTATION('',(#1156),#1160);
#1156 = LINE('',#1157,#1158);
#1157 = CARTESIAN_POINT('',(0.,0.));
#1158 = VECTOR('',#1159,1.);
#1159 = DIRECTION('',(1.,0.));
#1160 = ( GEOMETRIC_REPRESENTATION_CONTEXT(2) 
PARAMETRIC_REPRESENTATION_CONTEXT() REPRESENTATION_CONTEXT('2D SPACE',''
  ) );
#1161 = PCURVE('',#1162,#1167);
#1162 = PLANE('',#1163);
#1163 = AXIS2_PLACEMENT_3D('',#1164,#1165,#1166);
#1164 = CARTESIAN_POINT('',(-60.,78.6,5.7));
#1165 = DIRECTION('',(0.,0.,1.));
#1166 = DIRECTION('',(1.,0.,-0.));
#1167 = DEFINITIONAL_REPRESENTATION('',(#1168),#1172);
#1168 = CIRCLE('',#1169,4.);
#1169 = AXIS2_PLACEMENT_2D('',#1170,#1171);
#1170 = CARTESIAN_POINT('',(0.,0.));
#1171 = DIRECTION('',(1.,0.));
#1172 = ( GEOMETRIC_REPRESENTATION_CONTEXT(2) 
PARAMETRIC_REPRESENTATION_CONTEXT() REPRESENTATION_CONTEXT('2D SPACE',''
  ) );
#1173 = ORIENTED_EDGE('',*,*,#1116,.T.);
#1174 = ADVANCED_FACE('',(#1175),#1162,.F.);
#1175 = FACE_BOUND('',#1176,.T.);
#1176 = EDGE_LOOP('',(#1177));
#1177 = ORIENTED_EDGE('',*,*,#1147,.F.);
#1178 = ( GEOMETRIC_REPRESENTATION_CONTEXT(3) 
GLOBAL_UNCERTAINTY_ASSIGNED_CONTEXT((#1182)) 
GLOBAL_UNIT_ASSIGNED_CONTEXT((#1179,#1180,#1181)) REPRESENTATION_CONTEXT
('Context #1','3D Context with UNIT and UNCERTAINTY') );
#1179 = ( LENGTH_UNIT() NAMED_UNIT(*) SI_UNIT(.MILLI.,.METRE.) );
#1180 = ( NAMED_UNIT(*) PLANE_ANGLE_UNIT() SI_UNIT($,.RADIAN.) );
#1181 = ( NAMED_UNIT(*) SI_UNIT($,.STERADIAN.) SOLID_ANGLE_UNIT() );
#1182 = UNCERTAINTY_MEASURE_WITH_UNIT(LENGTH_MEASURE(1.E-07),#1179,
  'distance_accuracy_value','confusion accuracy');
#1183 = CONTEXT_DEPENDENT_SHAPE_REPRESENTATION(#1184,#1186);
#1184 = ( REPRESENTATION_RELATIONSHIP('','',#1109,#10) 
REPRESENTATION_RELATIONSHIP_WITH_TRANSFORMATION(#1185) 
SHAPE_REPRESENTATION_RELATIONSHIP() );
#1185 = ITEM_DEFINED_TRANSFORMATION('','',#11,#43);
#1186 = PRODUCT_DEFINITION_SHAPE('Placement','Placement of an item',
  #1187);
#1187 = NEXT_ASSEMBLY_USAGE_OCCURRENCE('8','0007_ffoot_L','',#5,#1104,$
  );
#1188 = PRODUCT_RELATED_PRODUCT_CATEGORY('part',$,(#1106));
#1189 = SHAPE_DEFINITION_REPRESENTATION(#1190,#1196);
#1190 = PRODUCT_DEFINITION_SHAPE('','',#1191);
#1191 = PRODUCT_DEFINITION('design','',#1192,#1195);
#1192 = PRODUCT_DEFINITION_FORMATION('','',#1193);
#1193 = PRODUCT('0008_hip_R','0008_hip_R','',(#1194));
#1194 = PRODUCT_CONTEXT('',#2,'mechanical');
#1195 = PRODUCT_DEFINITION_CONTEXT('part definition',#2,'design');
#1196 = ADVANCED_BREP_SHAPE_REPRESENTATION('',(#11,#1197),#1265);
#1197 = MANIFOLD_SOLID_BREP('',#1198);
#1198 = CLOSED_SHELL('',(#1199,#1261));
#1199 = ADVANCED_FACE('',(#1200),#1215,.T.);
#1200 = FACE_BOUND('',#1201,.T.);
#1201 = EDGE_LOOP('',(#1202,#1233,#1260));
#1202 = ORIENTED_EDGE('',*,*,#1203,.F.);
#1203 = EDGE_CURVE('',#1204,#1206,#1208,.T.);
#1204 = VERTEX_POINT('',#1205);
#1205 = CARTESIAN_POINT('',(58.,364.5,295.7));
#1206 = VERTEX_POINT('',#1207);
#1207 = CARTESIAN_POINT('',(52.,364.5,301.7));
#1208 = SEAM_CURVE('',#1209,(#1214,#1226),.PCURVE_S1.);
#1209 = CIRCLE('',#1210,6.);
#1210 = AXIS2_PLACEMENT_3D('',#1211,#1212,#1213);
#1211 = CARTESIAN_POINT('',(52.,364.5,295.7));
#1212 = DIRECTION('',(-2.449293598295E-16,-1.,0.));
#1213 = DIRECTION('',(1.,-2.449293598295E-16,0.));
#1214 = PCURVE('',#1215,#1220);
#1215 = SPHERICAL_SURFACE('',#1216,6.);
#1216 = AXIS2_PLACEMENT_3D('',#1217,#1218,#1219);
#1217 = CARTESIAN_POINT('',(52.,364.5,295.7));
#1218 = DIRECTION('',(0.,0.,1.));
#1219 = DIRECTION('',(1.,0.,-0.));
#1220 = DEFINITIONAL_REPRESENTATION('',(#1221),#1225);
#1221 = LINE('',#1222,#1223);
#1222 = CARTESIAN_POINT('',(6.28318530718,-6.28318530718));
#1223 = VECTOR('',#1224,1.);
#1224 = DIRECTION('',(0.,1.));
#1225 = ( GEOMETRIC_REPRESENTATION_CONTEXT(2) 
PARAMETRIC_REPRESENTATION_CONTEXT() REPRESENTATION_CONTEXT('2D SPACE',''
  ) );
#1226 = PCURVE('',#1215,#1227);
#1227 = DEFINITIONAL_REPRESENTATION('',(#1228),#1232);
#1228 = LINE('',#1229,#1230);
#1229 = CARTESIAN_POINT('',(0.,-6.28318530718));
#1230 = VECTOR('',#1231,1.);
#1231 = DIRECTION('',(0.,1.));
#1232 = ( GEOMETRIC_REPRESENTATION_CONTEXT(2) 
PARAMETRIC_REPRESENTATION_CONTEXT() REPRESENTATION_CONTEXT('2D SPACE',''
  ) );
#1233 = ORIENTED_EDGE('',*,*,#1234,.T.);
#1234 = EDGE_CURVE('',#1204,#1204,#1235,.T.);
#1235 = SURFACE_CURVE('',#1236,(#1241,#1248),.PCURVE_S1.);
#1236 = CIRCLE('',#1237,6.);
#1237 = AXIS2_PLACEMENT_3D('',#1238,#1239,#1240);
#1238 = CARTESIAN_POINT('',(52.,364.5,295.7));
#1239 = DIRECTION('',(0.,0.,1.));
#1240 = DIRECTION('',(1.,0.,-0.));
#1241 = PCURVE('',#1215,#1242);
#1242 = DEFINITIONAL_REPRESENTATION('',(#1243),#1247);
#1243 = LINE('',#1244,#1245);
#1244 = CARTESIAN_POINT('',(0.,0.));
#1245 = VECTOR('',#1246,1.);
#1246 = DIRECTION('',(1.,0.));
#1247 = ( GEOMETRIC_REPRESENTATION_CONTEXT(2) 
PARAMETRIC_REPRESENTATION_CONTEXT() REPRESENTATION_CONTEXT('2D SPACE',''
  ) );
#1248 = PCURVE('',#1249,#1254);
#1249 = PLANE('',#1250);
#1250 = AXIS2_PLACEMENT_3D('',#1251,#1252,#1253);
#1251 = CARTESIAN_POINT('',(52.,364.5,295.7));
#1252 = DIRECTION('',(0.,0.,1.));
#1253 = DIRECTION('',(1.,0.,-0.));
#1254 = DEFINITIONAL_REPRESENTATION('',(#1255),#1259);
#1255 = CIRCLE('',#1256,6.);
#1256 = AXIS2_PLACEMENT_2D('',#1257,#1258);
#1257 = CARTESIAN_POINT('',(0.,0.));
#1258 = DIRECTION('',(1.,0.));
#1259 = ( GEOMETRIC_REPRESENTATION_CONTEXT(2) 
PARAMETRIC_REPRESENTATION_CONTEXT() REPRESENTATION_CONTEXT('2D SPACE',''
  ) );
#1260 = ORIENTED_EDGE('',*,*,#1203,.T.);
#1261 = ADVANCED_FACE('',(#1262),#1249,.F.);
#1262 = FACE_BOUND('',#1263,.T.);
#1263 = EDGE_LOOP('',(#1264));
#1264 = ORIENTED_EDGE('',*,*,#1234,.F.);
#1265 = ( GEOMETRIC_REPRESENTATION_CONTEXT(3) 
GLOBAL_UNCERTAINTY_ASSIGNED_CONTEXT((#1269)) 
GLOBAL_UNIT_ASSIGNED_CONTEXT((#1266,#1267,#1268)) REPRESENTATION_CONTEXT
('Context #1','3D Context with UNIT and UNCERTAINTY') );
#1266 = ( LENGTH_UNIT() NAMED_UNIT(*) SI_UNIT(.MILLI.,.METRE.) );
#1267 = ( NAMED_UNIT(*) PLANE_ANGLE_UNIT() SI_UNIT($,.RADIAN.) );
#1268 = ( NAMED_UNIT(*) SI_UNIT($,.STERADIAN.) SOLID_ANGLE_UNIT() );
#1269 = UNCERTAINTY_MEASURE_WITH_UNIT(LENGTH_MEASURE(1.E-07),#1266,
  'distance_accuracy_value','confusion accuracy');
#1270 = CONTEXT_DEPENDENT_SHAPE_REPRESENTATION(#1271,#1273);
#1271 = ( REPRESENTATION_RELATIONSHIP('','',#1196,#10) 
REPRESENTATION_RELATIONSHIP_WITH_TRANSFORMATION(#1272) 
SHAPE_REPRESENTATION_RELATIONSHIP() );
#1272 = ITEM_DEFINED_TRANSFORMATION('','',#11,#47);
#1273 = PRODUCT_DEFINITION_SHAPE('Placement','Placement of an item',
  #1274);
#1274 = NEXT_ASSEMBLY_USAGE_OCCURRENCE('9','0008_hip_R','',#5,#1191,$);
#1275 = PRODUCT_RELATED_PRODUCT_CATEGORY('part',$,(#1193));
#1276 = SHAPE_DEFINITION_REPRESENTATION(#1277,#1283);
#1277 = PRODUCT_DEFINITION_SHAPE('','',#1278);
#1278 = PRODUCT_DEFINITION('design','',#1279,#1282);
#1279 = PRODUCT_DEFINITION_FORMATION('','',#1280);
#1280 = PRODUCT('0009_hip_L','0009_hip_L','',(#1281));
#1281 = PRODUCT_CONTEXT('',#2,'mechanical');
#1282 = PRODUCT_DEFINITION_CONTEXT('part definition',#2,'design');
#1283 = ADVANCED_BREP_SHAPE_REPRESENTATION('',(#11,#1284),#1352);
#1284 = MANIFOLD_SOLID_BREP('',#1285);
#1285 = CLOSED_SHELL('',(#1286,#1348));
#1286 = ADVANCED_FACE('',(#1287),#1302,.T.);
#1287 = FACE_BOUND('',#1288,.T.);
#1288 = EDGE_LOOP('',(#1289,#1320,#1347));
#1289 = ORIENTED_EDGE('',*,*,#1290,.F.);
#1290 = EDGE_CURVE('',#1291,#1293,#1295,.T.);
#1291 = VERTEX_POINT('',#1292);
#1292 = CARTESIAN_POINT('',(-46.,364.5,295.7));
#1293 = VERTEX_POINT('',#1294);
#1294 = CARTESIAN_POINT('',(-52.,364.5,301.7));
#1295 = SEAM_CURVE('',#1296,(#1301,#1313),.PCURVE_S1.);
#1296 = CIRCLE('',#1297,6.);
#1297 = AXIS2_PLACEMENT_3D('',#1298,#1299,#1300);
#1298 = CARTESIAN_POINT('',(-52.,364.5,295.7));
#1299 = DIRECTION('',(-2.449293598295E-16,-1.,0.));
#1300 = DIRECTION('',(1.,-2.449293598295E-16,0.));
#1301 = PCURVE('',#1302,#1307);
#1302 = SPHERICAL_SURFACE('',#1303,6.);
#1303 = AXIS2_PLACEMENT_3D('',#1304,#1305,#1306);
#1304 = CARTESIAN_POINT('',(-52.,364.5,295.7));
#1305 = DIRECTION('',(0.,0.,1.));
#1306 = DIRECTION('',(1.,0.,-0.));
#1307 = DEFINITIONAL_REPRESENTATION('',(#1308),#1312);
#1308 = LINE('',#1309,#1310);
#1309 = CARTESIAN_POINT('',(6.28318530718,-6.28318530718));
#1310 = VECTOR('',#1311,1.);
#1311 = DIRECTION('',(0.,1.));
#1312 = ( GEOMETRIC_REPRESENTATION_CONTEXT(2) 
PARAMETRIC_REPRESENTATION_CONTEXT() REPRESENTATION_CONTEXT('2D SPACE',''
  ) );
#1313 = PCURVE('',#1302,#1314);
#1314 = DEFINITIONAL_REPRESENTATION('',(#1315),#1319);
#1315 = LINE('',#1316,#1317);
#1316 = CARTESIAN_POINT('',(0.,-6.28318530718));
#1317 = VECTOR('',#1318,1.);
#1318 = DIRECTION('',(0.,1.));
#1319 = ( GEOMETRIC_REPRESENTATION_CONTEXT(2) 
PARAMETRIC_REPRESENTATION_CONTEXT() REPRESENTATION_CONTEXT('2D SPACE',''
  ) );
#1320 = ORIENTED_EDGE('',*,*,#1321,.T.);
#1321 = EDGE_CURVE('',#1291,#1291,#1322,.T.);
#1322 = SURFACE_CURVE('',#1323,(#1328,#1335),.PCURVE_S1.);
#1323 = CIRCLE('',#1324,6.);
#1324 = AXIS2_PLACEMENT_3D('',#1325,#1326,#1327);
#1325 = CARTESIAN_POINT('',(-52.,364.5,295.7));
#1326 = DIRECTION('',(0.,0.,1.));
#1327 = DIRECTION('',(1.,0.,-0.));
#1328 = PCURVE('',#1302,#1329);
#1329 = DEFINITIONAL_REPRESENTATION('',(#1330),#1334);
#1330 = LINE('',#1331,#1332);
#1331 = CARTESIAN_POINT('',(0.,0.));
#1332 = VECTOR('',#1333,1.);
#1333 = DIRECTION('',(1.,0.));
#1334 = ( GEOMETRIC_REPRESENTATION_CONTEXT(2) 
PARAMETRIC_REPRESENTATION_CONTEXT() REPRESENTATION_CONTEXT('2D SPACE',''
  ) );
#1335 = PCURVE('',#1336,#1341);
#1336 = PLANE('',#1337);
#1337 = AXIS2_PLACEMENT_3D('',#1338,#1339,#1340);
#1338 = CARTESIAN_POINT('',(-52.,364.5,295.7));
#1339 = DIRECTION('',(0.,0.,1.));
#1340 = DIRECTION('',(1.,0.,-0.));
#1341 = DEFINITIONAL_REPRESENTATION('',(#1342),#1346);
#1342 = CIRCLE('',#1343,6.);
#1343 = AXIS2_PLACEMENT_2D('',#1344,#1345);
#1344 = CARTESIAN_POINT('',(0.,0.));
#1345 = DIRECTION('',(1.,0.));
#1346 = ( GEOMETRIC_REPRESENTATION_CONTEXT(2) 
PARAMETRIC_REPRESENTATION_CONTEXT() REPRESENTATION_CONTEXT('2D SPACE',''
  ) );
#1347 = ORIENTED_EDGE('',*,*,#1290,.T.);
#1348 = ADVANCED_FACE('',(#1349),#1336,.F.);
#1349 = FACE_BOUND('',#1350,.T.);
#1350 = EDGE_LOOP('',(#1351));
#1351 = ORIENTED_EDGE('',*,*,#1321,.F.);
#1352 = ( GEOMETRIC_REPRESENTATION_CONTEXT(3) 
GLOBAL_UNCERTAINTY_ASSIGNED_CONTEXT((#1356)) 
GLOBAL_UNIT_ASSIGNED_CONTEXT((#1353,#1354,#1355)) REPRESENTATION_CONTEXT
('Context #1','3D Context with UNIT and UNCERTAINTY') );
#1353 = ( LENGTH_UNIT() NAMED_UNIT(*) SI_UNIT(.MILLI.,.METRE.) );
#1354 = ( NAMED_UNIT(*) PLANE_ANGLE_UNIT() SI_UNIT($,.RADIAN.) );
#1355 = ( NAMED_UNIT(*) SI_UNIT($,.STERADIAN.) SOLID_ANGLE_UNIT() );
#1356 = UNCERTAINTY_MEASURE_WITH_UNIT(LENGTH_MEASURE(1.E-07),#1353,
  'distance_accuracy_value','confusion accuracy');
#1357 = CONTEXT_DEPENDENT_SHAPE_REPRESENTATION(#1358,#1360);
#1358 = ( REPRESENTATION_RELATIONSHIP('','',#1283,#10) 
REPRESENTATION_RELATIONSHIP_WITH_TRANSFORMATION(#1359) 
SHAPE_REPRESENTATION_RELATIONSHIP() );
#1359 = ITEM_DEFINED_TRANSFORMATION('','',#11,#51);
#1360 = PRODUCT_DEFINITION_SHAPE('Placement','Placement of an item',
  #1361);
#1361 = NEXT_ASSEMBLY_USAGE_OCCURRENCE('10','0009_hip_L','',#5,#1278,$);
#1362 = PRODUCT_RELATED_PRODUCT_CATEGORY('part',$,(#1280));
#1363 = SHAPE_DEFINITION_REPRESENTATION(#1364,#1370);
#1364 = PRODUCT_DEFINITION_SHAPE('','',#1365);
#1365 = PRODUCT_DEFINITION('design','',#1366,#1369);
#1366 = PRODUCT_DEFINITION_FORMATION('','',#1367);
#1367 = PRODUCT('0010_stifle_R','0010_stifle_R','',(#1368));
#1368 = PRODUCT_CONTEXT('',#2,'mechanical');
#1369 = PRODUCT_DEFINITION_CONTEXT('part definition',#2,'design');
#1370 = ADVANCED_BREP_SHAPE_REPRESENTATION('',(#11,#1371),#1439);
#1371 = MANIFOLD_SOLID_BREP('',#1372);
#1372 = CLOSED_SHELL('',(#1373,#1435));
#1373 = ADVANCED_FACE('',(#1374),#1389,.T.);
#1374 = FACE_BOUND('',#1375,.T.);
#1375 = EDGE_LOOP('',(#1376,#1407,#1434));
#1376 = ORIENTED_EDGE('',*,*,#1377,.F.);
#1377 = EDGE_CURVE('',#1378,#1380,#1382,.T.);
#1378 = VERTEX_POINT('',#1379);
#1379 = CARTESIAN_POINT('',(58.,349.,190.));
#1380 = VERTEX_POINT('',#1381);
#1381 = CARTESIAN_POINT('',(52.,349.,196.));
#1382 = SEAM_CURVE('',#1383,(#1388,#1400),.PCURVE_S1.);
#1383 = CIRCLE('',#1384,6.);
#1384 = AXIS2_PLACEMENT_3D('',#1385,#1386,#1387);
#1385 = CARTESIAN_POINT('',(52.,349.,190.));
#1386 = DIRECTION('',(-2.449293598295E-16,-1.,0.));
#1387 = DIRECTION('',(1.,-2.449293598295E-16,0.));
#1388 = PCURVE('',#1389,#1394);
#1389 = SPHERICAL_SURFACE('',#1390,6.);
#1390 = AXIS2_PLACEMENT_3D('',#1391,#1392,#1393);
#1391 = CARTESIAN_POINT('',(52.,349.,190.));
#1392 = DIRECTION('',(0.,0.,1.));
#1393 = DIRECTION('',(1.,0.,-0.));
#1394 = DEFINITIONAL_REPRESENTATION('',(#1395),#1399);
#1395 = LINE('',#1396,#1397);
#1396 = CARTESIAN_POINT('',(6.28318530718,-6.28318530718));
#1397 = VECTOR('',#1398,1.);
#1398 = DIRECTION('',(0.,1.));
#1399 = ( GEOMETRIC_REPRESENTATION_CONTEXT(2) 
PARAMETRIC_REPRESENTATION_CONTEXT() REPRESENTATION_CONTEXT('2D SPACE',''
  ) );
#1400 = PCURVE('',#1389,#1401);
#1401 = DEFINITIONAL_REPRESENTATION('',(#1402),#1406);
#1402 = LINE('',#1403,#1404);
#1403 = CARTESIAN_POINT('',(0.,-6.28318530718));
#1404 = VECTOR('',#1405,1.);
#1405 = DIRECTION('',(0.,1.));
#1406 = ( GEOMETRIC_REPRESENTATION_CONTEXT(2) 
PARAMETRIC_REPRESENTATION_CONTEXT() REPRESENTATION_CONTEXT('2D SPACE',''
  ) );
#1407 = ORIENTED_EDGE('',*,*,#1408,.T.);
#1408 = EDGE_CURVE('',#1378,#1378,#1409,.T.);
#1409 = SURFACE_CURVE('',#1410,(#1415,#1422),.PCURVE_S1.);
#1410 = CIRCLE('',#1411,6.);
#1411 = AXIS2_PLACEMENT_3D('',#1412,#1413,#1414);
#1412 = CARTESIAN_POINT('',(52.,349.,190.));
#1413 = DIRECTION('',(0.,0.,1.));
#1414 = DIRECTION('',(1.,0.,-0.));
#1415 = PCURVE('',#1389,#1416);
#1416 = DEFINITIONAL_REPRESENTATION('',(#1417),#1421);
#1417 = LINE('',#1418,#1419);
#1418 = CARTESIAN_POINT('',(0.,0.));
#1419 = VECTOR('',#1420,1.);
#1420 = DIRECTION('',(1.,0.));
#1421 = ( GEOMETRIC_REPRESENTATION_CONTEXT(2) 
PARAMETRIC_REPRESENTATION_CONTEXT() REPRESENTATION_CONTEXT('2D SPACE',''
  ) );
#1422 = PCURVE('',#1423,#1428);
#1423 = PLANE('',#1424);
#1424 = AXIS2_PLACEMENT_3D('',#1425,#1426,#1427);
#1425 = CARTESIAN_POINT('',(52.,349.,190.));
#1426 = DIRECTION('',(0.,0.,1.));
#1427 = DIRECTION('',(1.,0.,-0.));
#1428 = DEFINITIONAL_REPRESENTATION('',(#1429),#1433);
#1429 = CIRCLE('',#1430,6.);
#1430 = AXIS2_PLACEMENT_2D('',#1431,#1432);
#1431 = CARTESIAN_POINT('',(0.,0.));
#1432 = DIRECTION('',(1.,0.));
#1433 = ( GEOMETRIC_REPRESENTATION_CONTEXT(2) 
PARAMETRIC_REPRESENTATION_CONTEXT() REPRESENTATION_CONTEXT('2D SPACE',''
  ) );
#1434 = ORIENTED_EDGE('',*,*,#1377,.T.);
#1435 = ADVANCED_FACE('',(#1436),#1423,.F.);
#1436 = FACE_BOUND('',#1437,.T.);
#1437 = EDGE_LOOP('',(#1438));
#1438 = ORIENTED_EDGE('',*,*,#1408,.F.);
#1439 = ( GEOMETRIC_REPRESENTATION_CONTEXT(3) 
GLOBAL_UNCERTAINTY_ASSIGNED_CONTEXT((#1443)) 
GLOBAL_UNIT_ASSIGNED_CONTEXT((#1440,#1441,#1442)) REPRESENTATION_CONTEXT
('Context #1','3D Context with UNIT and UNCERTAINTY') );
#1440 = ( LENGTH_UNIT() NAMED_UNIT(*) SI_UNIT(.MILLI.,.METRE.) );
#1441 = ( NAMED_UNIT(*) PLANE_ANGLE_UNIT() SI_UNIT($,.RADIAN.) );
#1442 = ( NAMED_UNIT(*) SI_UNIT($,.STERADIAN.) SOLID_ANGLE_UNIT() );
#1443 = UNCERTAINTY_MEASURE_WITH_UNIT(LENGTH_MEASURE(1.E-07),#1440,
  'distance_accuracy_value','confusion accuracy');
#1444 = CONTEXT_DEPENDENT_SHAPE_REPRESENTATION(#1445,#1447);
#1445 = ( REPRESENTATION_RELATIONSHIP('','',#1370,#10) 
REPRESENTATION_RELATIONSHIP_WITH_TRANSFORMATION(#1446) 
SHAPE_REPRESENTATION_RELATIONSHIP() );
#1446 = ITEM_DEFINED_TRANSFORMATION('','',#11,#55);
#1447 = PRODUCT_DEFINITION_SHAPE('Placement','Placement of an item',
  #1448);
#1448 = NEXT_ASSEMBLY_USAGE_OCCURRENCE('11','0010_stifle_R','',#5,#1365,
  $);
#1449 = PRODUCT_RELATED_PRODUCT_CATEGORY('part',$,(#1367));
#1450 = SHAPE_DEFINITION_REPRESENTATION(#1451,#1457);
#1451 = PRODUCT_DEFINITION_SHAPE('','',#1452);
#1452 = PRODUCT_DEFINITION('design','',#1453,#1456);
#1453 = PRODUCT_DEFINITION_FORMATION('','',#1454);
#1454 = PRODUCT('0011_stifle_L','0011_stifle_L','',(#1455));
#1455 = PRODUCT_CONTEXT('',#2,'mechanical');
#1456 = PRODUCT_DEFINITION_CONTEXT('part definition',#2,'design');
#1457 = ADVANCED_BREP_SHAPE_REPRESENTATION('',(#11,#1458),#1526);
#1458 = MANIFOLD_SOLID_BREP('',#1459);
#1459 = CLOSED_SHELL('',(#1460,#1522));
#1460 = ADVANCED_FACE('',(#1461),#1476,.T.);
#1461 = FACE_BOUND('',#1462,.T.);
#1462 = EDGE_LOOP('',(#1463,#1494,#1521));
#1463 = ORIENTED_EDGE('',*,*,#1464,.F.);
#1464 = EDGE_CURVE('',#1465,#1467,#1469,.T.);
#1465 = VERTEX_POINT('',#1466);
#1466 = CARTESIAN_POINT('',(-46.,349.,190.));
#1467 = VERTEX_POINT('',#1468);
#1468 = CARTESIAN_POINT('',(-52.,349.,196.));
#1469 = SEAM_CURVE('',#1470,(#1475,#1487),.PCURVE_S1.);
#1470 = CIRCLE('',#1471,6.);
#1471 = AXIS2_PLACEMENT_3D('',#1472,#1473,#1474);
#1472 = CARTESIAN_POINT('',(-52.,349.,190.));
#1473 = DIRECTION('',(-2.449293598295E-16,-1.,0.));
#1474 = DIRECTION('',(1.,-2.449293598295E-16,0.));
#1475 = PCURVE('',#1476,#1481);
#1476 = SPHERICAL_SURFACE('',#1477,6.);
#1477 = AXIS2_PLACEMENT_3D('',#1478,#1479,#1480);
#1478 = CARTESIAN_POINT('',(-52.,349.,190.));
#1479 = DIRECTION('',(0.,0.,1.));
#1480 = DIRECTION('',(1.,0.,-0.));
#1481 = DEFINITIONAL_REPRESENTATION('',(#1482),#1486);
#1482 = LINE('',#1483,#1484);
#1483 = CARTESIAN_POINT('',(6.28318530718,-6.28318530718));
#1484 = VECTOR('',#1485,1.);
#1485 = DIRECTION('',(0.,1.));
#1486 = ( GEOMETRIC_REPRESENTATION_CONTEXT(2) 
PARAMETRIC_REPRESENTATION_CONTEXT() REPRESENTATION_CONTEXT('2D SPACE',''
  ) );
#1487 = PCURVE('',#1476,#1488);
#1488 = DEFINITIONAL_REPRESENTATION('',(#1489),#1493);
#1489 = LINE('',#1490,#1491);
#1490 = CARTESIAN_POINT('',(0.,-6.28318530718));
#1491 = VECTOR('',#1492,1.);
#1492 = DIRECTION('',(0.,1.));
#1493 = ( GEOMETRIC_REPRESENTATION_CONTEXT(2) 
PARAMETRIC_REPRESENTATION_CONTEXT() REPRESENTATION_CONTEXT('2D SPACE',''
  ) );
#1494 = ORIENTED_EDGE('',*,*,#1495,.T.);
#1495 = EDGE_CURVE('',#1465,#1465,#1496,.T.);
#1496 = SURFACE_CURVE('',#1497,(#1502,#1509),.PCURVE_S1.);
#1497 = CIRCLE('',#1498,6.);
#1498 = AXIS2_PLACEMENT_3D('',#1499,#1500,#1501);
#1499 = CARTESIAN_POINT('',(-52.,349.,190.));
#1500 = DIRECTION('',(0.,0.,1.));
#1501 = DIRECTION('',(1.,0.,-0.));
#1502 = PCURVE('',#1476,#1503);
#1503 = DEFINITIONAL_REPRESENTATION('',(#1504),#1508);
#1504 = LINE('',#1505,#1506);
#1505 = CARTESIAN_POINT('',(0.,0.));
#1506 = VECTOR('',#1507,1.);
#1507 = DIRECTION('',(1.,0.));
#1508 = ( GEOMETRIC_REPRESENTATION_CONTEXT(2) 
PARAMETRIC_REPRESENTATION_CONTEXT() REPRESENTATION_CONTEXT('2D SPACE',''
  ) );
#1509 = PCURVE('',#1510,#1515);
#1510 = PLANE('',#1511);
#1511 = AXIS2_PLACEMENT_3D('',#1512,#1513,#1514);
#1512 = CARTESIAN_POINT('',(-52.,349.,190.));
#1513 = DIRECTION('',(0.,0.,1.));
#1514 = DIRECTION('',(1.,0.,-0.));
#1515 = DEFINITIONAL_REPRESENTATION('',(#1516),#1520);
#1516 = CIRCLE('',#1517,6.);
#1517 = AXIS2_PLACEMENT_2D('',#1518,#1519);
#1518 = CARTESIAN_POINT('',(0.,0.));
#1519 = DIRECTION('',(1.,0.));
#1520 = ( GEOMETRIC_REPRESENTATION_CONTEXT(2) 
PARAMETRIC_REPRESENTATION_CONTEXT() REPRESENTATION_CONTEXT('2D SPACE',''
  ) );
#1521 = ORIENTED_EDGE('',*,*,#1464,.T.);
#1522 = ADVANCED_FACE('',(#1523),#1510,.F.);
#1523 = FACE_BOUND('',#1524,.T.);
#1524 = EDGE_LOOP('',(#1525));
#1525 = ORIENTED_EDGE('',*,*,#1495,.F.);
#1526 = ( GEOMETRIC_REPRESENTATION_CONTEXT(3) 
GLOBAL_UNCERTAINTY_ASSIGNED_CONTEXT((#1530)) 
GLOBAL_UNIT_ASSIGNED_CONTEXT((#1527,#1528,#1529)) REPRESENTATION_CONTEXT
('Context #1','3D Context with UNIT and UNCERTAINTY') );
#1527 = ( LENGTH_UNIT() NAMED_UNIT(*) SI_UNIT(.MILLI.,.METRE.) );
#1528 = ( NAMED_UNIT(*) PLANE_ANGLE_UNIT() SI_UNIT($,.RADIAN.) );
#1529 = ( NAMED_UNIT(*) SI_UNIT($,.STERADIAN.) SOLID_ANGLE_UNIT() );
#1530 = UNCERTAINTY_MEASURE_WITH_UNIT(LENGTH_MEASURE(1.E-07),#1527,
  'distance_accuracy_value','confusion accuracy');
#1531 = CONTEXT_DEPENDENT_SHAPE_REPRESENTATION(#1532,#1534);
#1532 = ( REPRESENTATION_RELATIONSHIP('','',#1457,#10) 
REPRESENTATION_RELATIONSHIP_WITH_TRANSFORMATION(#1533) 
SHAPE_REPRESENTATION_RELATIONSHIP() );
#1533 = ITEM_DEFINED_TRANSFORMATION('','',#11,#59);
#1534 = PRODUCT_DEFINITION_SHAPE('Placement','Placement of an item',
  #1535);
#1535 = NEXT_ASSEMBLY_USAGE_OCCURRENCE('12','0011_stifle_L','',#5,#1452,
  $);
#1536 = PRODUCT_RELATED_PRODUCT_CATEGORY('part',$,(#1454));
#1537 = SHAPE_DEFINITION_REPRESENTATION(#1538,#1544);
#1538 = PRODUCT_DEFINITION_SHAPE('','',#1539);
#1539 = PRODUCT_DEFINITION('design','',#1540,#1543);
#1540 = PRODUCT_DEFINITION_FORMATION('','',#1541);
#1541 = PRODUCT('0012_hock_R','0012_hock_R','',(#1542));
#1542 = PRODUCT_CONTEXT('',#2,'mechanical');
#1543 = PRODUCT_DEFINITION_CONTEXT('part definition',#2,'design');
#1544 = ADVANCED_BREP_SHAPE_REPRESENTATION('',(#11,#1545),#1613);
#1545 = MANIFOLD_SOLID_BREP('',#1546);
#1546 = CLOSED_SHELL('',(#1547,#1609));
#1547 = ADVANCED_FACE('',(#1548),#1563,.T.);
#1548 = FACE_BOUND('',#1549,.T.);
#1549 = EDGE_LOOP('',(#1550,#1581,#1608));
#1550 = ORIENTED_EDGE('',*,*,#1551,.F.);
#1551 = EDGE_CURVE('',#1552,#1554,#1556,.T.);
#1552 = VERTEX_POINT('',#1553);
#1553 = CARTESIAN_POINT('',(58.,415.3,103.2));
#1554 = VERTEX_POINT('',#1555);
#1555 = CARTESIAN_POINT('',(52.,415.3,109.2));
#1556 = SEAM_CURVE('',#1557,(#1562,#1574),.PCURVE_S1.);
#1557 = CIRCLE('',#1558,6.);
#1558 = AXIS2_PLACEMENT_3D('',#1559,#1560,#1561);
#1559 = CARTESIAN_POINT('',(52.,415.3,103.2));
#1560 = DIRECTION('',(-2.449293598295E-16,-1.,0.));
#1561 = DIRECTION('',(1.,-2.449293598295E-16,0.));
#1562 = PCURVE('',#1563,#1568);
#1563 = SPHERICAL_SURFACE('',#1564,6.);
#1564 = AXIS2_PLACEMENT_3D('',#1565,#1566,#1567);
#1565 = CARTESIAN_POINT('',(52.,415.3,103.2));
#1566 = DIRECTION('',(0.,0.,1.));
#1567 = DIRECTION('',(1.,0.,-0.));
#1568 = DEFINITIONAL_REPRESENTATION('',(#1569),#1573);
#1569 = LINE('',#1570,#1571);
#1570 = CARTESIAN_POINT('',(6.28318530718,-6.28318530718));
#1571 = VECTOR('',#1572,1.);
#1572 = DIRECTION('',(0.,1.));
#1573 = ( GEOMETRIC_REPRESENTATION_CONTEXT(2) 
PARAMETRIC_REPRESENTATION_CONTEXT() REPRESENTATION_CONTEXT('2D SPACE',''
  ) );
#1574 = PCURVE('',#1563,#1575);
#1575 = DEFINITIONAL_REPRESENTATION('',(#1576),#1580);
#1576 = LINE('',#1577,#1578);
#1577 = CARTESIAN_POINT('',(0.,-6.28318530718));
#1578 = VECTOR('',#1579,1.);
#1579 = DIRECTION('',(0.,1.));
#1580 = ( GEOMETRIC_REPRESENTATION_CONTEXT(2) 
PARAMETRIC_REPRESENTATION_CONTEXT() REPRESENTATION_CONTEXT('2D SPACE',''
  ) );
#1581 = ORIENTED_EDGE('',*,*,#1582,.T.);
#1582 = EDGE_CURVE('',#1552,#1552,#1583,.T.);
#1583 = SURFACE_CURVE('',#1584,(#1589,#1596),.PCURVE_S1.);
#1584 = CIRCLE('',#1585,6.);
#1585 = AXIS2_PLACEMENT_3D('',#1586,#1587,#1588);
#1586 = CARTESIAN_POINT('',(52.,415.3,103.2));
#1587 = DIRECTION('',(0.,0.,1.));
#1588 = DIRECTION('',(1.,0.,-0.));
#1589 = PCURVE('',#1563,#1590);
#1590 = DEFINITIONAL_REPRESENTATION('',(#1591),#1595);
#1591 = LINE('',#1592,#1593);
#1592 = CARTESIAN_POINT('',(0.,0.));
#1593 = VECTOR('',#1594,1.);
#1594 = DIRECTION('',(1.,0.));
#1595 = ( GEOMETRIC_REPRESENTATION_CONTEXT(2) 
PARAMETRIC_REPRESENTATION_CONTEXT() REPRESENTATION_CONTEXT('2D SPACE',''
  ) );
#1596 = PCURVE('',#1597,#1602);
#1597 = PLANE('',#1598);
#1598 = AXIS2_PLACEMENT_3D('',#1599,#1600,#1601);
#1599 = CARTESIAN_POINT('',(52.,415.3,103.2));
#1600 = DIRECTION('',(0.,0.,1.));
#1601 = DIRECTION('',(1.,0.,-0.));
#1602 = DEFINITIONAL_REPRESENTATION('',(#1603),#1607);
#1603 = CIRCLE('',#1604,6.);
#1604 = AXIS2_PLACEMENT_2D('',#1605,#1606);
#1605 = CARTESIAN_POINT('',(0.,0.));
#1606 = DIRECTION('',(1.,0.));
#1607 = ( GEOMETRIC_REPRESENTATION_CONTEXT(2) 
PARAMETRIC_REPRESENTATION_CONTEXT() REPRESENTATION_CONTEXT('2D SPACE',''
  ) );
#1608 = ORIENTED_EDGE('',*,*,#1551,.T.);
#1609 = ADVANCED_FACE('',(#1610),#1597,.F.);
#1610 = FACE_BOUND('',#1611,.T.);
#1611 = EDGE_LOOP('',(#1612));
#1612 = ORIENTED_EDGE('',*,*,#1582,.F.);
#1613 = ( GEOMETRIC_REPRESENTATION_CONTEXT(3) 
GLOBAL_UNCERTAINTY_ASSIGNED_CONTEXT((#1617)) 
GLOBAL_UNIT_ASSIGNED_CONTEXT((#1614,#1615,#1616)) REPRESENTATION_CONTEXT
('Context #1','3D Context with UNIT and UNCERTAINTY') );
#1614 = ( LENGTH_UNIT() NAMED_UNIT(*) SI_UNIT(.MILLI.,.METRE.) );
#1615 = ( NAMED_UNIT(*) PLANE_ANGLE_UNIT() SI_UNIT($,.RADIAN.) );
#1616 = ( NAMED_UNIT(*) SI_UNIT($,.STERADIAN.) SOLID_ANGLE_UNIT() );
#1617 = UNCERTAINTY_MEASURE_WITH_UNIT(LENGTH_MEASURE(1.E-07),#1614,
  'distance_accuracy_value','confusion accuracy');
#1618 = CONTEXT_DEPENDENT_SHAPE_REPRESENTATION(#1619,#1621);
#1619 = ( REPRESENTATION_RELATIONSHIP('','',#1544,#10) 
REPRESENTATION_RELATIONSHIP_WITH_TRANSFORMATION(#1620) 
SHAPE_REPRESENTATION_RELATIONSHIP() );
#1620 = ITEM_DEFINED_TRANSFORMATION('','',#11,#63);
#1621 = PRODUCT_DEFINITION_SHAPE('Placement','Placement of an item',
  #1622);
#1622 = NEXT_ASSEMBLY_USAGE_OCCURRENCE('13','0012_hock_R','',#5,#1539,$
  );
#1623 = PRODUCT_RELATED_PRODUCT_CATEGORY('part',$,(#1541));
#1624 = SHAPE_DEFINITION_REPRESENTATION(#1625,#1631);
#1625 = PRODUCT_DEFINITION_SHAPE('','',#1626);
#1626 = PRODUCT_DEFINITION('design','',#1627,#1630);
#1627 = PRODUCT_DEFINITION_FORMATION('','',#1628);
#1628 = PRODUCT('0013_hock_L','0013_hock_L','',(#1629));
#1629 = PRODUCT_CONTEXT('',#2,'mechanical');
#1630 = PRODUCT_DEFINITION_CONTEXT('part definition',#2,'design');
#1631 = ADVANCED_BREP_SHAPE_REPRESENTATION('',(#11,#1632),#1700);
#1632 = MANIFOLD_SOLID_BREP('',#1633);
#1633 = CLOSED_SHELL('',(#1634,#1696));
#1634 = ADVANCED_FACE('',(#1635),#1650,.T.);
#1635 = FACE_BOUND('',#1636,.T.);
#1636 = EDGE_LOOP('',(#1637,#1668,#1695));
#1637 = ORIENTED_EDGE('',*,*,#1638,.F.);
#1638 = EDGE_CURVE('',#1639,#1641,#1643,.T.);
#1639 = VERTEX_POINT('',#1640);
#1640 = CARTESIAN_POINT('',(-46.,415.3,103.2));
#1641 = VERTEX_POINT('',#1642);
#1642 = CARTESIAN_POINT('',(-52.,415.3,109.2));
#1643 = SEAM_CURVE('',#1644,(#1649,#1661),.PCURVE_S1.);
#1644 = CIRCLE('',#1645,6.);
#1645 = AXIS2_PLACEMENT_3D('',#1646,#1647,#1648);
#1646 = CARTESIAN_POINT('',(-52.,415.3,103.2));
#1647 = DIRECTION('',(-2.449293598295E-16,-1.,0.));
#1648 = DIRECTION('',(1.,-2.449293598295E-16,0.));
#1649 = PCURVE('',#1650,#1655);
#1650 = SPHERICAL_SURFACE('',#1651,6.);
#1651 = AXIS2_PLACEMENT_3D('',#1652,#1653,#1654);
#1652 = CARTESIAN_POINT('',(-52.,415.3,103.2));
#1653 = DIRECTION('',(0.,0.,1.));
#1654 = DIRECTION('',(1.,0.,-0.));
#1655 = DEFINITIONAL_REPRESENTATION('',(#1656),#1660);
#1656 = LINE('',#1657,#1658);
#1657 = CARTESIAN_POINT('',(6.28318530718,-6.28318530718));
#1658 = VECTOR('',#1659,1.);
#1659 = DIRECTION('',(0.,1.));
#1660 = ( GEOMETRIC_REPRESENTATION_CONTEXT(2) 
PARAMETRIC_REPRESENTATION_CONTEXT() REPRESENTATION_CONTEXT('2D SPACE',''
  ) );
#1661 = PCURVE('',#1650,#1662);
#1662 = DEFINITIONAL_REPRESENTATION('',(#1663),#1667);
#1663 = LINE('',#1664,#1665);
#1664 = CARTESIAN_POINT('',(0.,-6.28318530718));
#1665 = VECTOR('',#1666,1.);
#1666 = DIRECTION('',(0.,1.));
#1667 = ( GEOMETRIC_REPRESENTATION_CONTEXT(2) 
PARAMETRIC_REPRESENTATION_CONTEXT() REPRESENTATION_CONTEXT('2D SPACE',''
  ) );
#1668 = ORIENTED_EDGE('',*,*,#1669,.T.);
#1669 = EDGE_CURVE('',#1639,#1639,#1670,.T.);
#1670 = SURFACE_CURVE('',#1671,(#1676,#1683),.PCURVE_S1.);
#1671 = CIRCLE('',#1672,6.);
#1672 = AXIS2_PLACEMENT_3D('',#1673,#1674,#1675);
#1673 = CARTESIAN_POINT('',(-52.,415.3,103.2));
#1674 = DIRECTION('',(0.,0.,1.));
#1675 = DIRECTION('',(1.,0.,-0.));
#1676 = PCURVE('',#1650,#1677);
#1677 = DEFINITIONAL_REPRESENTATION('',(#1678),#1682);
#1678 = LINE('',#1679,#1680);
#1679 = CARTESIAN_POINT('',(0.,0.));
#1680 = VECTOR('',#1681,1.);
#1681 = DIRECTION('',(1.,0.));
#1682 = ( GEOMETRIC_REPRESENTATION_CONTEXT(2) 
PARAMETRIC_REPRESENTATION_CONTEXT() REPRESENTATION_CONTEXT('2D SPACE',''
  ) );
#1683 = PCURVE('',#1684,#1689);
#1684 = PLANE('',#1685);
#1685 = AXIS2_PLACEMENT_3D('',#1686,#1687,#1688);
#1686 = CARTESIAN_POINT('',(-52.,415.3,103.2));
#1687 = DIRECTION('',(0.,0.,1.));
#1688 = DIRECTION('',(1.,0.,-0.));
#1689 = DEFINITIONAL_REPRESENTATION('',(#1690),#1694);
#1690 = CIRCLE('',#1691,6.);
#1691 = AXIS2_PLACEMENT_2D('',#1692,#1693);
#1692 = CARTESIAN_POINT('',(0.,0.));
#1693 = DIRECTION('',(1.,0.));
#1694 = ( GEOMETRIC_REPRESENTATION_CONTEXT(2) 
PARAMETRIC_REPRESENTATION_CONTEXT() REPRESENTATION_CONTEXT('2D SPACE',''
  ) );
#1695 = ORIENTED_EDGE('',*,*,#1638,.T.);
#1696 = ADVANCED_FACE('',(#1697),#1684,.F.);
#1697 = FACE_BOUND('',#1698,.T.);
#1698 = EDGE_LOOP('',(#1699));
#1699 = ORIENTED_EDGE('',*,*,#1669,.F.);
#1700 = ( GEOMETRIC_REPRESENTATION_CONTEXT(3) 
GLOBAL_UNCERTAINTY_ASSIGNED_CONTEXT((#1704)) 
GLOBAL_UNIT_ASSIGNED_CONTEXT((#1701,#1702,#1703)) REPRESENTATION_CONTEXT
('Context #1','3D Context with UNIT and UNCERTAINTY') );
#1701 = ( LENGTH_UNIT() NAMED_UNIT(*) SI_UNIT(.MILLI.,.METRE.) );
#1702 = ( NAMED_UNIT(*) PLANE_ANGLE_UNIT() SI_UNIT($,.RADIAN.) );
#1703 = ( NAMED_UNIT(*) SI_UNIT($,.STERADIAN.) SOLID_ANGLE_UNIT() );
#1704 = UNCERTAINTY_MEASURE_WITH_UNIT(LENGTH_MEASURE(1.E-07),#1701,
  'distance_accuracy_value','confusion accuracy');
#1705 = CONTEXT_DEPENDENT_SHAPE_REPRESENTATION(#1706,#1708);
#1706 = ( REPRESENTATION_RELATIONSHIP('','',#1631,#10) 
REPRESENTATION_RELATIONSHIP_WITH_TRANSFORMATION(#1707) 
SHAPE_REPRESENTATION_RELATIONSHIP() );
#1707 = ITEM_DEFINED_TRANSFORMATION('','',#11,#67);
#1708 = PRODUCT_DEFINITION_SHAPE('Placement','Placement of an item',
  #1709);
#1709 = NEXT_ASSEMBLY_USAGE_OCCURRENCE('14','0013_hock_L','',#5,#1626,$
  );
#1710 = PRODUCT_RELATED_PRODUCT_CATEGORY('part',$,(#1628));
#1711 = SHAPE_DEFINITION_REPRESENTATION(#1712,#1718);
#1712 = PRODUCT_DEFINITION_SHAPE('','',#1713);
#1713 = PRODUCT_DEFINITION('design','',#1714,#1717);
#1714 = PRODUCT_DEFINITION_FORMATION('','',#1715);
#1715 = PRODUCT('0014_hfoot_R','0014_hfoot_R','',(#1716));
#1716 = PRODUCT_CONTEXT('',#2,'mechanical');
#1717 = PRODUCT_DEFINITION_CONTEXT('part definition',#2,'design');
#1718 = ADVANCED_BREP_SHAPE_REPRESENTATION('',(#11,#1719),#1787);
#1719 = MANIFOLD_SOLID_BREP('',#1720);
#1720 = CLOSED_SHELL('',(#1721,#1783));
#1721 = ADVANCED_FACE('',(#1722),#1737,.T.);
#1722 = FACE_BOUND('',#1723,.T.);
#1723 = EDGE_LOOP('',(#1724,#1755,#1782));
#1724 = ORIENTED_EDGE('',*,*,#1725,.F.);
#1725 = EDGE_CURVE('',#1726,#1728,#1730,.T.);
#1726 = VERTEX_POINT('',#1727);
#1727 = CARTESIAN_POINT('',(56.,418.6,5.7));
#1728 = VERTEX_POINT('',#1729);
#1729 = CARTESIAN_POINT('',(52.,418.6,9.7));
#1730 = SEAM_CURVE('',#1731,(#1736,#1748),.PCURVE_S1.);
#1731 = CIRCLE('',#1732,4.);
#1732 = AXIS2_PLACEMENT_3D('',#1733,#1734,#1735);
#1733 = CARTESIAN_POINT('',(52.,418.6,5.7));
#1734 = DIRECTION('',(-2.449293598295E-16,-1.,0.));
#1735 = DIRECTION('',(1.,-2.449293598295E-16,0.));
#1736 = PCURVE('',#1737,#1742);
#1737 = SPHERICAL_SURFACE('',#1738,4.);
#1738 = AXIS2_PLACEMENT_3D('',#1739,#1740,#1741);
#1739 = CARTESIAN_POINT('',(52.,418.6,5.7));
#1740 = DIRECTION('',(0.,0.,1.));
#1741 = DIRECTION('',(1.,0.,-0.));
#1742 = DEFINITIONAL_REPRESENTATION('',(#1743),#1747);
#1743 = LINE('',#1744,#1745);
#1744 = CARTESIAN_POINT('',(6.28318530718,-6.28318530718));
#1745 = VECTOR('',#1746,1.);
#1746 = DIRECTION('',(0.,1.));
#1747 = ( GEOMETRIC_REPRESENTATION_CONTEXT(2) 
PARAMETRIC_REPRESENTATION_CONTEXT() REPRESENTATION_CONTEXT('2D SPACE',''
  ) );
#1748 = PCURVE('',#1737,#1749);
#1749 = DEFINITIONAL_REPRESENTATION('',(#1750),#1754);
#1750 = LINE('',#1751,#1752);
#1751 = CARTESIAN_POINT('',(0.,-6.28318530718));
#1752 = VECTOR('',#1753,1.);
#1753 = DIRECTION('',(0.,1.));
#1754 = ( GEOMETRIC_REPRESENTATION_CONTEXT(2) 
PARAMETRIC_REPRESENTATION_CONTEXT() REPRESENTATION_CONTEXT('2D SPACE',''
  ) );
#1755 = ORIENTED_EDGE('',*,*,#1756,.T.);
#1756 = EDGE_CURVE('',#1726,#1726,#1757,.T.);
#1757 = SURFACE_CURVE('',#1758,(#1763,#1770),.PCURVE_S1.);
#1758 = CIRCLE('',#1759,4.);
#1759 = AXIS2_PLACEMENT_3D('',#1760,#1761,#1762);
#1760 = CARTESIAN_POINT('',(52.,418.6,5.7));
#1761 = DIRECTION('',(0.,0.,1.));
#1762 = DIRECTION('',(1.,0.,-0.));
#1763 = PCURVE('',#1737,#1764);
#1764 = DEFINITIONAL_REPRESENTATION('',(#1765),#1769);
#1765 = LINE('',#1766,#1767);
#1766 = CARTESIAN_POINT('',(0.,0.));
#1767 = VECTOR('',#1768,1.);
#1768 = DIRECTION('',(1.,0.));
#1769 = ( GEOMETRIC_REPRESENTATION_CONTEXT(2) 
PARAMETRIC_REPRESENTATION_CONTEXT() REPRESENTATION_CONTEXT('2D SPACE',''
  ) );
#1770 = PCURVE('',#1771,#1776);
#1771 = PLANE('',#1772);
#1772 = AXIS2_PLACEMENT_3D('',#1773,#1774,#1775);
#1773 = CARTESIAN_POINT('',(52.,418.6,5.7));
#1774 = DIRECTION('',(0.,0.,1.));
#1775 = DIRECTION('',(1.,0.,-0.));
#1776 = DEFINITIONAL_REPRESENTATION('',(#1777),#1781);
#1777 = CIRCLE('',#1778,4.);
#1778 = AXIS2_PLACEMENT_2D('',#1779,#1780);
#1779 = CARTESIAN_POINT('',(0.,0.));
#1780 = DIRECTION('',(1.,0.));
#1781 = ( GEOMETRIC_REPRESENTATION_CONTEXT(2) 
PARAMETRIC_REPRESENTATION_CONTEXT() REPRESENTATION_CONTEXT('2D SPACE',''
  ) );
#1782 = ORIENTED_EDGE('',*,*,#1725,.T.);
#1783 = ADVANCED_FACE('',(#1784),#1771,.F.);
#1784 = FACE_BOUND('',#1785,.T.);
#1785 = EDGE_LOOP('',(#1786));
#1786 = ORIENTED_EDGE('',*,*,#1756,.F.);
#1787 = ( GEOMETRIC_REPRESENTATION_CONTEXT(3) 
GLOBAL_UNCERTAINTY_ASSIGNED_CONTEXT((#1791)) 
GLOBAL_UNIT_ASSIGNED_CONTEXT((#1788,#1789,#1790)) REPRESENTATION_CONTEXT
('Context #1','3D Context with UNIT and UNCERTAINTY') );
#1788 = ( LENGTH_UNIT() NAMED_UNIT(*) SI_UNIT(.MILLI.,.METRE.) );
#1789 = ( NAMED_UNIT(*) PLANE_ANGLE_UNIT() SI_UNIT($,.RADIAN.) );
#1790 = ( NAMED_UNIT(*) SI_UNIT($,.STERADIAN.) SOLID_ANGLE_UNIT() );
#1791 = UNCERTAINTY_MEASURE_WITH_UNIT(LENGTH_MEASURE(1.E-07),#1788,
  'distance_accuracy_value','confusion accuracy');
#1792 = CONTEXT_DEPENDENT_SHAPE_REPRESENTATION(#1793,#1795);
#1793 = ( REPRESENTATION_RELATIONSHIP('','',#1718,#10) 
REPRESENTATION_RELATIONSHIP_WITH_TRANSFORMATION(#1794) 
SHAPE_REPRESENTATION_RELATIONSHIP() );
#1794 = ITEM_DEFINED_TRANSFORMATION('','',#11,#71);
#1795 = PRODUCT_DEFINITION_SHAPE('Placement','Placement of an item',
  #1796);
#1796 = NEXT_ASSEMBLY_USAGE_OCCURRENCE('15','0014_hfoot_R','',#5,#1713,$
  );
#1797 = PRODUCT_RELATED_PRODUCT_CATEGORY('part',$,(#1715));
#1798 = SHAPE_DEFINITION_REPRESENTATION(#1799,#1805);
#1799 = PRODUCT_DEFINITION_SHAPE('','',#1800);
#1800 = PRODUCT_DEFINITION('design','',#1801,#1804);
#1801 = PRODUCT_DEFINITION_FORMATION('','',#1802);
#1802 = PRODUCT('0015_hfoot_L','0015_hfoot_L','',(#1803));
#1803 = PRODUCT_CONTEXT('',#2,'mechanical');
#1804 = PRODUCT_DEFINITION_CONTEXT('part definition',#2,'design');
#1805 = ADVANCED_BREP_SHAPE_REPRESENTATION('',(#11,#1806),#1874);
#1806 = MANIFOLD_SOLID_BREP('',#1807);
#1807 = CLOSED_SHELL('',(#1808,#1870));
#1808 = ADVANCED_FACE('',(#1809),#1824,.T.);
#1809 = FACE_BOUND('',#1810,.T.);
#1810 = EDGE_LOOP('',(#1811,#1842,#1869));
#1811 = ORIENTED_EDGE('',*,*,#1812,.F.);
#1812 = EDGE_CURVE('',#1813,#1815,#1817,.T.);
#1813 = VERTEX_POINT('',#1814);
#1814 = CARTESIAN_POINT('',(-48.,418.6,5.7));
#1815 = VERTEX_POINT('',#1816);
#1816 = CARTESIAN_POINT('',(-52.,418.6,9.7));
#1817 = SEAM_CURVE('',#1818,(#1823,#1835),.PCURVE_S1.);
#1818 = CIRCLE('',#1819,4.);
#1819 = AXIS2_PLACEMENT_3D('',#1820,#1821,#1822);
#1820 = CARTESIAN_POINT('',(-52.,418.6,5.7));
#1821 = DIRECTION('',(-2.449293598295E-16,-1.,0.));
#1822 = DIRECTION('',(1.,-2.449293598295E-16,0.));
#1823 = PCURVE('',#1824,#1829);
#1824 = SPHERICAL_SURFACE('',#1825,4.);
#1825 = AXIS2_PLACEMENT_3D('',#1826,#1827,#1828);
#1826 = CARTESIAN_POINT('',(-52.,418.6,5.7));
#1827 = DIRECTION('',(0.,0.,1.));
#1828 = DIRECTION('',(1.,0.,-0.));
#1829 = DEFINITIONAL_REPRESENTATION('',(#1830),#1834);
#1830 = LINE('',#1831,#1832);
#1831 = CARTESIAN_POINT('',(6.28318530718,-6.28318530718));
#1832 = VECTOR('',#1833,1.);
#1833 = DIRECTION('',(0.,1.));
#1834 = ( GEOMETRIC_REPRESENTATION_CONTEXT(2) 
PARAMETRIC_REPRESENTATION_CONTEXT() REPRESENTATION_CONTEXT('2D SPACE',''
  ) );
#1835 = PCURVE('',#1824,#1836);
#1836 = DEFINITIONAL_REPRESENTATION('',(#1837),#1841);
#1837 = LINE('',#1838,#1839);
#1838 = CARTESIAN_POINT('',(0.,-6.28318530718));
#1839 = VECTOR('',#1840,1.);
#1840 = DIRECTION('',(0.,1.));
#1841 = ( GEOMETRIC_REPRESENTATION_CONTEXT(2) 
PARAMETRIC_REPRESENTATION_CONTEXT() REPRESENTATION_CONTEXT('2D SPACE',''
  ) );
#1842 = ORIENTED_EDGE('',*,*,#1843,.T.);
#1843 = EDGE_CURVE('',#1813,#1813,#1844,.T.);
#1844 = SURFACE_CURVE('',#1845,(#1850,#1857),.PCURVE_S1.);
#1845 = CIRCLE('',#1846,4.);
#1846 = AXIS2_PLACEMENT_3D('',#1847,#1848,#1849);
#1847 = CARTESIAN_POINT('',(-52.,418.6,5.7));
#1848 = DIRECTION('',(0.,0.,1.));
#1849 = DIRECTION('',(1.,0.,-0.));
#1850 = PCURVE('',#1824,#1851);
#1851 = DEFINITIONAL_REPRESENTATION('',(#1852),#1856);
#1852 = LINE('',#1853,#1854);
#1853 = CARTESIAN_POINT('',(0.,0.));
#1854 = VECTOR('',#1855,1.);
#1855 = DIRECTION('',(1.,0.));
#1856 = ( GEOMETRIC_REPRESENTATION_CONTEXT(2) 
PARAMETRIC_REPRESENTATION_CONTEXT() REPRESENTATION_CONTEXT('2D SPACE',''
  ) );
#1857 = PCURVE('',#1858,#1863);
#1858 = PLANE('',#1859);
#1859 = AXIS2_PLACEMENT_3D('',#1860,#1861,#1862);
#1860 = CARTESIAN_POINT('',(-52.,418.6,5.7));
#1861 = DIRECTION('',(0.,0.,1.));
#1862 = DIRECTION('',(1.,0.,-0.));
#1863 = DEFINITIONAL_REPRESENTATION('',(#1864),#1868);
#1864 = CIRCLE('',#1865,4.);
#1865 = AXIS2_PLACEMENT_2D('',#1866,#1867);
#1866 = CARTESIAN_POINT('',(0.,0.));
#1867 = DIRECTION('',(1.,0.));
#1868 = ( GEOMETRIC_REPRESENTATION_CONTEXT(2) 
PARAMETRIC_REPRESENTATION_CONTEXT() REPRESENTATION_CONTEXT('2D SPACE',''
  ) );
#1869 = ORIENTED_EDGE('',*,*,#1812,.T.);
#1870 = ADVANCED_FACE('',(#1871),#1858,.F.);
#1871 = FACE_BOUND('',#1872,.T.);
#1872 = EDGE_LOOP('',(#1873));
#1873 = ORIENTED_EDGE('',*,*,#1843,.F.);
#1874 = ( GEOMETRIC_REPRESENTATION_CONTEXT(3) 
GLOBAL_UNCERTAINTY_ASSIGNED_CONTEXT((#1878)) 
GLOBAL_UNIT_ASSIGNED_CONTEXT((#1875,#1876,#1877)) REPRESENTATION_CONTEXT
('Context #1','3D Context with UNIT and UNCERTAINTY') );
#1875 = ( LENGTH_UNIT() NAMED_UNIT(*) SI_UNIT(.MILLI.,.METRE.) );
#1876 = ( NAMED_UNIT(*) PLANE_ANGLE_UNIT() SI_UNIT($,.RADIAN.) );
#1877 = ( NAMED_UNIT(*) SI_UNIT($,.STERADIAN.) SOLID_ANGLE_UNIT() );
#1878 = UNCERTAINTY_MEASURE_WITH_UNIT(LENGTH_MEASURE(1.E-07),#1875,
  'distance_accuracy_value','confusion accuracy');
#1879 = CONTEXT_DEPENDENT_SHAPE_REPRESENTATION(#1880,#1882);
#1880 = ( REPRESENTATION_RELATIONSHIP('','',#1805,#10) 
REPRESENTATION_RELATIONSHIP_WITH_TRANSFORMATION(#1881) 
SHAPE_REPRESENTATION_RELATIONSHIP() );
#1881 = ITEM_DEFINED_TRANSFORMATION('','',#11,#75);
#1882 = PRODUCT_DEFINITION_SHAPE('Placement','Placement of an item',
  #1883);
#1883 = NEXT_ASSEMBLY_USAGE_OCCURRENCE('16','0015_hfoot_L','',#5,#1800,$
  );
#1884 = PRODUCT_RELATED_PRODUCT_CATEGORY('part',$,(#1802));
#1885 = SHAPE_DEFINITION_REPRESENTATION(#1886,#1892);
#1886 = PRODUCT_DEFINITION_SHAPE('','',#1887);
#1887 = PRODUCT_DEFINITION('design','',#1888,#1891);
#1888 = PRODUCT_DEFINITION_FORMATION('','',#1889);
#1889 = PRODUCT('0016_spine_aft_pivot','0016_spine_aft_pivot','',(#1890)
  );
#1890 = PRODUCT_CONTEXT('',#2,'mechanical');
#1891 = PRODUCT_DEFINITION_CONTEXT('part definition',#2,'design');
#1892 = ADVANCED_BREP_SHAPE_REPRESENTATION('',(#11,#1893),#1961);
#1893 = MANIFOLD_SOLID_BREP('',#1894);
#1894 = CLOSED_SHELL('',(#1895,#1957));
#1895 = ADVANCED_FACE('',(#1896),#1911,.T.);
#1896 = FACE_BOUND('',#1897,.T.);
#1897 = EDGE_LOOP('',(#1898,#1929,#1956));
#1898 = ORIENTED_EDGE('',*,*,#1899,.F.);
#1899 = EDGE_CURVE('',#1900,#1902,#1904,.T.);
#1900 = VERTEX_POINT('',#1901);
#1901 = CARTESIAN_POINT('',(8.,293.33,329.03));
#1902 = VERTEX_POINT('',#1903);
#1903 = CARTESIAN_POINT('',(4.898587196589E-16,293.33,337.03));
#1904 = SEAM_CURVE('',#1905,(#1910,#1922),.PCURVE_S1.);
#1905 = CIRCLE('',#1906,8.);
#1906 = AXIS2_PLACEMENT_3D('',#1907,#1908,#1909);
#1907 = CARTESIAN_POINT('',(0.,293.33,329.03));
#1908 = DIRECTION('',(-2.449293598295E-16,-1.,0.));
#1909 = DIRECTION('',(1.,-2.449293598295E-16,0.));
#1910 = PCURVE('',#1911,#1916);
#1911 = SPHERICAL_SURFACE('',#1912,8.);
#1912 = AXIS2_PLACEMENT_3D('',#1913,#1914,#1915);
#1913 = CARTESIAN_POINT('',(0.,293.33,329.03));
#1914 = DIRECTION('',(0.,0.,1.));
#1915 = DIRECTION('',(1.,0.,-0.));
#1916 = DEFINITIONAL_REPRESENTATION('',(#1917),#1921);
#1917 = LINE('',#1918,#1919);
#1918 = CARTESIAN_POINT('',(6.28318530718,-6.28318530718));
#1919 = VECTOR('',#1920,1.);
#1920 = DIRECTION('',(0.,1.));
#1921 = ( GEOMETRIC_REPRESENTATION_CONTEXT(2) 
PARAMETRIC_REPRESENTATION_CONTEXT() REPRESENTATION_CONTEXT('2D SPACE',''
  ) );
#1922 = PCURVE('',#1911,#1923);
#1923 = DEFINITIONAL_REPRESENTATION('',(#1924),#1928);
#1924 = LINE('',#1925,#1926);
#1925 = CARTESIAN_POINT('',(0.,-6.28318530718));
#1926 = VECTOR('',#1927,1.);
#1927 = DIRECTION('',(0.,1.));
#1928 = ( GEOMETRIC_REPRESENTATION_CONTEXT(2) 
PARAMETRIC_REPRESENTATION_CONTEXT() REPRESENTATION_CONTEXT('2D SPACE',''
  ) );
#1929 = ORIENTED_EDGE('',*,*,#1930,.T.);
#1930 = EDGE_CURVE('',#1900,#1900,#1931,.T.);
#1931 = SURFACE_CURVE('',#1932,(#1937,#1944),.PCURVE_S1.);
#1932 = CIRCLE('',#1933,8.);
#1933 = AXIS2_PLACEMENT_3D('',#1934,#1935,#1936);
#1934 = CARTESIAN_POINT('',(0.,293.33,329.03));
#1935 = DIRECTION('',(0.,0.,1.));
#1936 = DIRECTION('',(1.,0.,-0.));
#1937 = PCURVE('',#1911,#1938);
#1938 = DEFINITIONAL_REPRESENTATION('',(#1939),#1943);
#1939 = LINE('',#1940,#1941);
#1940 = CARTESIAN_POINT('',(0.,0.));
#1941 = VECTOR('',#1942,1.);
#1942 = DIRECTION('',(1.,0.));
#1943 = ( GEOMETRIC_REPRESENTATION_CONTEXT(2) 
PARAMETRIC_REPRESENTATION_CONTEXT() REPRESENTATION_CONTEXT('2D SPACE',''
  ) );
#1944 = PCURVE('',#1945,#1950);
#1945 = PLANE('',#1946);
#1946 = AXIS2_PLACEMENT_3D('',#1947,#1948,#1949);
#1947 = CARTESIAN_POINT('',(0.,293.33,329.03));
#1948 = DIRECTION('',(0.,0.,1.));
#1949 = DIRECTION('',(1.,0.,-0.));
#1950 = DEFINITIONAL_REPRESENTATION('',(#1951),#1955);
#1951 = CIRCLE('',#1952,8.);
#1952 = AXIS2_PLACEMENT_2D('',#1953,#1954);
#1953 = CARTESIAN_POINT('',(0.,0.));
#1954 = DIRECTION('',(1.,0.));
#1955 = ( GEOMETRIC_REPRESENTATION_CONTEXT(2) 
PARAMETRIC_REPRESENTATION_CONTEXT() REPRESENTATION_CONTEXT('2D SPACE',''
  ) );
#1956 = ORIENTED_EDGE('',*,*,#1899,.T.);
#1957 = ADVANCED_FACE('',(#1958),#1945,.F.);
#1958 = FACE_BOUND('',#1959,.T.);
#1959 = EDGE_LOOP('',(#1960));
#1960 = ORIENTED_EDGE('',*,*,#1930,.F.);
#1961 = ( GEOMETRIC_REPRESENTATION_CONTEXT(3) 
GLOBAL_UNCERTAINTY_ASSIGNED_CONTEXT((#1965)) 
GLOBAL_UNIT_ASSIGNED_CONTEXT((#1962,#1963,#1964)) REPRESENTATION_CONTEXT
('Context #1','3D Context with UNIT and UNCERTAINTY') );
#1962 = ( LENGTH_UNIT() NAMED_UNIT(*) SI_UNIT(.MILLI.,.METRE.) );
#1963 = ( NAMED_UNIT(*) PLANE_ANGLE_UNIT() SI_UNIT($,.RADIAN.) );
#1964 = ( NAMED_UNIT(*) SI_UNIT($,.STERADIAN.) SOLID_ANGLE_UNIT() );
#1965 = UNCERTAINTY_MEASURE_WITH_UNIT(LENGTH_MEASURE(1.E-07),#1962,
  'distance_accuracy_value','confusion accuracy');
#1966 = CONTEXT_DEPENDENT_SHAPE_REPRESENTATION(#1967,#1969);
#1967 = ( REPRESENTATION_RELATIONSHIP('','',#1892,#10) 
REPRESENTATION_RELATIONSHIP_WITH_TRANSFORMATION(#1968) 
SHAPE_REPRESENTATION_RELATIONSHIP() );
#1968 = ITEM_DEFINED_TRANSFORMATION('','',#11,#79);
#1969 = PRODUCT_DEFINITION_SHAPE('Placement','Placement of an item',
  #1970);
#1970 = NEXT_ASSEMBLY_USAGE_OCCURRENCE('17','0016_spine_aft_pivot','',#5
  ,#1887,$);
#1971 = PRODUCT_RELATED_PRODUCT_CATEGORY('part',$,(#1889));
#1972 = SHAPE_DEFINITION_REPRESENTATION(#1973,#1979);
#1973 = PRODUCT_DEFINITION_SHAPE('','',#1974);
#1974 = PRODUCT_DEFINITION('design','',#1975,#1978);
#1975 = PRODUCT_DEFINITION_FORMATION('','',#1976);
#1976 = PRODUCT('0017_spine_fwd_pivot','0017_spine_fwd_pivot','',(#1977)
  );
#1977 = PRODUCT_CONTEXT('',#2,'mechanical');
#1978 = PRODUCT_DEFINITION_CONTEXT('part definition',#2,'design');
#1979 = ADVANCED_BREP_SHAPE_REPRESENTATION('',(#11,#1980),#2048);
#1980 = MANIFOLD_SOLID_BREP('',#1981);
#1981 = CLOSED_SHELL('',(#1982,#2044));
#1982 = ADVANCED_FACE('',(#1983),#1998,.T.);
#1983 = FACE_BOUND('',#1984,.T.);
#1984 = EDGE_LOOP('',(#1985,#2016,#2043));
#1985 = ORIENTED_EDGE('',*,*,#1986,.F.);
#1986 = EDGE_CURVE('',#1987,#1989,#1991,.T.);
#1987 = VERTEX_POINT('',#1988);
#1988 = CARTESIAN_POINT('',(8.,133.33,309.17));
#1989 = VERTEX_POINT('',#1990);
#1990 = CARTESIAN_POINT('',(4.898587196589E-16,133.33,317.17));
#1991 = SEAM_CURVE('',#1992,(#1997,#2009),.PCURVE_S1.);
#1992 = CIRCLE('',#1993,8.);
#1993 = AXIS2_PLACEMENT_3D('',#1994,#1995,#1996);
#1994 = CARTESIAN_POINT('',(0.,133.33,309.17));
#1995 = DIRECTION('',(-2.449293598295E-16,-1.,0.));
#1996 = DIRECTION('',(1.,-2.449293598295E-16,0.));
#1997 = PCURVE('',#1998,#2003);
#1998 = SPHERICAL_SURFACE('',#1999,8.);
#1999 = AXIS2_PLACEMENT_3D('',#2000,#2001,#2002);
#2000 = CARTESIAN_POINT('',(0.,133.33,309.17));
#2001 = DIRECTION('',(0.,0.,1.));
#2002 = DIRECTION('',(1.,0.,-0.));
#2003 = DEFINITIONAL_REPRESENTATION('',(#2004),#2008);
#2004 = LINE('',#2005,#2006);
#2005 = CARTESIAN_POINT('',(6.28318530718,-6.28318530718));
#2006 = VECTOR('',#2007,1.);
#2007 = DIRECTION('',(0.,1.));
#2008 = ( GEOMETRIC_REPRESENTATION_CONTEXT(2) 
PARAMETRIC_REPRESENTATION_CONTEXT() REPRESENTATION_CONTEXT('2D SPACE',''
  ) );
#2009 = PCURVE('',#1998,#2010);
#2010 = DEFINITIONAL_REPRESENTATION('',(#2011),#2015);
#2011 = LINE('',#2012,#2013);
#2012 = CARTESIAN_POINT('',(0.,-6.28318530718));
#2013 = VECTOR('',#2014,1.);
#2014 = DIRECTION('',(0.,1.));
#2015 = ( GEOMETRIC_REPRESENTATION_CONTEXT(2) 
PARAMETRIC_REPRESENTATION_CONTEXT() REPRESENTATION_CONTEXT('2D SPACE',''
  ) );
#2016 = ORIENTED_EDGE('',*,*,#2017,.T.);
#2017 = EDGE_CURVE('',#1987,#1987,#2018,.T.);
#2018 = SURFACE_CURVE('',#2019,(#2024,#2031),.PCURVE_S1.);
#2019 = CIRCLE('',#2020,8.);
#2020 = AXIS2_PLACEMENT_3D('',#2021,#2022,#2023);
#2021 = CARTESIAN_POINT('',(0.,133.33,309.17));
#2022 = DIRECTION('',(0.,0.,1.));
#2023 = DIRECTION('',(1.,0.,-0.));
#2024 = PCURVE('',#1998,#2025);
#2025 = DEFINITIONAL_REPRESENTATION('',(#2026),#2030);
#2026 = LINE('',#2027,#2028);
#2027 = CARTESIAN_POINT('',(0.,0.));
#2028 = VECTOR('',#2029,1.);
#2029 = DIRECTION('',(1.,0.));
#2030 = ( GEOMETRIC_REPRESENTATION_CONTEXT(2) 
PARAMETRIC_REPRESENTATION_CONTEXT() REPRESENTATION_CONTEXT('2D SPACE',''
  ) );
#2031 = PCURVE('',#2032,#2037);
#2032 = PLANE('',#2033);
#2033 = AXIS2_PLACEMENT_3D('',#2034,#2035,#2036);
#2034 = CARTESIAN_POINT('',(0.,133.33,309.17));
#2035 = DIRECTION('',(0.,0.,1.));
#2036 = DIRECTION('',(1.,0.,-0.));
#2037 = DEFINITIONAL_REPRESENTATION('',(#2038),#2042);
#2038 = CIRCLE('',#2039,8.);
#2039 = AXIS2_PLACEMENT_2D('',#2040,#2041);
#2040 = CARTESIAN_POINT('',(0.,0.));
#2041 = DIRECTION('',(1.,0.));
#2042 = ( GEOMETRIC_REPRESENTATION_CONTEXT(2) 
PARAMETRIC_REPRESENTATION_CONTEXT() REPRESENTATION_CONTEXT('2D SPACE',''
  ) );
#2043 = ORIENTED_EDGE('',*,*,#1986,.T.);
#2044 = ADVANCED_FACE('',(#2045),#2032,.F.);
#2045 = FACE_BOUND('',#2046,.T.);
#2046 = EDGE_LOOP('',(#2047));
#2047 = ORIENTED_EDGE('',*,*,#2017,.F.);
#2048 = ( GEOMETRIC_REPRESENTATION_CONTEXT(3) 
GLOBAL_UNCERTAINTY_ASSIGNED_CONTEXT((#2052)) 
GLOBAL_UNIT_ASSIGNED_CONTEXT((#2049,#2050,#2051)) REPRESENTATION_CONTEXT
('Context #1','3D Context with UNIT and UNCERTAINTY') );
#2049 = ( LENGTH_UNIT() NAMED_UNIT(*) SI_UNIT(.MILLI.,.METRE.) );
#2050 = ( NAMED_UNIT(*) PLANE_ANGLE_UNIT() SI_UNIT($,.RADIAN.) );
#2051 = ( NAMED_UNIT(*) SI_UNIT($,.STERADIAN.) SOLID_ANGLE_UNIT() );
#2052 = UNCERTAINTY_MEASURE_WITH_UNIT(LENGTH_MEASURE(1.E-07),#2049,
  'distance_accuracy_value','confusion accuracy');
#2053 = CONTEXT_DEPENDENT_SHAPE_REPRESENTATION(#2054,#2056);
#2054 = ( REPRESENTATION_RELATIONSHIP('','',#1979,#10) 
REPRESENTATION_RELATIONSHIP_WITH_TRANSFORMATION(#2055) 
SHAPE_REPRESENTATION_RELATIONSHIP() );
#2055 = ITEM_DEFINED_TRANSFORMATION('','',#11,#83);
#2056 = PRODUCT_DEFINITION_SHAPE('Placement','Placement of an item',
  #2057);
#2057 = NEXT_ASSEMBLY_USAGE_OCCURRENCE('18','0017_spine_fwd_pivot','',#5
  ,#1974,$);
#2058 = PRODUCT_RELATED_PRODUCT_CATEGORY('part',$,(#1976));
#2059 = SHAPE_DEFINITION_REPRESENTATION(#2060,#2066);
#2060 = PRODUCT_DEFINITION_SHAPE('','',#2061);
#2061 = PRODUCT_DEFINITION('design','',#2062,#2065);
#2062 = PRODUCT_DEFINITION_FORMATION('','',#2063);
#2063 = PRODUCT('0018_rear_spine_clevis','0018_rear_spine_clevis','',(
    #2064));
#2064 = PRODUCT_CONTEXT('',#2,'mechanical');
#2065 = PRODUCT_DEFINITION_CONTEXT('part definition',#2,'design');
#2066 = ADVANCED_BREP_SHAPE_REPRESENTATION('',(#11,#2067),#2135);
#2067 = MANIFOLD_SOLID_BREP('',#2068);
#2068 = CLOSED_SHELL('',(#2069,#2131));
#2069 = ADVANCED_FACE('',(#2070),#2085,.T.);
#2070 = FACE_BOUND('',#2071,.T.);
#2071 = EDGE_LOOP('',(#2072,#2103,#2130));
#2072 = ORIENTED_EDGE('',*,*,#2073,.F.);
#2073 = EDGE_CURVE('',#2074,#2076,#2078,.T.);
#2074 = VERTEX_POINT('',#2075);
#2075 = CARTESIAN_POINT('',(9.5,293.33,329.03));
#2076 = VERTEX_POINT('',#2077);
#2077 = CARTESIAN_POINT('',(5.81707229595E-16,293.33,338.53));
#2078 = SEAM_CURVE('',#2079,(#2084,#2096),.PCURVE_S1.);
#2079 = CIRCLE('',#2080,9.5);
#2080 = AXIS2_PLACEMENT_3D('',#2081,#2082,#2083);
#2081 = CARTESIAN_POINT('',(0.,293.33,329.03));
#2082 = DIRECTION('',(-2.449293598295E-16,-1.,0.));
#2083 = DIRECTION('',(1.,-2.449293598295E-16,0.));
#2084 = PCURVE('',#2085,#2090);
#2085 = SPHERICAL_SURFACE('',#2086,9.5);
#2086 = AXIS2_PLACEMENT_3D('',#2087,#2088,#2089);
#2087 = CARTESIAN_POINT('',(0.,293.33,329.03));
#2088 = DIRECTION('',(0.,0.,1.));
#2089 = DIRECTION('',(1.,0.,-0.));
#2090 = DEFINITIONAL_REPRESENTATION('',(#2091),#2095);
#2091 = LINE('',#2092,#2093);
#2092 = CARTESIAN_POINT('',(6.28318530718,-6.28318530718));
#2093 = VECTOR('',#2094,1.);
#2094 = DIRECTION('',(0.,1.));
#2095 = ( GEOMETRIC_REPRESENTATION_CONTEXT(2) 
PARAMETRIC_REPRESENTATION_CONTEXT() REPRESENTATION_CONTEXT('2D SPACE',''
  ) );
#2096 = PCURVE('',#2085,#2097);
#2097 = DEFINITIONAL_REPRESENTATION('',(#2098),#2102);
#2098 = LINE('',#2099,#2100);
#2099 = CARTESIAN_POINT('',(0.,-6.28318530718));
#2100 = VECTOR('',#2101,1.);
#2101 = DIRECTION('',(0.,1.));
#2102 = ( GEOMETRIC_REPRESENTATION_CONTEXT(2) 
PARAMETRIC_REPRESENTATION_CONTEXT() REPRESENTATION_CONTEXT('2D SPACE',''
  ) );
#2103 = ORIENTED_EDGE('',*,*,#2104,.T.);
#2104 = EDGE_CURVE('',#2074,#2074,#2105,.T.);
#2105 = SURFACE_CURVE('',#2106,(#2111,#2118),.PCURVE_S1.);
#2106 = CIRCLE('',#2107,9.5);
#2107 = AXIS2_PLACEMENT_3D('',#2108,#2109,#2110);
#2108 = CARTESIAN_POINT('',(0.,293.33,329.03));
#2109 = DIRECTION('',(0.,0.,1.));
#2110 = DIRECTION('',(1.,0.,-0.));
#2111 = PCURVE('',#2085,#2112);
#2112 = DEFINITIONAL_REPRESENTATION('',(#2113),#2117);
#2113 = LINE('',#2114,#2115);
#2114 = CARTESIAN_POINT('',(0.,0.));
#2115 = VECTOR('',#2116,1.);
#2116 = DIRECTION('',(1.,0.));
#2117 = ( GEOMETRIC_REPRESENTATION_CONTEXT(2) 
PARAMETRIC_REPRESENTATION_CONTEXT() REPRESENTATION_CONTEXT('2D SPACE',''
  ) );
#2118 = PCURVE('',#2119,#2124);
#2119 = PLANE('',#2120);
#2120 = AXIS2_PLACEMENT_3D('',#2121,#2122,#2123);
#2121 = CARTESIAN_POINT('',(0.,293.33,329.03));
#2122 = DIRECTION('',(0.,0.,1.));
#2123 = DIRECTION('',(1.,0.,-0.));
#2124 = DEFINITIONAL_REPRESENTATION('',(#2125),#2129);
#2125 = CIRCLE('',#2126,9.5);
#2126 = AXIS2_PLACEMENT_2D('',#2127,#2128);
#2127 = CARTESIAN_POINT('',(0.,0.));
#2128 = DIRECTION('',(1.,0.));
#2129 = ( GEOMETRIC_REPRESENTATION_CONTEXT(2) 
PARAMETRIC_REPRESENTATION_CONTEXT() REPRESENTATION_CONTEXT('2D SPACE',''
  ) );
#2130 = ORIENTED_EDGE('',*,*,#2073,.T.);
#2131 = ADVANCED_FACE('',(#2132),#2119,.F.);
#2132 = FACE_BOUND('',#2133,.T.);
#2133 = EDGE_LOOP('',(#2134));
#2134 = ORIENTED_EDGE('',*,*,#2104,.F.);
#2135 = ( GEOMETRIC_REPRESENTATION_CONTEXT(3) 
GLOBAL_UNCERTAINTY_ASSIGNED_CONTEXT((#2139)) 
GLOBAL_UNIT_ASSIGNED_CONTEXT((#2136,#2137,#2138)) REPRESENTATION_CONTEXT
('Context #1','3D Context with UNIT and UNCERTAINTY') );
#2136 = ( LENGTH_UNIT() NAMED_UNIT(*) SI_UNIT(.MILLI.,.METRE.) );
#2137 = ( NAMED_UNIT(*) PLANE_ANGLE_UNIT() SI_UNIT($,.RADIAN.) );
#2138 = ( NAMED_UNIT(*) SI_UNIT($,.STERADIAN.) SOLID_ANGLE_UNIT() );
#2139 = UNCERTAINTY_MEASURE_WITH_UNIT(LENGTH_MEASURE(1.E-07),#2136,
  'distance_accuracy_value','confusion accuracy');
#2140 = CONTEXT_DEPENDENT_SHAPE_REPRESENTATION(#2141,#2143);
#2141 = ( REPRESENTATION_RELATIONSHIP('','',#2066,#10) 
REPRESENTATION_RELATIONSHIP_WITH_TRANSFORMATION(#2142) 
SHAPE_REPRESENTATION_RELATIONSHIP() );
#2142 = ITEM_DEFINED_TRANSFORMATION('','',#11,#87);
#2143 = PRODUCT_DEFINITION_SHAPE('Placement','Placement of an item',
  #2144);
#2144 = NEXT_ASSEMBLY_USAGE_OCCURRENCE('19','0018_rear_spine_clevis','',
  #5,#2061,$);
#2145 = PRODUCT_RELATED_PRODUCT_CATEGORY('part',$,(#2063));
#2146 = SHAPE_DEFINITION_REPRESENTATION(#2147,#2153);
#2147 = PRODUCT_DEFINITION_SHAPE('','',#2148);
#2148 = PRODUCT_DEFINITION('design','',#2149,#2152);
#2149 = PRODUCT_DEFINITION_FORMATION('','',#2150);
#2150 = PRODUCT('0019_tail_base','0019_tail_base','',(#2151));
#2151 = PRODUCT_CONTEXT('',#2,'mechanical');
#2152 = PRODUCT_DEFINITION_CONTEXT('part definition',#2,'design');
#2153 = ADVANCED_BREP_SHAPE_REPRESENTATION('',(#11,#2154),#2222);
#2154 = MANIFOLD_SOLID_BREP('',#2155);
#2155 = CLOSED_SHELL('',(#2156,#2218));
#2156 = ADVANCED_FACE('',(#2157),#2172,.T.);
#2157 = FACE_BOUND('',#2158,.T.);
#2158 = EDGE_LOOP('',(#2159,#2190,#2217));
#2159 = ORIENTED_EDGE('',*,*,#2160,.F.);
#2160 = EDGE_CURVE('',#2161,#2163,#2165,.T.);
#2161 = VERTEX_POINT('',#2162);
#2162 = CARTESIAN_POINT('',(5.,430.,265.8));
#2163 = VERTEX_POINT('',#2164);
#2164 = CARTESIAN_POINT('',(3.061616997868E-16,430.,270.8));
#2165 = SEAM_CURVE('',#2166,(#2171,#2183),.PCURVE_S1.);
#2166 = CIRCLE('',#2167,5.);
#2167 = AXIS2_PLACEMENT_3D('',#2168,#2169,#2170);
#2168 = CARTESIAN_POINT('',(0.,430.,265.8));
#2169 = DIRECTION('',(-2.449293598295E-16,-1.,0.));
#2170 = DIRECTION('',(1.,-2.449293598295E-16,0.));
#2171 = PCURVE('',#2172,#2177);
#2172 = SPHERICAL_SURFACE('',#2173,5.);
#2173 = AXIS2_PLACEMENT_3D('',#2174,#2175,#2176);
#2174 = CARTESIAN_POINT('',(0.,430.,265.8));
#2175 = DIRECTION('',(0.,0.,1.));
#2176 = DIRECTION('',(1.,0.,-0.));
#2177 = DEFINITIONAL_REPRESENTATION('',(#2178),#2182);
#2178 = LINE('',#2179,#2180);
#2179 = CARTESIAN_POINT('',(6.28318530718,-6.28318530718));
#2180 = VECTOR('',#2181,1.);
#2181 = DIRECTION('',(0.,1.));
#2182 = ( GEOMETRIC_REPRESENTATION_CONTEXT(2) 
PARAMETRIC_REPRESENTATION_CONTEXT() REPRESENTATION_CONTEXT('2D SPACE',''
  ) );
#2183 = PCURVE('',#2172,#2184);
#2184 = DEFINITIONAL_REPRESENTATION('',(#2185),#2189);
#2185 = LINE('',#2186,#2187);
#2186 = CARTESIAN_POINT('',(0.,-6.28318530718));
#2187 = VECTOR('',#2188,1.);
#2188 = DIRECTION('',(0.,1.));
#2189 = ( GEOMETRIC_REPRESENTATION_CONTEXT(2) 
PARAMETRIC_REPRESENTATION_CONTEXT() REPRESENTATION_CONTEXT('2D SPACE',''
  ) );
#2190 = ORIENTED_EDGE('',*,*,#2191,.T.);
#2191 = EDGE_CURVE('',#2161,#2161,#2192,.T.);
#2192 = SURFACE_CURVE('',#2193,(#2198,#2205),.PCURVE_S1.);
#2193 = CIRCLE('',#2194,5.);
#2194 = AXIS2_PLACEMENT_3D('',#2195,#2196,#2197);
#2195 = CARTESIAN_POINT('',(0.,430.,265.8));
#2196 = DIRECTION('',(0.,0.,1.));
#2197 = DIRECTION('',(1.,0.,-0.));
#2198 = PCURVE('',#2172,#2199);
#2199 = DEFINITIONAL_REPRESENTATION('',(#2200),#2204);
#2200 = LINE('',#2201,#2202);
#2201 = CARTESIAN_POINT('',(0.,0.));
#2202 = VECTOR('',#2203,1.);
#2203 = DIRECTION('',(1.,0.));
#2204 = ( GEOMETRIC_REPRESENTATION_CONTEXT(2) 
PARAMETRIC_REPRESENTATION_CONTEXT() REPRESENTATION_CONTEXT('2D SPACE',''
  ) );
#2205 = PCURVE('',#2206,#2211);
#2206 = PLANE('',#2207);
#2207 = AXIS2_PLACEMENT_3D('',#2208,#2209,#2210);
#2208 = CARTESIAN_POINT('',(0.,430.,265.8));
#2209 = DIRECTION('',(0.,0.,1.));
#2210 = DIRECTION('',(1.,0.,-0.));
#2211 = DEFINITIONAL_REPRESENTATION('',(#2212),#2216);
#2212 = CIRCLE('',#2213,5.);
#2213 = AXIS2_PLACEMENT_2D('',#2214,#2215);
#2214 = CARTESIAN_POINT('',(0.,0.));
#2215 = DIRECTION('',(1.,0.));
#2216 = ( GEOMETRIC_REPRESENTATION_CONTEXT(2) 
PARAMETRIC_REPRESENTATION_CONTEXT() REPRESENTATION_CONTEXT('2D SPACE',''
  ) );
#2217 = ORIENTED_EDGE('',*,*,#2160,.T.);
#2218 = ADVANCED_FACE('',(#2219),#2206,.F.);
#2219 = FACE_BOUND('',#2220,.T.);
#2220 = EDGE_LOOP('',(#2221));
#2221 = ORIENTED_EDGE('',*,*,#2191,.F.);
#2222 = ( GEOMETRIC_REPRESENTATION_CONTEXT(3) 
GLOBAL_UNCERTAINTY_ASSIGNED_CONTEXT((#2226)) 
GLOBAL_UNIT_ASSIGNED_CONTEXT((#2223,#2224,#2225)) REPRESENTATION_CONTEXT
('Context #1','3D Context with UNIT and UNCERTAINTY') );
#2223 = ( LENGTH_UNIT() NAMED_UNIT(*) SI_UNIT(.MILLI.,.METRE.) );
#2224 = ( NAMED_UNIT(*) PLANE_ANGLE_UNIT() SI_UNIT($,.RADIAN.) );
#2225 = ( NAMED_UNIT(*) SI_UNIT($,.STERADIAN.) SOLID_ANGLE_UNIT() );
#2226 = UNCERTAINTY_MEASURE_WITH_UNIT(LENGTH_MEASURE(1.E-07),#2223,
  'distance_accuracy_value','confusion accuracy');
#2227 = CONTEXT_DEPENDENT_SHAPE_REPRESENTATION(#2228,#2230);
#2228 = ( REPRESENTATION_RELATIONSHIP('','',#2153,#10) 
REPRESENTATION_RELATIONSHIP_WITH_TRANSFORMATION(#2229) 
SHAPE_REPRESENTATION_RELATIONSHIP() );
#2229 = ITEM_DEFINED_TRANSFORMATION('','',#11,#91);
#2230 = PRODUCT_DEFINITION_SHAPE('Placement','Placement of an item',
  #2231);
#2231 = NEXT_ASSEMBLY_USAGE_OCCURRENCE('20','0019_tail_base','',#5,#2148
  ,$);
#2232 = PRODUCT_RELATED_PRODUCT_CATEGORY('part',$,(#2150));
#2233 = SHAPE_DEFINITION_REPRESENTATION(#2234,#2240);
#2234 = PRODUCT_DEFINITION_SHAPE('','',#2235);
#2235 = PRODUCT_DEFINITION('design','',#2236,#2239);
#2236 = PRODUCT_DEFINITION_FORMATION('','',#2237);
#2237 = PRODUCT('0020_shoulder_pitch_(flexion-extension)',
  '0020_shoulder_pitch_(flexion-extension)','',(#2238));
#2238 = PRODUCT_CONTEXT('',#2,'mechanical');
#2239 = PRODUCT_DEFINITION_CONTEXT('part definition',#2,'design');
#2240 = ADVANCED_BREP_SHAPE_REPRESENTATION('',(#11,#2241),#2339);
#2241 = MANIFOLD_SOLID_BREP('',#2242);
#2242 = CLOSED_SHELL('',(#2243,#2331,#2335));
#2243 = ADVANCED_FACE('',(#2244),#2257,.T.);
#2244 = FACE_BOUND('',#2245,.T.);
#2245 = EDGE_LOOP('',(#2246,#2280,#2303,#2330));
#2246 = ORIENTED_EDGE('',*,*,#2247,.F.);
#2247 = EDGE_CURVE('',#2248,#2248,#2250,.T.);
#2248 = VERTEX_POINT('',#2249);
#2249 = CARTESIAN_POINT('',(75.,21.3,287.4));
#2250 = SURFACE_CURVE('',#2251,(#2256,#2268),.PCURVE_S1.);
#2251 = CIRCLE('',#2252,1.5);
#2252 = AXIS2_PLACEMENT_3D('',#2253,#2254,#2255);
#2253 = CARTESIAN_POINT('',(75.,21.3,285.9));
#2254 = DIRECTION('',(1.,0.,0.));
#2255 = DIRECTION('',(-0.,0.,1.));
#2256 = PCURVE('',#2257,#2262);
#2257 = CYLINDRICAL_SURFACE('',#2258,1.5);
#2258 = AXIS2_PLACEMENT_3D('',#2259,#2260,#2261);
#2259 = CARTESIAN_POINT('',(45.,21.3,285.9));
#2260 = DIRECTION('',(1.,0.,0.));
#2261 = DIRECTION('',(-0.,0.,1.));
#2262 = DEFINITIONAL_REPRESENTATION('',(#2263),#2267);
#2263 = LINE('',#2264,#2265);
#2264 = CARTESIAN_POINT('',(0.,30.));
#2265 = VECTOR('',#2266,1.);
#2266 = DIRECTION('',(1.,0.));
#2267 = ( GEOMETRIC_REPRESENTATION_CONTEXT(2) 
PARAMETRIC_REPRESENTATION_CONTEXT() REPRESENTATION_CONTEXT('2D SPACE',''
  ) );
#2268 = PCURVE('',#2269,#2274);
#2269 = PLANE('',#2270);
#2270 = AXIS2_PLACEMENT_3D('',#2271,#2272,#2273);
#2271 = CARTESIAN_POINT('',(75.,21.3,285.9));
#2272 = DIRECTION('',(1.,0.,0.));
#2273 = DIRECTION('',(-0.,0.,1.));
#2274 = DEFINITIONAL_REPRESENTATION('',(#2275),#2279);
#2275 = CIRCLE('',#2276,1.5);
#2276 = AXIS2_PLACEMENT_2D('',#2277,#2278);
#2277 = CARTESIAN_POINT('',(0.,0.));
#2278 = DIRECTION('',(1.,0.));
#2279 = ( GEOMETRIC_REPRESENTATION_CONTEXT(2) 
PARAMETRIC_REPRESENTATION_CONTEXT() REPRESENTATION_CONTEXT('2D SPACE',''
  ) );
#2280 = ORIENTED_EDGE('',*,*,#2281,.F.);
#2281 = EDGE_CURVE('',#2282,#2248,#2284,.T.);
#2282 = VERTEX_POINT('',#2283);
#2283 = CARTESIAN_POINT('',(45.,21.3,287.4));
#2284 = SEAM_CURVE('',#2285,(#2289,#2296),.PCURVE_S1.);
#2285 = LINE('',#2286,#2287);
#2286 = CARTESIAN_POINT('',(45.,21.3,287.4));
#2287 = VECTOR('',#2288,1.);
#2288 = DIRECTION('',(1.,0.,0.));
#2289 = PCURVE('',#2257,#2290);
#2290 = DEFINITIONAL_REPRESENTATION('',(#2291),#2295);
#2291 = LINE('',#2292,#2293);
#2292 = CARTESIAN_POINT('',(6.28318530718,-0.));
#2293 = VECTOR('',#2294,1.);
#2294 = DIRECTION('',(0.,1.));
#2295 = ( GEOMETRIC_REPRESENTATION_CONTEXT(2) 
PARAMETRIC_REPRESENTATION_CONTEXT() REPRESENTATION_CONTEXT('2D SPACE',''
  ) );
#2296 = PCURVE('',#2257,#2297);
#2297 = DEFINITIONAL_REPRESENTATION('',(#2298),#2302);
#2298 = LINE('',#2299,#2300);
#2299 = CARTESIAN_POINT('',(0.,-0.));
#2300 = VECTOR('',#2301,1.);
#2301 = DIRECTION('',(0.,1.));
#2302 = ( GEOMETRIC_REPRESENTATION_CONTEXT(2) 
PARAMETRIC_REPRESENTATION_CONTEXT() REPRESENTATION_CONTEXT('2D SPACE',''
  ) );
#2303 = ORIENTED_EDGE('',*,*,#2304,.T.);
#2304 = EDGE_CURVE('',#2282,#2282,#2305,.T.);
#2305 = SURFACE_CURVE('',#2306,(#2311,#2318),.PCURVE_S1.);
#2306 = CIRCLE('',#2307,1.5);
#2307 = AXIS2_PLACEMENT_3D('',#2308,#2309,#2310);
#2308 = CARTESIAN_POINT('',(45.,21.3,285.9));
#2309 = DIRECTION('',(1.,0.,0.));
#2310 = DIRECTION('',(-0.,0.,1.));
#2311 = PCURVE('',#2257,#2312);
#2312 = DEFINITIONAL_REPRESENTATION('',(#2313),#2317);
#2313 = LINE('',#2314,#2315);
#2314 = CARTESIAN_POINT('',(0.,0.));
#2315 = VECTOR('',#2316,1.);
#2316 = DIRECTION('',(1.,0.));
#2317 = ( GEOMETRIC_REPRESENTATION_CONTEXT(2) 
PARAMETRIC_REPRESENTATION_CONTEXT() REPRESENTATION_CONTEXT('2D SPACE',''
  ) );
#2318 = PCURVE('',#2319,#2324);
#2319 = PLANE('',#2320);
#2320 = AXIS2_PLACEMENT_3D('',#2321,#2322,#2323);
#2321 = CARTESIAN_POINT('',(45.,21.3,285.9));
#2322 = DIRECTION('',(1.,0.,0.));
#2323 = DIRECTION('',(-0.,0.,1.));
#2324 = DEFINITIONAL_REPRESENTATION('',(#2325),#2329);
#2325 = CIRCLE('',#2326,1.5);
#2326 = AXIS2_PLACEMENT_2D('',#2327,#2328);
#2327 = CARTESIAN_POINT('',(0.,0.));
#2328 = DIRECTION('',(1.,0.));
#2329 = ( GEOMETRIC_REPRESENTATION_CONTEXT(2) 
PARAMETRIC_REPRESENTATION_CONTEXT() REPRESENTATION_CONTEXT('2D SPACE',''
  ) );
#2330 = ORIENTED_EDGE('',*,*,#2281,.T.);
#2331 = ADVANCED_FACE('',(#2332),#2269,.T.);
#2332 = FACE_BOUND('',#2333,.T.);
#2333 = EDGE_LOOP('',(#2334));
#2334 = ORIENTED_EDGE('',*,*,#2247,.T.);
#2335 = ADVANCED_FACE('',(#2336),#2319,.F.);
#2336 = FACE_BOUND('',#2337,.T.);
#2337 = EDGE_LOOP('',(#2338));
#2338 = ORIENTED_EDGE('',*,*,#2304,.F.);
#2339 = ( GEOMETRIC_REPRESENTATION_CONTEXT(3) 
GLOBAL_UNCERTAINTY_ASSIGNED_CONTEXT((#2343)) 
GLOBAL_UNIT_ASSIGNED_CONTEXT((#2340,#2341,#2342)) REPRESENTATION_CONTEXT
('Context #1','3D Context with UNIT and UNCERTAINTY') );
#2340 = ( LENGTH_UNIT() NAMED_UNIT(*) SI_UNIT(.MILLI.,.METRE.) );
#2341 = ( NAMED_UNIT(*) PLANE_ANGLE_UNIT() SI_UNIT($,.RADIAN.) );
#2342 = ( NAMED_UNIT(*) SI_UNIT($,.STERADIAN.) SOLID_ANGLE_UNIT() );
#2343 = UNCERTAINTY_MEASURE_WITH_UNIT(LENGTH_MEASURE(1.E-07),#2340,
  'distance_accuracy_value','confusion accuracy');
#2344 = CONTEXT_DEPENDENT_SHAPE_REPRESENTATION(#2345,#2347);
#2345 = ( REPRESENTATION_RELATIONSHIP('','',#2240,#10) 
REPRESENTATION_RELATIONSHIP_WITH_TRANSFORMATION(#2346) 
SHAPE_REPRESENTATION_RELATIONSHIP() );
#2346 = ITEM_DEFINED_TRANSFORMATION('','',#11,#95);
#2347 = PRODUCT_DEFINITION_SHAPE('Placement','Placement of an item',
  #2348);
#2348 = NEXT_ASSEMBLY_USAGE_OCCURRENCE('21',
  '0020_shoulder_pitch_(flexion-extension)','',#5,#2235,$);
#2349 = PRODUCT_RELATED_PRODUCT_CATEGORY('part',$,(#2237));
#2350 = SHAPE_DEFINITION_REPRESENTATION(#2351,#2357);
#2351 = PRODUCT_DEFINITION_SHAPE('','',#2352);
#2352 = PRODUCT_DEFINITION('design','',#2353,#2356);
#2353 = PRODUCT_DEFINITION_FORMATION('','',#2354);
#2354 = PRODUCT('0021_shoulder_pitch_(flexion-extension)',
  '0021_shoulder_pitch_(flexion-extension)','',(#2355));
#2355 = PRODUCT_CONTEXT('',#2,'mechanical');
#2356 = PRODUCT_DEFINITION_CONTEXT('part definition',#2,'design');
#2357 = ADVANCED_BREP_SHAPE_REPRESENTATION('',(#11,#2358),#2456);
#2358 = MANIFOLD_SOLID_BREP('',#2359);
#2359 = CLOSED_SHELL('',(#2360,#2448,#2452));
#2360 = ADVANCED_FACE('',(#2361),#2374,.T.);
#2361 = FACE_BOUND('',#2362,.T.);
#2362 = EDGE_LOOP('',(#2363,#2397,#2420,#2447));
#2363 = ORIENTED_EDGE('',*,*,#2364,.F.);
#2364 = EDGE_CURVE('',#2365,#2365,#2367,.T.);
#2365 = VERTEX_POINT('',#2366);
#2366 = CARTESIAN_POINT('',(-45.,21.3,287.4));
#2367 = SURFACE_CURVE('',#2368,(#2373,#2385),.PCURVE_S1.);
#2368 = CIRCLE('',#2369,1.5);
#2369 = AXIS2_PLACEMENT_3D('',#2370,#2371,#2372);
#2370 = CARTESIAN_POINT('',(-45.,21.3,285.9));
#2371 = DIRECTION('',(1.,0.,0.));
#2372 = DIRECTION('',(-0.,0.,1.));
#2373 = PCURVE('',#2374,#2379);
#2374 = CYLINDRICAL_SURFACE('',#2375,1.5);
#2375 = AXIS2_PLACEMENT_3D('',#2376,#2377,#2378);
#2376 = CARTESIAN_POINT('',(-75.,21.3,285.9));
#2377 = DIRECTION('',(1.,0.,0.));
#2378 = DIRECTION('',(-0.,0.,1.));
#2379 = DEFINITIONAL_REPRESENTATION('',(#2380),#2384);
#2380 = LINE('',#2381,#2382);
#2381 = CARTESIAN_POINT('',(0.,30.));
#2382 = VECTOR('',#2383,1.);
#2383 = DIRECTION('',(1.,0.));
#2384 = ( GEOMETRIC_REPRESENTATION_CONTEXT(2) 
PARAMETRIC_REPRESENTATION_CONTEXT() REPRESENTATION_CONTEXT('2D SPACE',''
  ) );
#2385 = PCURVE('',#2386,#2391);
#2386 = PLANE('',#2387);
#2387 = AXIS2_PLACEMENT_3D('',#2388,#2389,#2390);
#2388 = CARTESIAN_POINT('',(-45.,21.3,285.9));
#2389 = DIRECTION('',(1.,0.,0.));
#2390 = DIRECTION('',(-0.,0.,1.));
#2391 = DEFINITIONAL_REPRESENTATION('',(#2392),#2396);
#2392 = CIRCLE('',#2393,1.5);
#2393 = AXIS2_PLACEMENT_2D('',#2394,#2395);
#2394 = CARTESIAN_POINT('',(0.,0.));
#2395 = DIRECTION('',(1.,0.));
#2396 = ( GEOMETRIC_REPRESENTATION_CONTEXT(2) 
PARAMETRIC_REPRESENTATION_CONTEXT() REPRESENTATION_CONTEXT('2D SPACE',''
  ) );
#2397 = ORIENTED_EDGE('',*,*,#2398,.F.);
#2398 = EDGE_CURVE('',#2399,#2365,#2401,.T.);
#2399 = VERTEX_POINT('',#2400);
#2400 = CARTESIAN_POINT('',(-75.,21.3,287.4));
#2401 = SEAM_CURVE('',#2402,(#2406,#2413),.PCURVE_S1.);
#2402 = LINE('',#2403,#2404);
#2403 = CARTESIAN_POINT('',(-75.,21.3,287.4));
#2404 = VECTOR('',#2405,1.);
#2405 = DIRECTION('',(1.,0.,0.));
#2406 = PCURVE('',#2374,#2407);
#2407 = DEFINITIONAL_REPRESENTATION('',(#2408),#2412);
#2408 = LINE('',#2409,#2410);
#2409 = CARTESIAN_POINT('',(6.28318530718,-0.));
#2410 = VECTOR('',#2411,1.);
#2411 = DIRECTION('',(0.,1.));
#2412 = ( GEOMETRIC_REPRESENTATION_CONTEXT(2) 
PARAMETRIC_REPRESENTATION_CONTEXT() REPRESENTATION_CONTEXT('2D SPACE',''
  ) );
#2413 = PCURVE('',#2374,#2414);
#2414 = DEFINITIONAL_REPRESENTATION('',(#2415),#2419);
#2415 = LINE('',#2416,#2417);
#2416 = CARTESIAN_POINT('',(0.,-0.));
#2417 = VECTOR('',#2418,1.);
#2418 = DIRECTION('',(0.,1.));
#2419 = ( GEOMETRIC_REPRESENTATION_CONTEXT(2) 
PARAMETRIC_REPRESENTATION_CONTEXT() REPRESENTATION_CONTEXT('2D SPACE',''
  ) );
#2420 = ORIENTED_EDGE('',*,*,#2421,.T.);
#2421 = EDGE_CURVE('',#2399,#2399,#2422,.T.);
#2422 = SURFACE_CURVE('',#2423,(#2428,#2435),.PCURVE_S1.);
#2423 = CIRCLE('',#2424,1.5);
#2424 = AXIS2_PLACEMENT_3D('',#2425,#2426,#2427);
#2425 = CARTESIAN_POINT('',(-75.,21.3,285.9));
#2426 = DIRECTION('',(1.,0.,0.));
#2427 = DIRECTION('',(-0.,0.,1.));
#2428 = PCURVE('',#2374,#2429);
#2429 = DEFINITIONAL_REPRESENTATION('',(#2430),#2434);
#2430 = LINE('',#2431,#2432);
#2431 = CARTESIAN_POINT('',(0.,0.));
#2432 = VECTOR('',#2433,1.);
#2433 = DIRECTION('',(1.,0.));
#2434 = ( GEOMETRIC_REPRESENTATION_CONTEXT(2) 
PARAMETRIC_REPRESENTATION_CONTEXT() REPRESENTATION_CONTEXT('2D SPACE',''
  ) );
#2435 = PCURVE('',#2436,#2441);
#2436 = PLANE('',#2437);
#2437 = AXIS2_PLACEMENT_3D('',#2438,#2439,#2440);
#2438 = CARTESIAN_POINT('',(-75.,21.3,285.9));
#2439 = DIRECTION('',(1.,0.,0.));
#2440 = DIRECTION('',(-0.,0.,1.));
#2441 = DEFINITIONAL_REPRESENTATION('',(#2442),#2446);
#2442 = CIRCLE('',#2443,1.5);
#2443 = AXIS2_PLACEMENT_2D('',#2444,#2445);
#2444 = CARTESIAN_POINT('',(0.,0.));
#2445 = DIRECTION('',(1.,0.));
#2446 = ( GEOMETRIC_REPRESENTATION_CONTEXT(2) 
PARAMETRIC_REPRESENTATION_CONTEXT() REPRESENTATION_CONTEXT('2D SPACE',''
  ) );
#2447 = ORIENTED_EDGE('',*,*,#2398,.T.);
#2448 = ADVANCED_FACE('',(#2449),#2386,.T.);
#2449 = FACE_BOUND('',#2450,.T.);
#2450 = EDGE_LOOP('',(#2451));
#2451 = ORIENTED_EDGE('',*,*,#2364,.T.);
#2452 = ADVANCED_FACE('',(#2453),#2436,.F.);
#2453 = FACE_BOUND('',#2454,.T.);
#2454 = EDGE_LOOP('',(#2455));
#2455 = ORIENTED_EDGE('',*,*,#2421,.F.);
#2456 = ( GEOMETRIC_REPRESENTATION_CONTEXT(3) 
GLOBAL_UNCERTAINTY_ASSIGNED_CONTEXT((#2460)) 
GLOBAL_UNIT_ASSIGNED_CONTEXT((#2457,#2458,#2459)) REPRESENTATION_CONTEXT
('Context #1','3D Context with UNIT and UNCERTAINTY') );
#2457 = ( LENGTH_UNIT() NAMED_UNIT(*) SI_UNIT(.MILLI.,.METRE.) );
#2458 = ( NAMED_UNIT(*) PLANE_ANGLE_UNIT() SI_UNIT($,.RADIAN.) );
#2459 = ( NAMED_UNIT(*) SI_UNIT($,.STERADIAN.) SOLID_ANGLE_UNIT() );
#2460 = UNCERTAINTY_MEASURE_WITH_UNIT(LENGTH_MEASURE(1.E-07),#2457,
  'distance_accuracy_value','confusion accuracy');
#2461 = CONTEXT_DEPENDENT_SHAPE_REPRESENTATION(#2462,#2464);
#2462 = ( REPRESENTATION_RELATIONSHIP('','',#2357,#10) 
REPRESENTATION_RELATIONSHIP_WITH_TRANSFORMATION(#2463) 
SHAPE_REPRESENTATION_RELATIONSHIP() );
#2463 = ITEM_DEFINED_TRANSFORMATION('','',#11,#99);
#2464 = PRODUCT_DEFINITION_SHAPE('Placement','Placement of an item',
  #2465);
#2465 = NEXT_ASSEMBLY_USAGE_OCCURRENCE('22',
  '0021_shoulder_pitch_(flexion-extension)','',#5,#2352,$);
#2466 = PRODUCT_RELATED_PRODUCT_CATEGORY('part',$,(#2354));
#2467 = SHAPE_DEFINITION_REPRESENTATION(#2468,#2474);
#2468 = PRODUCT_DEFINITION_SHAPE('','',#2469);
#2469 = PRODUCT_DEFINITION('design','',#2470,#2473);
#2470 = PRODUCT_DEFINITION_FORMATION('','',#2471);
#2471 = PRODUCT('0022_shoulder_ab-adduction_(sidestep)',
  '0022_shoulder_ab-adduction_(sidestep)','',(#2472));
#2472 = PRODUCT_CONTEXT('',#2,'mechanical');
#2473 = PRODUCT_DEFINITION_CONTEXT('part definition',#2,'design');
#2474 = ADVANCED_BREP_SHAPE_REPRESENTATION('',(#11,#2475),#2573);
#2475 = MANIFOLD_SOLID_BREP('',#2476);
#2476 = CLOSED_SHELL('',(#2477,#2565,#2569));
#2477 = ADVANCED_FACE('',(#2478),#2491,.T.);
#2478 = FACE_BOUND('',#2479,.T.);
#2479 = EDGE_LOOP('',(#2480,#2514,#2537,#2564));
#2480 = ORIENTED_EDGE('',*,*,#2481,.F.);
#2481 = EDGE_CURVE('',#2482,#2482,#2484,.T.);
#2482 = VERTEX_POINT('',#2483);
#2483 = CARTESIAN_POINT('',(60.,36.3,287.9));
#2484 = SURFACE_CURVE('',#2485,(#2490,#2502),.PCURVE_S1.);
#2485 = CIRCLE('',#2486,2.);
#2486 = AXIS2_PLACEMENT_3D('',#2487,#2488,#2489);
#2487 = CARTESIAN_POINT('',(60.,36.3,285.9));
#2488 = DIRECTION('',(0.,1.,0.));
#2489 = DIRECTION('',(0.,-0.,1.));
#2490 = PCURVE('',#2491,#2496);
#2491 = CYLINDRICAL_SURFACE('',#2492,2.);
#2492 = AXIS2_PLACEMENT_3D('',#2493,#2494,#2495);
#2493 = CARTESIAN_POINT('',(60.,6.3,285.9));
#2494 = DIRECTION('',(0.,1.,0.));
#2495 = DIRECTION('',(0.,-0.,1.));
#2496 = DEFINITIONAL_REPRESENTATION('',(#2497),#2501);
#2497 = LINE('',#2498,#2499);
#2498 = CARTESIAN_POINT('',(0.,30.));
#2499 = VECTOR('',#2500,1.);
#2500 = DIRECTION('',(1.,0.));
#2501 = ( GEOMETRIC_REPRESENTATION_CONTEXT(2) 
PARAMETRIC_REPRESENTATION_CONTEXT() REPRESENTATION_CONTEXT('2D SPACE',''
  ) );
#2502 = PCURVE('',#2503,#2508);
#2503 = PLANE('',#2504);
#2504 = AXIS2_PLACEMENT_3D('',#2505,#2506,#2507);
#2505 = CARTESIAN_POINT('',(60.,36.3,285.9));
#2506 = DIRECTION('',(0.,1.,0.));
#2507 = DIRECTION('',(0.,-0.,1.));
#2508 = DEFINITIONAL_REPRESENTATION('',(#2509),#2513);
#2509 = CIRCLE('',#2510,2.);
#2510 = AXIS2_PLACEMENT_2D('',#2511,#2512);
#2511 = CARTESIAN_POINT('',(0.,0.));
#2512 = DIRECTION('',(1.,0.));
#2513 = ( GEOMETRIC_REPRESENTATION_CONTEXT(2) 
PARAMETRIC_REPRESENTATION_CONTEXT() REPRESENTATION_CONTEXT('2D SPACE',''
  ) );
#2514 = ORIENTED_EDGE('',*,*,#2515,.F.);
#2515 = EDGE_CURVE('',#2516,#2482,#2518,.T.);
#2516 = VERTEX_POINT('',#2517);
#2517 = CARTESIAN_POINT('',(60.,6.3,287.9));
#2518 = SEAM_CURVE('',#2519,(#2523,#2530),.PCURVE_S1.);
#2519 = LINE('',#2520,#2521);
#2520 = CARTESIAN_POINT('',(60.,6.3,287.9));
#2521 = VECTOR('',#2522,1.);
#2522 = DIRECTION('',(0.,1.,0.));
#2523 = PCURVE('',#2491,#2524);
#2524 = DEFINITIONAL_REPRESENTATION('',(#2525),#2529);
#2525 = LINE('',#2526,#2527);
#2526 = CARTESIAN_POINT('',(6.28318530718,-0.));
#2527 = VECTOR('',#2528,1.);
#2528 = DIRECTION('',(0.,1.));
#2529 = ( GEOMETRIC_REPRESENTATION_CONTEXT(2) 
PARAMETRIC_REPRESENTATION_CONTEXT() REPRESENTATION_CONTEXT('2D SPACE',''
  ) );
#2530 = PCURVE('',#2491,#2531);
#2531 = DEFINITIONAL_REPRESENTATION('',(#2532),#2536);
#2532 = LINE('',#2533,#2534);
#2533 = CARTESIAN_POINT('',(0.,-0.));
#2534 = VECTOR('',#2535,1.);
#2535 = DIRECTION('',(0.,1.));
#2536 = ( GEOMETRIC_REPRESENTATION_CONTEXT(2) 
PARAMETRIC_REPRESENTATION_CONTEXT() REPRESENTATION_CONTEXT('2D SPACE',''
  ) );
#2537 = ORIENTED_EDGE('',*,*,#2538,.T.);
#2538 = EDGE_CURVE('',#2516,#2516,#2539,.T.);
#2539 = SURFACE_CURVE('',#2540,(#2545,#2552),.PCURVE_S1.);
#2540 = CIRCLE('',#2541,2.);
#2541 = AXIS2_PLACEMENT_3D('',#2542,#2543,#2544);
#2542 = CARTESIAN_POINT('',(60.,6.3,285.9));
#2543 = DIRECTION('',(0.,1.,0.));
#2544 = DIRECTION('',(0.,-0.,1.));
#2545 = PCURVE('',#2491,#2546);
#2546 = DEFINITIONAL_REPRESENTATION('',(#2547),#2551);
#2547 = LINE('',#2548,#2549);
#2548 = CARTESIAN_POINT('',(0.,0.));
#2549 = VECTOR('',#2550,1.);
#2550 = DIRECTION('',(1.,0.));
#2551 = ( GEOMETRIC_REPRESENTATION_CONTEXT(2) 
PARAMETRIC_REPRESENTATION_CONTEXT() REPRESENTATION_CONTEXT('2D SPACE',''
  ) );
#2552 = PCURVE('',#2553,#2558);
#2553 = PLANE('',#2554);
#2554 = AXIS2_PLACEMENT_3D('',#2555,#2556,#2557);
#2555 = CARTESIAN_POINT('',(60.,6.3,285.9));
#2556 = DIRECTION('',(0.,1.,0.));
#2557 = DIRECTION('',(0.,-0.,1.));
#2558 = DEFINITIONAL_REPRESENTATION('',(#2559),#2563);
#2559 = CIRCLE('',#2560,2.);
#2560 = AXIS2_PLACEMENT_2D('',#2561,#2562);
#2561 = CARTESIAN_POINT('',(0.,0.));
#2562 = DIRECTION('',(1.,0.));
#2563 = ( GEOMETRIC_REPRESENTATION_CONTEXT(2) 
PARAMETRIC_REPRESENTATION_CONTEXT() REPRESENTATION_CONTEXT('2D SPACE',''
  ) );
#2564 = ORIENTED_EDGE('',*,*,#2515,.T.);
#2565 = ADVANCED_FACE('',(#2566),#2503,.T.);
#2566 = FACE_BOUND('',#2567,.T.);
#2567 = EDGE_LOOP('',(#2568));
#2568 = ORIENTED_EDGE('',*,*,#2481,.T.);
#2569 = ADVANCED_FACE('',(#2570),#2553,.F.);
#2570 = FACE_BOUND('',#2571,.T.);
#2571 = EDGE_LOOP('',(#2572));
#2572 = ORIENTED_EDGE('',*,*,#2538,.F.);
#2573 = ( GEOMETRIC_REPRESENTATION_CONTEXT(3) 
GLOBAL_UNCERTAINTY_ASSIGNED_CONTEXT((#2577)) 
GLOBAL_UNIT_ASSIGNED_CONTEXT((#2574,#2575,#2576)) REPRESENTATION_CONTEXT
('Context #1','3D Context with UNIT and UNCERTAINTY') );
#2574 = ( LENGTH_UNIT() NAMED_UNIT(*) SI_UNIT(.MILLI.,.METRE.) );
#2575 = ( NAMED_UNIT(*) PLANE_ANGLE_UNIT() SI_UNIT($,.RADIAN.) );
#2576 = ( NAMED_UNIT(*) SI_UNIT($,.STERADIAN.) SOLID_ANGLE_UNIT() );
#2577 = UNCERTAINTY_MEASURE_WITH_UNIT(LENGTH_MEASURE(1.E-07),#2574,
  'distance_accuracy_value','confusion accuracy');
#2578 = CONTEXT_DEPENDENT_SHAPE_REPRESENTATION(#2579,#2581);
#2579 = ( REPRESENTATION_RELATIONSHIP('','',#2474,#10) 
REPRESENTATION_RELATIONSHIP_WITH_TRANSFORMATION(#2580) 
SHAPE_REPRESENTATION_RELATIONSHIP() );
#2580 = ITEM_DEFINED_TRANSFORMATION('','',#11,#103);
#2581 = PRODUCT_DEFINITION_SHAPE('Placement','Placement of an item',
  #2582);
#2582 = NEXT_ASSEMBLY_USAGE_OCCURRENCE('23',
  '0022_shoulder_ab-adduction_(sidestep)','',#5,#2469,$);
#2583 = PRODUCT_RELATED_PRODUCT_CATEGORY('part',$,(#2471));
#2584 = SHAPE_DEFINITION_REPRESENTATION(#2585,#2591);
#2585 = PRODUCT_DEFINITION_SHAPE('','',#2586);
#2586 = PRODUCT_DEFINITION('design','',#2587,#2590);
#2587 = PRODUCT_DEFINITION_FORMATION('','',#2588);
#2588 = PRODUCT('0023_shoulder_ab-adduction_(sidestep)',
  '0023_shoulder_ab-adduction_(sidestep)','',(#2589));
#2589 = PRODUCT_CONTEXT('',#2,'mechanical');
#2590 = PRODUCT_DEFINITION_CONTEXT('part definition',#2,'design');
#2591 = ADVANCED_BREP_SHAPE_REPRESENTATION('',(#11,#2592),#2690);
#2592 = MANIFOLD_SOLID_BREP('',#2593);
#2593 = CLOSED_SHELL('',(#2594,#2682,#2686));
#2594 = ADVANCED_FACE('',(#2595),#2608,.T.);
#2595 = FACE_BOUND('',#2596,.T.);
#2596 = EDGE_LOOP('',(#2597,#2631,#2654,#2681));
#2597 = ORIENTED_EDGE('',*,*,#2598,.F.);
#2598 = EDGE_CURVE('',#2599,#2599,#2601,.T.);
#2599 = VERTEX_POINT('',#2600);
#2600 = CARTESIAN_POINT('',(-60.,36.3,287.9));
#2601 = SURFACE_CURVE('',#2602,(#2607,#2619),.PCURVE_S1.);
#2602 = CIRCLE('',#2603,2.);
#2603 = AXIS2_PLACEMENT_3D('',#2604,#2605,#2606);
#2604 = CARTESIAN_POINT('',(-60.,36.3,285.9));
#2605 = DIRECTION('',(0.,1.,0.));
#2606 = DIRECTION('',(0.,-0.,1.));
#2607 = PCURVE('',#2608,#2613);
#2608 = CYLINDRICAL_SURFACE('',#2609,2.);
#2609 = AXIS2_PLACEMENT_3D('',#2610,#2611,#2612);
#2610 = CARTESIAN_POINT('',(-60.,6.3,285.9));
#2611 = DIRECTION('',(0.,1.,0.));
#2612 = DIRECTION('',(0.,-0.,1.));
#2613 = DEFINITIONAL_REPRESENTATION('',(#2614),#2618);
#2614 = LINE('',#2615,#2616);
#2615 = CARTESIAN_POINT('',(0.,30.));
#2616 = VECTOR('',#2617,1.);
#2617 = DIRECTION('',(1.,0.));
#2618 = ( GEOMETRIC_REPRESENTATION_CONTEXT(2) 
PARAMETRIC_REPRESENTATION_CONTEXT() REPRESENTATION_CONTEXT('2D SPACE',''
  ) );
#2619 = PCURVE('',#2620,#2625);
#2620 = PLANE('',#2621);
#2621 = AXIS2_PLACEMENT_3D('',#2622,#2623,#2624);
#2622 = CARTESIAN_POINT('',(-60.,36.3,285.9));
#2623 = DIRECTION('',(0.,1.,0.));
#2624 = DIRECTION('',(0.,-0.,1.));
#2625 = DEFINITIONAL_REPRESENTATION('',(#2626),#2630);
#2626 = CIRCLE('',#2627,2.);
#2627 = AXIS2_PLACEMENT_2D('',#2628,#2629);
#2628 = CARTESIAN_POINT('',(0.,0.));
#2629 = DIRECTION('',(1.,0.));
#2630 = ( GEOMETRIC_REPRESENTATION_CONTEXT(2) 
PARAMETRIC_REPRESENTATION_CONTEXT() REPRESENTATION_CONTEXT('2D SPACE',''
  ) );
#2631 = ORIENTED_EDGE('',*,*,#2632,.F.);
#2632 = EDGE_CURVE('',#2633,#2599,#2635,.T.);
#2633 = VERTEX_POINT('',#2634);
#2634 = CARTESIAN_POINT('',(-60.,6.3,287.9));
#2635 = SEAM_CURVE('',#2636,(#2640,#2647),.PCURVE_S1.);
#2636 = LINE('',#2637,#2638);
#2637 = CARTESIAN_POINT('',(-60.,6.3,287.9));
#2638 = VECTOR('',#2639,1.);
#2639 = DIRECTION('',(0.,1.,0.));
#2640 = PCURVE('',#2608,#2641);
#2641 = DEFINITIONAL_REPRESENTATION('',(#2642),#2646);
#2642 = LINE('',#2643,#2644);
#2643 = CARTESIAN_POINT('',(6.28318530718,-0.));
#2644 = VECTOR('',#2645,1.);
#2645 = DIRECTION('',(0.,1.));
#2646 = ( GEOMETRIC_REPRESENTATION_CONTEXT(2) 
PARAMETRIC_REPRESENTATION_CONTEXT() REPRESENTATION_CONTEXT('2D SPACE',''
  ) );
#2647 = PCURVE('',#2608,#2648);
#2648 = DEFINITIONAL_REPRESENTATION('',(#2649),#2653);
#2649 = LINE('',#2650,#2651);
#2650 = CARTESIAN_POINT('',(0.,-0.));
#2651 = VECTOR('',#2652,1.);
#2652 = DIRECTION('',(0.,1.));
#2653 = ( GEOMETRIC_REPRESENTATION_CONTEXT(2) 
PARAMETRIC_REPRESENTATION_CONTEXT() REPRESENTATION_CONTEXT('2D SPACE',''
  ) );
#2654 = ORIENTED_EDGE('',*,*,#2655,.T.);
#2655 = EDGE_CURVE('',#2633,#2633,#2656,.T.);
#2656 = SURFACE_CURVE('',#2657,(#2662,#2669),.PCURVE_S1.);
#2657 = CIRCLE('',#2658,2.);
#2658 = AXIS2_PLACEMENT_3D('',#2659,#2660,#2661);
#2659 = CARTESIAN_POINT('',(-60.,6.3,285.9));
#2660 = DIRECTION('',(0.,1.,0.));
#2661 = DIRECTION('',(0.,-0.,1.));
#2662 = PCURVE('',#2608,#2663);
#2663 = DEFINITIONAL_REPRESENTATION('',(#2664),#2668);
#2664 = LINE('',#2665,#2666);
#2665 = CARTESIAN_POINT('',(0.,0.));
#2666 = VECTOR('',#2667,1.);
#2667 = DIRECTION('',(1.,0.));
#2668 = ( GEOMETRIC_REPRESENTATION_CONTEXT(2) 
PARAMETRIC_REPRESENTATION_CONTEXT() REPRESENTATION_CONTEXT('2D SPACE',''
  ) );
#2669 = PCURVE('',#2670,#2675);
#2670 = PLANE('',#2671);
#2671 = AXIS2_PLACEMENT_3D('',#2672,#2673,#2674);
#2672 = CARTESIAN_POINT('',(-60.,6.3,285.9));
#2673 = DIRECTION('',(0.,1.,0.));
#2674 = DIRECTION('',(0.,-0.,1.));
#2675 = DEFINITIONAL_REPRESENTATION('',(#2676),#2680);
#2676 = CIRCLE('',#2677,2.);
#2677 = AXIS2_PLACEMENT_2D('',#2678,#2679);
#2678 = CARTESIAN_POINT('',(0.,0.));
#2679 = DIRECTION('',(1.,0.));
#2680 = ( GEOMETRIC_REPRESENTATION_CONTEXT(2) 
PARAMETRIC_REPRESENTATION_CONTEXT() REPRESENTATION_CONTEXT('2D SPACE',''
  ) );
#2681 = ORIENTED_EDGE('',*,*,#2632,.T.);
#2682 = ADVANCED_FACE('',(#2683),#2620,.T.);
#2683 = FACE_BOUND('',#2684,.T.);
#2684 = EDGE_LOOP('',(#2685));
#2685 = ORIENTED_EDGE('',*,*,#2598,.T.);
#2686 = ADVANCED_FACE('',(#2687),#2670,.F.);
#2687 = FACE_BOUND('',#2688,.T.);
#2688 = EDGE_LOOP('',(#2689));
#2689 = ORIENTED_EDGE('',*,*,#2655,.F.);
#2690 = ( GEOMETRIC_REPRESENTATION_CONTEXT(3) 
GLOBAL_UNCERTAINTY_ASSIGNED_CONTEXT((#2694)) 
GLOBAL_UNIT_ASSIGNED_CONTEXT((#2691,#2692,#2693)) REPRESENTATION_CONTEXT
('Context #1','3D Context with UNIT and UNCERTAINTY') );
#2691 = ( LENGTH_UNIT() NAMED_UNIT(*) SI_UNIT(.MILLI.,.METRE.) );
#2692 = ( NAMED_UNIT(*) PLANE_ANGLE_UNIT() SI_UNIT($,.RADIAN.) );
#2693 = ( NAMED_UNIT(*) SI_UNIT($,.STERADIAN.) SOLID_ANGLE_UNIT() );
#2694 = UNCERTAINTY_MEASURE_WITH_UNIT(LENGTH_MEASURE(1.E-07),#2691,
  'distance_accuracy_value','confusion accuracy');
#2695 = CONTEXT_DEPENDENT_SHAPE_REPRESENTATION(#2696,#2698);
#2696 = ( REPRESENTATION_RELATIONSHIP('','',#2591,#10) 
REPRESENTATION_RELATIONSHIP_WITH_TRANSFORMATION(#2697) 
SHAPE_REPRESENTATION_RELATIONSHIP() );
#2697 = ITEM_DEFINED_TRANSFORMATION('','',#11,#107);
#2698 = PRODUCT_DEFINITION_SHAPE('Placement','Placement of an item',
  #2699);
#2699 = NEXT_ASSEMBLY_USAGE_OCCURRENCE('24',
  '0023_shoulder_ab-adduction_(sidestep)','',#5,#2586,$);
#2700 = PRODUCT_RELATED_PRODUCT_CATEGORY('part',$,(#2588));
#2701 = SHAPE_DEFINITION_REPRESENTATION(#2702,#2708);
#2702 = PRODUCT_DEFINITION_SHAPE('','',#2703);
#2703 = PRODUCT_DEFINITION('design','',#2704,#2707);
#2704 = PRODUCT_DEFINITION_FORMATION('','',#2705);
#2705 = PRODUCT('0024_elbow_flexion-extension',
  '0024_elbow_flexion-extension','',(#2706));
#2706 = PRODUCT_CONTEXT('',#2,'mechanical');
#2707 = PRODUCT_DEFINITION_CONTEXT('part definition',#2,'design');
#2708 = ADVANCED_BREP_SHAPE_REPRESENTATION('',(#11,#2709),#2807);
#2709 = MANIFOLD_SOLID_BREP('',#2710);
#2710 = CLOSED_SHELL('',(#2711,#2799,#2803));
#2711 = ADVANCED_FACE('',(#2712),#2725,.T.);
#2712 = FACE_BOUND('',#2713,.T.);
#2713 = EDGE_LOOP('',(#2714,#2748,#2771,#2798));
#2714 = ORIENTED_EDGE('',*,*,#2715,.F.);
#2715 = EDGE_CURVE('',#2716,#2716,#2718,.T.);
#2716 = VERTEX_POINT('',#2717);
#2717 = CARTESIAN_POINT('',(75.,68.,191.5));
#2718 = SURFACE_CURVE('',#2719,(#2724,#2736),.PCURVE_S1.);
#2719 = CIRCLE('',#2720,1.5);
#2720 = AXIS2_PLACEMENT_3D('',#2721,#2722,#2723);
#2721 = CARTESIAN_POINT('',(75.,68.,190.));
#2722 = DIRECTION('',(1.,0.,0.));
#2723 = DIRECTION('',(-0.,0.,1.));
#2724 = PCURVE('',#2725,#2730);
#2725 = CYLINDRICAL_SURFACE('',#2726,1.5);
#2726 = AXIS2_PLACEMENT_3D('',#2727,#2728,#2729);
#2727 = CARTESIAN_POINT('',(45.,68.,190.));
#2728 = DIRECTION('',(1.,0.,0.));
#2729 = DIRECTION('',(-0.,0.,1.));
#2730 = DEFINITIONAL_REPRESENTATION('',(#2731),#2735);
#2731 = LINE('',#2732,#2733);
#2732 = CARTESIAN_POINT('',(0.,30.));
#2733 = VECTOR('',#2734,1.);
#2734 = DIRECTION('',(1.,0.));
#2735 = ( GEOMETRIC_REPRESENTATION_CONTEXT(2) 
PARAMETRIC_REPRESENTATION_CONTEXT() REPRESENTATION_CONTEXT('2D SPACE',''
  ) );
#2736 = PCURVE('',#2737,#2742);
#2737 = PLANE('',#2738);
#2738 = AXIS2_PLACEMENT_3D('',#2739,#2740,#2741);
#2739 = CARTESIAN_POINT('',(75.,68.,190.));
#2740 = DIRECTION('',(1.,0.,0.));
#2741 = DIRECTION('',(-0.,0.,1.));
#2742 = DEFINITIONAL_REPRESENTATION('',(#2743),#2747);
#2743 = CIRCLE('',#2744,1.5);
#2744 = AXIS2_PLACEMENT_2D('',#2745,#2746);
#2745 = CARTESIAN_POINT('',(0.,0.));
#2746 = DIRECTION('',(1.,0.));
#2747 = ( GEOMETRIC_REPRESENTATION_CONTEXT(2) 
PARAMETRIC_REPRESENTATION_CONTEXT() REPRESENTATION_CONTEXT('2D SPACE',''
  ) );
#2748 = ORIENTED_EDGE('',*,*,#2749,.F.);
#2749 = EDGE_CURVE('',#2750,#2716,#2752,.T.);
#2750 = VERTEX_POINT('',#2751);
#2751 = CARTESIAN_POINT('',(45.,68.,191.5));
#2752 = SEAM_CURVE('',#2753,(#2757,#2764),.PCURVE_S1.);
#2753 = LINE('',#2754,#2755);
#2754 = CARTESIAN_POINT('',(45.,68.,191.5));
#2755 = VECTOR('',#2756,1.);
#2756 = DIRECTION('',(1.,0.,0.));
#2757 = PCURVE('',#2725,#2758);
#2758 = DEFINITIONAL_REPRESENTATION('',(#2759),#2763);
#2759 = LINE('',#2760,#2761);
#2760 = CARTESIAN_POINT('',(6.28318530718,-0.));
#2761 = VECTOR('',#2762,1.);
#2762 = DIRECTION('',(0.,1.));
#2763 = ( GEOMETRIC_REPRESENTATION_CONTEXT(2) 
PARAMETRIC_REPRESENTATION_CONTEXT() REPRESENTATION_CONTEXT('2D SPACE',''
  ) );
#2764 = PCURVE('',#2725,#2765);
#2765 = DEFINITIONAL_REPRESENTATION('',(#2766),#2770);
#2766 = LINE('',#2767,#2768);
#2767 = CARTESIAN_POINT('',(0.,-0.));
#2768 = VECTOR('',#2769,1.);
#2769 = DIRECTION('',(0.,1.));
#2770 = ( GEOMETRIC_REPRESENTATION_CONTEXT(2) 
PARAMETRIC_REPRESENTATION_CONTEXT() REPRESENTATION_CONTEXT('2D SPACE',''
  ) );
#2771 = ORIENTED_EDGE('',*,*,#2772,.T.);
#2772 = EDGE_CURVE('',#2750,#2750,#2773,.T.);
#2773 = SURFACE_CURVE('',#2774,(#2779,#2786),.PCURVE_S1.);
#2774 = CIRCLE('',#2775,1.5);
#2775 = AXIS2_PLACEMENT_3D('',#2776,#2777,#2778);
#2776 = CARTESIAN_POINT('',(45.,68.,190.));
#2777 = DIRECTION('',(1.,0.,0.));
#2778 = DIRECTION('',(-0.,0.,1.));
#2779 = PCURVE('',#2725,#2780);
#2780 = DEFINITIONAL_REPRESENTATION('',(#2781),#2785);
#2781 = LINE('',#2782,#2783);
#2782 = CARTESIAN_POINT('',(0.,0.));
#2783 = VECTOR('',#2784,1.);
#2784 = DIRECTION('',(1.,0.));
#2785 = ( GEOMETRIC_REPRESENTATION_CONTEXT(2) 
PARAMETRIC_REPRESENTATION_CONTEXT() REPRESENTATION_CONTEXT('2D SPACE',''
  ) );
#2786 = PCURVE('',#2787,#2792);
#2787 = PLANE('',#2788);
#2788 = AXIS2_PLACEMENT_3D('',#2789,#2790,#2791);
#2789 = CARTESIAN_POINT('',(45.,68.,190.));
#2790 = DIRECTION('',(1.,0.,0.));
#2791 = DIRECTION('',(-0.,0.,1.));
#2792 = DEFINITIONAL_REPRESENTATION('',(#2793),#2797);
#2793 = CIRCLE('',#2794,1.5);
#2794 = AXIS2_PLACEMENT_2D('',#2795,#2796);
#2795 = CARTESIAN_POINT('',(0.,0.));
#2796 = DIRECTION('',(1.,0.));
#2797 = ( GEOMETRIC_REPRESENTATION_CONTEXT(2) 
PARAMETRIC_REPRESENTATION_CONTEXT() REPRESENTATION_CONTEXT('2D SPACE',''
  ) );
#2798 = ORIENTED_EDGE('',*,*,#2749,.T.);
#2799 = ADVANCED_FACE('',(#2800),#2737,.T.);
#2800 = FACE_BOUND('',#2801,.T.);
#2801 = EDGE_LOOP('',(#2802));
#2802 = ORIENTED_EDGE('',*,*,#2715,.T.);
#2803 = ADVANCED_FACE('',(#2804),#2787,.F.);
#2804 = FACE_BOUND('',#2805,.T.);
#2805 = EDGE_LOOP('',(#2806));
#2806 = ORIENTED_EDGE('',*,*,#2772,.F.);
#2807 = ( GEOMETRIC_REPRESENTATION_CONTEXT(3) 
GLOBAL_UNCERTAINTY_ASSIGNED_CONTEXT((#2811)) 
GLOBAL_UNIT_ASSIGNED_CONTEXT((#2808,#2809,#2810)) REPRESENTATION_CONTEXT
('Context #1','3D Context with UNIT and UNCERTAINTY') );
#2808 = ( LENGTH_UNIT() NAMED_UNIT(*) SI_UNIT(.MILLI.,.METRE.) );
#2809 = ( NAMED_UNIT(*) PLANE_ANGLE_UNIT() SI_UNIT($,.RADIAN.) );
#2810 = ( NAMED_UNIT(*) SI_UNIT($,.STERADIAN.) SOLID_ANGLE_UNIT() );
#2811 = UNCERTAINTY_MEASURE_WITH_UNIT(LENGTH_MEASURE(1.E-07),#2808,
  'distance_accuracy_value','confusion accuracy');
#2812 = CONTEXT_DEPENDENT_SHAPE_REPRESENTATION(#2813,#2815);
#2813 = ( REPRESENTATION_RELATIONSHIP('','',#2708,#10) 
REPRESENTATION_RELATIONSHIP_WITH_TRANSFORMATION(#2814) 
SHAPE_REPRESENTATION_RELATIONSHIP() );
#2814 = ITEM_DEFINED_TRANSFORMATION('','',#11,#111);
#2815 = PRODUCT_DEFINITION_SHAPE('Placement','Placement of an item',
  #2816);
#2816 = NEXT_ASSEMBLY_USAGE_OCCURRENCE('25',
  '0024_elbow_flexion-extension','',#5,#2703,$);
#2817 = PRODUCT_RELATED_PRODUCT_CATEGORY('part',$,(#2705));
#2818 = SHAPE_DEFINITION_REPRESENTATION(#2819,#2825);
#2819 = PRODUCT_DEFINITION_SHAPE('','',#2820);
#2820 = PRODUCT_DEFINITION('design','',#2821,#2824);
#2821 = PRODUCT_DEFINITION_FORMATION('','',#2822);
#2822 = PRODUCT('0025_elbow_flexion-extension',
  '0025_elbow_flexion-extension','',(#2823));
#2823 = PRODUCT_CONTEXT('',#2,'mechanical');
#2824 = PRODUCT_DEFINITION_CONTEXT('part definition',#2,'design');
#2825 = ADVANCED_BREP_SHAPE_REPRESENTATION('',(#11,#2826),#2924);
#2826 = MANIFOLD_SOLID_BREP('',#2827);
#2827 = CLOSED_SHELL('',(#2828,#2916,#2920));
#2828 = ADVANCED_FACE('',(#2829),#2842,.T.);
#2829 = FACE_BOUND('',#2830,.T.);
#2830 = EDGE_LOOP('',(#2831,#2865,#2888,#2915));
#2831 = ORIENTED_EDGE('',*,*,#2832,.F.);
#2832 = EDGE_CURVE('',#2833,#2833,#2835,.T.);
#2833 = VERTEX_POINT('',#2834);
#2834 = CARTESIAN_POINT('',(-45.,68.,191.5));
#2835 = SURFACE_CURVE('',#2836,(#2841,#2853),.PCURVE_S1.);
#2836 = CIRCLE('',#2837,1.5);
#2837 = AXIS2_PLACEMENT_3D('',#2838,#2839,#2840);
#2838 = CARTESIAN_POINT('',(-45.,68.,190.));
#2839 = DIRECTION('',(1.,0.,0.));
#2840 = DIRECTION('',(-0.,0.,1.));
#2841 = PCURVE('',#2842,#2847);
#2842 = CYLINDRICAL_SURFACE('',#2843,1.5);
#2843 = AXIS2_PLACEMENT_3D('',#2844,#2845,#2846);
#2844 = CARTESIAN_POINT('',(-75.,68.,190.));
#2845 = DIRECTION('',(1.,0.,0.));
#2846 = DIRECTION('',(-0.,0.,1.));
#2847 = DEFINITIONAL_REPRESENTATION('',(#2848),#2852);
#2848 = LINE('',#2849,#2850);
#2849 = CARTESIAN_POINT('',(0.,30.));
#2850 = VECTOR('',#2851,1.);
#2851 = DIRECTION('',(1.,0.));
#2852 = ( GEOMETRIC_REPRESENTATION_CONTEXT(2) 
PARAMETRIC_REPRESENTATION_CONTEXT() REPRESENTATION_CONTEXT('2D SPACE',''
  ) );
#2853 = PCURVE('',#2854,#2859);
#2854 = PLANE('',#2855);
#2855 = AXIS2_PLACEMENT_3D('',#2856,#2857,#2858);
#2856 = CARTESIAN_POINT('',(-45.,68.,190.));
#2857 = DIRECTION('',(1.,0.,0.));
#2858 = DIRECTION('',(-0.,0.,1.));
#2859 = DEFINITIONAL_REPRESENTATION('',(#2860),#2864);
#2860 = CIRCLE('',#2861,1.5);
#2861 = AXIS2_PLACEMENT_2D('',#2862,#2863);
#2862 = CARTESIAN_POINT('',(0.,0.));
#2863 = DIRECTION('',(1.,0.));
#2864 = ( GEOMETRIC_REPRESENTATION_CONTEXT(2) 
PARAMETRIC_REPRESENTATION_CONTEXT() REPRESENTATION_CONTEXT('2D SPACE',''
  ) );
#2865 = ORIENTED_EDGE('',*,*,#2866,.F.);
#2866 = EDGE_CURVE('',#2867,#2833,#2869,.T.);
#2867 = VERTEX_POINT('',#2868);
#2868 = CARTESIAN_POINT('',(-75.,68.,191.5));
#2869 = SEAM_CURVE('',#2870,(#2874,#2881),.PCURVE_S1.);
#2870 = LINE('',#2871,#2872);
#2871 = CARTESIAN_POINT('',(-75.,68.,191.5));
#2872 = VECTOR('',#2873,1.);
#2873 = DIRECTION('',(1.,0.,0.));
#2874 = PCURVE('',#2842,#2875);
#2875 = DEFINITIONAL_REPRESENTATION('',(#2876),#2880);
#2876 = LINE('',#2877,#2878);
#2877 = CARTESIAN_POINT('',(6.28318530718,-0.));
#2878 = VECTOR('',#2879,1.);
#2879 = DIRECTION('',(0.,1.));
#2880 = ( GEOMETRIC_REPRESENTATION_CONTEXT(2) 
PARAMETRIC_REPRESENTATION_CONTEXT() REPRESENTATION_CONTEXT('2D SPACE',''
  ) );
#2881 = PCURVE('',#2842,#2882);
#2882 = DEFINITIONAL_REPRESENTATION('',(#2883),#2887);
#2883 = LINE('',#2884,#2885);
#2884 = CARTESIAN_POINT('',(0.,-0.));
#2885 = VECTOR('',#2886,1.);
#2886 = DIRECTION('',(0.,1.));
#2887 = ( GEOMETRIC_REPRESENTATION_CONTEXT(2) 
PARAMETRIC_REPRESENTATION_CONTEXT() REPRESENTATION_CONTEXT('2D SPACE',''
  ) );
#2888 = ORIENTED_EDGE('',*,*,#2889,.T.);
#2889 = EDGE_CURVE('',#2867,#2867,#2890,.T.);
#2890 = SURFACE_CURVE('',#2891,(#2896,#2903),.PCURVE_S1.);
#2891 = CIRCLE('',#2892,1.5);
#2892 = AXIS2_PLACEMENT_3D('',#2893,#2894,#2895);
#2893 = CARTESIAN_POINT('',(-75.,68.,190.));
#2894 = DIRECTION('',(1.,0.,0.));
#2895 = DIRECTION('',(-0.,0.,1.));
#2896 = PCURVE('',#2842,#2897);
#2897 = DEFINITIONAL_REPRESENTATION('',(#2898),#2902);
#2898 = LINE('',#2899,#2900);
#2899 = CARTESIAN_POINT('',(0.,0.));
#2900 = VECTOR('',#2901,1.);
#2901 = DIRECTION('',(1.,0.));
#2902 = ( GEOMETRIC_REPRESENTATION_CONTEXT(2) 
PARAMETRIC_REPRESENTATION_CONTEXT() REPRESENTATION_CONTEXT('2D SPACE',''
  ) );
#2903 = PCURVE('',#2904,#2909);
#2904 = PLANE('',#2905);
#2905 = AXIS2_PLACEMENT_3D('',#2906,#2907,#2908);
#2906 = CARTESIAN_POINT('',(-75.,68.,190.));
#2907 = DIRECTION('',(1.,0.,0.));
#2908 = DIRECTION('',(-0.,0.,1.));
#2909 = DEFINITIONAL_REPRESENTATION('',(#2910),#2914);
#2910 = CIRCLE('',#2911,1.5);
#2911 = AXIS2_PLACEMENT_2D('',#2912,#2913);
#2912 = CARTESIAN_POINT('',(0.,0.));
#2913 = DIRECTION('',(1.,0.));
#2914 = ( GEOMETRIC_REPRESENTATION_CONTEXT(2) 
PARAMETRIC_REPRESENTATION_CONTEXT() REPRESENTATION_CONTEXT('2D SPACE',''
  ) );
#2915 = ORIENTED_EDGE('',*,*,#2866,.T.);
#2916 = ADVANCED_FACE('',(#2917),#2854,.T.);
#2917 = FACE_BOUND('',#2918,.T.);
#2918 = EDGE_LOOP('',(#2919));
#2919 = ORIENTED_EDGE('',*,*,#2832,.T.);
#2920 = ADVANCED_FACE('',(#2921),#2904,.F.);
#2921 = FACE_BOUND('',#2922,.T.);
#2922 = EDGE_LOOP('',(#2923));
#2923 = ORIENTED_EDGE('',*,*,#2889,.F.);
#2924 = ( GEOMETRIC_REPRESENTATION_CONTEXT(3) 
GLOBAL_UNCERTAINTY_ASSIGNED_CONTEXT((#2928)) 
GLOBAL_UNIT_ASSIGNED_CONTEXT((#2925,#2926,#2927)) REPRESENTATION_CONTEXT
('Context #1','3D Context with UNIT and UNCERTAINTY') );
#2925 = ( LENGTH_UNIT() NAMED_UNIT(*) SI_UNIT(.MILLI.,.METRE.) );
#2926 = ( NAMED_UNIT(*) PLANE_ANGLE_UNIT() SI_UNIT($,.RADIAN.) );
#2927 = ( NAMED_UNIT(*) SI_UNIT($,.STERADIAN.) SOLID_ANGLE_UNIT() );
#2928 = UNCERTAINTY_MEASURE_WITH_UNIT(LENGTH_MEASURE(1.E-07),#2925,
  'distance_accuracy_value','confusion accuracy');
#2929 = CONTEXT_DEPENDENT_SHAPE_REPRESENTATION(#2930,#2932);
#2930 = ( REPRESENTATION_RELATIONSHIP('','',#2825,#10) 
REPRESENTATION_RELATIONSHIP_WITH_TRANSFORMATION(#2931) 
SHAPE_REPRESENTATION_RELATIONSHIP() );
#2931 = ITEM_DEFINED_TRANSFORMATION('','',#11,#115);
#2932 = PRODUCT_DEFINITION_SHAPE('Placement','Placement of an item',
  #2933);
#2933 = NEXT_ASSEMBLY_USAGE_OCCURRENCE('26',
  '0025_elbow_flexion-extension','',#5,#2820,$);
#2934 = PRODUCT_RELATED_PRODUCT_CATEGORY('part',$,(#2822));
#2935 = SHAPE_DEFINITION_REPRESENTATION(#2936,#2942);
#2936 = PRODUCT_DEFINITION_SHAPE('','',#2937);
#2937 = PRODUCT_DEFINITION('design','',#2938,#2941);
#2938 = PRODUCT_DEFINITION_FORMATION('','',#2939);
#2939 = PRODUCT('0026_carpus_flexion-extension',
  '0026_carpus_flexion-extension','',(#2940));
#2940 = PRODUCT_CONTEXT('',#2,'mechanical');
#2941 = PRODUCT_DEFINITION_CONTEXT('part definition',#2,'design');
#2942 = ADVANCED_BREP_SHAPE_REPRESENTATION('',(#11,#2943),#3041);
#2943 = MANIFOLD_SOLID_BREP('',#2944);
#2944 = CLOSED_SHELL('',(#2945,#3033,#3037));
#2945 = ADVANCED_FACE('',(#2946),#2959,.T.);
#2946 = FACE_BOUND('',#2947,.T.);
#2947 = EDGE_LOOP('',(#2948,#2982,#3005,#3032));
#2948 = ORIENTED_EDGE('',*,*,#2949,.F.);
#2949 = EDGE_CURVE('',#2950,#2950,#2952,.T.);
#2950 = VERTEX_POINT('',#2951);
#2951 = CARTESIAN_POINT('',(75.,85.2,74.4));
#2952 = SURFACE_CURVE('',#2953,(#2958,#2970),.PCURVE_S1.);
#2953 = CIRCLE('',#2954,1.5);
#2954 = AXIS2_PLACEMENT_3D('',#2955,#2956,#2957);
#2955 = CARTESIAN_POINT('',(75.,85.2,72.9));
#2956 = DIRECTION('',(1.,0.,0.));
#2957 = DIRECTION('',(-0.,0.,1.));
#2958 = PCURVE('',#2959,#2964);
#2959 = CYLINDRICAL_SURFACE('',#2960,1.5);
#2960 = AXIS2_PLACEMENT_3D('',#2961,#2962,#2963);
#2961 = CARTESIAN_POINT('',(45.,85.2,72.9));
#2962 = DIRECTION('',(1.,0.,0.));
#2963 = DIRECTION('',(-0.,0.,1.));
#2964 = DEFINITIONAL_REPRESENTATION('',(#2965),#2969);
#2965 = LINE('',#2966,#2967);
#2966 = CARTESIAN_POINT('',(0.,30.));
#2967 = VECTOR('',#2968,1.);
#2968 = DIRECTION('',(1.,0.));
#2969 = ( GEOMETRIC_REPRESENTATION_CONTEXT(2) 
PARAMETRIC_REPRESENTATION_CONTEXT() REPRESENTATION_CONTEXT('2D SPACE',''
  ) );
#2970 = PCURVE('',#2971,#2976);
#2971 = PLANE('',#2972);
#2972 = AXIS2_PLACEMENT_3D('',#2973,#2974,#2975);
#2973 = CARTESIAN_POINT('',(75.,85.2,72.9));
#2974 = DIRECTION('',(1.,0.,0.));
#2975 = DIRECTION('',(-0.,0.,1.));
#2976 = DEFINITIONAL_REPRESENTATION('',(#2977),#2981);
#2977 = CIRCLE('',#2978,1.5);
#2978 = AXIS2_PLACEMENT_2D('',#2979,#2980);
#2979 = CARTESIAN_POINT('',(0.,0.));
#2980 = DIRECTION('',(1.,0.));
#2981 = ( GEOMETRIC_REPRESENTATION_CONTEXT(2) 
PARAMETRIC_REPRESENTATION_CONTEXT() REPRESENTATION_CONTEXT('2D SPACE',''
  ) );
#2982 = ORIENTED_EDGE('',*,*,#2983,.F.);
#2983 = EDGE_CURVE('',#2984,#2950,#2986,.T.);
#2984 = VERTEX_POINT('',#2985);
#2985 = CARTESIAN_POINT('',(45.,85.2,74.4));
#2986 = SEAM_CURVE('',#2987,(#2991,#2998),.PCURVE_S1.);
#2987 = LINE('',#2988,#2989);
#2988 = CARTESIAN_POINT('',(45.,85.2,74.4));
#2989 = VECTOR('',#2990,1.);
#2990 = DIRECTION('',(1.,0.,0.));
#2991 = PCURVE('',#2959,#2992);
#2992 = DEFINITIONAL_REPRESENTATION('',(#2993),#2997);
#2993 = LINE('',#2994,#2995);
#2994 = CARTESIAN_POINT('',(6.28318530718,-0.));
#2995 = VECTOR('',#2996,1.);
#2996 = DIRECTION('',(0.,1.));
#2997 = ( GEOMETRIC_REPRESENTATION_CONTEXT(2) 
PARAMETRIC_REPRESENTATION_CONTEXT() REPRESENTATION_CONTEXT('2D SPACE',''
  ) );
#2998 = PCURVE('',#2959,#2999);
#2999 = DEFINITIONAL_REPRESENTATION('',(#3000),#3004);
#3000 = LINE('',#3001,#3002);
#3001 = CARTESIAN_POINT('',(0.,-0.));
#3002 = VECTOR('',#3003,1.);
#3003 = DIRECTION('',(0.,1.));
#3004 = ( GEOMETRIC_REPRESENTATION_CONTEXT(2) 
PARAMETRIC_REPRESENTATION_CONTEXT() REPRESENTATION_CONTEXT('2D SPACE',''
  ) );
#3005 = ORIENTED_EDGE('',*,*,#3006,.T.);
#3006 = EDGE_CURVE('',#2984,#2984,#3007,.T.);
#3007 = SURFACE_CURVE('',#3008,(#3013,#3020),.PCURVE_S1.);
#3008 = CIRCLE('',#3009,1.5);
#3009 = AXIS2_PLACEMENT_3D('',#3010,#3011,#3012);
#3010 = CARTESIAN_POINT('',(45.,85.2,72.9));
#3011 = DIRECTION('',(1.,0.,0.));
#3012 = DIRECTION('',(-0.,0.,1.));
#3013 = PCURVE('',#2959,#3014);
#3014 = DEFINITIONAL_REPRESENTATION('',(#3015),#3019);
#3015 = LINE('',#3016,#3017);
#3016 = CARTESIAN_POINT('',(0.,0.));
#3017 = VECTOR('',#3018,1.);
#3018 = DIRECTION('',(1.,0.));
#3019 = ( GEOMETRIC_REPRESENTATION_CONTEXT(2) 
PARAMETRIC_REPRESENTATION_CONTEXT() REPRESENTATION_CONTEXT('2D SPACE',''
  ) );
#3020 = PCURVE('',#3021,#3026);
#3021 = PLANE('',#3022);
#3022 = AXIS2_PLACEMENT_3D('',#3023,#3024,#3025);
#3023 = CARTESIAN_POINT('',(45.,85.2,72.9));
#3024 = DIRECTION('',(1.,0.,0.));
#3025 = DIRECTION('',(-0.,0.,1.));
#3026 = DEFINITIONAL_REPRESENTATION('',(#3027),#3031);
#3027 = CIRCLE('',#3028,1.5);
#3028 = AXIS2_PLACEMENT_2D('',#3029,#3030);
#3029 = CARTESIAN_POINT('',(0.,0.));
#3030 = DIRECTION('',(1.,0.));
#3031 = ( GEOMETRIC_REPRESENTATION_CONTEXT(2) 
PARAMETRIC_REPRESENTATION_CONTEXT() REPRESENTATION_CONTEXT('2D SPACE',''
  ) );
#3032 = ORIENTED_EDGE('',*,*,#2983,.T.);
#3033 = ADVANCED_FACE('',(#3034),#2971,.T.);
#3034 = FACE_BOUND('',#3035,.T.);
#3035 = EDGE_LOOP('',(#3036));
#3036 = ORIENTED_EDGE('',*,*,#2949,.T.);
#3037 = ADVANCED_FACE('',(#3038),#3021,.F.);
#3038 = FACE_BOUND('',#3039,.T.);
#3039 = EDGE_LOOP('',(#3040));
#3040 = ORIENTED_EDGE('',*,*,#3006,.F.);
#3041 = ( GEOMETRIC_REPRESENTATION_CONTEXT(3) 
GLOBAL_UNCERTAINTY_ASSIGNED_CONTEXT((#3045)) 
GLOBAL_UNIT_ASSIGNED_CONTEXT((#3042,#3043,#3044)) REPRESENTATION_CONTEXT
('Context #1','3D Context with UNIT and UNCERTAINTY') );
#3042 = ( LENGTH_UNIT() NAMED_UNIT(*) SI_UNIT(.MILLI.,.METRE.) );
#3043 = ( NAMED_UNIT(*) PLANE_ANGLE_UNIT() SI_UNIT($,.RADIAN.) );
#3044 = ( NAMED_UNIT(*) SI_UNIT($,.STERADIAN.) SOLID_ANGLE_UNIT() );
#3045 = UNCERTAINTY_MEASURE_WITH_UNIT(LENGTH_MEASURE(1.E-07),#3042,
  'distance_accuracy_value','confusion accuracy');
#3046 = CONTEXT_DEPENDENT_SHAPE_REPRESENTATION(#3047,#3049);
#3047 = ( REPRESENTATION_RELATIONSHIP('','',#2942,#10) 
REPRESENTATION_RELATIONSHIP_WITH_TRANSFORMATION(#3048) 
SHAPE_REPRESENTATION_RELATIONSHIP() );
#3048 = ITEM_DEFINED_TRANSFORMATION('','',#11,#119);
#3049 = PRODUCT_DEFINITION_SHAPE('Placement','Placement of an item',
  #3050);
#3050 = NEXT_ASSEMBLY_USAGE_OCCURRENCE('27',
  '0026_carpus_flexion-extension','',#5,#2937,$);
#3051 = PRODUCT_RELATED_PRODUCT_CATEGORY('part',$,(#2939));
#3052 = SHAPE_DEFINITION_REPRESENTATION(#3053,#3059);
#3053 = PRODUCT_DEFINITION_SHAPE('','',#3054);
#3054 = PRODUCT_DEFINITION('design','',#3055,#3058);
#3055 = PRODUCT_DEFINITION_FORMATION('','',#3056);
#3056 = PRODUCT('0027_carpus_flexion-extension',
  '0027_carpus_flexion-extension','',(#3057));
#3057 = PRODUCT_CONTEXT('',#2,'mechanical');
#3058 = PRODUCT_DEFINITION_CONTEXT('part definition',#2,'design');
#3059 = ADVANCED_BREP_SHAPE_REPRESENTATION('',(#11,#3060),#3158);
#3060 = MANIFOLD_SOLID_BREP('',#3061);
#3061 = CLOSED_SHELL('',(#3062,#3150,#3154));
#3062 = ADVANCED_FACE('',(#3063),#3076,.T.);
#3063 = FACE_BOUND('',#3064,.T.);
#3064 = EDGE_LOOP('',(#3065,#3099,#3122,#3149));
#3065 = ORIENTED_EDGE('',*,*,#3066,.F.);
#3066 = EDGE_CURVE('',#3067,#3067,#3069,.T.);
#3067 = VERTEX_POINT('',#3068);
#3068 = CARTESIAN_POINT('',(-45.,85.2,74.4));
#3069 = SURFACE_CURVE('',#3070,(#3075,#3087),.PCURVE_S1.);
#3070 = CIRCLE('',#3071,1.5);
#3071 = AXIS2_PLACEMENT_3D('',#3072,#3073,#3074);
#3072 = CARTESIAN_POINT('',(-45.,85.2,72.9));
#3073 = DIRECTION('',(1.,0.,0.));
#3074 = DIRECTION('',(-0.,0.,1.));
#3075 = PCURVE('',#3076,#3081);
#3076 = CYLINDRICAL_SURFACE('',#3077,1.5);
#3077 = AXIS2_PLACEMENT_3D('',#3078,#3079,#3080);
#3078 = CARTESIAN_POINT('',(-75.,85.2,72.9));
#3079 = DIRECTION('',(1.,0.,0.));
#3080 = DIRECTION('',(-0.,0.,1.));
#3081 = DEFINITIONAL_REPRESENTATION('',(#3082),#3086);
#3082 = LINE('',#3083,#3084);
#3083 = CARTESIAN_POINT('',(0.,30.));
#3084 = VECTOR('',#3085,1.);
#3085 = DIRECTION('',(1.,0.));
#3086 = ( GEOMETRIC_REPRESENTATION_CONTEXT(2) 
PARAMETRIC_REPRESENTATION_CONTEXT() REPRESENTATION_CONTEXT('2D SPACE',''
  ) );
#3087 = PCURVE('',#3088,#3093);
#3088 = PLANE('',#3089);
#3089 = AXIS2_PLACEMENT_3D('',#3090,#3091,#3092);
#3090 = CARTESIAN_POINT('',(-45.,85.2,72.9));
#3091 = DIRECTION('',(1.,0.,0.));
#3092 = DIRECTION('',(-0.,0.,1.));
#3093 = DEFINITIONAL_REPRESENTATION('',(#3094),#3098);
#3094 = CIRCLE('',#3095,1.5);
#3095 = AXIS2_PLACEMENT_2D('',#3096,#3097);
#3096 = CARTESIAN_POINT('',(0.,0.));
#3097 = DIRECTION('',(1.,0.));
#3098 = ( GEOMETRIC_REPRESENTATION_CONTEXT(2) 
PARAMETRIC_REPRESENTATION_CONTEXT() REPRESENTATION_CONTEXT('2D SPACE',''
  ) );
#3099 = ORIENTED_EDGE('',*,*,#3100,.F.);
#3100 = EDGE_CURVE('',#3101,#3067,#3103,.T.);
#3101 = VERTEX_POINT('',#3102);
#3102 = CARTESIAN_POINT('',(-75.,85.2,74.4));
#3103 = SEAM_CURVE('',#3104,(#3108,#3115),.PCURVE_S1.);
#3104 = LINE('',#3105,#3106);
#3105 = CARTESIAN_POINT('',(-75.,85.2,74.4));
#3106 = VECTOR('',#3107,1.);
#3107 = DIRECTION('',(1.,0.,0.));
#3108 = PCURVE('',#3076,#3109);
#3109 = DEFINITIONAL_REPRESENTATION('',(#3110),#3114);
#3110 = LINE('',#3111,#3112);
#3111 = CARTESIAN_POINT('',(6.28318530718,-0.));
#3112 = VECTOR('',#3113,1.);
#3113 = DIRECTION('',(0.,1.));
#3114 = ( GEOMETRIC_REPRESENTATION_CONTEXT(2) 
PARAMETRIC_REPRESENTATION_CONTEXT() REPRESENTATION_CONTEXT('2D SPACE',''
  ) );
#3115 = PCURVE('',#3076,#3116);
#3116 = DEFINITIONAL_REPRESENTATION('',(#3117),#3121);
#3117 = LINE('',#3118,#3119);
#3118 = CARTESIAN_POINT('',(0.,-0.));
#3119 = VECTOR('',#3120,1.);
#3120 = DIRECTION('',(0.,1.));
#3121 = ( GEOMETRIC_REPRESENTATION_CONTEXT(2) 
PARAMETRIC_REPRESENTATION_CONTEXT() REPRESENTATION_CONTEXT('2D SPACE',''
  ) );
#3122 = ORIENTED_EDGE('',*,*,#3123,.T.);
#3123 = EDGE_CURVE('',#3101,#3101,#3124,.T.);
#3124 = SURFACE_CURVE('',#3125,(#3130,#3137),.PCURVE_S1.);
#3125 = CIRCLE('',#3126,1.5);
#3126 = AXIS2_PLACEMENT_3D('',#3127,#3128,#3129);
#3127 = CARTESIAN_POINT('',(-75.,85.2,72.9));
#3128 = DIRECTION('',(1.,0.,0.));
#3129 = DIRECTION('',(-0.,0.,1.));
#3130 = PCURVE('',#3076,#3131);
#3131 = DEFINITIONAL_REPRESENTATION('',(#3132),#3136);
#3132 = LINE('',#3133,#3134);
#3133 = CARTESIAN_POINT('',(0.,0.));
#3134 = VECTOR('',#3135,1.);
#3135 = DIRECTION('',(1.,0.));
#3136 = ( GEOMETRIC_REPRESENTATION_CONTEXT(2) 
PARAMETRIC_REPRESENTATION_CONTEXT() REPRESENTATION_CONTEXT('2D SPACE',''
  ) );
#3137 = PCURVE('',#3138,#3143);
#3138 = PLANE('',#3139);
#3139 = AXIS2_PLACEMENT_3D('',#3140,#3141,#3142);
#3140 = CARTESIAN_POINT('',(-75.,85.2,72.9));
#3141 = DIRECTION('',(1.,0.,0.));
#3142 = DIRECTION('',(-0.,0.,1.));
#3143 = DEFINITIONAL_REPRESENTATION('',(#3144),#3148);
#3144 = CIRCLE('',#3145,1.5);
#3145 = AXIS2_PLACEMENT_2D('',#3146,#3147);
#3146 = CARTESIAN_POINT('',(0.,0.));
#3147 = DIRECTION('',(1.,0.));
#3148 = ( GEOMETRIC_REPRESENTATION_CONTEXT(2) 
PARAMETRIC_REPRESENTATION_CONTEXT() REPRESENTATION_CONTEXT('2D SPACE',''
  ) );
#3149 = ORIENTED_EDGE('',*,*,#3100,.T.);
#3150 = ADVANCED_FACE('',(#3151),#3088,.T.);
#3151 = FACE_BOUND('',#3152,.T.);
#3152 = EDGE_LOOP('',(#3153));
#3153 = ORIENTED_EDGE('',*,*,#3066,.T.);
#3154 = ADVANCED_FACE('',(#3155),#3138,.F.);
#3155 = FACE_BOUND('',#3156,.T.);
#3156 = EDGE_LOOP('',(#3157));
#3157 = ORIENTED_EDGE('',*,*,#3123,.F.);
#3158 = ( GEOMETRIC_REPRESENTATION_CONTEXT(3) 
GLOBAL_UNCERTAINTY_ASSIGNED_CONTEXT((#3162)) 
GLOBAL_UNIT_ASSIGNED_CONTEXT((#3159,#3160,#3161)) REPRESENTATION_CONTEXT
('Context #1','3D Context with UNIT and UNCERTAINTY') );
#3159 = ( LENGTH_UNIT() NAMED_UNIT(*) SI_UNIT(.MILLI.,.METRE.) );
#3160 = ( NAMED_UNIT(*) PLANE_ANGLE_UNIT() SI_UNIT($,.RADIAN.) );
#3161 = ( NAMED_UNIT(*) SI_UNIT($,.STERADIAN.) SOLID_ANGLE_UNIT() );
#3162 = UNCERTAINTY_MEASURE_WITH_UNIT(LENGTH_MEASURE(1.E-07),#3159,
  'distance_accuracy_value','confusion accuracy');
#3163 = CONTEXT_DEPENDENT_SHAPE_REPRESENTATION(#3164,#3166);
#3164 = ( REPRESENTATION_RELATIONSHIP('','',#3059,#10) 
REPRESENTATION_RELATIONSHIP_WITH_TRANSFORMATION(#3165) 
SHAPE_REPRESENTATION_RELATIONSHIP() );
#3165 = ITEM_DEFINED_TRANSFORMATION('','',#11,#123);
#3166 = PRODUCT_DEFINITION_SHAPE('Placement','Placement of an item',
  #3167);
#3167 = NEXT_ASSEMBLY_USAGE_OCCURRENCE('28',
  '0027_carpus_flexion-extension','',#5,#3054,$);
#3168 = PRODUCT_RELATED_PRODUCT_CATEGORY('part',$,(#3056));
#3169 = SHAPE_DEFINITION_REPRESENTATION(#3170,#3176);
#3170 = PRODUCT_DEFINITION_SHAPE('','',#3171);
#3171 = PRODUCT_DEFINITION('design','',#3172,#3175);
#3172 = PRODUCT_DEFINITION_FORMATION('','',#3173);
#3173 = PRODUCT('0028_hip_FRONTSTEP_--_pitch_(fwd-back)',
  '0028_hip_FRONTSTEP_--_pitch_(fwd-back)','',(#3174));
#3174 = PRODUCT_CONTEXT('',#2,'mechanical');
#3175 = PRODUCT_DEFINITION_CONTEXT('part definition',#2,'design');
#3176 = ADVANCED_BREP_SHAPE_REPRESENTATION('',(#11,#3177),#3275);
#3177 = MANIFOLD_SOLID_BREP('',#3178);
#3178 = CLOSED_SHELL('',(#3179,#3267,#3271));
#3179 = ADVANCED_FACE('',(#3180),#3193,.T.);
#3180 = FACE_BOUND('',#3181,.T.);
#3181 = EDGE_LOOP('',(#3182,#3216,#3239,#3266));
#3182 = ORIENTED_EDGE('',*,*,#3183,.F.);
#3183 = EDGE_CURVE('',#3184,#3184,#3186,.T.);
#3184 = VERTEX_POINT('',#3185);
#3185 = CARTESIAN_POINT('',(67.,364.5,297.2));
#3186 = SURFACE_CURVE('',#3187,(#3192,#3204),.PCURVE_S1.);
#3187 = CIRCLE('',#3188,1.5);
#3188 = AXIS2_PLACEMENT_3D('',#3189,#3190,#3191);
#3189 = CARTESIAN_POINT('',(67.,364.5,295.7));
#3190 = DIRECTION('',(1.,0.,0.));
#3191 = DIRECTION('',(-0.,0.,1.));
#3192 = PCURVE('',#3193,#3198);
#3193 = CYLINDRICAL_SURFACE('',#3194,1.5);
#3194 = AXIS2_PLACEMENT_3D('',#3195,#3196,#3197);
#3195 = CARTESIAN_POINT('',(37.,364.5,295.7));
#3196 = DIRECTION('',(1.,0.,0.));
#3197 = DIRECTION('',(-0.,0.,1.));
#3198 = DEFINITIONAL_REPRESENTATION('',(#3199),#3203);
#3199 = LINE('',#3200,#3201);
#3200 = CARTESIAN_POINT('',(0.,30.));
#3201 = VECTOR('',#3202,1.);
#3202 = DIRECTION('',(1.,0.));
#3203 = ( GEOMETRIC_REPRESENTATION_CONTEXT(2) 
PARAMETRIC_REPRESENTATION_CONTEXT() REPRESENTATION_CONTEXT('2D SPACE',''
  ) );
#3204 = PCURVE('',#3205,#3210);
#3205 = PLANE('',#3206);
#3206 = AXIS2_PLACEMENT_3D('',#3207,#3208,#3209);
#3207 = CARTESIAN_POINT('',(67.,364.5,295.7));
#3208 = DIRECTION('',(1.,0.,0.));
#3209 = DIRECTION('',(-0.,0.,1.));
#3210 = DEFINITIONAL_REPRESENTATION('',(#3211),#3215);
#3211 = CIRCLE('',#3212,1.5);
#3212 = AXIS2_PLACEMENT_2D('',#3213,#3214);
#3213 = CARTESIAN_POINT('',(0.,0.));
#3214 = DIRECTION('',(1.,0.));
#3215 = ( GEOMETRIC_REPRESENTATION_CONTEXT(2) 
PARAMETRIC_REPRESENTATION_CONTEXT() REPRESENTATION_CONTEXT('2D SPACE',''
  ) );
#3216 = ORIENTED_EDGE('',*,*,#3217,.F.);
#3217 = EDGE_CURVE('',#3218,#3184,#3220,.T.);
#3218 = VERTEX_POINT('',#3219);
#3219 = CARTESIAN_POINT('',(37.,364.5,297.2));
#3220 = SEAM_CURVE('',#3221,(#3225,#3232),.PCURVE_S1.);
#3221 = LINE('',#3222,#3223);
#3222 = CARTESIAN_POINT('',(37.,364.5,297.2));
#3223 = VECTOR('',#3224,1.);
#3224 = DIRECTION('',(1.,0.,0.));
#3225 = PCURVE('',#3193,#3226);
#3226 = DEFINITIONAL_REPRESENTATION('',(#3227),#3231);
#3227 = LINE('',#3228,#3229);
#3228 = CARTESIAN_POINT('',(6.28318530718,-0.));
#3229 = VECTOR('',#3230,1.);
#3230 = DIRECTION('',(0.,1.));
#3231 = ( GEOMETRIC_REPRESENTATION_CONTEXT(2) 
PARAMETRIC_REPRESENTATION_CONTEXT() REPRESENTATION_CONTEXT('2D SPACE',''
  ) );
#3232 = PCURVE('',#3193,#3233);
#3233 = DEFINITIONAL_REPRESENTATION('',(#3234),#3238);
#3234 = LINE('',#3235,#3236);
#3235 = CARTESIAN_POINT('',(0.,-0.));
#3236 = VECTOR('',#3237,1.);
#3237 = DIRECTION('',(0.,1.));
#3238 = ( GEOMETRIC_REPRESENTATION_CONTEXT(2) 
PARAMETRIC_REPRESENTATION_CONTEXT() REPRESENTATION_CONTEXT('2D SPACE',''
  ) );
#3239 = ORIENTED_EDGE('',*,*,#3240,.T.);
#3240 = EDGE_CURVE('',#3218,#3218,#3241,.T.);
#3241 = SURFACE_CURVE('',#3242,(#3247,#3254),.PCURVE_S1.);
#3242 = CIRCLE('',#3243,1.5);
#3243 = AXIS2_PLACEMENT_3D('',#3244,#3245,#3246);
#3244 = CARTESIAN_POINT('',(37.,364.5,295.7));
#3245 = DIRECTION('',(1.,0.,0.));
#3246 = DIRECTION('',(-0.,0.,1.));
#3247 = PCURVE('',#3193,#3248);
#3248 = DEFINITIONAL_REPRESENTATION('',(#3249),#3253);
#3249 = LINE('',#3250,#3251);
#3250 = CARTESIAN_POINT('',(0.,0.));
#3251 = VECTOR('',#3252,1.);
#3252 = DIRECTION('',(1.,0.));
#3253 = ( GEOMETRIC_REPRESENTATION_CONTEXT(2) 
PARAMETRIC_REPRESENTATION_CONTEXT() REPRESENTATION_CONTEXT('2D SPACE',''
  ) );
#3254 = PCURVE('',#3255,#3260);
#3255 = PLANE('',#3256);
#3256 = AXIS2_PLACEMENT_3D('',#3257,#3258,#3259);
#3257 = CARTESIAN_POINT('',(37.,364.5,295.7));
#3258 = DIRECTION('',(1.,0.,0.));
#3259 = DIRECTION('',(-0.,0.,1.));
#3260 = DEFINITIONAL_REPRESENTATION('',(#3261),#3265);
#3261 = CIRCLE('',#3262,1.5);
#3262 = AXIS2_PLACEMENT_2D('',#3263,#3264);
#3263 = CARTESIAN_POINT('',(0.,0.));
#3264 = DIRECTION('',(1.,0.));
#3265 = ( GEOMETRIC_REPRESENTATION_CONTEXT(2) 
PARAMETRIC_REPRESENTATION_CONTEXT() REPRESENTATION_CONTEXT('2D SPACE',''
  ) );
#3266 = ORIENTED_EDGE('',*,*,#3217,.T.);
#3267 = ADVANCED_FACE('',(#3268),#3205,.T.);
#3268 = FACE_BOUND('',#3269,.T.);
#3269 = EDGE_LOOP('',(#3270));
#3270 = ORIENTED_EDGE('',*,*,#3183,.T.);
#3271 = ADVANCED_FACE('',(#3272),#3255,.F.);
#3272 = FACE_BOUND('',#3273,.T.);
#3273 = EDGE_LOOP('',(#3274));
#3274 = ORIENTED_EDGE('',*,*,#3240,.F.);
#3275 = ( GEOMETRIC_REPRESENTATION_CONTEXT(3) 
GLOBAL_UNCERTAINTY_ASSIGNED_CONTEXT((#3279)) 
GLOBAL_UNIT_ASSIGNED_CONTEXT((#3276,#3277,#3278)) REPRESENTATION_CONTEXT
('Context #1','3D Context with UNIT and UNCERTAINTY') );
#3276 = ( LENGTH_UNIT() NAMED_UNIT(*) SI_UNIT(.MILLI.,.METRE.) );
#3277 = ( NAMED_UNIT(*) PLANE_ANGLE_UNIT() SI_UNIT($,.RADIAN.) );
#3278 = ( NAMED_UNIT(*) SI_UNIT($,.STERADIAN.) SOLID_ANGLE_UNIT() );
#3279 = UNCERTAINTY_MEASURE_WITH_UNIT(LENGTH_MEASURE(1.E-07),#3276,
  'distance_accuracy_value','confusion accuracy');
#3280 = CONTEXT_DEPENDENT_SHAPE_REPRESENTATION(#3281,#3283);
#3281 = ( REPRESENTATION_RELATIONSHIP('','',#3176,#10) 
REPRESENTATION_RELATIONSHIP_WITH_TRANSFORMATION(#3282) 
SHAPE_REPRESENTATION_RELATIONSHIP() );
#3282 = ITEM_DEFINED_TRANSFORMATION('','',#11,#127);
#3283 = PRODUCT_DEFINITION_SHAPE('Placement','Placement of an item',
  #3284);
#3284 = NEXT_ASSEMBLY_USAGE_OCCURRENCE('29',
  '0028_hip_FRONTSTEP_--_pitch_(fwd-back)','',#5,#3171,$);
#3285 = PRODUCT_RELATED_PRODUCT_CATEGORY('part',$,(#3173));
#3286 = SHAPE_DEFINITION_REPRESENTATION(#3287,#3293);
#3287 = PRODUCT_DEFINITION_SHAPE('','',#3288);
#3288 = PRODUCT_DEFINITION('design','',#3289,#3292);
#3289 = PRODUCT_DEFINITION_FORMATION('','',#3290);
#3290 = PRODUCT('0029_hip_FRONTSTEP_--_pitch_(fwd-back)',
  '0029_hip_FRONTSTEP_--_pitch_(fwd-back)','',(#3291));
#3291 = PRODUCT_CONTEXT('',#2,'mechanical');
#3292 = PRODUCT_DEFINITION_CONTEXT('part definition',#2,'design');
#3293 = ADVANCED_BREP_SHAPE_REPRESENTATION('',(#11,#3294),#3392);
#3294 = MANIFOLD_SOLID_BREP('',#3295);
#3295 = CLOSED_SHELL('',(#3296,#3384,#3388));
#3296 = ADVANCED_FACE('',(#3297),#3310,.T.);
#3297 = FACE_BOUND('',#3298,.T.);
#3298 = EDGE_LOOP('',(#3299,#3333,#3356,#3383));
#3299 = ORIENTED_EDGE('',*,*,#3300,.F.);
#3300 = EDGE_CURVE('',#3301,#3301,#3303,.T.);
#3301 = VERTEX_POINT('',#3302);
#3302 = CARTESIAN_POINT('',(-37.,364.5,297.2));
#3303 = SURFACE_CURVE('',#3304,(#3309,#3321),.PCURVE_S1.);
#3304 = CIRCLE('',#3305,1.5);
#3305 = AXIS2_PLACEMENT_3D('',#3306,#3307,#3308);
#3306 = CARTESIAN_POINT('',(-37.,364.5,295.7));
#3307 = DIRECTION('',(1.,0.,0.));
#3308 = DIRECTION('',(-0.,0.,1.));
#3309 = PCURVE('',#3310,#3315);
#3310 = CYLINDRICAL_SURFACE('',#3311,1.5);
#3311 = AXIS2_PLACEMENT_3D('',#3312,#3313,#3314);
#3312 = CARTESIAN_POINT('',(-67.,364.5,295.7));
#3313 = DIRECTION('',(1.,0.,0.));
#3314 = DIRECTION('',(-0.,0.,1.));
#3315 = DEFINITIONAL_REPRESENTATION('',(#3316),#3320);
#3316 = LINE('',#3317,#3318);
#3317 = CARTESIAN_POINT('',(0.,30.));
#3318 = VECTOR('',#3319,1.);
#3319 = DIRECTION('',(1.,0.));
#3320 = ( GEOMETRIC_REPRESENTATION_CONTEXT(2) 
PARAMETRIC_REPRESENTATION_CONTEXT() REPRESENTATION_CONTEXT('2D SPACE',''
  ) );
#3321 = PCURVE('',#3322,#3327);
#3322 = PLANE('',#3323);
#3323 = AXIS2_PLACEMENT_3D('',#3324,#3325,#3326);
#3324 = CARTESIAN_POINT('',(-37.,364.5,295.7));
#3325 = DIRECTION('',(1.,0.,0.));
#3326 = DIRECTION('',(-0.,0.,1.));
#3327 = DEFINITIONAL_REPRESENTATION('',(#3328),#3332);
#3328 = CIRCLE('',#3329,1.5);
#3329 = AXIS2_PLACEMENT_2D('',#3330,#3331);
#3330 = CARTESIAN_POINT('',(0.,0.));
#3331 = DIRECTION('',(1.,0.));
#3332 = ( GEOMETRIC_REPRESENTATION_CONTEXT(2) 
PARAMETRIC_REPRESENTATION_CONTEXT() REPRESENTATION_CONTEXT('2D SPACE',''
  ) );
#3333 = ORIENTED_EDGE('',*,*,#3334,.F.);
#3334 = EDGE_CURVE('',#3335,#3301,#3337,.T.);
#3335 = VERTEX_POINT('',#3336);
#3336 = CARTESIAN_POINT('',(-67.,364.5,297.2));
#3337 = SEAM_CURVE('',#3338,(#3342,#3349),.PCURVE_S1.);
#3338 = LINE('',#3339,#3340);
#3339 = CARTESIAN_POINT('',(-67.,364.5,297.2));
#3340 = VECTOR('',#3341,1.);
#3341 = DIRECTION('',(1.,0.,0.));
#3342 = PCURVE('',#3310,#3343);
#3343 = DEFINITIONAL_REPRESENTATION('',(#3344),#3348);
#3344 = LINE('',#3345,#3346);
#3345 = CARTESIAN_POINT('',(6.28318530718,-0.));
#3346 = VECTOR('',#3347,1.);
#3347 = DIRECTION('',(0.,1.));
#3348 = ( GEOMETRIC_REPRESENTATION_CONTEXT(2) 
PARAMETRIC_REPRESENTATION_CONTEXT() REPRESENTATION_CONTEXT('2D SPACE',''
  ) );
#3349 = PCURVE('',#3310,#3350);
#3350 = DEFINITIONAL_REPRESENTATION('',(#3351),#3355);
#3351 = LINE('',#3352,#3353);
#3352 = CARTESIAN_POINT('',(0.,-0.));
#3353 = VECTOR('',#3354,1.);
#3354 = DIRECTION('',(0.,1.));
#3355 = ( GEOMETRIC_REPRESENTATION_CONTEXT(2) 
PARAMETRIC_REPRESENTATION_CONTEXT() REPRESENTATION_CONTEXT('2D SPACE',''
  ) );
#3356 = ORIENTED_EDGE('',*,*,#3357,.T.);
#3357 = EDGE_CURVE('',#3335,#3335,#3358,.T.);
#3358 = SURFACE_CURVE('',#3359,(#3364,#3371),.PCURVE_S1.);
#3359 = CIRCLE('',#3360,1.5);
#3360 = AXIS2_PLACEMENT_3D('',#3361,#3362,#3363);
#3361 = CARTESIAN_POINT('',(-67.,364.5,295.7));
#3362 = DIRECTION('',(1.,0.,0.));
#3363 = DIRECTION('',(-0.,0.,1.));
#3364 = PCURVE('',#3310,#3365);
#3365 = DEFINITIONAL_REPRESENTATION('',(#3366),#3370);
#3366 = LINE('',#3367,#3368);
#3367 = CARTESIAN_POINT('',(0.,0.));
#3368 = VECTOR('',#3369,1.);
#3369 = DIRECTION('',(1.,0.));
#3370 = ( GEOMETRIC_REPRESENTATION_CONTEXT(2) 
PARAMETRIC_REPRESENTATION_CONTEXT() REPRESENTATION_CONTEXT('2D SPACE',''
  ) );
#3371 = PCURVE('',#3372,#3377);
#3372 = PLANE('',#3373);
#3373 = AXIS2_PLACEMENT_3D('',#3374,#3375,#3376);
#3374 = CARTESIAN_POINT('',(-67.,364.5,295.7));
#3375 = DIRECTION('',(1.,0.,0.));
#3376 = DIRECTION('',(-0.,0.,1.));
#3377 = DEFINITIONAL_REPRESENTATION('',(#3378),#3382);
#3378 = CIRCLE('',#3379,1.5);
#3379 = AXIS2_PLACEMENT_2D('',#3380,#3381);
#3380 = CARTESIAN_POINT('',(0.,0.));
#3381 = DIRECTION('',(1.,0.));
#3382 = ( GEOMETRIC_REPRESENTATION_CONTEXT(2) 
PARAMETRIC_REPRESENTATION_CONTEXT() REPRESENTATION_CONTEXT('2D SPACE',''
  ) );
#3383 = ORIENTED_EDGE('',*,*,#3334,.T.);
#3384 = ADVANCED_FACE('',(#3385),#3322,.T.);
#3385 = FACE_BOUND('',#3386,.T.);
#3386 = EDGE_LOOP('',(#3387));
#3387 = ORIENTED_EDGE('',*,*,#3300,.T.);
#3388 = ADVANCED_FACE('',(#3389),#3372,.F.);
#3389 = FACE_BOUND('',#3390,.T.);
#3390 = EDGE_LOOP('',(#3391));
#3391 = ORIENTED_EDGE('',*,*,#3357,.F.);
#3392 = ( GEOMETRIC_REPRESENTATION_CONTEXT(3) 
GLOBAL_UNCERTAINTY_ASSIGNED_CONTEXT((#3396)) 
GLOBAL_UNIT_ASSIGNED_CONTEXT((#3393,#3394,#3395)) REPRESENTATION_CONTEXT
('Context #1','3D Context with UNIT and UNCERTAINTY') );
#3393 = ( LENGTH_UNIT() NAMED_UNIT(*) SI_UNIT(.MILLI.,.METRE.) );
#3394 = ( NAMED_UNIT(*) PLANE_ANGLE_UNIT() SI_UNIT($,.RADIAN.) );
#3395 = ( NAMED_UNIT(*) SI_UNIT($,.STERADIAN.) SOLID_ANGLE_UNIT() );
#3396 = UNCERTAINTY_MEASURE_WITH_UNIT(LENGTH_MEASURE(1.E-07),#3393,
  'distance_accuracy_value','confusion accuracy');
#3397 = CONTEXT_DEPENDENT_SHAPE_REPRESENTATION(#3398,#3400);
#3398 = ( REPRESENTATION_RELATIONSHIP('','',#3293,#10) 
REPRESENTATION_RELATIONSHIP_WITH_TRANSFORMATION(#3399) 
SHAPE_REPRESENTATION_RELATIONSHIP() );
#3399 = ITEM_DEFINED_TRANSFORMATION('','',#11,#131);
#3400 = PRODUCT_DEFINITION_SHAPE('Placement','Placement of an item',
  #3401);
#3401 = NEXT_ASSEMBLY_USAGE_OCCURRENCE('30',
  '0029_hip_FRONTSTEP_--_pitch_(fwd-back)','',#5,#3288,$);
#3402 = PRODUCT_RELATED_PRODUCT_CATEGORY('part',$,(#3290));
#3403 = SHAPE_DEFINITION_REPRESENTATION(#3404,#3410);
#3404 = PRODUCT_DEFINITION_SHAPE('','',#3405);
#3405 = PRODUCT_DEFINITION('design','',#3406,#3409);
#3406 = PRODUCT_DEFINITION_FORMATION('','',#3407);
#3407 = PRODUCT('0030_hip_SIDESTEP_--_ab-adduction_(left-right)',
  '0030_hip_SIDESTEP_--_ab-adduction_(left-right)','',(#3408));
#3408 = PRODUCT_CONTEXT('',#2,'mechanical');
#3409 = PRODUCT_DEFINITION_CONTEXT('part definition',#2,'design');
#3410 = ADVANCED_BREP_SHAPE_REPRESENTATION('',(#11,#3411),#3509);
#3411 = MANIFOLD_SOLID_BREP('',#3412);
#3412 = CLOSED_SHELL('',(#3413,#3501,#3505));
#3413 = ADVANCED_FACE('',(#3414),#3427,.T.);
#3414 = FACE_BOUND('',#3415,.T.);
#3415 = EDGE_LOOP('',(#3416,#3450,#3473,#3500));
#3416 = ORIENTED_EDGE('',*,*,#3417,.F.);
#3417 = EDGE_CURVE('',#3418,#3418,#3420,.T.);
#3418 = VERTEX_POINT('',#3419);
#3419 = CARTESIAN_POINT('',(52.,379.5,297.7));
#3420 = SURFACE_CURVE('',#3421,(#3426,#3438),.PCURVE_S1.);
#3421 = CIRCLE('',#3422,2.);
#3422 = AXIS2_PLACEMENT_3D('',#3423,#3424,#3425);
#3423 = CARTESIAN_POINT('',(52.,379.5,295.7));
#3424 = DIRECTION('',(0.,1.,0.));
#3425 = DIRECTION('',(0.,-0.,1.));
#3426 = PCURVE('',#3427,#3432);
#3427 = CYLINDRICAL_SURFACE('',#3428,2.);
#3428 = AXIS2_PLACEMENT_3D('',#3429,#3430,#3431);
#3429 = CARTESIAN_POINT('',(52.,349.5,295.7));
#3430 = DIRECTION('',(0.,1.,0.));
#3431 = DIRECTION('',(0.,-0.,1.));
#3432 = DEFINITIONAL_REPRESENTATION('',(#3433),#3437);
#3433 = LINE('',#3434,#3435);
#3434 = CARTESIAN_POINT('',(0.,30.));
#3435 = VECTOR('',#3436,1.);
#3436 = DIRECTION('',(1.,0.));
#3437 = ( GEOMETRIC_REPRESENTATION_CONTEXT(2) 
PARAMETRIC_REPRESENTATION_CONTEXT() REPRESENTATION_CONTEXT('2D SPACE',''
  ) );
#3438 = PCURVE('',#3439,#3444);
#3439 = PLANE('',#3440);
#3440 = AXIS2_PLACEMENT_3D('',#3441,#3442,#3443);
#3441 = CARTESIAN_POINT('',(52.,379.5,295.7));
#3442 = DIRECTION('',(0.,1.,0.));
#3443 = DIRECTION('',(0.,-0.,1.));
#3444 = DEFINITIONAL_REPRESENTATION('',(#3445),#3449);
#3445 = CIRCLE('',#3446,2.);
#3446 = AXIS2_PLACEMENT_2D('',#3447,#3448);
#3447 = CARTESIAN_POINT('',(0.,0.));
#3448 = DIRECTION('',(1.,0.));
#3449 = ( GEOMETRIC_REPRESENTATION_CONTEXT(2) 
PARAMETRIC_REPRESENTATION_CONTEXT() REPRESENTATION_CONTEXT('2D SPACE',''
  ) );
#3450 = ORIENTED_EDGE('',*,*,#3451,.F.);
#3451 = EDGE_CURVE('',#3452,#3418,#3454,.T.);
#3452 = VERTEX_POINT('',#3453);
#3453 = CARTESIAN_POINT('',(52.,349.5,297.7));
#3454 = SEAM_CURVE('',#3455,(#3459,#3466),.PCURVE_S1.);
#3455 = LINE('',#3456,#3457);
#3456 = CARTESIAN_POINT('',(52.,349.5,297.7));
#3457 = VECTOR('',#3458,1.);
#3458 = DIRECTION('',(0.,1.,0.));
#3459 = PCURVE('',#3427,#3460);
#3460 = DEFINITIONAL_REPRESENTATION('',(#3461),#3465);
#3461 = LINE('',#3462,#3463);
#3462 = CARTESIAN_POINT('',(6.28318530718,-0.));
#3463 = VECTOR('',#3464,1.);
#3464 = DIRECTION('',(0.,1.));
#3465 = ( GEOMETRIC_REPRESENTATION_CONTEXT(2) 
PARAMETRIC_REPRESENTATION_CONTEXT() REPRESENTATION_CONTEXT('2D SPACE',''
  ) );
#3466 = PCURVE('',#3427,#3467);
#3467 = DEFINITIONAL_REPRESENTATION('',(#3468),#3472);
#3468 = LINE('',#3469,#3470);
#3469 = CARTESIAN_POINT('',(0.,-0.));
#3470 = VECTOR('',#3471,1.);
#3471 = DIRECTION('',(0.,1.));
#3472 = ( GEOMETRIC_REPRESENTATION_CONTEXT(2) 
PARAMETRIC_REPRESENTATION_CONTEXT() REPRESENTATION_CONTEXT('2D SPACE',''
  ) );
#3473 = ORIENTED_EDGE('',*,*,#3474,.T.);
#3474 = EDGE_CURVE('',#3452,#3452,#3475,.T.);
#3475 = SURFACE_CURVE('',#3476,(#3481,#3488),.PCURVE_S1.);
#3476 = CIRCLE('',#3477,2.);
#3477 = AXIS2_PLACEMENT_3D('',#3478,#3479,#3480);
#3478 = CARTESIAN_POINT('',(52.,349.5,295.7));
#3479 = DIRECTION('',(0.,1.,0.));
#3480 = DIRECTION('',(0.,-0.,1.));
#3481 = PCURVE('',#3427,#3482);
#3482 = DEFINITIONAL_REPRESENTATION('',(#3483),#3487);
#3483 = LINE('',#3484,#3485);
#3484 = CARTESIAN_POINT('',(0.,0.));
#3485 = VECTOR('',#3486,1.);
#3486 = DIRECTION('',(1.,0.));
#3487 = ( GEOMETRIC_REPRESENTATION_CONTEXT(2) 
PARAMETRIC_REPRESENTATION_CONTEXT() REPRESENTATION_CONTEXT('2D SPACE',''
  ) );
#3488 = PCURVE('',#3489,#3494);
#3489 = PLANE('',#3490);
#3490 = AXIS2_PLACEMENT_3D('',#3491,#3492,#3493);
#3491 = CARTESIAN_POINT('',(52.,349.5,295.7));
#3492 = DIRECTION('',(0.,1.,0.));
#3493 = DIRECTION('',(0.,-0.,1.));
#3494 = DEFINITIONAL_REPRESENTATION('',(#3495),#3499);
#3495 = CIRCLE('',#3496,2.);
#3496 = AXIS2_PLACEMENT_2D('',#3497,#3498);
#3497 = CARTESIAN_POINT('',(0.,0.));
#3498 = DIRECTION('',(1.,0.));
#3499 = ( GEOMETRIC_REPRESENTATION_CONTEXT(2) 
PARAMETRIC_REPRESENTATION_CONTEXT() REPRESENTATION_CONTEXT('2D SPACE',''
  ) );
#3500 = ORIENTED_EDGE('',*,*,#3451,.T.);
#3501 = ADVANCED_FACE('',(#3502),#3439,.T.);
#3502 = FACE_BOUND('',#3503,.T.);
#3503 = EDGE_LOOP('',(#3504));
#3504 = ORIENTED_EDGE('',*,*,#3417,.T.);
#3505 = ADVANCED_FACE('',(#3506),#3489,.F.);
#3506 = FACE_BOUND('',#3507,.T.);
#3507 = EDGE_LOOP('',(#3508));
#3508 = ORIENTED_EDGE('',*,*,#3474,.F.);
#3509 = ( GEOMETRIC_REPRESENTATION_CONTEXT(3) 
GLOBAL_UNCERTAINTY_ASSIGNED_CONTEXT((#3513)) 
GLOBAL_UNIT_ASSIGNED_CONTEXT((#3510,#3511,#3512)) REPRESENTATION_CONTEXT
('Context #1','3D Context with UNIT and UNCERTAINTY') );
#3510 = ( LENGTH_UNIT() NAMED_UNIT(*) SI_UNIT(.MILLI.,.METRE.) );
#3511 = ( NAMED_UNIT(*) PLANE_ANGLE_UNIT() SI_UNIT($,.RADIAN.) );
#3512 = ( NAMED_UNIT(*) SI_UNIT($,.STERADIAN.) SOLID_ANGLE_UNIT() );
#3513 = UNCERTAINTY_MEASURE_WITH_UNIT(LENGTH_MEASURE(1.E-07),#3510,
  'distance_accuracy_value','confusion accuracy');
#3514 = CONTEXT_DEPENDENT_SHAPE_REPRESENTATION(#3515,#3517);
#3515 = ( REPRESENTATION_RELATIONSHIP('','',#3410,#10) 
REPRESENTATION_RELATIONSHIP_WITH_TRANSFORMATION(#3516) 
SHAPE_REPRESENTATION_RELATIONSHIP() );
#3516 = ITEM_DEFINED_TRANSFORMATION('','',#11,#135);
#3517 = PRODUCT_DEFINITION_SHAPE('Placement','Placement of an item',
  #3518);
#3518 = NEXT_ASSEMBLY_USAGE_OCCURRENCE('31',
  '0030_hip_SIDESTEP_--_ab-adduction_(left-right)','',#5,#3405,$);
#3519 = PRODUCT_RELATED_PRODUCT_CATEGORY('part',$,(#3407));
#3520 = SHAPE_DEFINITION_REPRESENTATION(#3521,#3527);
#3521 = PRODUCT_DEFINITION_SHAPE('','',#3522);
#3522 = PRODUCT_DEFINITION('design','',#3523,#3526);
#3523 = PRODUCT_DEFINITION_FORMATION('','',#3524);
#3524 = PRODUCT('0031_hip_SIDESTEP_--_ab-adduction_(left-right)',
  '0031_hip_SIDESTEP_--_ab-adduction_(left-right)','',(#3525));
#3525 = PRODUCT_CONTEXT('',#2,'mechanical');
#3526 = PRODUCT_DEFINITION_CONTEXT('part definition',#2,'design');
#3527 = ADVANCED_BREP_SHAPE_REPRESENTATION('',(#11,#3528),#3626);
#3528 = MANIFOLD_SOLID_BREP('',#3529);
#3529 = CLOSED_SHELL('',(#3530,#3618,#3622));
#3530 = ADVANCED_FACE('',(#3531),#3544,.T.);
#3531 = FACE_BOUND('',#3532,.T.);
#3532 = EDGE_LOOP('',(#3533,#3567,#3590,#3617));
#3533 = ORIENTED_EDGE('',*,*,#3534,.F.);
#3534 = EDGE_CURVE('',#3535,#3535,#3537,.T.);
#3535 = VERTEX_POINT('',#3536);
#3536 = CARTESIAN_POINT('',(-52.,379.5,297.7));
#3537 = SURFACE_CURVE('',#3538,(#3543,#3555),.PCURVE_S1.);
#3538 = CIRCLE('',#3539,2.);
#3539 = AXIS2_PLACEMENT_3D('',#3540,#3541,#3542);
#3540 = CARTESIAN_POINT('',(-52.,379.5,295.7));
#3541 = DIRECTION('',(0.,1.,0.));
#3542 = DIRECTION('',(0.,-0.,1.));
#3543 = PCURVE('',#3544,#3549);
#3544 = CYLINDRICAL_SURFACE('',#3545,2.);
#3545 = AXIS2_PLACEMENT_3D('',#3546,#3547,#3548);
#3546 = CARTESIAN_POINT('',(-52.,349.5,295.7));
#3547 = DIRECTION('',(0.,1.,0.));
#3548 = DIRECTION('',(0.,-0.,1.));
#3549 = DEFINITIONAL_REPRESENTATION('',(#3550),#3554);
#3550 = LINE('',#3551,#3552);
#3551 = CARTESIAN_POINT('',(0.,30.));
#3552 = VECTOR('',#3553,1.);
#3553 = DIRECTION('',(1.,0.));
#3554 = ( GEOMETRIC_REPRESENTATION_CONTEXT(2) 
PARAMETRIC_REPRESENTATION_CONTEXT() REPRESENTATION_CONTEXT('2D SPACE',''
  ) );
#3555 = PCURVE('',#3556,#3561);
#3556 = PLANE('',#3557);
#3557 = AXIS2_PLACEMENT_3D('',#3558,#3559,#3560);
#3558 = CARTESIAN_POINT('',(-52.,379.5,295.7));
#3559 = DIRECTION('',(0.,1.,0.));
#3560 = DIRECTION('',(0.,-0.,1.));
#3561 = DEFINITIONAL_REPRESENTATION('',(#3562),#3566);
#3562 = CIRCLE('',#3563,2.);
#3563 = AXIS2_PLACEMENT_2D('',#3564,#3565);
#3564 = CARTESIAN_POINT('',(0.,0.));
#3565 = DIRECTION('',(1.,0.));
#3566 = ( GEOMETRIC_REPRESENTATION_CONTEXT(2) 
PARAMETRIC_REPRESENTATION_CONTEXT() REPRESENTATION_CONTEXT('2D SPACE',''
  ) );
#3567 = ORIENTED_EDGE('',*,*,#3568,.F.);
#3568 = EDGE_CURVE('',#3569,#3535,#3571,.T.);
#3569 = VERTEX_POINT('',#3570);
#3570 = CARTESIAN_POINT('',(-52.,349.5,297.7));
#3571 = SEAM_CURVE('',#3572,(#3576,#3583),.PCURVE_S1.);
#3572 = LINE('',#3573,#3574);
#3573 = CARTESIAN_POINT('',(-52.,349.5,297.7));
#3574 = VECTOR('',#3575,1.);
#3575 = DIRECTION('',(0.,1.,0.));
#3576 = PCURVE('',#3544,#3577);
#3577 = DEFINITIONAL_REPRESENTATION('',(#3578),#3582);
#3578 = LINE('',#3579,#3580);
#3579 = CARTESIAN_POINT('',(6.28318530718,-0.));
#3580 = VECTOR('',#3581,1.);
#3581 = DIRECTION('',(0.,1.));
#3582 = ( GEOMETRIC_REPRESENTATION_CONTEXT(2) 
PARAMETRIC_REPRESENTATION_CONTEXT() REPRESENTATION_CONTEXT('2D SPACE',''
  ) );
#3583 = PCURVE('',#3544,#3584);
#3584 = DEFINITIONAL_REPRESENTATION('',(#3585),#3589);
#3585 = LINE('',#3586,#3587);
#3586 = CARTESIAN_POINT('',(0.,-0.));
#3587 = VECTOR('',#3588,1.);
#3588 = DIRECTION('',(0.,1.));
#3589 = ( GEOMETRIC_REPRESENTATION_CONTEXT(2) 
PARAMETRIC_REPRESENTATION_CONTEXT() REPRESENTATION_CONTEXT('2D SPACE',''
  ) );
#3590 = ORIENTED_EDGE('',*,*,#3591,.T.);
#3591 = EDGE_CURVE('',#3569,#3569,#3592,.T.);
#3592 = SURFACE_CURVE('',#3593,(#3598,#3605),.PCURVE_S1.);
#3593 = CIRCLE('',#3594,2.);
#3594 = AXIS2_PLACEMENT_3D('',#3595,#3596,#3597);
#3595 = CARTESIAN_POINT('',(-52.,349.5,295.7));
#3596 = DIRECTION('',(0.,1.,0.));
#3597 = DIRECTION('',(0.,-0.,1.));
#3598 = PCURVE('',#3544,#3599);
#3599 = DEFINITIONAL_REPRESENTATION('',(#3600),#3604);
#3600 = LINE('',#3601,#3602);
#3601 = CARTESIAN_POINT('',(0.,0.));
#3602 = VECTOR('',#3603,1.);
#3603 = DIRECTION('',(1.,0.));
#3604 = ( GEOMETRIC_REPRESENTATION_CONTEXT(2) 
PARAMETRIC_REPRESENTATION_CONTEXT() REPRESENTATION_CONTEXT('2D SPACE',''
  ) );
#3605 = PCURVE('',#3606,#3611);
#3606 = PLANE('',#3607);
#3607 = AXIS2_PLACEMENT_3D('',#3608,#3609,#3610);
#3608 = CARTESIAN_POINT('',(-52.,349.5,295.7));
#3609 = DIRECTION('',(0.,1.,0.));
#3610 = DIRECTION('',(0.,-0.,1.));
#3611 = DEFINITIONAL_REPRESENTATION('',(#3612),#3616);
#3612 = CIRCLE('',#3613,2.);
#3613 = AXIS2_PLACEMENT_2D('',#3614,#3615);
#3614 = CARTESIAN_POINT('',(0.,0.));
#3615 = DIRECTION('',(1.,0.));
#3616 = ( GEOMETRIC_REPRESENTATION_CONTEXT(2) 
PARAMETRIC_REPRESENTATION_CONTEXT() REPRESENTATION_CONTEXT('2D SPACE',''
  ) );
#3617 = ORIENTED_EDGE('',*,*,#3568,.T.);
#3618 = ADVANCED_FACE('',(#3619),#3556,.T.);
#3619 = FACE_BOUND('',#3620,.T.);
#3620 = EDGE_LOOP('',(#3621));
#3621 = ORIENTED_EDGE('',*,*,#3534,.T.);
#3622 = ADVANCED_FACE('',(#3623),#3606,.F.);
#3623 = FACE_BOUND('',#3624,.T.);
#3624 = EDGE_LOOP('',(#3625));
#3625 = ORIENTED_EDGE('',*,*,#3591,.F.);
#3626 = ( GEOMETRIC_REPRESENTATION_CONTEXT(3) 
GLOBAL_UNCERTAINTY_ASSIGNED_CONTEXT((#3630)) 
GLOBAL_UNIT_ASSIGNED_CONTEXT((#3627,#3628,#3629)) REPRESENTATION_CONTEXT
('Context #1','3D Context with UNIT and UNCERTAINTY') );
#3627 = ( LENGTH_UNIT() NAMED_UNIT(*) SI_UNIT(.MILLI.,.METRE.) );
#3628 = ( NAMED_UNIT(*) PLANE_ANGLE_UNIT() SI_UNIT($,.RADIAN.) );
#3629 = ( NAMED_UNIT(*) SI_UNIT($,.STERADIAN.) SOLID_ANGLE_UNIT() );
#3630 = UNCERTAINTY_MEASURE_WITH_UNIT(LENGTH_MEASURE(1.E-07),#3627,
  'distance_accuracy_value','confusion accuracy');
#3631 = CONTEXT_DEPENDENT_SHAPE_REPRESENTATION(#3632,#3634);
#3632 = ( REPRESENTATION_RELATIONSHIP('','',#3527,#10) 
REPRESENTATION_RELATIONSHIP_WITH_TRANSFORMATION(#3633) 
SHAPE_REPRESENTATION_RELATIONSHIP() );
#3633 = ITEM_DEFINED_TRANSFORMATION('','',#11,#139);
#3634 = PRODUCT_DEFINITION_SHAPE('Placement','Placement of an item',
  #3635);
#3635 = NEXT_ASSEMBLY_USAGE_OCCURRENCE('32',
  '0031_hip_SIDESTEP_--_ab-adduction_(left-right)','',#5,#3522,$);
#3636 = PRODUCT_RELATED_PRODUCT_CATEGORY('part',$,(#3524));
#3637 = SHAPE_DEFINITION_REPRESENTATION(#3638,#3644);
#3638 = PRODUCT_DEFINITION_SHAPE('','',#3639);
#3639 = PRODUCT_DEFINITION('design','',#3640,#3643);
#3640 = PRODUCT_DEFINITION_FORMATION('','',#3641);
#3641 = PRODUCT('0032_stifle_flexion-extension',
  '0032_stifle_flexion-extension','',(#3642));
#3642 = PRODUCT_CONTEXT('',#2,'mechanical');
#3643 = PRODUCT_DEFINITION_CONTEXT('part definition',#2,'design');
#3644 = ADVANCED_BREP_SHAPE_REPRESENTATION('',(#11,#3645),#3743);
#3645 = MANIFOLD_SOLID_BREP('',#3646);
#3646 = CLOSED_SHELL('',(#3647,#3735,#3739));
#3647 = ADVANCED_FACE('',(#3648),#3661,.T.);
#3648 = FACE_BOUND('',#3649,.T.);
#3649 = EDGE_LOOP('',(#3650,#3684,#3707,#3734));
#3650 = ORIENTED_EDGE('',*,*,#3651,.F.);
#3651 = EDGE_CURVE('',#3652,#3652,#3654,.T.);
#3652 = VERTEX_POINT('',#3653);
#3653 = CARTESIAN_POINT('',(67.,349.,191.5));
#3654 = SURFACE_CURVE('',#3655,(#3660,#3672),.PCURVE_S1.);
#3655 = CIRCLE('',#3656,1.5);
#3656 = AXIS2_PLACEMENT_3D('',#3657,#3658,#3659);
#3657 = CARTESIAN_POINT('',(67.,349.,190.));
#3658 = DIRECTION('',(1.,0.,0.));
#3659 = DIRECTION('',(-0.,0.,1.));
#3660 = PCURVE('',#3661,#3666);
#3661 = CYLINDRICAL_SURFACE('',#3662,1.5);
#3662 = AXIS2_PLACEMENT_3D('',#3663,#3664,#3665);
#3663 = CARTESIAN_POINT('',(37.,349.,190.));
#3664 = DIRECTION('',(1.,0.,0.));
#3665 = DIRECTION('',(-0.,0.,1.));
#3666 = DEFINITIONAL_REPRESENTATION('',(#3667),#3671);
#3667 = LINE('',#3668,#3669);
#3668 = CARTESIAN_POINT('',(0.,30.));
#3669 = VECTOR('',#3670,1.);
#3670 = DIRECTION('',(1.,0.));
#3671 = ( GEOMETRIC_REPRESENTATION_CONTEXT(2) 
PARAMETRIC_REPRESENTATION_CONTEXT() REPRESENTATION_CONTEXT('2D SPACE',''
  ) );
#3672 = PCURVE('',#3673,#3678);
#3673 = PLANE('',#3674);
#3674 = AXIS2_PLACEMENT_3D('',#3675,#3676,#3677);
#3675 = CARTESIAN_POINT('',(67.,349.,190.));
#3676 = DIRECTION('',(1.,0.,0.));
#3677 = DIRECTION('',(-0.,0.,1.));
#3678 = DEFINITIONAL_REPRESENTATION('',(#3679),#3683);
#3679 = CIRCLE('',#3680,1.5);
#3680 = AXIS2_PLACEMENT_2D('',#3681,#3682);
#3681 = CARTESIAN_POINT('',(0.,0.));
#3682 = DIRECTION('',(1.,0.));
#3683 = ( GEOMETRIC_REPRESENTATION_CONTEXT(2) 
PARAMETRIC_REPRESENTATION_CONTEXT() REPRESENTATION_CONTEXT('2D SPACE',''
  ) );
#3684 = ORIENTED_EDGE('',*,*,#3685,.F.);
#3685 = EDGE_CURVE('',#3686,#3652,#3688,.T.);
#3686 = VERTEX_POINT('',#3687);
#3687 = CARTESIAN_POINT('',(37.,349.,191.5));
#3688 = SEAM_CURVE('',#3689,(#3693,#3700),.PCURVE_S1.);
#3689 = LINE('',#3690,#3691);
#3690 = CARTESIAN_POINT('',(37.,349.,191.5));
#3691 = VECTOR('',#3692,1.);
#3692 = DIRECTION('',(1.,0.,0.));
#3693 = PCURVE('',#3661,#3694);
#3694 = DEFINITIONAL_REPRESENTATION('',(#3695),#3699);
#3695 = LINE('',#3696,#3697);
#3696 = CARTESIAN_POINT('',(6.28318530718,-0.));
#3697 = VECTOR('',#3698,1.);
#3698 = DIRECTION('',(0.,1.));
#3699 = ( GEOMETRIC_REPRESENTATION_CONTEXT(2) 
PARAMETRIC_REPRESENTATION_CONTEXT() REPRESENTATION_CONTEXT('2D SPACE',''
  ) );
#3700 = PCURVE('',#3661,#3701);
#3701 = DEFINITIONAL_REPRESENTATION('',(#3702),#3706);
#3702 = LINE('',#3703,#3704);
#3703 = CARTESIAN_POINT('',(0.,-0.));
#3704 = VECTOR('',#3705,1.);
#3705 = DIRECTION('',(0.,1.));
#3706 = ( GEOMETRIC_REPRESENTATION_CONTEXT(2) 
PARAMETRIC_REPRESENTATION_CONTEXT() REPRESENTATION_CONTEXT('2D SPACE',''
  ) );
#3707 = ORIENTED_EDGE('',*,*,#3708,.T.);
#3708 = EDGE_CURVE('',#3686,#3686,#3709,.T.);
#3709 = SURFACE_CURVE('',#3710,(#3715,#3722),.PCURVE_S1.);
#3710 = CIRCLE('',#3711,1.5);
#3711 = AXIS2_PLACEMENT_3D('',#3712,#3713,#3714);
#3712 = CARTESIAN_POINT('',(37.,349.,190.));
#3713 = DIRECTION('',(1.,0.,0.));
#3714 = DIRECTION('',(-0.,0.,1.));
#3715 = PCURVE('',#3661,#3716);
#3716 = DEFINITIONAL_REPRESENTATION('',(#3717),#3721);
#3717 = LINE('',#3718,#3719);
#3718 = CARTESIAN_POINT('',(0.,0.));
#3719 = VECTOR('',#3720,1.);
#3720 = DIRECTION('',(1.,0.));
#3721 = ( GEOMETRIC_REPRESENTATION_CONTEXT(2) 
PARAMETRIC_REPRESENTATION_CONTEXT() REPRESENTATION_CONTEXT('2D SPACE',''
  ) );
#3722 = PCURVE('',#3723,#3728);
#3723 = PLANE('',#3724);
#3724 = AXIS2_PLACEMENT_3D('',#3725,#3726,#3727);
#3725 = CARTESIAN_POINT('',(37.,349.,190.));
#3726 = DIRECTION('',(1.,0.,0.));
#3727 = DIRECTION('',(-0.,0.,1.));
#3728 = DEFINITIONAL_REPRESENTATION('',(#3729),#3733);
#3729 = CIRCLE('',#3730,1.5);
#3730 = AXIS2_PLACEMENT_2D('',#3731,#3732);
#3731 = CARTESIAN_POINT('',(0.,0.));
#3732 = DIRECTION('',(1.,0.));
#3733 = ( GEOMETRIC_REPRESENTATION_CONTEXT(2) 
PARAMETRIC_REPRESENTATION_CONTEXT() REPRESENTATION_CONTEXT('2D SPACE',''
  ) );
#3734 = ORIENTED_EDGE('',*,*,#3685,.T.);
#3735 = ADVANCED_FACE('',(#3736),#3673,.T.);
#3736 = FACE_BOUND('',#3737,.T.);
#3737 = EDGE_LOOP('',(#3738));
#3738 = ORIENTED_EDGE('',*,*,#3651,.T.);
#3739 = ADVANCED_FACE('',(#3740),#3723,.F.);
#3740 = FACE_BOUND('',#3741,.T.);
#3741 = EDGE_LOOP('',(#3742));
#3742 = ORIENTED_EDGE('',*,*,#3708,.F.);
#3743 = ( GEOMETRIC_REPRESENTATION_CONTEXT(3) 
GLOBAL_UNCERTAINTY_ASSIGNED_CONTEXT((#3747)) 
GLOBAL_UNIT_ASSIGNED_CONTEXT((#3744,#3745,#3746)) REPRESENTATION_CONTEXT
('Context #1','3D Context with UNIT and UNCERTAINTY') );
#3744 = ( LENGTH_UNIT() NAMED_UNIT(*) SI_UNIT(.MILLI.,.METRE.) );
#3745 = ( NAMED_UNIT(*) PLANE_ANGLE_UNIT() SI_UNIT($,.RADIAN.) );
#3746 = ( NAMED_UNIT(*) SI_UNIT($,.STERADIAN.) SOLID_ANGLE_UNIT() );
#3747 = UNCERTAINTY_MEASURE_WITH_UNIT(LENGTH_MEASURE(1.E-07),#3744,
  'distance_accuracy_value','confusion accuracy');
#3748 = CONTEXT_DEPENDENT_SHAPE_REPRESENTATION(#3749,#3751);
#3749 = ( REPRESENTATION_RELATIONSHIP('','',#3644,#10) 
REPRESENTATION_RELATIONSHIP_WITH_TRANSFORMATION(#3750) 
SHAPE_REPRESENTATION_RELATIONSHIP() );
#3750 = ITEM_DEFINED_TRANSFORMATION('','',#11,#143);
#3751 = PRODUCT_DEFINITION_SHAPE('Placement','Placement of an item',
  #3752);
#3752 = NEXT_ASSEMBLY_USAGE_OCCURRENCE('33',
  '0032_stifle_flexion-extension','',#5,#3639,$);
#3753 = PRODUCT_RELATED_PRODUCT_CATEGORY('part',$,(#3641));
#3754 = SHAPE_DEFINITION_REPRESENTATION(#3755,#3761);
#3755 = PRODUCT_DEFINITION_SHAPE('','',#3756);
#3756 = PRODUCT_DEFINITION('design','',#3757,#3760);
#3757 = PRODUCT_DEFINITION_FORMATION('','',#3758);
#3758 = PRODUCT('0033_stifle_flexion-extension',
  '0033_stifle_flexion-extension','',(#3759));
#3759 = PRODUCT_CONTEXT('',#2,'mechanical');
#3760 = PRODUCT_DEFINITION_CONTEXT('part definition',#2,'design');
#3761 = ADVANCED_BREP_SHAPE_REPRESENTATION('',(#11,#3762),#3860);
#3762 = MANIFOLD_SOLID_BREP('',#3763);
#3763 = CLOSED_SHELL('',(#3764,#3852,#3856));
#3764 = ADVANCED_FACE('',(#3765),#3778,.T.);
#3765 = FACE_BOUND('',#3766,.T.);
#3766 = EDGE_LOOP('',(#3767,#3801,#3824,#3851));
#3767 = ORIENTED_EDGE('',*,*,#3768,.F.);
#3768 = EDGE_CURVE('',#3769,#3769,#3771,.T.);
#3769 = VERTEX_POINT('',#3770);
#3770 = CARTESIAN_POINT('',(-37.,349.,191.5));
#3771 = SURFACE_CURVE('',#3772,(#3777,#3789),.PCURVE_S1.);
#3772 = CIRCLE('',#3773,1.5);
#3773 = AXIS2_PLACEMENT_3D('',#3774,#3775,#3776);
#3774 = CARTESIAN_POINT('',(-37.,349.,190.));
#3775 = DIRECTION('',(1.,0.,0.));
#3776 = DIRECTION('',(-0.,0.,1.));
#3777 = PCURVE('',#3778,#3783);
#3778 = CYLINDRICAL_SURFACE('',#3779,1.5);
#3779 = AXIS2_PLACEMENT_3D('',#3780,#3781,#3782);
#3780 = CARTESIAN_POINT('',(-67.,349.,190.));
#3781 = DIRECTION('',(1.,0.,0.));
#3782 = DIRECTION('',(-0.,0.,1.));
#3783 = DEFINITIONAL_REPRESENTATION('',(#3784),#3788);
#3784 = LINE('',#3785,#3786);
#3785 = CARTESIAN_POINT('',(0.,30.));
#3786 = VECTOR('',#3787,1.);
#3787 = DIRECTION('',(1.,0.));
#3788 = ( GEOMETRIC_REPRESENTATION_CONTEXT(2) 
PARAMETRIC_REPRESENTATION_CONTEXT() REPRESENTATION_CONTEXT('2D SPACE',''
  ) );
#3789 = PCURVE('',#3790,#3795);
#3790 = PLANE('',#3791);
#3791 = AXIS2_PLACEMENT_3D('',#3792,#3793,#3794);
#3792 = CARTESIAN_POINT('',(-37.,349.,190.));
#3793 = DIRECTION('',(1.,0.,0.));
#3794 = DIRECTION('',(-0.,0.,1.));
#3795 = DEFINITIONAL_REPRESENTATION('',(#3796),#3800);
#3796 = CIRCLE('',#3797,1.5);
#3797 = AXIS2_PLACEMENT_2D('',#3798,#3799);
#3798 = CARTESIAN_POINT('',(0.,0.));
#3799 = DIRECTION('',(1.,0.));
#3800 = ( GEOMETRIC_REPRESENTATION_CONTEXT(2) 
PARAMETRIC_REPRESENTATION_CONTEXT() REPRESENTATION_CONTEXT('2D SPACE',''
  ) );
#3801 = ORIENTED_EDGE('',*,*,#3802,.F.);
#3802 = EDGE_CURVE('',#3803,#3769,#3805,.T.);
#3803 = VERTEX_POINT('',#3804);
#3804 = CARTESIAN_POINT('',(-67.,349.,191.5));
#3805 = SEAM_CURVE('',#3806,(#3810,#3817),.PCURVE_S1.);
#3806 = LINE('',#3807,#3808);
#3807 = CARTESIAN_POINT('',(-67.,349.,191.5));
#3808 = VECTOR('',#3809,1.);
#3809 = DIRECTION('',(1.,0.,0.));
#3810 = PCURVE('',#3778,#3811);
#3811 = DEFINITIONAL_REPRESENTATION('',(#3812),#3816);
#3812 = LINE('',#3813,#3814);
#3813 = CARTESIAN_POINT('',(6.28318530718,-0.));
#3814 = VECTOR('',#3815,1.);
#3815 = DIRECTION('',(0.,1.));
#3816 = ( GEOMETRIC_REPRESENTATION_CONTEXT(2) 
PARAMETRIC_REPRESENTATION_CONTEXT() REPRESENTATION_CONTEXT('2D SPACE',''
  ) );
#3817 = PCURVE('',#3778,#3818);
#3818 = DEFINITIONAL_REPRESENTATION('',(#3819),#3823);
#3819 = LINE('',#3820,#3821);
#3820 = CARTESIAN_POINT('',(0.,-0.));
#3821 = VECTOR('',#3822,1.);
#3822 = DIRECTION('',(0.,1.));
#3823 = ( GEOMETRIC_REPRESENTATION_CONTEXT(2) 
PARAMETRIC_REPRESENTATION_CONTEXT() REPRESENTATION_CONTEXT('2D SPACE',''
  ) );
#3824 = ORIENTED_EDGE('',*,*,#3825,.T.);
#3825 = EDGE_CURVE('',#3803,#3803,#3826,.T.);
#3826 = SURFACE_CURVE('',#3827,(#3832,#3839),.PCURVE_S1.);
#3827 = CIRCLE('',#3828,1.5);
#3828 = AXIS2_PLACEMENT_3D('',#3829,#3830,#3831);
#3829 = CARTESIAN_POINT('',(-67.,349.,190.));
#3830 = DIRECTION('',(1.,0.,0.));
#3831 = DIRECTION('',(-0.,0.,1.));
#3832 = PCURVE('',#3778,#3833);
#3833 = DEFINITIONAL_REPRESENTATION('',(#3834),#3838);
#3834 = LINE('',#3835,#3836);
#3835 = CARTESIAN_POINT('',(0.,0.));
#3836 = VECTOR('',#3837,1.);
#3837 = DIRECTION('',(1.,0.));
#3838 = ( GEOMETRIC_REPRESENTATION_CONTEXT(2) 
PARAMETRIC_REPRESENTATION_CONTEXT() REPRESENTATION_CONTEXT('2D SPACE',''
  ) );
#3839 = PCURVE('',#3840,#3845);
#3840 = PLANE('',#3841);
#3841 = AXIS2_PLACEMENT_3D('',#3842,#3843,#3844);
#3842 = CARTESIAN_POINT('',(-67.,349.,190.));
#3843 = DIRECTION('',(1.,0.,0.));
#3844 = DIRECTION('',(-0.,0.,1.));
#3845 = DEFINITIONAL_REPRESENTATION('',(#3846),#3850);
#3846 = CIRCLE('',#3847,1.5);
#3847 = AXIS2_PLACEMENT_2D('',#3848,#3849);
#3848 = CARTESIAN_POINT('',(0.,0.));
#3849 = DIRECTION('',(1.,0.));
#3850 = ( GEOMETRIC_REPRESENTATION_CONTEXT(2) 
PARAMETRIC_REPRESENTATION_CONTEXT() REPRESENTATION_CONTEXT('2D SPACE',''
  ) );
#3851 = ORIENTED_EDGE('',*,*,#3802,.T.);
#3852 = ADVANCED_FACE('',(#3853),#3790,.T.);
#3853 = FACE_BOUND('',#3854,.T.);
#3854 = EDGE_LOOP('',(#3855));
#3855 = ORIENTED_EDGE('',*,*,#3768,.T.);
#3856 = ADVANCED_FACE('',(#3857),#3840,.F.);
#3857 = FACE_BOUND('',#3858,.T.);
#3858 = EDGE_LOOP('',(#3859));
#3859 = ORIENTED_EDGE('',*,*,#3825,.F.);
#3860 = ( GEOMETRIC_REPRESENTATION_CONTEXT(3) 
GLOBAL_UNCERTAINTY_ASSIGNED_CONTEXT((#3864)) 
GLOBAL_UNIT_ASSIGNED_CONTEXT((#3861,#3862,#3863)) REPRESENTATION_CONTEXT
('Context #1','3D Context with UNIT and UNCERTAINTY') );
#3861 = ( LENGTH_UNIT() NAMED_UNIT(*) SI_UNIT(.MILLI.,.METRE.) );
#3862 = ( NAMED_UNIT(*) PLANE_ANGLE_UNIT() SI_UNIT($,.RADIAN.) );
#3863 = ( NAMED_UNIT(*) SI_UNIT($,.STERADIAN.) SOLID_ANGLE_UNIT() );
#3864 = UNCERTAINTY_MEASURE_WITH_UNIT(LENGTH_MEASURE(1.E-07),#3861,
  'distance_accuracy_value','confusion accuracy');
#3865 = CONTEXT_DEPENDENT_SHAPE_REPRESENTATION(#3866,#3868);
#3866 = ( REPRESENTATION_RELATIONSHIP('','',#3761,#10) 
REPRESENTATION_RELATIONSHIP_WITH_TRANSFORMATION(#3867) 
SHAPE_REPRESENTATION_RELATIONSHIP() );
#3867 = ITEM_DEFINED_TRANSFORMATION('','',#11,#147);
#3868 = PRODUCT_DEFINITION_SHAPE('Placement','Placement of an item',
  #3869);
#3869 = NEXT_ASSEMBLY_USAGE_OCCURRENCE('34',
  '0033_stifle_flexion-extension','',#5,#3756,$);
#3870 = PRODUCT_RELATED_PRODUCT_CATEGORY('part',$,(#3758));
#3871 = SHAPE_DEFINITION_REPRESENTATION(#3872,#3878);
#3872 = PRODUCT_DEFINITION_SHAPE('','',#3873);
#3873 = PRODUCT_DEFINITION('design','',#3874,#3877);
#3874 = PRODUCT_DEFINITION_FORMATION('','',#3875);
#3875 = PRODUCT('0034_hock_flexion-extension',
  '0034_hock_flexion-extension','',(#3876));
#3876 = PRODUCT_CONTEXT('',#2,'mechanical');
#3877 = PRODUCT_DEFINITION_CONTEXT('part definition',#2,'design');
#3878 = ADVANCED_BREP_SHAPE_REPRESENTATION('',(#11,#3879),#3977);
#3879 = MANIFOLD_SOLID_BREP('',#3880);
#3880 = CLOSED_SHELL('',(#3881,#3969,#3973));
#3881 = ADVANCED_FACE('',(#3882),#3895,.T.);
#3882 = FACE_BOUND('',#3883,.T.);
#3883 = EDGE_LOOP('',(#3884,#3918,#3941,#3968));
#3884 = ORIENTED_EDGE('',*,*,#3885,.F.);
#3885 = EDGE_CURVE('',#3886,#3886,#3888,.T.);
#3886 = VERTEX_POINT('',#3887);
#3887 = CARTESIAN_POINT('',(67.,415.3,104.7));
#3888 = SURFACE_CURVE('',#3889,(#3894,#3906),.PCURVE_S1.);
#3889 = CIRCLE('',#3890,1.5);
#3890 = AXIS2_PLACEMENT_3D('',#3891,#3892,#3893);
#3891 = CARTESIAN_POINT('',(67.,415.3,103.2));
#3892 = DIRECTION('',(1.,0.,0.));
#3893 = DIRECTION('',(-0.,0.,1.));
#3894 = PCURVE('',#3895,#3900);
#3895 = CYLINDRICAL_SURFACE('',#3896,1.5);
#3896 = AXIS2_PLACEMENT_3D('',#3897,#3898,#3899);
#3897 = CARTESIAN_POINT('',(37.,415.3,103.2));
#3898 = DIRECTION('',(1.,0.,0.));
#3899 = DIRECTION('',(-0.,0.,1.));
#3900 = DEFINITIONAL_REPRESENTATION('',(#3901),#3905);
#3901 = LINE('',#3902,#3903);
#3902 = CARTESIAN_POINT('',(0.,30.));
#3903 = VECTOR('',#3904,1.);
#3904 = DIRECTION('',(1.,0.));
#3905 = ( GEOMETRIC_REPRESENTATION_CONTEXT(2) 
PARAMETRIC_REPRESENTATION_CONTEXT() REPRESENTATION_CONTEXT('2D SPACE',''
  ) );
#3906 = PCURVE('',#3907,#3912);
#3907 = PLANE('',#3908);
#3908 = AXIS2_PLACEMENT_3D('',#3909,#3910,#3911);
#3909 = CARTESIAN_POINT('',(67.,415.3,103.2));
#3910 = DIRECTION('',(1.,0.,0.));
#3911 = DIRECTION('',(-0.,0.,1.));
#3912 = DEFINITIONAL_REPRESENTATION('',(#3913),#3917);
#3913 = CIRCLE('',#3914,1.5);
#3914 = AXIS2_PLACEMENT_2D('',#3915,#3916);
#3915 = CARTESIAN_POINT('',(0.,0.));
#3916 = DIRECTION('',(1.,0.));
#3917 = ( GEOMETRIC_REPRESENTATION_CONTEXT(2) 
PARAMETRIC_REPRESENTATION_CONTEXT() REPRESENTATION_CONTEXT('2D SPACE',''
  ) );
#3918 = ORIENTED_EDGE('',*,*,#3919,.F.);
#3919 = EDGE_CURVE('',#3920,#3886,#3922,.T.);
#3920 = VERTEX_POINT('',#3921);
#3921 = CARTESIAN_POINT('',(37.,415.3,104.7));
#3922 = SEAM_CURVE('',#3923,(#3927,#3934),.PCURVE_S1.);
#3923 = LINE('',#3924,#3925);
#3924 = CARTESIAN_POINT('',(37.,415.3,104.7));
#3925 = VECTOR('',#3926,1.);
#3926 = DIRECTION('',(1.,0.,0.));
#3927 = PCURVE('',#3895,#3928);
#3928 = DEFINITIONAL_REPRESENTATION('',(#3929),#3933);
#3929 = LINE('',#3930,#3931);
#3930 = CARTESIAN_POINT('',(6.28318530718,-0.));
#3931 = VECTOR('',#3932,1.);
#3932 = DIRECTION('',(0.,1.));
#3933 = ( GEOMETRIC_REPRESENTATION_CONTEXT(2) 
PARAMETRIC_REPRESENTATION_CONTEXT() REPRESENTATION_CONTEXT('2D SPACE',''
  ) );
#3934 = PCURVE('',#3895,#3935);
#3935 = DEFINITIONAL_REPRESENTATION('',(#3936),#3940);
#3936 = LINE('',#3937,#3938);
#3937 = CARTESIAN_POINT('',(0.,-0.));
#3938 = VECTOR('',#3939,1.);
#3939 = DIRECTION('',(0.,1.));
#3940 = ( GEOMETRIC_REPRESENTATION_CONTEXT(2) 
PARAMETRIC_REPRESENTATION_CONTEXT() REPRESENTATION_CONTEXT('2D SPACE',''
  ) );
#3941 = ORIENTED_EDGE('',*,*,#3942,.T.);
#3942 = EDGE_CURVE('',#3920,#3920,#3943,.T.);
#3943 = SURFACE_CURVE('',#3944,(#3949,#3956),.PCURVE_S1.);
#3944 = CIRCLE('',#3945,1.5);
#3945 = AXIS2_PLACEMENT_3D('',#3946,#3947,#3948);
#3946 = CARTESIAN_POINT('',(37.,415.3,103.2));
#3947 = DIRECTION('',(1.,0.,0.));
#3948 = DIRECTION('',(-0.,0.,1.));
#3949 = PCURVE('',#3895,#3950);
#3950 = DEFINITIONAL_REPRESENTATION('',(#3951),#3955);
#3951 = LINE('',#3952,#3953);
#3952 = CARTESIAN_POINT('',(0.,0.));
#3953 = VECTOR('',#3954,1.);
#3954 = DIRECTION('',(1.,0.));
#3955 = ( GEOMETRIC_REPRESENTATION_CONTEXT(2) 
PARAMETRIC_REPRESENTATION_CONTEXT() REPRESENTATION_CONTEXT('2D SPACE',''
  ) );
#3956 = PCURVE('',#3957,#3962);
#3957 = PLANE('',#3958);
#3958 = AXIS2_PLACEMENT_3D('',#3959,#3960,#3961);
#3959 = CARTESIAN_POINT('',(37.,415.3,103.2));
#3960 = DIRECTION('',(1.,0.,0.));
#3961 = DIRECTION('',(-0.,0.,1.));
#3962 = DEFINITIONAL_REPRESENTATION('',(#3963),#3967);
#3963 = CIRCLE('',#3964,1.5);
#3964 = AXIS2_PLACEMENT_2D('',#3965,#3966);
#3965 = CARTESIAN_POINT('',(0.,0.));
#3966 = DIRECTION('',(1.,0.));
#3967 = ( GEOMETRIC_REPRESENTATION_CONTEXT(2) 
PARAMETRIC_REPRESENTATION_CONTEXT() REPRESENTATION_CONTEXT('2D SPACE',''
  ) );
#3968 = ORIENTED_EDGE('',*,*,#3919,.T.);
#3969 = ADVANCED_FACE('',(#3970),#3907,.T.);
#3970 = FACE_BOUND('',#3971,.T.);
#3971 = EDGE_LOOP('',(#3972));
#3972 = ORIENTED_EDGE('',*,*,#3885,.T.);
#3973 = ADVANCED_FACE('',(#3974),#3957,.F.);
#3974 = FACE_BOUND('',#3975,.T.);
#3975 = EDGE_LOOP('',(#3976));
#3976 = ORIENTED_EDGE('',*,*,#3942,.F.);
#3977 = ( GEOMETRIC_REPRESENTATION_CONTEXT(3) 
GLOBAL_UNCERTAINTY_ASSIGNED_CONTEXT((#3981)) 
GLOBAL_UNIT_ASSIGNED_CONTEXT((#3978,#3979,#3980)) REPRESENTATION_CONTEXT
('Context #1','3D Context with UNIT and UNCERTAINTY') );
#3978 = ( LENGTH_UNIT() NAMED_UNIT(*) SI_UNIT(.MILLI.,.METRE.) );
#3979 = ( NAMED_UNIT(*) PLANE_ANGLE_UNIT() SI_UNIT($,.RADIAN.) );
#3980 = ( NAMED_UNIT(*) SI_UNIT($,.STERADIAN.) SOLID_ANGLE_UNIT() );
#3981 = UNCERTAINTY_MEASURE_WITH_UNIT(LENGTH_MEASURE(1.E-07),#3978,
  'distance_accuracy_value','confusion accuracy');
#3982 = CONTEXT_DEPENDENT_SHAPE_REPRESENTATION(#3983,#3985);
#3983 = ( REPRESENTATION_RELATIONSHIP('','',#3878,#10) 
REPRESENTATION_RELATIONSHIP_WITH_TRANSFORMATION(#3984) 
SHAPE_REPRESENTATION_RELATIONSHIP() );
#3984 = ITEM_DEFINED_TRANSFORMATION('','',#11,#151);
#3985 = PRODUCT_DEFINITION_SHAPE('Placement','Placement of an item',
  #3986);
#3986 = NEXT_ASSEMBLY_USAGE_OCCURRENCE('35',
  '0034_hock_flexion-extension','',#5,#3873,$);
#3987 = PRODUCT_RELATED_PRODUCT_CATEGORY('part',$,(#3875));
#3988 = SHAPE_DEFINITION_REPRESENTATION(#3989,#3995);
#3989 = PRODUCT_DEFINITION_SHAPE('','',#3990);
#3990 = PRODUCT_DEFINITION('design','',#3991,#3994);
#3991 = PRODUCT_DEFINITION_FORMATION('','',#3992);
#3992 = PRODUCT('0035_hock_flexion-extension',
  '0035_hock_flexion-extension','',(#3993));
#3993 = PRODUCT_CONTEXT('',#2,'mechanical');
#3994 = PRODUCT_DEFINITION_CONTEXT('part definition',#2,'design');
#3995 = ADVANCED_BREP_SHAPE_REPRESENTATION('',(#11,#3996),#4094);
#3996 = MANIFOLD_SOLID_BREP('',#3997);
#3997 = CLOSED_SHELL('',(#3998,#4086,#4090));
#3998 = ADVANCED_FACE('',(#3999),#4012,.T.);
#3999 = FACE_BOUND('',#4000,.T.);
#4000 = EDGE_LOOP('',(#4001,#4035,#4058,#4085));
#4001 = ORIENTED_EDGE('',*,*,#4002,.F.);
#4002 = EDGE_CURVE('',#4003,#4003,#4005,.T.);
#4003 = VERTEX_POINT('',#4004);
#4004 = CARTESIAN_POINT('',(-37.,415.3,104.7));
#4005 = SURFACE_CURVE('',#4006,(#4011,#4023),.PCURVE_S1.);
#4006 = CIRCLE('',#4007,1.5);
#4007 = AXIS2_PLACEMENT_3D('',#4008,#4009,#4010);
#4008 = CARTESIAN_POINT('',(-37.,415.3,103.2));
#4009 = DIRECTION('',(1.,0.,0.));
#4010 = DIRECTION('',(-0.,0.,1.));
#4011 = PCURVE('',#4012,#4017);
#4012 = CYLINDRICAL_SURFACE('',#4013,1.5);
#4013 = AXIS2_PLACEMENT_3D('',#4014,#4015,#4016);
#4014 = CARTESIAN_POINT('',(-67.,415.3,103.2));
#4015 = DIRECTION('',(1.,0.,0.));
#4016 = DIRECTION('',(-0.,0.,1.));
#4017 = DEFINITIONAL_REPRESENTATION('',(#4018),#4022);
#4018 = LINE('',#4019,#4020);
#4019 = CARTESIAN_POINT('',(0.,30.));
#4020 = VECTOR('',#4021,1.);
#4021 = DIRECTION('',(1.,0.));
#4022 = ( GEOMETRIC_REPRESENTATION_CONTEXT(2) 
PARAMETRIC_REPRESENTATION_CONTEXT() REPRESENTATION_CONTEXT('2D SPACE',''
  ) );
#4023 = PCURVE('',#4024,#4029);
#4024 = PLANE('',#4025);
#4025 = AXIS2_PLACEMENT_3D('',#4026,#4027,#4028);
#4026 = CARTESIAN_POINT('',(-37.,415.3,103.2));
#4027 = DIRECTION('',(1.,0.,0.));
#4028 = DIRECTION('',(-0.,0.,1.));
#4029 = DEFINITIONAL_REPRESENTATION('',(#4030),#4034);
#4030 = CIRCLE('',#4031,1.5);
#4031 = AXIS2_PLACEMENT_2D('',#4032,#4033);
#4032 = CARTESIAN_POINT('',(0.,0.));
#4033 = DIRECTION('',(1.,0.));
#4034 = ( GEOMETRIC_REPRESENTATION_CONTEXT(2) 
PARAMETRIC_REPRESENTATION_CONTEXT() REPRESENTATION_CONTEXT('2D SPACE',''
  ) );
#4035 = ORIENTED_EDGE('',*,*,#4036,.F.);
#4036 = EDGE_CURVE('',#4037,#4003,#4039,.T.);
#4037 = VERTEX_POINT('',#4038);
#4038 = CARTESIAN_POINT('',(-67.,415.3,104.7));
#4039 = SEAM_CURVE('',#4040,(#4044,#4051),.PCURVE_S1.);
#4040 = LINE('',#4041,#4042);
#4041 = CARTESIAN_POINT('',(-67.,415.3,104.7));
#4042 = VECTOR('',#4043,1.);
#4043 = DIRECTION('',(1.,0.,0.));
#4044 = PCURVE('',#4012,#4045);
#4045 = DEFINITIONAL_REPRESENTATION('',(#4046),#4050);
#4046 = LINE('',#4047,#4048);
#4047 = CARTESIAN_POINT('',(6.28318530718,-0.));
#4048 = VECTOR('',#4049,1.);
#4049 = DIRECTION('',(0.,1.));
#4050 = ( GEOMETRIC_REPRESENTATION_CONTEXT(2) 
PARAMETRIC_REPRESENTATION_CONTEXT() REPRESENTATION_CONTEXT('2D SPACE',''
  ) );
#4051 = PCURVE('',#4012,#4052);
#4052 = DEFINITIONAL_REPRESENTATION('',(#4053),#4057);
#4053 = LINE('',#4054,#4055);
#4054 = CARTESIAN_POINT('',(0.,-0.));
#4055 = VECTOR('',#4056,1.);
#4056 = DIRECTION('',(0.,1.));
#4057 = ( GEOMETRIC_REPRESENTATION_CONTEXT(2) 
PARAMETRIC_REPRESENTATION_CONTEXT() REPRESENTATION_CONTEXT('2D SPACE',''
  ) );
#4058 = ORIENTED_EDGE('',*,*,#4059,.T.);
#4059 = EDGE_CURVE('',#4037,#4037,#4060,.T.);
#4060 = SURFACE_CURVE('',#4061,(#4066,#4073),.PCURVE_S1.);
#4061 = CIRCLE('',#4062,1.5);
#4062 = AXIS2_PLACEMENT_3D('',#4063,#4064,#4065);
#4063 = CARTESIAN_POINT('',(-67.,415.3,103.2));
#4064 = DIRECTION('',(1.,0.,0.));
#4065 = DIRECTION('',(-0.,0.,1.));
#4066 = PCURVE('',#4012,#4067);
#4067 = DEFINITIONAL_REPRESENTATION('',(#4068),#4072);
#4068 = LINE('',#4069,#4070);
#4069 = CARTESIAN_POINT('',(0.,0.));
#4070 = VECTOR('',#4071,1.);
#4071 = DIRECTION('',(1.,0.));
#4072 = ( GEOMETRIC_REPRESENTATION_CONTEXT(2) 
PARAMETRIC_REPRESENTATION_CONTEXT() REPRESENTATION_CONTEXT('2D SPACE',''
  ) );
#4073 = PCURVE('',#4074,#4079);
#4074 = PLANE('',#4075);
#4075 = AXIS2_PLACEMENT_3D('',#4076,#4077,#4078);
#4076 = CARTESIAN_POINT('',(-67.,415.3,103.2));
#4077 = DIRECTION('',(1.,0.,0.));
#4078 = DIRECTION('',(-0.,0.,1.));
#4079 = DEFINITIONAL_REPRESENTATION('',(#4080),#4084);
#4080 = CIRCLE('',#4081,1.5);
#4081 = AXIS2_PLACEMENT_2D('',#4082,#4083);
#4082 = CARTESIAN_POINT('',(0.,0.));
#4083 = DIRECTION('',(1.,0.));
#4084 = ( GEOMETRIC_REPRESENTATION_CONTEXT(2) 
PARAMETRIC_REPRESENTATION_CONTEXT() REPRESENTATION_CONTEXT('2D SPACE',''
  ) );
#4085 = ORIENTED_EDGE('',*,*,#4036,.T.);
#4086 = ADVANCED_FACE('',(#4087),#4024,.T.);
#4087 = FACE_BOUND('',#4088,.T.);
#4088 = EDGE_LOOP('',(#4089));
#4089 = ORIENTED_EDGE('',*,*,#4002,.T.);
#4090 = ADVANCED_FACE('',(#4091),#4074,.F.);
#4091 = FACE_BOUND('',#4092,.T.);
#4092 = EDGE_LOOP('',(#4093));
#4093 = ORIENTED_EDGE('',*,*,#4059,.F.);
#4094 = ( GEOMETRIC_REPRESENTATION_CONTEXT(3) 
GLOBAL_UNCERTAINTY_ASSIGNED_CONTEXT((#4098)) 
GLOBAL_UNIT_ASSIGNED_CONTEXT((#4095,#4096,#4097)) REPRESENTATION_CONTEXT
('Context #1','3D Context with UNIT and UNCERTAINTY') );
#4095 = ( LENGTH_UNIT() NAMED_UNIT(*) SI_UNIT(.MILLI.,.METRE.) );
#4096 = ( NAMED_UNIT(*) PLANE_ANGLE_UNIT() SI_UNIT($,.RADIAN.) );
#4097 = ( NAMED_UNIT(*) SI_UNIT($,.STERADIAN.) SOLID_ANGLE_UNIT() );
#4098 = UNCERTAINTY_MEASURE_WITH_UNIT(LENGTH_MEASURE(1.E-07),#4095,
  'distance_accuracy_value','confusion accuracy');
#4099 = CONTEXT_DEPENDENT_SHAPE_REPRESENTATION(#4100,#4102);
#4100 = ( REPRESENTATION_RELATIONSHIP('','',#3995,#10) 
REPRESENTATION_RELATIONSHIP_WITH_TRANSFORMATION(#4101) 
SHAPE_REPRESENTATION_RELATIONSHIP() );
#4101 = ITEM_DEFINED_TRANSFORMATION('','',#11,#155);
#4102 = PRODUCT_DEFINITION_SHAPE('Placement','Placement of an item',
  #4103);
#4103 = NEXT_ASSEMBLY_USAGE_OCCURRENCE('36',
  '0035_hock_flexion-extension','',#5,#3990,$);
#4104 = PRODUCT_RELATED_PRODUCT_CATEGORY('part',$,(#3992));
#4105 = SHAPE_DEFINITION_REPRESENTATION(#4106,#4112);
#4106 = PRODUCT_DEFINITION_SHAPE('','',#4107);
#4107 = PRODUCT_DEFINITION('design','',#4108,#4111);
#4108 = PRODUCT_DEFINITION_FORMATION('','',#4109);
#4109 = PRODUCT('0036_spine_aft_pivot_pitch',
  '0036_spine_aft_pivot_pitch','',(#4110));
#4110 = PRODUCT_CONTEXT('',#2,'mechanical');
#4111 = PRODUCT_DEFINITION_CONTEXT('part definition',#2,'design');
#4112 = ADVANCED_BREP_SHAPE_REPRESENTATION('',(#11,#4113),#4211);
#4113 = MANIFOLD_SOLID_BREP('',#4114);
#4114 = CLOSED_SHELL('',(#4115,#4203,#4207));
#4115 = ADVANCED_FACE('',(#4116),#4129,.T.);
#4116 = FACE_BOUND('',#4117,.T.);
#4117 = EDGE_LOOP('',(#4118,#4152,#4175,#4202));
#4118 = ORIENTED_EDGE('',*,*,#4119,.F.);
#4119 = EDGE_CURVE('',#4120,#4120,#4122,.T.);
#4120 = VERTEX_POINT('',#4121);
#4121 = CARTESIAN_POINT('',(15.,293.33,330.53));
#4122 = SURFACE_CURVE('',#4123,(#4128,#4140),.PCURVE_S1.);
#4123 = CIRCLE('',#4124,1.5);
#4124 = AXIS2_PLACEMENT_3D('',#4125,#4126,#4127);
#4125 = CARTESIAN_POINT('',(15.,293.33,329.03));
#4126 = DIRECTION('',(1.,0.,0.));
#4127 = DIRECTION('',(-0.,0.,1.));
#4128 = PCURVE('',#4129,#4134);
#4129 = CYLINDRICAL_SURFACE('',#4130,1.5);
#4130 = AXIS2_PLACEMENT_3D('',#4131,#4132,#4133);
#4131 = CARTESIAN_POINT('',(-15.,293.33,329.03));
#4132 = DIRECTION('',(1.,0.,0.));
#4133 = DIRECTION('',(-0.,0.,1.));
#4134 = DEFINITIONAL_REPRESENTATION('',(#4135),#4139);
#4135 = LINE('',#4136,#4137);
#4136 = CARTESIAN_POINT('',(0.,30.));
#4137 = VECTOR('',#4138,1.);
#4138 = DIRECTION('',(1.,0.));
#4139 = ( GEOMETRIC_REPRESENTATION_CONTEXT(2) 
PARAMETRIC_REPRESENTATION_CONTEXT() REPRESENTATION_CONTEXT('2D SPACE',''
  ) );
#4140 = PCURVE('',#4141,#4146);
#4141 = PLANE('',#4142);
#4142 = AXIS2_PLACEMENT_3D('',#4143,#4144,#4145);
#4143 = CARTESIAN_POINT('',(15.,293.33,329.03));
#4144 = DIRECTION('',(1.,0.,0.));
#4145 = DIRECTION('',(-0.,0.,1.));
#4146 = DEFINITIONAL_REPRESENTATION('',(#4147),#4151);
#4147 = CIRCLE('',#4148,1.5);
#4148 = AXIS2_PLACEMENT_2D('',#4149,#4150);
#4149 = CARTESIAN_POINT('',(0.,0.));
#4150 = DIRECTION('',(1.,0.));
#4151 = ( GEOMETRIC_REPRESENTATION_CONTEXT(2) 
PARAMETRIC_REPRESENTATION_CONTEXT() REPRESENTATION_CONTEXT('2D SPACE',''
  ) );
#4152 = ORIENTED_EDGE('',*,*,#4153,.F.);
#4153 = EDGE_CURVE('',#4154,#4120,#4156,.T.);
#4154 = VERTEX_POINT('',#4155);
#4155 = CARTESIAN_POINT('',(-15.,293.33,330.53));
#4156 = SEAM_CURVE('',#4157,(#4161,#4168),.PCURVE_S1.);
#4157 = LINE('',#4158,#4159);
#4158 = CARTESIAN_POINT('',(-15.,293.33,330.53));
#4159 = VECTOR('',#4160,1.);
#4160 = DIRECTION('',(1.,0.,0.));
#4161 = PCURVE('',#4129,#4162);
#4162 = DEFINITIONAL_REPRESENTATION('',(#4163),#4167);
#4163 = LINE('',#4164,#4165);
#4164 = CARTESIAN_POINT('',(6.28318530718,-0.));
#4165 = VECTOR('',#4166,1.);
#4166 = DIRECTION('',(0.,1.));
#4167 = ( GEOMETRIC_REPRESENTATION_CONTEXT(2) 
PARAMETRIC_REPRESENTATION_CONTEXT() REPRESENTATION_CONTEXT('2D SPACE',''
  ) );
#4168 = PCURVE('',#4129,#4169);
#4169 = DEFINITIONAL_REPRESENTATION('',(#4170),#4174);
#4170 = LINE('',#4171,#4172);
#4171 = CARTESIAN_POINT('',(0.,-0.));
#4172 = VECTOR('',#4173,1.);
#4173 = DIRECTION('',(0.,1.));
#4174 = ( GEOMETRIC_REPRESENTATION_CONTEXT(2) 
PARAMETRIC_REPRESENTATION_CONTEXT() REPRESENTATION_CONTEXT('2D SPACE',''
  ) );
#4175 = ORIENTED_EDGE('',*,*,#4176,.T.);
#4176 = EDGE_CURVE('',#4154,#4154,#4177,.T.);
#4177 = SURFACE_CURVE('',#4178,(#4183,#4190),.PCURVE_S1.);
#4178 = CIRCLE('',#4179,1.5);
#4179 = AXIS2_PLACEMENT_3D('',#4180,#4181,#4182);
#4180 = CARTESIAN_POINT('',(-15.,293.33,329.03));
#4181 = DIRECTION('',(1.,0.,0.));
#4182 = DIRECTION('',(-0.,0.,1.));
#4183 = PCURVE('',#4129,#4184);
#4184 = DEFINITIONAL_REPRESENTATION('',(#4185),#4189);
#4185 = LINE('',#4186,#4187);
#4186 = CARTESIAN_POINT('',(0.,0.));
#4187 = VECTOR('',#4188,1.);
#4188 = DIRECTION('',(1.,0.));
#4189 = ( GEOMETRIC_REPRESENTATION_CONTEXT(2) 
PARAMETRIC_REPRESENTATION_CONTEXT() REPRESENTATION_CONTEXT('2D SPACE',''
  ) );
#4190 = PCURVE('',#4191,#4196);
#4191 = PLANE('',#4192);
#4192 = AXIS2_PLACEMENT_3D('',#4193,#4194,#4195);
#4193 = CARTESIAN_POINT('',(-15.,293.33,329.03));
#4194 = DIRECTION('',(1.,0.,0.));
#4195 = DIRECTION('',(-0.,0.,1.));
#4196 = DEFINITIONAL_REPRESENTATION('',(#4197),#4201);
#4197 = CIRCLE('',#4198,1.5);
#4198 = AXIS2_PLACEMENT_2D('',#4199,#4200);
#4199 = CARTESIAN_POINT('',(0.,0.));
#4200 = DIRECTION('',(1.,0.));
#4201 = ( GEOMETRIC_REPRESENTATION_CONTEXT(2) 
PARAMETRIC_REPRESENTATION_CONTEXT() REPRESENTATION_CONTEXT('2D SPACE',''
  ) );
#4202 = ORIENTED_EDGE('',*,*,#4153,.T.);
#4203 = ADVANCED_FACE('',(#4204),#4141,.T.);
#4204 = FACE_BOUND('',#4205,.T.);
#4205 = EDGE_LOOP('',(#4206));
#4206 = ORIENTED_EDGE('',*,*,#4119,.T.);
#4207 = ADVANCED_FACE('',(#4208),#4191,.F.);
#4208 = FACE_BOUND('',#4209,.T.);
#4209 = EDGE_LOOP('',(#4210));
#4210 = ORIENTED_EDGE('',*,*,#4176,.F.);
#4211 = ( GEOMETRIC_REPRESENTATION_CONTEXT(3) 
GLOBAL_UNCERTAINTY_ASSIGNED_CONTEXT((#4215)) 
GLOBAL_UNIT_ASSIGNED_CONTEXT((#4212,#4213,#4214)) REPRESENTATION_CONTEXT
('Context #1','3D Context with UNIT and UNCERTAINTY') );
#4212 = ( LENGTH_UNIT() NAMED_UNIT(*) SI_UNIT(.MILLI.,.METRE.) );
#4213 = ( NAMED_UNIT(*) PLANE_ANGLE_UNIT() SI_UNIT($,.RADIAN.) );
#4214 = ( NAMED_UNIT(*) SI_UNIT($,.STERADIAN.) SOLID_ANGLE_UNIT() );
#4215 = UNCERTAINTY_MEASURE_WITH_UNIT(LENGTH_MEASURE(1.E-07),#4212,
  'distance_accuracy_value','confusion accuracy');
#4216 = CONTEXT_DEPENDENT_SHAPE_REPRESENTATION(#4217,#4219);
#4217 = ( REPRESENTATION_RELATIONSHIP('','',#4112,#10) 
REPRESENTATION_RELATIONSHIP_WITH_TRANSFORMATION(#4218) 
SHAPE_REPRESENTATION_RELATIONSHIP() );
#4218 = ITEM_DEFINED_TRANSFORMATION('','',#11,#159);
#4219 = PRODUCT_DEFINITION_SHAPE('Placement','Placement of an item',
  #4220);
#4220 = NEXT_ASSEMBLY_USAGE_OCCURRENCE('37','0036_spine_aft_pivot_pitch'
  ,'',#5,#4107,$);
#4221 = PRODUCT_RELATED_PRODUCT_CATEGORY('part',$,(#4109));
#4222 = SHAPE_DEFINITION_REPRESENTATION(#4223,#4229);
#4223 = PRODUCT_DEFINITION_SHAPE('','',#4224);
#4224 = PRODUCT_DEFINITION('design','',#4225,#4228);
#4225 = PRODUCT_DEFINITION_FORMATION('','',#4226);
#4226 = PRODUCT('0037_spine_aft_pivot_yaw_(nominal_2nd_axis)',
  '0037_spine_aft_pivot_yaw_(nominal_2nd_axis)','',(#4227));
#4227 = PRODUCT_CONTEXT('',#2,'mechanical');
#4228 = PRODUCT_DEFINITION_CONTEXT('part definition',#2,'design');
#4229 = ADVANCED_BREP_SHAPE_REPRESENTATION('',(#11,#4230),#4328);
#4230 = MANIFOLD_SOLID_BREP('',#4231);
#4231 = CLOSED_SHELL('',(#4232,#4320,#4324));
#4232 = ADVANCED_FACE('',(#4233),#4246,.T.);
#4233 = FACE_BOUND('',#4234,.T.);
#4234 = EDGE_LOOP('',(#4235,#4269,#4292,#4319));
#4235 = ORIENTED_EDGE('',*,*,#4236,.F.);
#4236 = EDGE_CURVE('',#4237,#4237,#4239,.T.);
#4237 = VERTEX_POINT('',#4238);
#4238 = CARTESIAN_POINT('',(2.,293.33,344.03));
#4239 = SURFACE_CURVE('',#4240,(#4245,#4257),.PCURVE_S1.);
#4240 = CIRCLE('',#4241,2.);
#4241 = AXIS2_PLACEMENT_3D('',#4242,#4243,#4244);
#4242 = CARTESIAN_POINT('',(0.,293.33,344.03));
#4243 = DIRECTION('',(0.,0.,1.));
#4244 = DIRECTION('',(1.,0.,-0.));
#4245 = PCURVE('',#4246,#4251);
#4246 = CYLINDRICAL_SURFACE('',#4247,2.);
#4247 = AXIS2_PLACEMENT_3D('',#4248,#4249,#4250);
#4248 = CARTESIAN_POINT('',(0.,293.33,314.03));
#4249 = DIRECTION('',(0.,0.,1.));
#4250 = DIRECTION('',(1.,0.,-0.));
#4251 = DEFINITIONAL_REPRESENTATION('',(#4252),#4256);
#4252 = LINE('',#4253,#4254);
#4253 = CARTESIAN_POINT('',(0.,30.));
#4254 = VECTOR('',#4255,1.);
#4255 = DIRECTION('',(1.,0.));
#4256 = ( GEOMETRIC_REPRESENTATION_CONTEXT(2) 
PARAMETRIC_REPRESENTATION_CONTEXT() REPRESENTATION_CONTEXT('2D SPACE',''
  ) );
#4257 = PCURVE('',#4258,#4263);
#4258 = PLANE('',#4259);
#4259 = AXIS2_PLACEMENT_3D('',#4260,#4261,#4262);
#4260 = CARTESIAN_POINT('',(0.,293.33,344.03));
#4261 = DIRECTION('',(0.,0.,1.));
#4262 = DIRECTION('',(1.,0.,-0.));
#4263 = DEFINITIONAL_REPRESENTATION('',(#4264),#4268);
#4264 = CIRCLE('',#4265,2.);
#4265 = AXIS2_PLACEMENT_2D('',#4266,#4267);
#4266 = CARTESIAN_POINT('',(0.,0.));
#4267 = DIRECTION('',(1.,0.));
#4268 = ( GEOMETRIC_REPRESENTATION_CONTEXT(2) 
PARAMETRIC_REPRESENTATION_CONTEXT() REPRESENTATION_CONTEXT('2D SPACE',''
  ) );
#4269 = ORIENTED_EDGE('',*,*,#4270,.F.);
#4270 = EDGE_CURVE('',#4271,#4237,#4273,.T.);
#4271 = VERTEX_POINT('',#4272);
#4272 = CARTESIAN_POINT('',(2.,293.33,314.03));
#4273 = SEAM_CURVE('',#4274,(#4278,#4285),.PCURVE_S1.);
#4274 = LINE('',#4275,#4276);
#4275 = CARTESIAN_POINT('',(2.,293.33,314.03));
#4276 = VECTOR('',#4277,1.);
#4277 = DIRECTION('',(0.,0.,1.));
#4278 = PCURVE('',#4246,#4279);
#4279 = DEFINITIONAL_REPRESENTATION('',(#4280),#4284);
#4280 = LINE('',#4281,#4282);
#4281 = CARTESIAN_POINT('',(6.28318530718,-0.));
#4282 = VECTOR('',#4283,1.);
#4283 = DIRECTION('',(0.,1.));
#4284 = ( GEOMETRIC_REPRESENTATION_CONTEXT(2) 
PARAMETRIC_REPRESENTATION_CONTEXT() REPRESENTATION_CONTEXT('2D SPACE',''
  ) );
#4285 = PCURVE('',#4246,#4286);
#4286 = DEFINITIONAL_REPRESENTATION('',(#4287),#4291);
#4287 = LINE('',#4288,#4289);
#4288 = CARTESIAN_POINT('',(0.,-0.));
#4289 = VECTOR('',#4290,1.);
#4290 = DIRECTION('',(0.,1.));
#4291 = ( GEOMETRIC_REPRESENTATION_CONTEXT(2) 
PARAMETRIC_REPRESENTATION_CONTEXT() REPRESENTATION_CONTEXT('2D SPACE',''
  ) );
#4292 = ORIENTED_EDGE('',*,*,#4293,.T.);
#4293 = EDGE_CURVE('',#4271,#4271,#4294,.T.);
#4294 = SURFACE_CURVE('',#4295,(#4300,#4307),.PCURVE_S1.);
#4295 = CIRCLE('',#4296,2.);
#4296 = AXIS2_PLACEMENT_3D('',#4297,#4298,#4299);
#4297 = CARTESIAN_POINT('',(0.,293.33,314.03));
#4298 = DIRECTION('',(0.,0.,1.));
#4299 = DIRECTION('',(1.,0.,-0.));
#4300 = PCURVE('',#4246,#4301);
#4301 = DEFINITIONAL_REPRESENTATION('',(#4302),#4306);
#4302 = LINE('',#4303,#4304);
#4303 = CARTESIAN_POINT('',(0.,0.));
#4304 = VECTOR('',#4305,1.);
#4305 = DIRECTION('',(1.,0.));
#4306 = ( GEOMETRIC_REPRESENTATION_CONTEXT(2) 
PARAMETRIC_REPRESENTATION_CONTEXT() REPRESENTATION_CONTEXT('2D SPACE',''
  ) );
#4307 = PCURVE('',#4308,#4313);
#4308 = PLANE('',#4309);
#4309 = AXIS2_PLACEMENT_3D('',#4310,#4311,#4312);
#4310 = CARTESIAN_POINT('',(0.,293.33,314.03));
#4311 = DIRECTION('',(0.,0.,1.));
#4312 = DIRECTION('',(1.,0.,-0.));
#4313 = DEFINITIONAL_REPRESENTATION('',(#4314),#4318);
#4314 = CIRCLE('',#4315,2.);
#4315 = AXIS2_PLACEMENT_2D('',#4316,#4317);
#4316 = CARTESIAN_POINT('',(0.,0.));
#4317 = DIRECTION('',(1.,0.));
#4318 = ( GEOMETRIC_REPRESENTATION_CONTEXT(2) 
PARAMETRIC_REPRESENTATION_CONTEXT() REPRESENTATION_CONTEXT('2D SPACE',''
  ) );
#4319 = ORIENTED_EDGE('',*,*,#4270,.T.);
#4320 = ADVANCED_FACE('',(#4321),#4258,.T.);
#4321 = FACE_BOUND('',#4322,.T.);
#4322 = EDGE_LOOP('',(#4323));
#4323 = ORIENTED_EDGE('',*,*,#4236,.T.);
#4324 = ADVANCED_FACE('',(#4325),#4308,.F.);
#4325 = FACE_BOUND('',#4326,.T.);
#4326 = EDGE_LOOP('',(#4327));
#4327 = ORIENTED_EDGE('',*,*,#4293,.F.);
#4328 = ( GEOMETRIC_REPRESENTATION_CONTEXT(3) 
GLOBAL_UNCERTAINTY_ASSIGNED_CONTEXT((#4332)) 
GLOBAL_UNIT_ASSIGNED_CONTEXT((#4329,#4330,#4331)) REPRESENTATION_CONTEXT
('Context #1','3D Context with UNIT and UNCERTAINTY') );
#4329 = ( LENGTH_UNIT() NAMED_UNIT(*) SI_UNIT(.MILLI.,.METRE.) );
#4330 = ( NAMED_UNIT(*) PLANE_ANGLE_UNIT() SI_UNIT($,.RADIAN.) );
#4331 = ( NAMED_UNIT(*) SI_UNIT($,.STERADIAN.) SOLID_ANGLE_UNIT() );
#4332 = UNCERTAINTY_MEASURE_WITH_UNIT(LENGTH_MEASURE(1.E-07),#4329,
  'distance_accuracy_value','confusion accuracy');
#4333 = CONTEXT_DEPENDENT_SHAPE_REPRESENTATION(#4334,#4336);
#4334 = ( REPRESENTATION_RELATIONSHIP('','',#4229,#10) 
REPRESENTATION_RELATIONSHIP_WITH_TRANSFORMATION(#4335) 
SHAPE_REPRESENTATION_RELATIONSHIP() );
#4335 = ITEM_DEFINED_TRANSFORMATION('','',#11,#163);
#4336 = PRODUCT_DEFINITION_SHAPE('Placement','Placement of an item',
  #4337);
#4337 = NEXT_ASSEMBLY_USAGE_OCCURRENCE('38',
  '0037_spine_aft_pivot_yaw_(nominal_2nd_axis)','',#5,#4224,$);
#4338 = PRODUCT_RELATED_PRODUCT_CATEGORY('part',$,(#4226));
#4339 = SHAPE_DEFINITION_REPRESENTATION(#4340,#4346);
#4340 = PRODUCT_DEFINITION_SHAPE('','',#4341);
#4341 = PRODUCT_DEFINITION('design','',#4342,#4345);
#4342 = PRODUCT_DEFINITION_FORMATION('','',#4343);
#4343 = PRODUCT('0038_spine_fwd_pivot_pitch',
  '0038_spine_fwd_pivot_pitch','',(#4344));
#4344 = PRODUCT_CONTEXT('',#2,'mechanical');
#4345 = PRODUCT_DEFINITION_CONTEXT('part definition',#2,'design');
#4346 = ADVANCED_BREP_SHAPE_REPRESENTATION('',(#11,#4347),#4445);
#4347 = MANIFOLD_SOLID_BREP('',#4348);
#4348 = CLOSED_SHELL('',(#4349,#4437,#4441));
#4349 = ADVANCED_FACE('',(#4350),#4363,.T.);
#4350 = FACE_BOUND('',#4351,.T.);
#4351 = EDGE_LOOP('',(#4352,#4386,#4409,#4436));
#4352 = ORIENTED_EDGE('',*,*,#4353,.F.);
#4353 = EDGE_CURVE('',#4354,#4354,#4356,.T.);
#4354 = VERTEX_POINT('',#4355);
#4355 = CARTESIAN_POINT('',(15.,133.33,310.67));
#4356 = SURFACE_CURVE('',#4357,(#4362,#4374),.PCURVE_S1.);
#4357 = CIRCLE('',#4358,1.5);
#4358 = AXIS2_PLACEMENT_3D('',#4359,#4360,#4361);
#4359 = CARTESIAN_POINT('',(15.,133.33,309.17));
#4360 = DIRECTION('',(1.,0.,0.));
#4361 = DIRECTION('',(-0.,0.,1.));
#4362 = PCURVE('',#4363,#4368);
#4363 = CYLINDRICAL_SURFACE('',#4364,1.5);
#4364 = AXIS2_PLACEMENT_3D('',#4365,#4366,#4367);
#4365 = CARTESIAN_POINT('',(-15.,133.33,309.17));
#4366 = DIRECTION('',(1.,0.,0.));
#4367 = DIRECTION('',(-0.,0.,1.));
#4368 = DEFINITIONAL_REPRESENTATION('',(#4369),#4373);
#4369 = LINE('',#4370,#4371);
#4370 = CARTESIAN_POINT('',(0.,30.));
#4371 = VECTOR('',#4372,1.);
#4372 = DIRECTION('',(1.,0.));
#4373 = ( GEOMETRIC_REPRESENTATION_CONTEXT(2) 
PARAMETRIC_REPRESENTATION_CONTEXT() REPRESENTATION_CONTEXT('2D SPACE',''
  ) );
#4374 = PCURVE('',#4375,#4380);
#4375 = PLANE('',#4376);
#4376 = AXIS2_PLACEMENT_3D('',#4377,#4378,#4379);
#4377 = CARTESIAN_POINT('',(15.,133.33,309.17));
#4378 = DIRECTION('',(1.,0.,0.));
#4379 = DIRECTION('',(-0.,0.,1.));
#4380 = DEFINITIONAL_REPRESENTATION('',(#4381),#4385);
#4381 = CIRCLE('',#4382,1.5);
#4382 = AXIS2_PLACEMENT_2D('',#4383,#4384);
#4383 = CARTESIAN_POINT('',(0.,0.));
#4384 = DIRECTION('',(1.,0.));
#4385 = ( GEOMETRIC_REPRESENTATION_CONTEXT(2) 
PARAMETRIC_REPRESENTATION_CONTEXT() REPRESENTATION_CONTEXT('2D SPACE',''
  ) );
#4386 = ORIENTED_EDGE('',*,*,#4387,.F.);
#4387 = EDGE_CURVE('',#4388,#4354,#4390,.T.);
#4388 = VERTEX_POINT('',#4389);
#4389 = CARTESIAN_POINT('',(-15.,133.33,310.67));
#4390 = SEAM_CURVE('',#4391,(#4395,#4402),.PCURVE_S1.);
#4391 = LINE('',#4392,#4393);
#4392 = CARTESIAN_POINT('',(-15.,133.33,310.67));
#4393 = VECTOR('',#4394,1.);
#4394 = DIRECTION('',(1.,0.,0.));
#4395 = PCURVE('',#4363,#4396);
#4396 = DEFINITIONAL_REPRESENTATION('',(#4397),#4401);
#4397 = LINE('',#4398,#4399);
#4398 = CARTESIAN_POINT('',(6.28318530718,-0.));
#4399 = VECTOR('',#4400,1.);
#4400 = DIRECTION('',(0.,1.));
#4401 = ( GEOMETRIC_REPRESENTATION_CONTEXT(2) 
PARAMETRIC_REPRESENTATION_CONTEXT() REPRESENTATION_CONTEXT('2D SPACE',''
  ) );
#4402 = PCURVE('',#4363,#4403);
#4403 = DEFINITIONAL_REPRESENTATION('',(#4404),#4408);
#4404 = LINE('',#4405,#4406);
#4405 = CARTESIAN_POINT('',(0.,-0.));
#4406 = VECTOR('',#4407,1.);
#4407 = DIRECTION('',(0.,1.));
#4408 = ( GEOMETRIC_REPRESENTATION_CONTEXT(2) 
PARAMETRIC_REPRESENTATION_CONTEXT() REPRESENTATION_CONTEXT('2D SPACE',''
  ) );
#4409 = ORIENTED_EDGE('',*,*,#4410,.T.);
#4410 = EDGE_CURVE('',#4388,#4388,#4411,.T.);
#4411 = SURFACE_CURVE('',#4412,(#4417,#4424),.PCURVE_S1.);
#4412 = CIRCLE('',#4413,1.5);
#4413 = AXIS2_PLACEMENT_3D('',#4414,#4415,#4416);
#4414 = CARTESIAN_POINT('',(-15.,133.33,309.17));
#4415 = DIRECTION('',(1.,0.,0.));
#4416 = DIRECTION('',(-0.,0.,1.));
#4417 = PCURVE('',#4363,#4418);
#4418 = DEFINITIONAL_REPRESENTATION('',(#4419),#4423);
#4419 = LINE('',#4420,#4421);
#4420 = CARTESIAN_POINT('',(0.,0.));
#4421 = VECTOR('',#4422,1.);
#4422 = DIRECTION('',(1.,0.));
#4423 = ( GEOMETRIC_REPRESENTATION_CONTEXT(2) 
PARAMETRIC_REPRESENTATION_CONTEXT() REPRESENTATION_CONTEXT('2D SPACE',''
  ) );
#4424 = PCURVE('',#4425,#4430);
#4425 = PLANE('',#4426);
#4426 = AXIS2_PLACEMENT_3D('',#4427,#4428,#4429);
#4427 = CARTESIAN_POINT('',(-15.,133.33,309.17));
#4428 = DIRECTION('',(1.,0.,0.));
#4429 = DIRECTION('',(-0.,0.,1.));
#4430 = DEFINITIONAL_REPRESENTATION('',(#4431),#4435);
#4431 = CIRCLE('',#4432,1.5);
#4432 = AXIS2_PLACEMENT_2D('',#4433,#4434);
#4433 = CARTESIAN_POINT('',(0.,0.));
#4434 = DIRECTION('',(1.,0.));
#4435 = ( GEOMETRIC_REPRESENTATION_CONTEXT(2) 
PARAMETRIC_REPRESENTATION_CONTEXT() REPRESENTATION_CONTEXT('2D SPACE',''
  ) );
#4436 = ORIENTED_EDGE('',*,*,#4387,.T.);
#4437 = ADVANCED_FACE('',(#4438),#4375,.T.);
#4438 = FACE_BOUND('',#4439,.T.);
#4439 = EDGE_LOOP('',(#4440));
#4440 = ORIENTED_EDGE('',*,*,#4353,.T.);
#4441 = ADVANCED_FACE('',(#4442),#4425,.F.);
#4442 = FACE_BOUND('',#4443,.T.);
#4443 = EDGE_LOOP('',(#4444));
#4444 = ORIENTED_EDGE('',*,*,#4410,.F.);
#4445 = ( GEOMETRIC_REPRESENTATION_CONTEXT(3) 
GLOBAL_UNCERTAINTY_ASSIGNED_CONTEXT((#4449)) 
GLOBAL_UNIT_ASSIGNED_CONTEXT((#4446,#4447,#4448)) REPRESENTATION_CONTEXT
('Context #1','3D Context with UNIT and UNCERTAINTY') );
#4446 = ( LENGTH_UNIT() NAMED_UNIT(*) SI_UNIT(.MILLI.,.METRE.) );
#4447 = ( NAMED_UNIT(*) PLANE_ANGLE_UNIT() SI_UNIT($,.RADIAN.) );
#4448 = ( NAMED_UNIT(*) SI_UNIT($,.STERADIAN.) SOLID_ANGLE_UNIT() );
#4449 = UNCERTAINTY_MEASURE_WITH_UNIT(LENGTH_MEASURE(1.E-07),#4446,
  'distance_accuracy_value','confusion accuracy');
#4450 = CONTEXT_DEPENDENT_SHAPE_REPRESENTATION(#4451,#4453);
#4451 = ( REPRESENTATION_RELATIONSHIP('','',#4346,#10) 
REPRESENTATION_RELATIONSHIP_WITH_TRANSFORMATION(#4452) 
SHAPE_REPRESENTATION_RELATIONSHIP() );
#4452 = ITEM_DEFINED_TRANSFORMATION('','',#11,#167);
#4453 = PRODUCT_DEFINITION_SHAPE('Placement','Placement of an item',
  #4454);
#4454 = NEXT_ASSEMBLY_USAGE_OCCURRENCE('39','0038_spine_fwd_pivot_pitch'
  ,'',#5,#4341,$);
#4455 = PRODUCT_RELATED_PRODUCT_CATEGORY('part',$,(#4343));
#4456 = SHAPE_DEFINITION_REPRESENTATION(#4457,#4463);
#4457 = PRODUCT_DEFINITION_SHAPE('','',#4458);
#4458 = PRODUCT_DEFINITION('design','',#4459,#4462);
#4459 = PRODUCT_DEFINITION_FORMATION('','',#4460);
#4460 = PRODUCT('0039_spine_fwd_pivot_yaw_(nominal_2nd_axis)',
  '0039_spine_fwd_pivot_yaw_(nominal_2nd_axis)','',(#4461));
#4461 = PRODUCT_CONTEXT('',#2,'mechanical');
#4462 = PRODUCT_DEFINITION_CONTEXT('part definition',#2,'design');
#4463 = ADVANCED_BREP_SHAPE_REPRESENTATION('',(#11,#4464),#4562);
#4464 = MANIFOLD_SOLID_BREP('',#4465);
#4465 = CLOSED_SHELL('',(#4466,#4554,#4558));
#4466 = ADVANCED_FACE('',(#4467),#4480,.T.);
#4467 = FACE_BOUND('',#4468,.T.);
#4468 = EDGE_LOOP('',(#4469,#4503,#4526,#4553));
#4469 = ORIENTED_EDGE('',*,*,#4470,.F.);
#4470 = EDGE_CURVE('',#4471,#4471,#4473,.T.);
#4471 = VERTEX_POINT('',#4472);
#4472 = CARTESIAN_POINT('',(2.,133.33,324.17));
#4473 = SURFACE_CURVE('',#4474,(#4479,#4491),.PCURVE_S1.);
#4474 = CIRCLE('',#4475,2.);
#4475 = AXIS2_PLACEMENT_3D('',#4476,#4477,#4478);
#4476 = CARTESIAN_POINT('',(0.,133.33,324.17));
#4477 = DIRECTION('',(0.,0.,1.));
#4478 = DIRECTION('',(1.,0.,-0.));
#4479 = PCURVE('',#4480,#4485);
#4480 = CYLINDRICAL_SURFACE('',#4481,2.);
#4481 = AXIS2_PLACEMENT_3D('',#4482,#4483,#4484);
#4482 = CARTESIAN_POINT('',(0.,133.33,294.17));
#4483 = DIRECTION('',(0.,0.,1.));
#4484 = DIRECTION('',(1.,0.,-0.));
#4485 = DEFINITIONAL_REPRESENTATION('',(#4486),#4490);
#4486 = LINE('',#4487,#4488);
#4487 = CARTESIAN_POINT('',(0.,30.));
#4488 = VECTOR('',#4489,1.);
#4489 = DIRECTION('',(1.,0.));
#4490 = ( GEOMETRIC_REPRESENTATION_CONTEXT(2) 
PARAMETRIC_REPRESENTATION_CONTEXT() REPRESENTATION_CONTEXT('2D SPACE',''
  ) );
#4491 = PCURVE('',#4492,#4497);
#4492 = PLANE('',#4493);
#4493 = AXIS2_PLACEMENT_3D('',#4494,#4495,#4496);
#4494 = CARTESIAN_POINT('',(0.,133.33,324.17));
#4495 = DIRECTION('',(0.,0.,1.));
#4496 = DIRECTION('',(1.,0.,-0.));
#4497 = DEFINITIONAL_REPRESENTATION('',(#4498),#4502);
#4498 = CIRCLE('',#4499,2.);
#4499 = AXIS2_PLACEMENT_2D('',#4500,#4501);
#4500 = CARTESIAN_POINT('',(0.,0.));
#4501 = DIRECTION('',(1.,0.));
#4502 = ( GEOMETRIC_REPRESENTATION_CONTEXT(2) 
PARAMETRIC_REPRESENTATION_CONTEXT() REPRESENTATION_CONTEXT('2D SPACE',''
  ) );
#4503 = ORIENTED_EDGE('',*,*,#4504,.F.);
#4504 = EDGE_CURVE('',#4505,#4471,#4507,.T.);
#4505 = VERTEX_POINT('',#4506);
#4506 = CARTESIAN_POINT('',(2.,133.33,294.17));
#4507 = SEAM_CURVE('',#4508,(#4512,#4519),.PCURVE_S1.);
#4508 = LINE('',#4509,#4510);
#4509 = CARTESIAN_POINT('',(2.,133.33,294.17));
#4510 = VECTOR('',#4511,1.);
#4511 = DIRECTION('',(0.,0.,1.));
#4512 = PCURVE('',#4480,#4513);
#4513 = DEFINITIONAL_REPRESENTATION('',(#4514),#4518);
#4514 = LINE('',#4515,#4516);
#4515 = CARTESIAN_POINT('',(6.28318530718,-0.));
#4516 = VECTOR('',#4517,1.);
#4517 = DIRECTION('',(0.,1.));
#4518 = ( GEOMETRIC_REPRESENTATION_CONTEXT(2) 
PARAMETRIC_REPRESENTATION_CONTEXT() REPRESENTATION_CONTEXT('2D SPACE',''
  ) );
#4519 = PCURVE('',#4480,#4520);
#4520 = DEFINITIONAL_REPRESENTATION('',(#4521),#4525);
#4521 = LINE('',#4522,#4523);
#4522 = CARTESIAN_POINT('',(0.,-0.));
#4523 = VECTOR('',#4524,1.);
#4524 = DIRECTION('',(0.,1.));
#4525 = ( GEOMETRIC_REPRESENTATION_CONTEXT(2) 
PARAMETRIC_REPRESENTATION_CONTEXT() REPRESENTATION_CONTEXT('2D SPACE',''
  ) );
#4526 = ORIENTED_EDGE('',*,*,#4527,.T.);
#4527 = EDGE_CURVE('',#4505,#4505,#4528,.T.);
#4528 = SURFACE_CURVE('',#4529,(#4534,#4541),.PCURVE_S1.);
#4529 = CIRCLE('',#4530,2.);
#4530 = AXIS2_PLACEMENT_3D('',#4531,#4532,#4533);
#4531 = CARTESIAN_POINT('',(0.,133.33,294.17));
#4532 = DIRECTION('',(0.,0.,1.));
#4533 = DIRECTION('',(1.,0.,-0.));
#4534 = PCURVE('',#4480,#4535);
#4535 = DEFINITIONAL_REPRESENTATION('',(#4536),#4540);
#4536 = LINE('',#4537,#4538);
#4537 = CARTESIAN_POINT('',(0.,0.));
#4538 = VECTOR('',#4539,1.);
#4539 = DIRECTION('',(1.,0.));
#4540 = ( GEOMETRIC_REPRESENTATION_CONTEXT(2) 
PARAMETRIC_REPRESENTATION_CONTEXT() REPRESENTATION_CONTEXT('2D SPACE',''
  ) );
#4541 = PCURVE('',#4542,#4547);
#4542 = PLANE('',#4543);
#4543 = AXIS2_PLACEMENT_3D('',#4544,#4545,#4546);
#4544 = CARTESIAN_POINT('',(0.,133.33,294.17));
#4545 = DIRECTION('',(0.,0.,1.));
#4546 = DIRECTION('',(1.,0.,-0.));
#4547 = DEFINITIONAL_REPRESENTATION('',(#4548),#4552);
#4548 = CIRCLE('',#4549,2.);
#4549 = AXIS2_PLACEMENT_2D('',#4550,#4551);
#4550 = CARTESIAN_POINT('',(0.,0.));
#4551 = DIRECTION('',(1.,0.));
#4552 = ( GEOMETRIC_REPRESENTATION_CONTEXT(2) 
PARAMETRIC_REPRESENTATION_CONTEXT() REPRESENTATION_CONTEXT('2D SPACE',''
  ) );
#4553 = ORIENTED_EDGE('',*,*,#4504,.T.);
#4554 = ADVANCED_FACE('',(#4555),#4492,.T.);
#4555 = FACE_BOUND('',#4556,.T.);
#4556 = EDGE_LOOP('',(#4557));
#4557 = ORIENTED_EDGE('',*,*,#4470,.T.);
#4558 = ADVANCED_FACE('',(#4559),#4542,.F.);
#4559 = FACE_BOUND('',#4560,.T.);
#4560 = EDGE_LOOP('',(#4561));
#4561 = ORIENTED_EDGE('',*,*,#4527,.F.);
#4562 = ( GEOMETRIC_REPRESENTATION_CONTEXT(3) 
GLOBAL_UNCERTAINTY_ASSIGNED_CONTEXT((#4566)) 
GLOBAL_UNIT_ASSIGNED_CONTEXT((#4563,#4564,#4565)) REPRESENTATION_CONTEXT
('Context #1','3D Context with UNIT and UNCERTAINTY') );
#4563 = ( LENGTH_UNIT() NAMED_UNIT(*) SI_UNIT(.MILLI.,.METRE.) );
#4564 = ( NAMED_UNIT(*) PLANE_ANGLE_UNIT() SI_UNIT($,.RADIAN.) );
#4565 = ( NAMED_UNIT(*) SI_UNIT($,.STERADIAN.) SOLID_ANGLE_UNIT() );
#4566 = UNCERTAINTY_MEASURE_WITH_UNIT(LENGTH_MEASURE(1.E-07),#4563,
  'distance_accuracy_value','confusion accuracy');
#4567 = CONTEXT_DEPENDENT_SHAPE_REPRESENTATION(#4568,#4570);
#4568 = ( REPRESENTATION_RELATIONSHIP('','',#4463,#10) 
REPRESENTATION_RELATIONSHIP_WITH_TRANSFORMATION(#4569) 
SHAPE_REPRESENTATION_RELATIONSHIP() );
#4569 = ITEM_DEFINED_TRANSFORMATION('','',#11,#171);
#4570 = PRODUCT_DEFINITION_SHAPE('Placement','Placement of an item',
  #4571);
#4571 = NEXT_ASSEMBLY_USAGE_OCCURRENCE('40',
  '0039_spine_fwd_pivot_yaw_(nominal_2nd_axis)','',#5,#4458,$);
#4572 = PRODUCT_RELATED_PRODUCT_CATEGORY('part',$,(#4460));
#4573 = SHAPE_DEFINITION_REPRESENTATION(#4574,#4580);
#4574 = PRODUCT_DEFINITION_SHAPE('','',#4575);
#4575 = PRODUCT_DEFINITION('design','',#4576,#4579);
#4576 = PRODUCT_DEFINITION_FORMATION('','',#4577);
#4577 = PRODUCT('0040_tail_base_WAG_--_left-right',
  '0040_tail_base_WAG_--_left-right','',(#4578));
#4578 = PRODUCT_CONTEXT('',#2,'mechanical');
#4579 = PRODUCT_DEFINITION_CONTEXT('part definition',#2,'design');
#4580 = ADVANCED_BREP_SHAPE_REPRESENTATION('',(#11,#4581),#4679);
#4581 = MANIFOLD_SOLID_BREP('',#4582);
#4582 = CLOSED_SHELL('',(#4583,#4671,#4675));
#4583 = ADVANCED_FACE('',(#4584),#4597,.T.);
#4584 = FACE_BOUND('',#4585,.T.);
#4585 = EDGE_LOOP('',(#4586,#4620,#4643,#4670));
#4586 = ORIENTED_EDGE('',*,*,#4587,.F.);
#4587 = EDGE_CURVE('',#4588,#4588,#4590,.T.);
#4588 = VERTEX_POINT('',#4589);
#4589 = CARTESIAN_POINT('',(2.,430.,280.8));
#4590 = SURFACE_CURVE('',#4591,(#4596,#4608),.PCURVE_S1.);
#4591 = CIRCLE('',#4592,2.);
#4592 = AXIS2_PLACEMENT_3D('',#4593,#4594,#4595);
#4593 = CARTESIAN_POINT('',(0.,430.,280.8));
#4594 = DIRECTION('',(0.,0.,1.));
#4595 = DIRECTION('',(1.,0.,-0.));
#4596 = PCURVE('',#4597,#4602);
#4597 = CYLINDRICAL_SURFACE('',#4598,2.);
#4598 = AXIS2_PLACEMENT_3D('',#4599,#4600,#4601);
#4599 = CARTESIAN_POINT('',(0.,430.,250.8));
#4600 = DIRECTION('',(0.,0.,1.));
#4601 = DIRECTION('',(1.,0.,-0.));
#4602 = DEFINITIONAL_REPRESENTATION('',(#4603),#4607);
#4603 = LINE('',#4604,#4605);
#4604 = CARTESIAN_POINT('',(0.,30.));
#4605 = VECTOR('',#4606,1.);
#4606 = DIRECTION('',(1.,0.));
#4607 = ( GEOMETRIC_REPRESENTATION_CONTEXT(2) 
PARAMETRIC_REPRESENTATION_CONTEXT() REPRESENTATION_CONTEXT('2D SPACE',''
  ) );
#4608 = PCURVE('',#4609,#4614);
#4609 = PLANE('',#4610);
#4610 = AXIS2_PLACEMENT_3D('',#4611,#4612,#4613);
#4611 = CARTESIAN_POINT('',(0.,430.,280.8));
#4612 = DIRECTION('',(0.,0.,1.));
#4613 = DIRECTION('',(1.,0.,-0.));
#4614 = DEFINITIONAL_REPRESENTATION('',(#4615),#4619);
#4615 = CIRCLE('',#4616,2.);
#4616 = AXIS2_PLACEMENT_2D('',#4617,#4618);
#4617 = CARTESIAN_POINT('',(0.,0.));
#4618 = DIRECTION('',(1.,0.));
#4619 = ( GEOMETRIC_REPRESENTATION_CONTEXT(2) 
PARAMETRIC_REPRESENTATION_CONTEXT() REPRESENTATION_CONTEXT('2D SPACE',''
  ) );
#4620 = ORIENTED_EDGE('',*,*,#4621,.F.);
#4621 = EDGE_CURVE('',#4622,#4588,#4624,.T.);
#4622 = VERTEX_POINT('',#4623);
#4623 = CARTESIAN_POINT('',(2.,430.,250.8));
#4624 = SEAM_CURVE('',#4625,(#4629,#4636),.PCURVE_S1.);
#4625 = LINE('',#4626,#4627);
#4626 = CARTESIAN_POINT('',(2.,430.,250.8));
#4627 = VECTOR('',#4628,1.);
#4628 = DIRECTION('',(0.,0.,1.));
#4629 = PCURVE('',#4597,#4630);
#4630 = DEFINITIONAL_REPRESENTATION('',(#4631),#4635);
#4631 = LINE('',#4632,#4633);
#4632 = CARTESIAN_POINT('',(6.28318530718,-0.));
#4633 = VECTOR('',#4634,1.);
#4634 = DIRECTION('',(0.,1.));
#4635 = ( GEOMETRIC_REPRESENTATION_CONTEXT(2) 
PARAMETRIC_REPRESENTATION_CONTEXT() REPRESENTATION_CONTEXT('2D SPACE',''
  ) );
#4636 = PCURVE('',#4597,#4637);
#4637 = DEFINITIONAL_REPRESENTATION('',(#4638),#4642);
#4638 = LINE('',#4639,#4640);
#4639 = CARTESIAN_POINT('',(0.,-0.));
#4640 = VECTOR('',#4641,1.);
#4641 = DIRECTION('',(0.,1.));
#4642 = ( GEOMETRIC_REPRESENTATION_CONTEXT(2) 
PARAMETRIC_REPRESENTATION_CONTEXT() REPRESENTATION_CONTEXT('2D SPACE',''
  ) );
#4643 = ORIENTED_EDGE('',*,*,#4644,.T.);
#4644 = EDGE_CURVE('',#4622,#4622,#4645,.T.);
#4645 = SURFACE_CURVE('',#4646,(#4651,#4658),.PCURVE_S1.);
#4646 = CIRCLE('',#4647,2.);
#4647 = AXIS2_PLACEMENT_3D('',#4648,#4649,#4650);
#4648 = CARTESIAN_POINT('',(0.,430.,250.8));
#4649 = DIRECTION('',(0.,0.,1.));
#4650 = DIRECTION('',(1.,0.,-0.));
#4651 = PCURVE('',#4597,#4652);
#4652 = DEFINITIONAL_REPRESENTATION('',(#4653),#4657);
#4653 = LINE('',#4654,#4655);
#4654 = CARTESIAN_POINT('',(0.,0.));
#4655 = VECTOR('',#4656,1.);
#4656 = DIRECTION('',(1.,0.));
#4657 = ( GEOMETRIC_REPRESENTATION_CONTEXT(2) 
PARAMETRIC_REPRESENTATION_CONTEXT() REPRESENTATION_CONTEXT('2D SPACE',''
  ) );
#4658 = PCURVE('',#4659,#4664);
#4659 = PLANE('',#4660);
#4660 = AXIS2_PLACEMENT_3D('',#4661,#4662,#4663);
#4661 = CARTESIAN_POINT('',(0.,430.,250.8));
#4662 = DIRECTION('',(0.,0.,1.));
#4663 = DIRECTION('',(1.,0.,-0.));
#4664 = DEFINITIONAL_REPRESENTATION('',(#4665),#4669);
#4665 = CIRCLE('',#4666,2.);
#4666 = AXIS2_PLACEMENT_2D('',#4667,#4668);
#4667 = CARTESIAN_POINT('',(0.,0.));
#4668 = DIRECTION('',(1.,0.));
#4669 = ( GEOMETRIC_REPRESENTATION_CONTEXT(2) 
PARAMETRIC_REPRESENTATION_CONTEXT() REPRESENTATION_CONTEXT('2D SPACE',''
  ) );
#4670 = ORIENTED_EDGE('',*,*,#4621,.T.);
#4671 = ADVANCED_FACE('',(#4672),#4609,.T.);
#4672 = FACE_BOUND('',#4673,.T.);
#4673 = EDGE_LOOP('',(#4674));
#4674 = ORIENTED_EDGE('',*,*,#4587,.T.);
#4675 = ADVANCED_FACE('',(#4676),#4659,.F.);
#4676 = FACE_BOUND('',#4677,.T.);
#4677 = EDGE_LOOP('',(#4678));
#4678 = ORIENTED_EDGE('',*,*,#4644,.F.);
#4679 = ( GEOMETRIC_REPRESENTATION_CONTEXT(3) 
GLOBAL_UNCERTAINTY_ASSIGNED_CONTEXT((#4683)) 
GLOBAL_UNIT_ASSIGNED_CONTEXT((#4680,#4681,#4682)) REPRESENTATION_CONTEXT
('Context #1','3D Context with UNIT and UNCERTAINTY') );
#4680 = ( LENGTH_UNIT() NAMED_UNIT(*) SI_UNIT(.MILLI.,.METRE.) );
#4681 = ( NAMED_UNIT(*) PLANE_ANGLE_UNIT() SI_UNIT($,.RADIAN.) );
#4682 = ( NAMED_UNIT(*) SI_UNIT($,.STERADIAN.) SOLID_ANGLE_UNIT() );
#4683 = UNCERTAINTY_MEASURE_WITH_UNIT(LENGTH_MEASURE(1.E-07),#4680,
  'distance_accuracy_value','confusion accuracy');
#4684 = CONTEXT_DEPENDENT_SHAPE_REPRESENTATION(#4685,#4687);
#4685 = ( REPRESENTATION_RELATIONSHIP('','',#4580,#10) 
REPRESENTATION_RELATIONSHIP_WITH_TRANSFORMATION(#4686) 
SHAPE_REPRESENTATION_RELATIONSHIP() );
#4686 = ITEM_DEFINED_TRANSFORMATION('','',#11,#175);
#4687 = PRODUCT_DEFINITION_SHAPE('Placement','Placement of an item',
  #4688);
#4688 = NEXT_ASSEMBLY_USAGE_OCCURRENCE('41',
  '0040_tail_base_WAG_--_left-right','',#5,#4575,$);
#4689 = PRODUCT_RELATED_PRODUCT_CATEGORY('part',$,(#4577));
#4690 = SHAPE_DEFINITION_REPRESENTATION(#4691,#4697);
#4691 = PRODUCT_DEFINITION_SHAPE('','',#4692);
#4692 = PRODUCT_DEFINITION('design','',#4693,#4696);
#4693 = PRODUCT_DEFINITION_FORMATION('','',#4694);
#4694 = PRODUCT('0041_tail_base_LIFT_--_up-down',
  '0041_tail_base_LIFT_--_up-down','',(#4695));
#4695 = PRODUCT_CONTEXT('',#2,'mechanical');
#4696 = PRODUCT_DEFINITION_CONTEXT('part definition',#2,'design');
#4697 = ADVANCED_BREP_SHAPE_REPRESENTATION('',(#11,#4698),#4796);
#4698 = MANIFOLD_SOLID_BREP('',#4699);
#4699 = CLOSED_SHELL('',(#4700,#4788,#4792));
#4700 = ADVANCED_FACE('',(#4701),#4714,.T.);
#4701 = FACE_BOUND('',#4702,.T.);
#4702 = EDGE_LOOP('',(#4703,#4737,#4760,#4787));
#4703 = ORIENTED_EDGE('',*,*,#4704,.F.);
#4704 = EDGE_CURVE('',#4705,#4705,#4707,.T.);
#4705 = VERTEX_POINT('',#4706);
#4706 = CARTESIAN_POINT('',(15.,430.,267.8));
#4707 = SURFACE_CURVE('',#4708,(#4713,#4725),.PCURVE_S1.);
#4708 = CIRCLE('',#4709,2.);
#4709 = AXIS2_PLACEMENT_3D('',#4710,#4711,#4712);
#4710 = CARTESIAN_POINT('',(15.,430.,265.8));
#4711 = DIRECTION('',(1.,0.,0.));
#4712 = DIRECTION('',(-0.,0.,1.));
#4713 = PCURVE('',#4714,#4719);
#4714 = CYLINDRICAL_SURFACE('',#4715,2.);
#4715 = AXIS2_PLACEMENT_3D('',#4716,#4717,#4718);
#4716 = CARTESIAN_POINT('',(-15.,430.,265.8));
#4717 = DIRECTION('',(1.,0.,0.));
#4718 = DIRECTION('',(-0.,0.,1.));
#4719 = DEFINITIONAL_REPRESENTATION('',(#4720),#4724);
#4720 = LINE('',#4721,#4722);
#4721 = CARTESIAN_POINT('',(0.,30.));
#4722 = VECTOR('',#4723,1.);
#4723 = DIRECTION('',(1.,0.));
#4724 = ( GEOMETRIC_REPRESENTATION_CONTEXT(2) 
PARAMETRIC_REPRESENTATION_CONTEXT() REPRESENTATION_CONTEXT('2D SPACE',''
  ) );
#4725 = PCURVE('',#4726,#4731);
#4726 = PLANE('',#4727);
#4727 = AXIS2_PLACEMENT_3D('',#4728,#4729,#4730);
#4728 = CARTESIAN_POINT('',(15.,430.,265.8));
#4729 = DIRECTION('',(1.,0.,0.));
#4730 = DIRECTION('',(-0.,0.,1.));
#4731 = DEFINITIONAL_REPRESENTATION('',(#4732),#4736);
#4732 = CIRCLE('',#4733,2.);
#4733 = AXIS2_PLACEMENT_2D('',#4734,#4735);
#4734 = CARTESIAN_POINT('',(0.,0.));
#4735 = DIRECTION('',(1.,0.));
#4736 = ( GEOMETRIC_REPRESENTATION_CONTEXT(2) 
PARAMETRIC_REPRESENTATION_CONTEXT() REPRESENTATION_CONTEXT('2D SPACE',''
  ) );
#4737 = ORIENTED_EDGE('',*,*,#4738,.F.);
#4738 = EDGE_CURVE('',#4739,#4705,#4741,.T.);
#4739 = VERTEX_POINT('',#4740);
#4740 = CARTESIAN_POINT('',(-15.,430.,267.8));
#4741 = SEAM_CURVE('',#4742,(#4746,#4753),.PCURVE_S1.);
#4742 = LINE('',#4743,#4744);
#4743 = CARTESIAN_POINT('',(-15.,430.,267.8));
#4744 = VECTOR('',#4745,1.);
#4745 = DIRECTION('',(1.,0.,0.));
#4746 = PCURVE('',#4714,#4747);
#4747 = DEFINITIONAL_REPRESENTATION('',(#4748),#4752);
#4748 = LINE('',#4749,#4750);
#4749 = CARTESIAN_POINT('',(6.28318530718,-0.));
#4750 = VECTOR('',#4751,1.);
#4751 = DIRECTION('',(0.,1.));
#4752 = ( GEOMETRIC_REPRESENTATION_CONTEXT(2) 
PARAMETRIC_REPRESENTATION_CONTEXT() REPRESENTATION_CONTEXT('2D SPACE',''
  ) );
#4753 = PCURVE('',#4714,#4754);
#4754 = DEFINITIONAL_REPRESENTATION('',(#4755),#4759);
#4755 = LINE('',#4756,#4757);
#4756 = CARTESIAN_POINT('',(0.,-0.));
#4757 = VECTOR('',#4758,1.);
#4758 = DIRECTION('',(0.,1.));
#4759 = ( GEOMETRIC_REPRESENTATION_CONTEXT(2) 
PARAMETRIC_REPRESENTATION_CONTEXT() REPRESENTATION_CONTEXT('2D SPACE',''
  ) );
#4760 = ORIENTED_EDGE('',*,*,#4761,.T.);
#4761 = EDGE_CURVE('',#4739,#4739,#4762,.T.);
#4762 = SURFACE_CURVE('',#4763,(#4768,#4775),.PCURVE_S1.);
#4763 = CIRCLE('',#4764,2.);
#4764 = AXIS2_PLACEMENT_3D('',#4765,#4766,#4767);
#4765 = CARTESIAN_POINT('',(-15.,430.,265.8));
#4766 = DIRECTION('',(1.,0.,0.));
#4767 = DIRECTION('',(-0.,0.,1.));
#4768 = PCURVE('',#4714,#4769);
#4769 = DEFINITIONAL_REPRESENTATION('',(#4770),#4774);
#4770 = LINE('',#4771,#4772);
#4771 = CARTESIAN_POINT('',(0.,0.));
#4772 = VECTOR('',#4773,1.);
#4773 = DIRECTION('',(1.,0.));
#4774 = ( GEOMETRIC_REPRESENTATION_CONTEXT(2) 
PARAMETRIC_REPRESENTATION_CONTEXT() REPRESENTATION_CONTEXT('2D SPACE',''
  ) );
#4775 = PCURVE('',#4776,#4781);
#4776 = PLANE('',#4777);
#4777 = AXIS2_PLACEMENT_3D('',#4778,#4779,#4780);
#4778 = CARTESIAN_POINT('',(-15.,430.,265.8));
#4779 = DIRECTION('',(1.,0.,0.));
#4780 = DIRECTION('',(-0.,0.,1.));
#4781 = DEFINITIONAL_REPRESENTATION('',(#4782),#4786);
#4782 = CIRCLE('',#4783,2.);
#4783 = AXIS2_PLACEMENT_2D('',#4784,#4785);
#4784 = CARTESIAN_POINT('',(0.,0.));
#4785 = DIRECTION('',(1.,0.));
#4786 = ( GEOMETRIC_REPRESENTATION_CONTEXT(2) 
PARAMETRIC_REPRESENTATION_CONTEXT() REPRESENTATION_CONTEXT('2D SPACE',''
  ) );
#4787 = ORIENTED_EDGE('',*,*,#4738,.T.);
#4788 = ADVANCED_FACE('',(#4789),#4726,.T.);
#4789 = FACE_BOUND('',#4790,.T.);
#4790 = EDGE_LOOP('',(#4791));
#4791 = ORIENTED_EDGE('',*,*,#4704,.T.);
#4792 = ADVANCED_FACE('',(#4793),#4776,.F.);
#4793 = FACE_BOUND('',#4794,.T.);
#4794 = EDGE_LOOP('',(#4795));
#4795 = ORIENTED_EDGE('',*,*,#4761,.F.);
#4796 = ( GEOMETRIC_REPRESENTATION_CONTEXT(3) 
GLOBAL_UNCERTAINTY_ASSIGNED_CONTEXT((#4800)) 
GLOBAL_UNIT_ASSIGNED_CONTEXT((#4797,#4798,#4799)) REPRESENTATION_CONTEXT
('Context #1','3D Context with UNIT and UNCERTAINTY') );
#4797 = ( LENGTH_UNIT() NAMED_UNIT(*) SI_UNIT(.MILLI.,.METRE.) );
#4798 = ( NAMED_UNIT(*) PLANE_ANGLE_UNIT() SI_UNIT($,.RADIAN.) );
#4799 = ( NAMED_UNIT(*) SI_UNIT($,.STERADIAN.) SOLID_ANGLE_UNIT() );
#4800 = UNCERTAINTY_MEASURE_WITH_UNIT(LENGTH_MEASURE(1.E-07),#4797,
  'distance_accuracy_value','confusion accuracy');
#4801 = CONTEXT_DEPENDENT_SHAPE_REPRESENTATION(#4802,#4804);
#4802 = ( REPRESENTATION_RELATIONSHIP('','',#4697,#10) 
REPRESENTATION_RELATIONSHIP_WITH_TRANSFORMATION(#4803) 
SHAPE_REPRESENTATION_RELATIONSHIP() );
#4803 = ITEM_DEFINED_TRANSFORMATION('','',#11,#179);
#4804 = PRODUCT_DEFINITION_SHAPE('Placement','Placement of an item',
  #4805);
#4805 = NEXT_ASSEMBLY_USAGE_OCCURRENCE('42',
  '0041_tail_base_LIFT_--_up-down','',#5,#4692,$);
#4806 = PRODUCT_RELATED_PRODUCT_CATEGORY('part',$,(#4694));
#4807 = SHAPE_DEFINITION_REPRESENTATION(#4808,#4814);
#4808 = PRODUCT_DEFINITION_SHAPE('','',#4809);
#4809 = PRODUCT_DEFINITION('design','',#4810,#4813);
#4810 = PRODUCT_DEFINITION_FORMATION('','',#4811);
#4811 = PRODUCT('0042_station_S3-forechest','0042_station_S3-forechest',
  '',(#4812));
#4812 = PRODUCT_CONTEXT('',#2,'mechanical');
#4813 = PRODUCT_DEFINITION_CONTEXT('part definition',#2,'design');
#4814 = ADVANCED_BREP_SHAPE_REPRESENTATION('',(#11,#4815),#4913);
#4815 = MANIFOLD_SOLID_BREP('',#4816);
#4816 = CLOSED_SHELL('',(#4817,#4905,#4909));
#4817 = ADVANCED_FACE('',(#4818),#4831,.T.);
#4818 = FACE_BOUND('',#4819,.T.);
#4819 = EDGE_LOOP('',(#4820,#4854,#4877,#4904));
#4820 = ORIENTED_EDGE('',*,*,#4821,.F.);
#4821 = EDGE_CURVE('',#4822,#4822,#4824,.T.);
#4822 = VERTEX_POINT('',#4823);
#4823 = CARTESIAN_POINT('',(63.,2.449293598295E-16,386.));
#4824 = SURFACE_CURVE('',#4825,(#4830,#4842),.PCURVE_S1.);
#4825 = CIRCLE('',#4826,1.);
#4826 = AXIS2_PLACEMENT_3D('',#4827,#4828,#4829);
#4827 = CARTESIAN_POINT('',(63.,0.,385.));
#4828 = DIRECTION('',(1.,0.,0.));
#4829 = DIRECTION('',(-0.,0.,1.));
#4830 = PCURVE('',#4831,#4836);
#4831 = CYLINDRICAL_SURFACE('',#4832,1.);
#4832 = AXIS2_PLACEMENT_3D('',#4833,#4834,#4835);
#4833 = CARTESIAN_POINT('',(-63.,0.,385.));
#4834 = DIRECTION('',(1.,0.,0.));
#4835 = DIRECTION('',(-0.,0.,1.));
#4836 = DEFINITIONAL_REPRESENTATION('',(#4837),#4841);
#4837 = LINE('',#4838,#4839);
#4838 = CARTESIAN_POINT('',(0.,126.));
#4839 = VECTOR('',#4840,1.);
#4840 = DIRECTION('',(1.,0.));
#4841 = ( GEOMETRIC_REPRESENTATION_CONTEXT(2) 
PARAMETRIC_REPRESENTATION_CONTEXT() REPRESENTATION_CONTEXT('2D SPACE',''
  ) );
#4842 = PCURVE('',#4843,#4848);
#4843 = PLANE('',#4844);
#4844 = AXIS2_PLACEMENT_3D('',#4845,#4846,#4847);
#4845 = CARTESIAN_POINT('',(63.,0.,385.));
#4846 = DIRECTION('',(1.,0.,0.));
#4847 = DIRECTION('',(-0.,0.,1.));
#4848 = DEFINITIONAL_REPRESENTATION('',(#4849),#4853);
#4849 = CIRCLE('',#4850,1.);
#4850 = AXIS2_PLACEMENT_2D('',#4851,#4852);
#4851 = CARTESIAN_POINT('',(0.,0.));
#4852 = DIRECTION('',(1.,0.));
#4853 = ( GEOMETRIC_REPRESENTATION_CONTEXT(2) 
PARAMETRIC_REPRESENTATION_CONTEXT() REPRESENTATION_CONTEXT('2D SPACE',''
  ) );
#4854 = ORIENTED_EDGE('',*,*,#4855,.F.);
#4855 = EDGE_CURVE('',#4856,#4822,#4858,.T.);
#4856 = VERTEX_POINT('',#4857);
#4857 = CARTESIAN_POINT('',(-63.,2.449293598295E-16,386.));
#4858 = SEAM_CURVE('',#4859,(#4863,#4870),.PCURVE_S1.);
#4859 = LINE('',#4860,#4861);
#4860 = CARTESIAN_POINT('',(-63.,2.449293598295E-16,386.));
#4861 = VECTOR('',#4862,1.);
#4862 = DIRECTION('',(1.,0.,0.));
#4863 = PCURVE('',#4831,#4864);
#4864 = DEFINITIONAL_REPRESENTATION('',(#4865),#4869);
#4865 = LINE('',#4866,#4867);
#4866 = CARTESIAN_POINT('',(6.28318530718,-0.));
#4867 = VECTOR('',#4868,1.);
#4868 = DIRECTION('',(0.,1.));
#4869 = ( GEOMETRIC_REPRESENTATION_CONTEXT(2) 
PARAMETRIC_REPRESENTATION_CONTEXT() REPRESENTATION_CONTEXT('2D SPACE',''
  ) );
#4870 = PCURVE('',#4831,#4871);
#4871 = DEFINITIONAL_REPRESENTATION('',(#4872),#4876);
#4872 = LINE('',#4873,#4874);
#4873 = CARTESIAN_POINT('',(0.,-0.));
#4874 = VECTOR('',#4875,1.);
#4875 = DIRECTION('',(0.,1.));
#4876 = ( GEOMETRIC_REPRESENTATION_CONTEXT(2) 
PARAMETRIC_REPRESENTATION_CONTEXT() REPRESENTATION_CONTEXT('2D SPACE',''
  ) );
#4877 = ORIENTED_EDGE('',*,*,#4878,.T.);
#4878 = EDGE_CURVE('',#4856,#4856,#4879,.T.);
#4879 = SURFACE_CURVE('',#4880,(#4885,#4892),.PCURVE_S1.);
#4880 = CIRCLE('',#4881,1.);
#4881 = AXIS2_PLACEMENT_3D('',#4882,#4883,#4884);
#4882 = CARTESIAN_POINT('',(-63.,0.,385.));
#4883 = DIRECTION('',(1.,0.,0.));
#4884 = DIRECTION('',(-0.,0.,1.));
#4885 = PCURVE('',#4831,#4886);
#4886 = DEFINITIONAL_REPRESENTATION('',(#4887),#4891);
#4887 = LINE('',#4888,#4889);
#4888 = CARTESIAN_POINT('',(0.,0.));
#4889 = VECTOR('',#4890,1.);
#4890 = DIRECTION('',(1.,0.));
#4891 = ( GEOMETRIC_REPRESENTATION_CONTEXT(2) 
PARAMETRIC_REPRESENTATION_CONTEXT() REPRESENTATION_CONTEXT('2D SPACE',''
  ) );
#4892 = PCURVE('',#4893,#4898);
#4893 = PLANE('',#4894);
#4894 = AXIS2_PLACEMENT_3D('',#4895,#4896,#4897);
#4895 = CARTESIAN_POINT('',(-63.,0.,385.));
#4896 = DIRECTION('',(1.,0.,0.));
#4897 = DIRECTION('',(-0.,0.,1.));
#4898 = DEFINITIONAL_REPRESENTATION('',(#4899),#4903);
#4899 = CIRCLE('',#4900,1.);
#4900 = AXIS2_PLACEMENT_2D('',#4901,#4902);
#4901 = CARTESIAN_POINT('',(0.,0.));
#4902 = DIRECTION('',(1.,0.));
#4903 = ( GEOMETRIC_REPRESENTATION_CONTEXT(2) 
PARAMETRIC_REPRESENTATION_CONTEXT() REPRESENTATION_CONTEXT('2D SPACE',''
  ) );
#4904 = ORIENTED_EDGE('',*,*,#4855,.T.);
#4905 = ADVANCED_FACE('',(#4906),#4843,.T.);
#4906 = FACE_BOUND('',#4907,.T.);
#4907 = EDGE_LOOP('',(#4908));
#4908 = ORIENTED_EDGE('',*,*,#4821,.T.);
#4909 = ADVANCED_FACE('',(#4910),#4893,.F.);
#4910 = FACE_BOUND('',#4911,.T.);
#4911 = EDGE_LOOP('',(#4912));
#4912 = ORIENTED_EDGE('',*,*,#4878,.F.);
#4913 = ( GEOMETRIC_REPRESENTATION_CONTEXT(3) 
GLOBAL_UNCERTAINTY_ASSIGNED_CONTEXT((#4917)) 
GLOBAL_UNIT_ASSIGNED_CONTEXT((#4914,#4915,#4916)) REPRESENTATION_CONTEXT
('Context #1','3D Context with UNIT and UNCERTAINTY') );
#4914 = ( LENGTH_UNIT() NAMED_UNIT(*) SI_UNIT(.MILLI.,.METRE.) );
#4915 = ( NAMED_UNIT(*) PLANE_ANGLE_UNIT() SI_UNIT($,.RADIAN.) );
#4916 = ( NAMED_UNIT(*) SI_UNIT($,.STERADIAN.) SOLID_ANGLE_UNIT() );
#4917 = UNCERTAINTY_MEASURE_WITH_UNIT(LENGTH_MEASURE(1.E-07),#4914,
  'distance_accuracy_value','confusion accuracy');
#4918 = CONTEXT_DEPENDENT_SHAPE_REPRESENTATION(#4919,#4921);
#4919 = ( REPRESENTATION_RELATIONSHIP('','',#4814,#10) 
REPRESENTATION_RELATIONSHIP_WITH_TRANSFORMATION(#4920) 
SHAPE_REPRESENTATION_RELATIONSHIP() );
#4920 = ITEM_DEFINED_TRANSFORMATION('','',#11,#183);
#4921 = PRODUCT_DEFINITION_SHAPE('Placement','Placement of an item',
  #4922);
#4922 = NEXT_ASSEMBLY_USAGE_OCCURRENCE('43','0042_station_S3-forechest',
  '',#5,#4809,$);
#4923 = PRODUCT_RELATED_PRODUCT_CATEGORY('part',$,(#4811));
#4924 = SHAPE_DEFINITION_REPRESENTATION(#4925,#4931);
#4925 = PRODUCT_DEFINITION_SHAPE('','',#4926);
#4926 = PRODUCT_DEFINITION('design','',#4927,#4930);
#4927 = PRODUCT_DEFINITION_FORMATION('','',#4928);
#4928 = PRODUCT('0043_station_S3-forechest','0043_station_S3-forechest',
  '',(#4929));
#4929 = PRODUCT_CONTEXT('',#2,'mechanical');
#4930 = PRODUCT_DEFINITION_CONTEXT('part definition',#2,'design');
#4931 = ADVANCED_BREP_SHAPE_REPRESENTATION('',(#11,#4932),#5030);
#4932 = MANIFOLD_SOLID_BREP('',#4933);
#4933 = CLOSED_SHELL('',(#4934,#5022,#5026));
#4934 = ADVANCED_FACE('',(#4935),#4948,.T.);
#4935 = FACE_BOUND('',#4936,.T.);
#4936 = EDGE_LOOP('',(#4937,#4971,#4994,#5021));
#4937 = ORIENTED_EDGE('',*,*,#4938,.F.);
#4938 = EDGE_CURVE('',#4939,#4939,#4941,.T.);
#4939 = VERTEX_POINT('',#4940);
#4940 = CARTESIAN_POINT('',(47.00330049729,-2.449293598295E-16,
    200.91517943887));
#4941 = SURFACE_CURVE('',#4942,(#4947,#4959),.PCURVE_S1.);
#4942 = CIRCLE('',#4943,1.);
#4943 = AXIS2_PLACEMENT_3D('',#4944,#4945,#4946);
#4944 = CARTESIAN_POINT('',(48.,0.,200.834));
#4945 = DIRECTION('',(-8.117943887936E-02,0.,-0.99669950271));
#4946 = DIRECTION('',(-0.99669950271,0.,8.117943887936E-02));
#4947 = PCURVE('',#4948,#4953);
#4948 = CYLINDRICAL_SURFACE('',#4949,1.);
#4949 = AXIS2_PLACEMENT_3D('',#4950,#4951,#4952);
#4950 = CARTESIAN_POINT('',(63.,0.,385.));
#4951 = DIRECTION('',(-8.117943887936E-02,0.,-0.99669950271));
#4952 = DIRECTION('',(-0.99669950271,0.,8.117943887936E-02));
#4953 = DEFINITIONAL_REPRESENTATION('',(#4954),#4958);
#4954 = LINE('',#4955,#4956);
#4955 = CARTESIAN_POINT('',(0.,184.77585219936));
#4956 = VECTOR('',#4957,1.);
#4957 = DIRECTION('',(1.,0.));
#4958 = ( GEOMETRIC_REPRESENTATION_CONTEXT(2) 
PARAMETRIC_REPRESENTATION_CONTEXT() REPRESENTATION_CONTEXT('2D SPACE',''
  ) );
#4959 = PCURVE('',#4960,#4965);
#4960 = PLANE('',#4961);
#4961 = AXIS2_PLACEMENT_3D('',#4962,#4963,#4964);
#4962 = CARTESIAN_POINT('',(48.,0.,200.834));
#4963 = DIRECTION('',(-8.117943887936E-02,0.,-0.99669950271));
#4964 = DIRECTION('',(-0.99669950271,0.,8.117943887936E-02));
#4965 = DEFINITIONAL_REPRESENTATION('',(#4966),#4970);
#4966 = CIRCLE('',#4967,1.);
#4967 = AXIS2_PLACEMENT_2D('',#4968,#4969);
#4968 = CARTESIAN_POINT('',(0.,0.));
#4969 = DIRECTION('',(1.,0.));
#4970 = ( GEOMETRIC_REPRESENTATION_CONTEXT(2) 
PARAMETRIC_REPRESENTATION_CONTEXT() REPRESENTATION_CONTEXT('2D SPACE',''
  ) );
#4971 = ORIENTED_EDGE('',*,*,#4972,.F.);
#4972 = EDGE_CURVE('',#4973,#4939,#4975,.T.);
#4973 = VERTEX_POINT('',#4974);
#4974 = CARTESIAN_POINT('',(62.00330049729,-2.449293598295E-16,
    385.08117943887));
#4975 = SEAM_CURVE('',#4976,(#4980,#4987),.PCURVE_S1.);
#4976 = LINE('',#4977,#4978);
#4977 = CARTESIAN_POINT('',(62.00330049729,-2.449293598295E-16,
    385.08117943887));
#4978 = VECTOR('',#4979,1.);
#4979 = DIRECTION('',(-8.117943887936E-02,0.,-0.99669950271));
#4980 = PCURVE('',#4948,#4981);
#4981 = DEFINITIONAL_REPRESENTATION('',(#4982),#4986);
#4982 = LINE('',#4983,#4984);
#4983 = CARTESIAN_POINT('',(6.28318530718,-0.));
#4984 = VECTOR('',#4985,1.);
#4985 = DIRECTION('',(0.,1.));
#4986 = ( GEOMETRIC_REPRESENTATION_CONTEXT(2) 
PARAMETRIC_REPRESENTATION_CONTEXT() REPRESENTATION_CONTEXT('2D SPACE',''
  ) );
#4987 = PCURVE('',#4948,#4988);
#4988 = DEFINITIONAL_REPRESENTATION('',(#4989),#4993);
#4989 = LINE('',#4990,#4991);
#4990 = CARTESIAN_POINT('',(0.,-0.));
#4991 = VECTOR('',#4992,1.);
#4992 = DIRECTION('',(0.,1.));
#4993 = ( GEOMETRIC_REPRESENTATION_CONTEXT(2) 
PARAMETRIC_REPRESENTATION_CONTEXT() REPRESENTATION_CONTEXT('2D SPACE',''
  ) );
#4994 = ORIENTED_EDGE('',*,*,#4995,.T.);
#4995 = EDGE_CURVE('',#4973,#4973,#4996,.T.);
#4996 = SURFACE_CURVE('',#4997,(#5002,#5009),.PCURVE_S1.);
#4997 = CIRCLE('',#4998,1.);
#4998 = AXIS2_PLACEMENT_3D('',#4999,#5000,#5001);
#4999 = CARTESIAN_POINT('',(63.,0.,385.));
#5000 = DIRECTION('',(-8.117943887936E-02,0.,-0.99669950271));
#5001 = DIRECTION('',(-0.99669950271,0.,8.117943887936E-02));
#5002 = PCURVE('',#4948,#5003);
#5003 = DEFINITIONAL_REPRESENTATION('',(#5004),#5008);
#5004 = LINE('',#5005,#5006);
#5005 = CARTESIAN_POINT('',(0.,0.));
#5006 = VECTOR('',#5007,1.);
#5007 = DIRECTION('',(1.,0.));
#5008 = ( GEOMETRIC_REPRESENTATION_CONTEXT(2) 
PARAMETRIC_REPRESENTATION_CONTEXT() REPRESENTATION_CONTEXT('2D SPACE',''
  ) );
#5009 = PCURVE('',#5010,#5015);
#5010 = PLANE('',#5011);
#5011 = AXIS2_PLACEMENT_3D('',#5012,#5013,#5014);
#5012 = CARTESIAN_POINT('',(63.,0.,385.));
#5013 = DIRECTION('',(-8.117943887936E-02,0.,-0.99669950271));
#5014 = DIRECTION('',(-0.99669950271,0.,8.117943887936E-02));
#5015 = DEFINITIONAL_REPRESENTATION('',(#5016),#5020);
#5016 = CIRCLE('',#5017,1.);
#5017 = AXIS2_PLACEMENT_2D('',#5018,#5019);
#5018 = CARTESIAN_POINT('',(0.,0.));
#5019 = DIRECTION('',(1.,0.));
#5020 = ( GEOMETRIC_REPRESENTATION_CONTEXT(2) 
PARAMETRIC_REPRESENTATION_CONTEXT() REPRESENTATION_CONTEXT('2D SPACE',''
  ) );
#5021 = ORIENTED_EDGE('',*,*,#4972,.T.);
#5022 = ADVANCED_FACE('',(#5023),#4960,.T.);
#5023 = FACE_BOUND('',#5024,.T.);
#5024 = EDGE_LOOP('',(#5025));
#5025 = ORIENTED_EDGE('',*,*,#4938,.T.);
#5026 = ADVANCED_FACE('',(#5027),#5010,.F.);
#5027 = FACE_BOUND('',#5028,.T.);
#5028 = EDGE_LOOP('',(#5029));
#5029 = ORIENTED_EDGE('',*,*,#4995,.F.);
#5030 = ( GEOMETRIC_REPRESENTATION_CONTEXT(3) 
GLOBAL_UNCERTAINTY_ASSIGNED_CONTEXT((#5034)) 
GLOBAL_UNIT_ASSIGNED_CONTEXT((#5031,#5032,#5033)) REPRESENTATION_CONTEXT
('Context #1','3D Context with UNIT and UNCERTAINTY') );
#5031 = ( LENGTH_UNIT() NAMED_UNIT(*) SI_UNIT(.MILLI.,.METRE.) );
#5032 = ( NAMED_UNIT(*) PLANE_ANGLE_UNIT() SI_UNIT($,.RADIAN.) );
#5033 = ( NAMED_UNIT(*) SI_UNIT($,.STERADIAN.) SOLID_ANGLE_UNIT() );
#5034 = UNCERTAINTY_MEASURE_WITH_UNIT(LENGTH_MEASURE(1.E-07),#5031,
  'distance_accuracy_value','confusion accuracy');
#5035 = CONTEXT_DEPENDENT_SHAPE_REPRESENTATION(#5036,#5038);
#5036 = ( REPRESENTATION_RELATIONSHIP('','',#4931,#10) 
REPRESENTATION_RELATIONSHIP_WITH_TRANSFORMATION(#5037) 
SHAPE_REPRESENTATION_RELATIONSHIP() );
#5037 = ITEM_DEFINED_TRANSFORMATION('','',#11,#187);
#5038 = PRODUCT_DEFINITION_SHAPE('Placement','Placement of an item',
  #5039);
#5039 = NEXT_ASSEMBLY_USAGE_OCCURRENCE('44','0043_station_S3-forechest',
  '',#5,#4926,$);
#5040 = PRODUCT_RELATED_PRODUCT_CATEGORY('part',$,(#4928));
#5041 = SHAPE_DEFINITION_REPRESENTATION(#5042,#5048);
#5042 = PRODUCT_DEFINITION_SHAPE('','',#5043);
#5043 = PRODUCT_DEFINITION('design','',#5044,#5047);
#5044 = PRODUCT_DEFINITION_FORMATION('','',#5045);
#5045 = PRODUCT('0044_station_S3-forechest','0044_station_S3-forechest',
  '',(#5046));
#5046 = PRODUCT_CONTEXT('',#2,'mechanical');
#5047 = PRODUCT_DEFINITION_CONTEXT('part definition',#2,'design');
#5048 = ADVANCED_BREP_SHAPE_REPRESENTATION('',(#11,#5049),#5147);
#5049 = MANIFOLD_SOLID_BREP('',#5050);
#5050 = CLOSED_SHELL('',(#5051,#5139,#5143));
#5051 = ADVANCED_FACE('',(#5052),#5065,.T.);
#5052 = FACE_BOUND('',#5053,.T.);
#5053 = EDGE_LOOP('',(#5054,#5088,#5111,#5138));
#5054 = ORIENTED_EDGE('',*,*,#5055,.F.);
#5055 = EDGE_CURVE('',#5056,#5056,#5058,.T.);
#5056 = VERTEX_POINT('',#5057);
#5057 = CARTESIAN_POINT('',(-48.,2.449293598295E-16,199.834));
#5058 = SURFACE_CURVE('',#5059,(#5064,#5076),.PCURVE_S1.);
#5059 = CIRCLE('',#5060,1.);
#5060 = AXIS2_PLACEMENT_3D('',#5061,#5062,#5063);
#5061 = CARTESIAN_POINT('',(-48.,0.,200.834));
#5062 = DIRECTION('',(-1.,0.,0.));
#5063 = DIRECTION('',(0.,0.,-1.));
#5064 = PCURVE('',#5065,#5070);
#5065 = CYLINDRICAL_SURFACE('',#5066,1.);
#5066 = AXIS2_PLACEMENT_3D('',#5067,#5068,#5069);
#5067 = CARTESIAN_POINT('',(48.,0.,200.834));
#5068 = DIRECTION('',(-1.,0.,0.));
#5069 = DIRECTION('',(0.,0.,-1.));
#5070 = DEFINITIONAL_REPRESENTATION('',(#5071),#5075);
#5071 = LINE('',#5072,#5073);
#5072 = CARTESIAN_POINT('',(0.,96.));
#5073 = VECTOR('',#5074,1.);
#5074 = DIRECTION('',(1.,0.));
#5075 = ( GEOMETRIC_REPRESENTATION_CONTEXT(2) 
PARAMETRIC_REPRESENTATION_CONTEXT() REPRESENTATION_CONTEXT('2D SPACE',''
  ) );
#5076 = PCURVE('',#5077,#5082);
#5077 = PLANE('',#5078);
#5078 = AXIS2_PLACEMENT_3D('',#5079,#5080,#5081);
#5079 = CARTESIAN_POINT('',(-48.,0.,200.834));
#5080 = DIRECTION('',(-1.,0.,0.));
#5081 = DIRECTION('',(0.,0.,-1.));
#5082 = DEFINITIONAL_REPRESENTATION('',(#5083),#5087);
#5083 = CIRCLE('',#5084,1.);
#5084 = AXIS2_PLACEMENT_2D('',#5085,#5086);
#5085 = CARTESIAN_POINT('',(0.,0.));
#5086 = DIRECTION('',(1.,0.));
#5087 = ( GEOMETRIC_REPRESENTATION_CONTEXT(2) 
PARAMETRIC_REPRESENTATION_CONTEXT() REPRESENTATION_CONTEXT('2D SPACE',''
  ) );
#5088 = ORIENTED_EDGE('',*,*,#5089,.F.);
#5089 = EDGE_CURVE('',#5090,#5056,#5092,.T.);
#5090 = VERTEX_POINT('',#5091);
#5091 = CARTESIAN_POINT('',(48.,2.449293598295E-16,199.834));
#5092 = SEAM_CURVE('',#5093,(#5097,#5104),.PCURVE_S1.);
#5093 = LINE('',#5094,#5095);
#5094 = CARTESIAN_POINT('',(48.,2.449293598295E-16,199.834));
#5095 = VECTOR('',#5096,1.);
#5096 = DIRECTION('',(-1.,0.,0.));
#5097 = PCURVE('',#5065,#5098);
#5098 = DEFINITIONAL_REPRESENTATION('',(#5099),#5103);
#5099 = LINE('',#5100,#5101);
#5100 = CARTESIAN_POINT('',(6.28318530718,-0.));
#5101 = VECTOR('',#5102,1.);
#5102 = DIRECTION('',(0.,1.));
#5103 = ( GEOMETRIC_REPRESENTATION_CONTEXT(2) 
PARAMETRIC_REPRESENTATION_CONTEXT() REPRESENTATION_CONTEXT('2D SPACE',''
  ) );
#5104 = PCURVE('',#5065,#5105);
#5105 = DEFINITIONAL_REPRESENTATION('',(#5106),#5110);
#5106 = LINE('',#5107,#5108);
#5107 = CARTESIAN_POINT('',(0.,-0.));
#5108 = VECTOR('',#5109,1.);
#5109 = DIRECTION('',(0.,1.));
#5110 = ( GEOMETRIC_REPRESENTATION_CONTEXT(2) 
PARAMETRIC_REPRESENTATION_CONTEXT() REPRESENTATION_CONTEXT('2D SPACE',''
  ) );
#5111 = ORIENTED_EDGE('',*,*,#5112,.T.);
#5112 = EDGE_CURVE('',#5090,#5090,#5113,.T.);
#5113 = SURFACE_CURVE('',#5114,(#5119,#5126),.PCURVE_S1.);
#5114 = CIRCLE('',#5115,1.);
#5115 = AXIS2_PLACEMENT_3D('',#5116,#5117,#5118);
#5116 = CARTESIAN_POINT('',(48.,0.,200.834));
#5117 = DIRECTION('',(-1.,0.,0.));
#5118 = DIRECTION('',(0.,0.,-1.));
#5119 = PCURVE('',#5065,#5120);
#5120 = DEFINITIONAL_REPRESENTATION('',(#5121),#5125);
#5121 = LINE('',#5122,#5123);
#5122 = CARTESIAN_POINT('',(0.,0.));
#5123 = VECTOR('',#5124,1.);
#5124 = DIRECTION('',(1.,0.));
#5125 = ( GEOMETRIC_REPRESENTATION_CONTEXT(2) 
PARAMETRIC_REPRESENTATION_CONTEXT() REPRESENTATION_CONTEXT('2D SPACE',''
  ) );
#5126 = PCURVE('',#5127,#5132);
#5127 = PLANE('',#5128);
#5128 = AXIS2_PLACEMENT_3D('',#5129,#5130,#5131);
#5129 = CARTESIAN_POINT('',(48.,0.,200.834));
#5130 = DIRECTION('',(-1.,0.,0.));
#5131 = DIRECTION('',(0.,0.,-1.));
#5132 = DEFINITIONAL_REPRESENTATION('',(#5133),#5137);
#5133 = CIRCLE('',#5134,1.);
#5134 = AXIS2_PLACEMENT_2D('',#5135,#5136);
#5135 = CARTESIAN_POINT('',(0.,0.));
#5136 = DIRECTION('',(1.,0.));
#5137 = ( GEOMETRIC_REPRESENTATION_CONTEXT(2) 
PARAMETRIC_REPRESENTATION_CONTEXT() REPRESENTATION_CONTEXT('2D SPACE',''
  ) );
#5138 = ORIENTED_EDGE('',*,*,#5089,.T.);
#5139 = ADVANCED_FACE('',(#5140),#5077,.T.);
#5140 = FACE_BOUND('',#5141,.T.);
#5141 = EDGE_LOOP('',(#5142));
#5142 = ORIENTED_EDGE('',*,*,#5055,.T.);
#5143 = ADVANCED_FACE('',(#5144),#5127,.F.);
#5144 = FACE_BOUND('',#5145,.T.);
#5145 = EDGE_LOOP('',(#5146));
#5146 = ORIENTED_EDGE('',*,*,#5112,.F.);
#5147 = ( GEOMETRIC_REPRESENTATION_CONTEXT(3) 
GLOBAL_UNCERTAINTY_ASSIGNED_CONTEXT((#5151)) 
GLOBAL_UNIT_ASSIGNED_CONTEXT((#5148,#5149,#5150)) REPRESENTATION_CONTEXT
('Context #1','3D Context with UNIT and UNCERTAINTY') );
#5148 = ( LENGTH_UNIT() NAMED_UNIT(*) SI_UNIT(.MILLI.,.METRE.) );
#5149 = ( NAMED_UNIT(*) PLANE_ANGLE_UNIT() SI_UNIT($,.RADIAN.) );
#5150 = ( NAMED_UNIT(*) SI_UNIT($,.STERADIAN.) SOLID_ANGLE_UNIT() );
#5151 = UNCERTAINTY_MEASURE_WITH_UNIT(LENGTH_MEASURE(1.E-07),#5148,
  'distance_accuracy_value','confusion accuracy');
#5152 = CONTEXT_DEPENDENT_SHAPE_REPRESENTATION(#5153,#5155);
#5153 = ( REPRESENTATION_RELATIONSHIP('','',#5048,#10) 
REPRESENTATION_RELATIONSHIP_WITH_TRANSFORMATION(#5154) 
SHAPE_REPRESENTATION_RELATIONSHIP() );
#5154 = ITEM_DEFINED_TRANSFORMATION('','',#11,#191);
#5155 = PRODUCT_DEFINITION_SHAPE('Placement','Placement of an item',
  #5156);
#5156 = NEXT_ASSEMBLY_USAGE_OCCURRENCE('45','0044_station_S3-forechest',
  '',#5,#5043,$);
#5157 = PRODUCT_RELATED_PRODUCT_CATEGORY('part',$,(#5045));
#5158 = SHAPE_DEFINITION_REPRESENTATION(#5159,#5165);
#5159 = PRODUCT_DEFINITION_SHAPE('','',#5160);
#5160 = PRODUCT_DEFINITION('design','',#5161,#5164);
#5161 = PRODUCT_DEFINITION_FORMATION('','',#5162);
#5162 = PRODUCT('0045_station_S3-forechest','0045_station_S3-forechest',
  '',(#5163));
#5163 = PRODUCT_CONTEXT('',#2,'mechanical');
#5164 = PRODUCT_DEFINITION_CONTEXT('part definition',#2,'design');
#5165 = ADVANCED_BREP_SHAPE_REPRESENTATION('',(#11,#5166),#5264);
#5166 = MANIFOLD_SOLID_BREP('',#5167);
#5167 = CLOSED_SHELL('',(#5168,#5256,#5260));
#5168 = ADVANCED_FACE('',(#5169),#5182,.T.);
#5169 = FACE_BOUND('',#5170,.T.);
#5170 = EDGE_LOOP('',(#5171,#5205,#5228,#5255));
#5171 = ORIENTED_EDGE('',*,*,#5172,.F.);
#5172 = EDGE_CURVE('',#5173,#5173,#5175,.T.);
#5173 = VERTEX_POINT('',#5174);
#5174 = CARTESIAN_POINT('',(-62.00330049729,-2.449293598295E-16,
    385.08117943887));
#5175 = SURFACE_CURVE('',#5176,(#5181,#5193),.PCURVE_S1.);
#5176 = CIRCLE('',#5177,1.);
#5177 = AXIS2_PLACEMENT_3D('',#5178,#5179,#5180);
#5178 = CARTESIAN_POINT('',(-63.,0.,385.));
#5179 = DIRECTION('',(-8.117943887936E-02,0.,0.99669950271));
#5180 = DIRECTION('',(0.99669950271,0.,8.117943887936E-02));
#5181 = PCURVE('',#5182,#5187);
#5182 = CYLINDRICAL_SURFACE('',#5183,1.);
#5183 = AXIS2_PLACEMENT_3D('',#5184,#5185,#5186);
#5184 = CARTESIAN_POINT('',(-48.,0.,200.834));
#5185 = DIRECTION('',(-8.117943887936E-02,0.,0.99669950271));
#5186 = DIRECTION('',(0.99669950271,0.,8.117943887936E-02));
#5187 = DEFINITIONAL_REPRESENTATION('',(#5188),#5192);
#5188 = LINE('',#5189,#5190);
#5189 = CARTESIAN_POINT('',(0.,184.77585219936));
#5190 = VECTOR('',#5191,1.);
#5191 = DIRECTION('',(1.,0.));
#5192 = ( GEOMETRIC_REPRESENTATION_CONTEXT(2) 
PARAMETRIC_REPRESENTATION_CONTEXT() REPRESENTATION_CONTEXT('2D SPACE',''
  ) );
#5193 = PCURVE('',#5194,#5199);
#5194 = PLANE('',#5195);
#5195 = AXIS2_PLACEMENT_3D('',#5196,#5197,#5198);
#5196 = CARTESIAN_POINT('',(-63.,0.,385.));
#5197 = DIRECTION('',(-8.117943887936E-02,0.,0.99669950271));
#5198 = DIRECTION('',(0.99669950271,0.,8.117943887936E-02));
#5199 = DEFINITIONAL_REPRESENTATION('',(#5200),#5204);
#5200 = CIRCLE('',#5201,1.);
#5201 = AXIS2_PLACEMENT_2D('',#5202,#5203);
#5202 = CARTESIAN_POINT('',(0.,0.));
#5203 = DIRECTION('',(1.,0.));
#5204 = ( GEOMETRIC_REPRESENTATION_CONTEXT(2) 
PARAMETRIC_REPRESENTATION_CONTEXT() REPRESENTATION_CONTEXT('2D SPACE',''
  ) );
#5205 = ORIENTED_EDGE('',*,*,#5206,.F.);
#5206 = EDGE_CURVE('',#5207,#5173,#5209,.T.);
#5207 = VERTEX_POINT('',#5208);
#5208 = CARTESIAN_POINT('',(-47.00330049729,-2.449293598295E-16,
    200.91517943887));
#5209 = SEAM_CURVE('',#5210,(#5214,#5221),.PCURVE_S1.);
#5210 = LINE('',#5211,#5212);
#5211 = CARTESIAN_POINT('',(-47.00330049729,-2.449293598295E-16,
    200.91517943887));
#5212 = VECTOR('',#5213,1.);
#5213 = DIRECTION('',(-8.117943887936E-02,0.,0.99669950271));
#5214 = PCURVE('',#5182,#5215);
#5215 = DEFINITIONAL_REPRESENTATION('',(#5216),#5220);
#5216 = LINE('',#5217,#5218);
#5217 = CARTESIAN_POINT('',(6.28318530718,-0.));
#5218 = VECTOR('',#5219,1.);
#5219 = DIRECTION('',(0.,1.));
#5220 = ( GEOMETRIC_REPRESENTATION_CONTEXT(2) 
PARAMETRIC_REPRESENTATION_CONTEXT() REPRESENTATION_CONTEXT('2D SPACE',''
  ) );
#5221 = PCURVE('',#5182,#5222);
#5222 = DEFINITIONAL_REPRESENTATION('',(#5223),#5227);
#5223 = LINE('',#5224,#5225);
#5224 = CARTESIAN_POINT('',(0.,-0.));
#5225 = VECTOR('',#5226,1.);
#5226 = DIRECTION('',(0.,1.));
#5227 = ( GEOMETRIC_REPRESENTATION_CONTEXT(2) 
PARAMETRIC_REPRESENTATION_CONTEXT() REPRESENTATION_CONTEXT('2D SPACE',''
  ) );
#5228 = ORIENTED_EDGE('',*,*,#5229,.T.);
#5229 = EDGE_CURVE('',#5207,#5207,#5230,.T.);
#5230 = SURFACE_CURVE('',#5231,(#5236,#5243),.PCURVE_S1.);
#5231 = CIRCLE('',#5232,1.);
#5232 = AXIS2_PLACEMENT_3D('',#5233,#5234,#5235);
#5233 = CARTESIAN_POINT('',(-48.,0.,200.834));
#5234 = DIRECTION('',(-8.117943887936E-02,0.,0.99669950271));
#5235 = DIRECTION('',(0.99669950271,0.,8.117943887936E-02));
#5236 = PCURVE('',#5182,#5237);
#5237 = DEFINITIONAL_REPRESENTATION('',(#5238),#5242);
#5238 = LINE('',#5239,#5240);
#5239 = CARTESIAN_POINT('',(0.,0.));
#5240 = VECTOR('',#5241,1.);
#5241 = DIRECTION('',(1.,0.));
#5242 = ( GEOMETRIC_REPRESENTATION_CONTEXT(2) 
PARAMETRIC_REPRESENTATION_CONTEXT() REPRESENTATION_CONTEXT('2D SPACE',''
  ) );
#5243 = PCURVE('',#5244,#5249);
#5244 = PLANE('',#5245);
#5245 = AXIS2_PLACEMENT_3D('',#5246,#5247,#5248);
#5246 = CARTESIAN_POINT('',(-48.,0.,200.834));
#5247 = DIRECTION('',(-8.117943887936E-02,0.,0.99669950271));
#5248 = DIRECTION('',(0.99669950271,0.,8.117943887936E-02));
#5249 = DEFINITIONAL_REPRESENTATION('',(#5250),#5254);
#5250 = CIRCLE('',#5251,1.);
#5251 = AXIS2_PLACEMENT_2D('',#5252,#5253);
#5252 = CARTESIAN_POINT('',(0.,0.));
#5253 = DIRECTION('',(1.,0.));
#5254 = ( GEOMETRIC_REPRESENTATION_CONTEXT(2) 
PARAMETRIC_REPRESENTATION_CONTEXT() REPRESENTATION_CONTEXT('2D SPACE',''
  ) );
#5255 = ORIENTED_EDGE('',*,*,#5206,.T.);
#5256 = ADVANCED_FACE('',(#5257),#5194,.T.);
#5257 = FACE_BOUND('',#5258,.T.);
#5258 = EDGE_LOOP('',(#5259));
#5259 = ORIENTED_EDGE('',*,*,#5172,.T.);
#5260 = ADVANCED_FACE('',(#5261),#5244,.F.);
#5261 = FACE_BOUND('',#5262,.T.);
#5262 = EDGE_LOOP('',(#5263));
#5263 = ORIENTED_EDGE('',*,*,#5229,.F.);
#5264 = ( GEOMETRIC_REPRESENTATION_CONTEXT(3) 
GLOBAL_UNCERTAINTY_ASSIGNED_CONTEXT((#5268)) 
GLOBAL_UNIT_ASSIGNED_CONTEXT((#5265,#5266,#5267)) REPRESENTATION_CONTEXT
('Context #1','3D Context with UNIT and UNCERTAINTY') );
#5265 = ( LENGTH_UNIT() NAMED_UNIT(*) SI_UNIT(.MILLI.,.METRE.) );
#5266 = ( NAMED_UNIT(*) PLANE_ANGLE_UNIT() SI_UNIT($,.RADIAN.) );
#5267 = ( NAMED_UNIT(*) SI_UNIT($,.STERADIAN.) SOLID_ANGLE_UNIT() );
#5268 = UNCERTAINTY_MEASURE_WITH_UNIT(LENGTH_MEASURE(1.E-07),#5265,
  'distance_accuracy_value','confusion accuracy');
#5269 = CONTEXT_DEPENDENT_SHAPE_REPRESENTATION(#5270,#5272);
#5270 = ( REPRESENTATION_RELATIONSHIP('','',#5165,#10) 
REPRESENTATION_RELATIONSHIP_WITH_TRANSFORMATION(#5271) 
SHAPE_REPRESENTATION_RELATIONSHIP() );
#5271 = ITEM_DEFINED_TRANSFORMATION('','',#11,#195);
#5272 = PRODUCT_DEFINITION_SHAPE('Placement','Placement of an item',
  #5273);
#5273 = NEXT_ASSEMBLY_USAGE_OCCURRENCE('46','0045_station_S3-forechest',
  '',#5,#5160,$);
#5274 = PRODUCT_RELATED_PRODUCT_CATEGORY('part',$,(#5162));
#5275 = SHAPE_DEFINITION_REPRESENTATION(#5276,#5282);
#5276 = PRODUCT_DEFINITION_SHAPE('','',#5277);
#5277 = PRODUCT_DEFINITION('design','',#5278,#5281);
#5278 = PRODUCT_DEFINITION_FORMATION('','',#5279);
#5279 = PRODUCT('0046_station_S2-rib','0046_station_S2-rib','',(#5280));
#5280 = PRODUCT_CONTEXT('',#2,'mechanical');
#5281 = PRODUCT_DEFINITION_CONTEXT('part definition',#2,'design');
#5282 = ADVANCED_BREP_SHAPE_REPRESENTATION('',(#11,#5283),#5381);
#5283 = MANIFOLD_SOLID_BREP('',#5284);
#5284 = CLOSED_SHELL('',(#5285,#5373,#5377));
#5285 = ADVANCED_FACE('',(#5286),#5299,.T.);
#5286 = FACE_BOUND('',#5287,.T.);
#5287 = EDGE_LOOP('',(#5288,#5322,#5345,#5372));
#5288 = ORIENTED_EDGE('',*,*,#5289,.F.);
#5289 = EDGE_CURVE('',#5290,#5290,#5292,.T.);
#5290 = VERTEX_POINT('',#5291);
#5291 = CARTESIAN_POINT('',(69.,133.333,382.389));
#5292 = SURFACE_CURVE('',#5293,(#5298,#5310),.PCURVE_S1.);
#5293 = CIRCLE('',#5294,1.);
#5294 = AXIS2_PLACEMENT_3D('',#5295,#5296,#5297);
#5295 = CARTESIAN_POINT('',(69.,133.333,381.389));
#5296 = DIRECTION('',(1.,0.,0.));
#5297 = DIRECTION('',(-0.,0.,1.));
#5298 = PCURVE('',#5299,#5304);
#5299 = CYLINDRICAL_SURFACE('',#5300,1.);
#5300 = AXIS2_PLACEMENT_3D('',#5301,#5302,#5303);
#5301 = CARTESIAN_POINT('',(-69.,133.333,381.389));
#5302 = DIRECTION('',(1.,0.,0.));
#5303 = DIRECTION('',(-0.,0.,1.));
#5304 = DEFINITIONAL_REPRESENTATION('',(#5305),#5309);
#5305 = LINE('',#5306,#5307);
#5306 = CARTESIAN_POINT('',(0.,138.));
#5307 = VECTOR('',#5308,1.);
#5308 = DIRECTION('',(1.,0.));
#5309 = ( GEOMETRIC_REPRESENTATION_CONTEXT(2) 
PARAMETRIC_REPRESENTATION_CONTEXT() REPRESENTATION_CONTEXT('2D SPACE',''
  ) );
#5310 = PCURVE('',#5311,#5316);
#5311 = PLANE('',#5312);
#5312 = AXIS2_PLACEMENT_3D('',#5313,#5314,#5315);
#5313 = CARTESIAN_POINT('',(69.,133.333,381.389));
#5314 = DIRECTION('',(1.,0.,0.));
#5315 = DIRECTION('',(-0.,0.,1.));
#5316 = DEFINITIONAL_REPRESENTATION('',(#5317),#5321);
#5317 = CIRCLE('',#5318,1.);
#5318 = AXIS2_PLACEMENT_2D('',#5319,#5320);
#5319 = CARTESIAN_POINT('',(0.,0.));
#5320 = DIRECTION('',(1.,0.));
#5321 = ( GEOMETRIC_REPRESENTATION_CONTEXT(2) 
PARAMETRIC_REPRESENTATION_CONTEXT() REPRESENTATION_CONTEXT('2D SPACE',''
  ) );
#5322 = ORIENTED_EDGE('',*,*,#5323,.F.);
#5323 = EDGE_CURVE('',#5324,#5290,#5326,.T.);
#5324 = VERTEX_POINT('',#5325);
#5325 = CARTESIAN_POINT('',(-69.,133.333,382.389));
#5326 = SEAM_CURVE('',#5327,(#5331,#5338),.PCURVE_S1.);
#5327 = LINE('',#5328,#5329);
#5328 = CARTESIAN_POINT('',(-69.,133.333,382.389));
#5329 = VECTOR('',#5330,1.);
#5330 = DIRECTION('',(1.,0.,0.));
#5331 = PCURVE('',#5299,#5332);
#5332 = DEFINITIONAL_REPRESENTATION('',(#5333),#5337);
#5333 = LINE('',#5334,#5335);
#5334 = CARTESIAN_POINT('',(6.28318530718,-0.));
#5335 = VECTOR('',#5336,1.);
#5336 = DIRECTION('',(0.,1.));
#5337 = ( GEOMETRIC_REPRESENTATION_CONTEXT(2) 
PARAMETRIC_REPRESENTATION_CONTEXT() REPRESENTATION_CONTEXT('2D SPACE',''
  ) );
#5338 = PCURVE('',#5299,#5339);
#5339 = DEFINITIONAL_REPRESENTATION('',(#5340),#5344);
#5340 = LINE('',#5341,#5342);
#5341 = CARTESIAN_POINT('',(0.,-0.));
#5342 = VECTOR('',#5343,1.);
#5343 = DIRECTION('',(0.,1.));
#5344 = ( GEOMETRIC_REPRESENTATION_CONTEXT(2) 
PARAMETRIC_REPRESENTATION_CONTEXT() REPRESENTATION_CONTEXT('2D SPACE',''
  ) );
#5345 = ORIENTED_EDGE('',*,*,#5346,.T.);
#5346 = EDGE_CURVE('',#5324,#5324,#5347,.T.);
#5347 = SURFACE_CURVE('',#5348,(#5353,#5360),.PCURVE_S1.);
#5348 = CIRCLE('',#5349,1.);
#5349 = AXIS2_PLACEMENT_3D('',#5350,#5351,#5352);
#5350 = CARTESIAN_POINT('',(-69.,133.333,381.389));
#5351 = DIRECTION('',(1.,0.,0.));
#5352 = DIRECTION('',(-0.,0.,1.));
#5353 = PCURVE('',#5299,#5354);
#5354 = DEFINITIONAL_REPRESENTATION('',(#5355),#5359);
#5355 = LINE('',#5356,#5357);
#5356 = CARTESIAN_POINT('',(0.,0.));
#5357 = VECTOR('',#5358,1.);
#5358 = DIRECTION('',(1.,0.));
#5359 = ( GEOMETRIC_REPRESENTATION_CONTEXT(2) 
PARAMETRIC_REPRESENTATION_CONTEXT() REPRESENTATION_CONTEXT('2D SPACE',''
  ) );
#5360 = PCURVE('',#5361,#5366);
#5361 = PLANE('',#5362);
#5362 = AXIS2_PLACEMENT_3D('',#5363,#5364,#5365);
#5363 = CARTESIAN_POINT('',(-69.,133.333,381.389));
#5364 = DIRECTION('',(1.,0.,0.));
#5365 = DIRECTION('',(-0.,0.,1.));
#5366 = DEFINITIONAL_REPRESENTATION('',(#5367),#5371);
#5367 = CIRCLE('',#5368,1.);
#5368 = AXIS2_PLACEMENT_2D('',#5369,#5370);
#5369 = CARTESIAN_POINT('',(0.,0.));
#5370 = DIRECTION('',(1.,0.));
#5371 = ( GEOMETRIC_REPRESENTATION_CONTEXT(2) 
PARAMETRIC_REPRESENTATION_CONTEXT() REPRESENTATION_CONTEXT('2D SPACE',''
  ) );
#5372 = ORIENTED_EDGE('',*,*,#5323,.T.);
#5373 = ADVANCED_FACE('',(#5374),#5311,.T.);
#5374 = FACE_BOUND('',#5375,.T.);
#5375 = EDGE_LOOP('',(#5376));
#5376 = ORIENTED_EDGE('',*,*,#5289,.T.);
#5377 = ADVANCED_FACE('',(#5378),#5361,.F.);
#5378 = FACE_BOUND('',#5379,.T.);
#5379 = EDGE_LOOP('',(#5380));
#5380 = ORIENTED_EDGE('',*,*,#5346,.F.);
#5381 = ( GEOMETRIC_REPRESENTATION_CONTEXT(3) 
GLOBAL_UNCERTAINTY_ASSIGNED_CONTEXT((#5385)) 
GLOBAL_UNIT_ASSIGNED_CONTEXT((#5382,#5383,#5384)) REPRESENTATION_CONTEXT
('Context #1','3D Context with UNIT and UNCERTAINTY') );
#5382 = ( LENGTH_UNIT() NAMED_UNIT(*) SI_UNIT(.MILLI.,.METRE.) );
#5383 = ( NAMED_UNIT(*) PLANE_ANGLE_UNIT() SI_UNIT($,.RADIAN.) );
#5384 = ( NAMED_UNIT(*) SI_UNIT($,.STERADIAN.) SOLID_ANGLE_UNIT() );
#5385 = UNCERTAINTY_MEASURE_WITH_UNIT(LENGTH_MEASURE(1.E-07),#5382,
  'distance_accuracy_value','confusion accuracy');
#5386 = CONTEXT_DEPENDENT_SHAPE_REPRESENTATION(#5387,#5389);
#5387 = ( REPRESENTATION_RELATIONSHIP('','',#5282,#10) 
REPRESENTATION_RELATIONSHIP_WITH_TRANSFORMATION(#5388) 
SHAPE_REPRESENTATION_RELATIONSHIP() );
#5388 = ITEM_DEFINED_TRANSFORMATION('','',#11,#199);
#5389 = PRODUCT_DEFINITION_SHAPE('Placement','Placement of an item',
  #5390);
#5390 = NEXT_ASSEMBLY_USAGE_OCCURRENCE('47','0046_station_S2-rib','',#5,
  #5277,$);
#5391 = PRODUCT_RELATED_PRODUCT_CATEGORY('part',$,(#5279));
#5392 = SHAPE_DEFINITION_REPRESENTATION(#5393,#5399);
#5393 = PRODUCT_DEFINITION_SHAPE('','',#5394);
#5394 = PRODUCT_DEFINITION('design','',#5395,#5398);
#5395 = PRODUCT_DEFINITION_FORMATION('','',#5396);
#5396 = PRODUCT('0047_station_S2-rib','0047_station_S2-rib','',(#5397));
#5397 = PRODUCT_CONTEXT('',#2,'mechanical');
#5398 = PRODUCT_DEFINITION_CONTEXT('part definition',#2,'design');
#5399 = ADVANCED_BREP_SHAPE_REPRESENTATION('',(#11,#5400),#5498);
#5400 = MANIFOLD_SOLID_BREP('',#5401);
#5401 = CLOSED_SHELL('',(#5402,#5490,#5494));
#5402 = ADVANCED_FACE('',(#5403),#5416,.T.);
#5403 = FACE_BOUND('',#5404,.T.);
#5404 = EDGE_LOOP('',(#5405,#5439,#5462,#5489));
#5405 = ORIENTED_EDGE('',*,*,#5406,.F.);
#5406 = EDGE_CURVE('',#5407,#5407,#5409,.T.);
#5407 = VERTEX_POINT('',#5408);
#5408 = CARTESIAN_POINT('',(53.003057197042,133.333,190.07813480421));
#5409 = SURFACE_CURVE('',#5410,(#5415,#5427),.PCURVE_S1.);
#5410 = CIRCLE('',#5411,1.);
#5411 = AXIS2_PLACEMENT_3D('',#5412,#5413,#5414);
#5412 = CARTESIAN_POINT('',(54.,133.333,190.));
#5413 = DIRECTION('',(-7.813480421744E-02,0.,-0.996942802958));
#5414 = DIRECTION('',(-0.996942802958,0.,7.813480421744E-02));
#5415 = PCURVE('',#5416,#5421);
#5416 = CYLINDRICAL_SURFACE('',#5417,1.);
#5417 = AXIS2_PLACEMENT_3D('',#5418,#5419,#5420);
#5418 = CARTESIAN_POINT('',(69.,133.333,381.389));
#5419 = DIRECTION('',(-7.813480421744E-02,0.,-0.996942802958));
#5420 = DIRECTION('',(-0.996942802958,0.,7.813480421744E-02));
#5421 = DEFINITIONAL_REPRESENTATION('',(#5422),#5426);
#5422 = LINE('',#5423,#5424);
#5423 = CARTESIAN_POINT('',(0.,191.9759081786));
#5424 = VECTOR('',#5425,1.);
#5425 = DIRECTION('',(1.,0.));
#5426 = ( GEOMETRIC_REPRESENTATION_CONTEXT(2) 
PARAMETRIC_REPRESENTATION_CONTEXT() REPRESENTATION_CONTEXT('2D SPACE',''
  ) );
#5427 = PCURVE('',#5428,#5433);
#5428 = PLANE('',#5429);
#5429 = AXIS2_PLACEMENT_3D('',#5430,#5431,#5432);
#5430 = CARTESIAN_POINT('',(54.,133.333,190.));
#5431 = DIRECTION('',(-7.813480421744E-02,0.,-0.996942802958));
#5432 = DIRECTION('',(-0.996942802958,0.,7.813480421744E-02));
#5433 = DEFINITIONAL_REPRESENTATION('',(#5434),#5438);
#5434 = CIRCLE('',#5435,1.);
#5435 = AXIS2_PLACEMENT_2D('',#5436,#5437);
#5436 = CARTESIAN_POINT('',(0.,0.));
#5437 = DIRECTION('',(1.,0.));
#5438 = ( GEOMETRIC_REPRESENTATION_CONTEXT(2) 
PARAMETRIC_REPRESENTATION_CONTEXT() REPRESENTATION_CONTEXT('2D SPACE',''
  ) );
#5439 = ORIENTED_EDGE('',*,*,#5440,.F.);
#5440 = EDGE_CURVE('',#5441,#5407,#5443,.T.);
#5441 = VERTEX_POINT('',#5442);
#5442 = CARTESIAN_POINT('',(68.003057197042,133.333,381.46713480421));
#5443 = SEAM_CURVE('',#5444,(#5448,#5455),.PCURVE_S1.);
#5444 = LINE('',#5445,#5446);
#5445 = CARTESIAN_POINT('',(68.003057197042,133.333,381.46713480421));
#5446 = VECTOR('',#5447,1.);
#5447 = DIRECTION('',(-7.813480421744E-02,-3.08148791102E-33,
    -0.996942802958));
#5448 = PCURVE('',#5416,#5449);
#5449 = DEFINITIONAL_REPRESENTATION('',(#5450),#5454);
#5450 = LINE('',#5451,#5452);
#5451 = CARTESIAN_POINT('',(6.28318530718,-0.));
#5452 = VECTOR('',#5453,1.);
#5453 = DIRECTION('',(0.,1.));
#5454 = ( GEOMETRIC_REPRESENTATION_CONTEXT(2) 
PARAMETRIC_REPRESENTATION_CONTEXT() REPRESENTATION_CONTEXT('2D SPACE',''
  ) );
#5455 = PCURVE('',#5416,#5456);
#5456 = DEFINITIONAL_REPRESENTATION('',(#5457),#5461);
#5457 = LINE('',#5458,#5459);
#5458 = CARTESIAN_POINT('',(0.,-0.));
#5459 = VECTOR('',#5460,1.);
#5460 = DIRECTION('',(0.,1.));
#5461 = ( GEOMETRIC_REPRESENTATION_CONTEXT(2) 
PARAMETRIC_REPRESENTATION_CONTEXT() REPRESENTATION_CONTEXT('2D SPACE',''
  ) );
#5462 = ORIENTED_EDGE('',*,*,#5463,.T.);
#5463 = EDGE_CURVE('',#5441,#5441,#5464,.T.);
#5464 = SURFACE_CURVE('',#5465,(#5470,#5477),.PCURVE_S1.);
#5465 = CIRCLE('',#5466,1.);
#5466 = AXIS2_PLACEMENT_3D('',#5467,#5468,#5469);
#5467 = CARTESIAN_POINT('',(69.,133.333,381.389));
#5468 = DIRECTION('',(-7.813480421744E-02,0.,-0.996942802958));
#5469 = DIRECTION('',(-0.996942802958,0.,7.813480421744E-02));
#5470 = PCURVE('',#5416,#5471);
#5471 = DEFINITIONAL_REPRESENTATION('',(#5472),#5476);
#5472 = LINE('',#5473,#5474);
#5473 = CARTESIAN_POINT('',(0.,0.));
#5474 = VECTOR('',#5475,1.);
#5475 = DIRECTION('',(1.,0.));
#5476 = ( GEOMETRIC_REPRESENTATION_CONTEXT(2) 
PARAMETRIC_REPRESENTATION_CONTEXT() REPRESENTATION_CONTEXT('2D SPACE',''
  ) );
#5477 = PCURVE('',#5478,#5483);
#5478 = PLANE('',#5479);
#5479 = AXIS2_PLACEMENT_3D('',#5480,#5481,#5482);
#5480 = CARTESIAN_POINT('',(69.,133.333,381.389));
#5481 = DIRECTION('',(-7.813480421744E-02,0.,-0.996942802958));
#5482 = DIRECTION('',(-0.996942802958,0.,7.813480421744E-02));
#5483 = DEFINITIONAL_REPRESENTATION('',(#5484),#5488);
#5484 = CIRCLE('',#5485,1.);
#5485 = AXIS2_PLACEMENT_2D('',#5486,#5487);
#5486 = CARTESIAN_POINT('',(0.,0.));
#5487 = DIRECTION('',(1.,0.));
#5488 = ( GEOMETRIC_REPRESENTATION_CONTEXT(2) 
PARAMETRIC_REPRESENTATION_CONTEXT() REPRESENTATION_CONTEXT('2D SPACE',''
  ) );
#5489 = ORIENTED_EDGE('',*,*,#5440,.T.);
#5490 = ADVANCED_FACE('',(#5491),#5428,.T.);
#5491 = FACE_BOUND('',#5492,.T.);
#5492 = EDGE_LOOP('',(#5493));
#5493 = ORIENTED_EDGE('',*,*,#5406,.T.);
#5494 = ADVANCED_FACE('',(#5495),#5478,.F.);
#5495 = FACE_BOUND('',#5496,.T.);
#5496 = EDGE_LOOP('',(#5497));
#5497 = ORIENTED_EDGE('',*,*,#5463,.F.);
#5498 = ( GEOMETRIC_REPRESENTATION_CONTEXT(3) 
GLOBAL_UNCERTAINTY_ASSIGNED_CONTEXT((#5502)) 
GLOBAL_UNIT_ASSIGNED_CONTEXT((#5499,#5500,#5501)) REPRESENTATION_CONTEXT
('Context #1','3D Context with UNIT and UNCERTAINTY') );
#5499 = ( LENGTH_UNIT() NAMED_UNIT(*) SI_UNIT(.MILLI.,.METRE.) );
#5500 = ( NAMED_UNIT(*) PLANE_ANGLE_UNIT() SI_UNIT($,.RADIAN.) );
#5501 = ( NAMED_UNIT(*) SI_UNIT($,.STERADIAN.) SOLID_ANGLE_UNIT() );
#5502 = UNCERTAINTY_MEASURE_WITH_UNIT(LENGTH_MEASURE(1.E-07),#5499,
  'distance_accuracy_value','confusion accuracy');
#5503 = CONTEXT_DEPENDENT_SHAPE_REPRESENTATION(#5504,#5506);
#5504 = ( REPRESENTATION_RELATIONSHIP('','',#5399,#10) 
REPRESENTATION_RELATIONSHIP_WITH_TRANSFORMATION(#5505) 
SHAPE_REPRESENTATION_RELATIONSHIP() );
#5505 = ITEM_DEFINED_TRANSFORMATION('','',#11,#203);
#5506 = PRODUCT_DEFINITION_SHAPE('Placement','Placement of an item',
  #5507);
#5507 = NEXT_ASSEMBLY_USAGE_OCCURRENCE('48','0047_station_S2-rib','',#5,
  #5394,$);
#5508 = PRODUCT_RELATED_PRODUCT_CATEGORY('part',$,(#5396));
#5509 = SHAPE_DEFINITION_REPRESENTATION(#5510,#5516);
#5510 = PRODUCT_DEFINITION_SHAPE('','',#5511);
#5511 = PRODUCT_DEFINITION('design','',#5512,#5515);
#5512 = PRODUCT_DEFINITION_FORMATION('','',#5513);
#5513 = PRODUCT('0048_station_S2-rib','0048_station_S2-rib','',(#5514));
#5514 = PRODUCT_CONTEXT('',#2,'mechanical');
#5515 = PRODUCT_DEFINITION_CONTEXT('part definition',#2,'design');
#5516 = ADVANCED_BREP_SHAPE_REPRESENTATION('',(#11,#5517),#5615);
#5517 = MANIFOLD_SOLID_BREP('',#5518);
#5518 = CLOSED_SHELL('',(#5519,#5607,#5611));
#5519 = ADVANCED_FACE('',(#5520),#5533,.T.);
#5520 = FACE_BOUND('',#5521,.T.);
#5521 = EDGE_LOOP('',(#5522,#5556,#5579,#5606));
#5522 = ORIENTED_EDGE('',*,*,#5523,.F.);
#5523 = EDGE_CURVE('',#5524,#5524,#5526,.T.);
#5524 = VERTEX_POINT('',#5525);
#5525 = CARTESIAN_POINT('',(-54.,133.333,189.));
#5526 = SURFACE_CURVE('',#5527,(#5532,#5544),.PCURVE_S1.);
#5527 = CIRCLE('',#5528,1.);
#5528 = AXIS2_PLACEMENT_3D('',#5529,#5530,#5531);
#5529 = CARTESIAN_POINT('',(-54.,133.333,190.));
#5530 = DIRECTION('',(-1.,0.,0.));
#5531 = DIRECTION('',(0.,0.,-1.));
#5532 = PCURVE('',#5533,#5538);
#5533 = CYLINDRICAL_SURFACE('',#5534,1.);
#5534 = AXIS2_PLACEMENT_3D('',#5535,#5536,#5537);
#5535 = CARTESIAN_POINT('',(54.,133.333,190.));
#5536 = DIRECTION('',(-1.,0.,0.));
#5537 = DIRECTION('',(0.,0.,-1.));
#5538 = DEFINITIONAL_REPRESENTATION('',(#5539),#5543);
#5539 = LINE('',#5540,#5541);
#5540 = CARTESIAN_POINT('',(0.,108.));
#5541 = VECTOR('',#5542,1.);
#5542 = DIRECTION('',(1.,0.));
#5543 = ( GEOMETRIC_REPRESENTATION_CONTEXT(2) 
PARAMETRIC_REPRESENTATION_CONTEXT() REPRESENTATION_CONTEXT('2D SPACE',''
  ) );
#5544 = PCURVE('',#5545,#5550);
#5545 = PLANE('',#5546);
#5546 = AXIS2_PLACEMENT_3D('',#5547,#5548,#5549);
#5547 = CARTESIAN_POINT('',(-54.,133.333,190.));
#5548 = DIRECTION('',(-1.,0.,0.));
#5549 = DIRECTION('',(0.,0.,-1.));
#5550 = DEFINITIONAL_REPRESENTATION('',(#5551),#5555);
#5551 = CIRCLE('',#5552,1.);
#5552 = AXIS2_PLACEMENT_2D('',#5553,#5554);
#5553 = CARTESIAN_POINT('',(0.,0.));
#5554 = DIRECTION('',(1.,0.));
#5555 = ( GEOMETRIC_REPRESENTATION_CONTEXT(2) 
PARAMETRIC_REPRESENTATION_CONTEXT() REPRESENTATION_CONTEXT('2D SPACE',''
  ) );
#5556 = ORIENTED_EDGE('',*,*,#5557,.F.);
#5557 = EDGE_CURVE('',#5558,#5524,#5560,.T.);
#5558 = VERTEX_POINT('',#5559);
#5559 = CARTESIAN_POINT('',(54.,133.333,189.));
#5560 = SEAM_CURVE('',#5561,(#5565,#5572),.PCURVE_S1.);
#5561 = LINE('',#5562,#5563);
#5562 = CARTESIAN_POINT('',(54.,133.333,189.));
#5563 = VECTOR('',#5564,1.);
#5564 = DIRECTION('',(-1.,0.,0.));
#5565 = PCURVE('',#5533,#5566);
#5566 = DEFINITIONAL_REPRESENTATION('',(#5567),#5571);
#5567 = LINE('',#5568,#5569);
#5568 = CARTESIAN_POINT('',(6.28318530718,-0.));
#5569 = VECTOR('',#5570,1.);
#5570 = DIRECTION('',(0.,1.));
#5571 = ( GEOMETRIC_REPRESENTATION_CONTEXT(2) 
PARAMETRIC_REPRESENTATION_CONTEXT() REPRESENTATION_CONTEXT('2D SPACE',''
  ) );
#5572 = PCURVE('',#5533,#5573);
#5573 = DEFINITIONAL_REPRESENTATION('',(#5574),#5578);
#5574 = LINE('',#5575,#5576);
#5575 = CARTESIAN_POINT('',(0.,-0.));
#5576 = VECTOR('',#5577,1.);
#5577 = DIRECTION('',(0.,1.));
#5578 = ( GEOMETRIC_REPRESENTATION_CONTEXT(2) 
PARAMETRIC_REPRESENTATION_CONTEXT() REPRESENTATION_CONTEXT('2D SPACE',''
  ) );
#5579 = ORIENTED_EDGE('',*,*,#5580,.T.);
#5580 = EDGE_CURVE('',#5558,#5558,#5581,.T.);
#5581 = SURFACE_CURVE('',#5582,(#5587,#5594),.PCURVE_S1.);
#5582 = CIRCLE('',#5583,1.);
#5583 = AXIS2_PLACEMENT_3D('',#5584,#5585,#5586);
#5584 = CARTESIAN_POINT('',(54.,133.333,190.));
#5585 = DIRECTION('',(-1.,0.,0.));
#5586 = DIRECTION('',(0.,0.,-1.));
#5587 = PCURVE('',#5533,#5588);
#5588 = DEFINITIONAL_REPRESENTATION('',(#5589),#5593);
#5589 = LINE('',#5590,#5591);
#5590 = CARTESIAN_POINT('',(0.,0.));
#5591 = VECTOR('',#5592,1.);
#5592 = DIRECTION('',(1.,0.));
#5593 = ( GEOMETRIC_REPRESENTATION_CONTEXT(2) 
PARAMETRIC_REPRESENTATION_CONTEXT() REPRESENTATION_CONTEXT('2D SPACE',''
  ) );
#5594 = PCURVE('',#5595,#5600);
#5595 = PLANE('',#5596);
#5596 = AXIS2_PLACEMENT_3D('',#5597,#5598,#5599);
#5597 = CARTESIAN_POINT('',(54.,133.333,190.));
#5598 = DIRECTION('',(-1.,0.,0.));
#5599 = DIRECTION('',(0.,0.,-1.));
#5600 = DEFINITIONAL_REPRESENTATION('',(#5601),#5605);
#5601 = CIRCLE('',#5602,1.);
#5602 = AXIS2_PLACEMENT_2D('',#5603,#5604);
#5603 = CARTESIAN_POINT('',(0.,0.));
#5604 = DIRECTION('',(1.,0.));
#5605 = ( GEOMETRIC_REPRESENTATION_CONTEXT(2) 
PARAMETRIC_REPRESENTATION_CONTEXT() REPRESENTATION_CONTEXT('2D SPACE',''
  ) );
#5606 = ORIENTED_EDGE('',*,*,#5557,.T.);
#5607 = ADVANCED_FACE('',(#5608),#5545,.T.);
#5608 = FACE_BOUND('',#5609,.T.);
#5609 = EDGE_LOOP('',(#5610));
#5610 = ORIENTED_EDGE('',*,*,#5523,.T.);
#5611 = ADVANCED_FACE('',(#5612),#5595,.F.);
#5612 = FACE_BOUND('',#5613,.T.);
#5613 = EDGE_LOOP('',(#5614));
#5614 = ORIENTED_EDGE('',*,*,#5580,.F.);
#5615 = ( GEOMETRIC_REPRESENTATION_CONTEXT(3) 
GLOBAL_UNCERTAINTY_ASSIGNED_CONTEXT((#5619)) 
GLOBAL_UNIT_ASSIGNED_CONTEXT((#5616,#5617,#5618)) REPRESENTATION_CONTEXT
('Context #1','3D Context with UNIT and UNCERTAINTY') );
#5616 = ( LENGTH_UNIT() NAMED_UNIT(*) SI_UNIT(.MILLI.,.METRE.) );
#5617 = ( NAMED_UNIT(*) PLANE_ANGLE_UNIT() SI_UNIT($,.RADIAN.) );
#5618 = ( NAMED_UNIT(*) SI_UNIT($,.STERADIAN.) SOLID_ANGLE_UNIT() );
#5619 = UNCERTAINTY_MEASURE_WITH_UNIT(LENGTH_MEASURE(1.E-07),#5616,
  'distance_accuracy_value','confusion accuracy');
#5620 = CONTEXT_DEPENDENT_SHAPE_REPRESENTATION(#5621,#5623);
#5621 = ( REPRESENTATION_RELATIONSHIP('','',#5516,#10) 
REPRESENTATION_RELATIONSHIP_WITH_TRANSFORMATION(#5622) 
SHAPE_REPRESENTATION_RELATIONSHIP() );
#5622 = ITEM_DEFINED_TRANSFORMATION('','',#11,#207);
#5623 = PRODUCT_DEFINITION_SHAPE('Placement','Placement of an item',
  #5624);
#5624 = NEXT_ASSEMBLY_USAGE_OCCURRENCE('49','0048_station_S2-rib','',#5,
  #5511,$);
#5625 = PRODUCT_RELATED_PRODUCT_CATEGORY('part',$,(#5513));
#5626 = SHAPE_DEFINITION_REPRESENTATION(#5627,#5633);
#5627 = PRODUCT_DEFINITION_SHAPE('','',#5628);
#5628 = PRODUCT_DEFINITION('design','',#5629,#5632);
#5629 = PRODUCT_DEFINITION_FORMATION('','',#5630);
#5630 = PRODUCT('0049_station_S2-rib','0049_station_S2-rib','',(#5631));
#5631 = PRODUCT_CONTEXT('',#2,'mechanical');
#5632 = PRODUCT_DEFINITION_CONTEXT('part definition',#2,'design');
#5633 = ADVANCED_BREP_SHAPE_REPRESENTATION('',(#11,#5634),#5732);
#5634 = MANIFOLD_SOLID_BREP('',#5635);
#5635 = CLOSED_SHELL('',(#5636,#5724,#5728));
#5636 = ADVANCED_FACE('',(#5637),#5650,.T.);
#5637 = FACE_BOUND('',#5638,.T.);
#5638 = EDGE_LOOP('',(#5639,#5673,#5696,#5723));
#5639 = ORIENTED_EDGE('',*,*,#5640,.F.);
#5640 = EDGE_CURVE('',#5641,#5641,#5643,.T.);
#5641 = VERTEX_POINT('',#5642);
#5642 = CARTESIAN_POINT('',(-68.00305719704,133.333,381.46713480421));
#5643 = SURFACE_CURVE('',#5644,(#5649,#5661),.PCURVE_S1.);
#5644 = CIRCLE('',#5645,1.);
#5645 = AXIS2_PLACEMENT_3D('',#5646,#5647,#5648);
#5646 = CARTESIAN_POINT('',(-69.,133.333,381.389));
#5647 = DIRECTION('',(-7.813480421744E-02,0.,0.996942802958));
#5648 = DIRECTION('',(0.996942802958,0.,7.813480421744E-02));
#5649 = PCURVE('',#5650,#5655);
#5650 = CYLINDRICAL_SURFACE('',#5651,1.);
#5651 = AXIS2_PLACEMENT_3D('',#5652,#5653,#5654);
#5652 = CARTESIAN_POINT('',(-54.,133.333,190.));
#5653 = DIRECTION('',(-7.813480421744E-02,0.,0.996942802958));
#5654 = DIRECTION('',(0.996942802958,0.,7.813480421744E-02));
#5655 = DEFINITIONAL_REPRESENTATION('',(#5656),#5660);
#5656 = LINE('',#5657,#5658);
#5657 = CARTESIAN_POINT('',(0.,191.9759081786));
#5658 = VECTOR('',#5659,1.);
#5659 = DIRECTION('',(1.,0.));
#5660 = ( GEOMETRIC_REPRESENTATION_CONTEXT(2) 
PARAMETRIC_REPRESENTATION_CONTEXT() REPRESENTATION_CONTEXT('2D SPACE',''
  ) );
#5661 = PCURVE('',#5662,#5667);
#5662 = PLANE('',#5663);
#5663 = AXIS2_PLACEMENT_3D('',#5664,#5665,#5666);
#5664 = CARTESIAN_POINT('',(-69.,133.333,381.389));
#5665 = DIRECTION('',(-7.813480421744E-02,0.,0.996942802958));
#5666 = DIRECTION('',(0.996942802958,0.,7.813480421744E-02));
#5667 = DEFINITIONAL_REPRESENTATION('',(#5668),#5672);
#5668 = CIRCLE('',#5669,1.);
#5669 = AXIS2_PLACEMENT_2D('',#5670,#5671);
#5670 = CARTESIAN_POINT('',(0.,0.));
#5671 = DIRECTION('',(1.,0.));
#5672 = ( GEOMETRIC_REPRESENTATION_CONTEXT(2) 
PARAMETRIC_REPRESENTATION_CONTEXT() REPRESENTATION_CONTEXT('2D SPACE',''
  ) );
#5673 = ORIENTED_EDGE('',*,*,#5674,.F.);
#5674 = EDGE_CURVE('',#5675,#5641,#5677,.T.);
#5675 = VERTEX_POINT('',#5676);
#5676 = CARTESIAN_POINT('',(-53.00305719704,133.333,190.07813480421));
#5677 = SEAM_CURVE('',#5678,(#5682,#5689),.PCURVE_S1.);
#5678 = LINE('',#5679,#5680);
#5679 = CARTESIAN_POINT('',(-53.00305719704,133.333,190.07813480421));
#5680 = VECTOR('',#5681,1.);
#5681 = DIRECTION('',(-7.813480421744E-02,3.08148791102E-33,
    0.996942802958));
#5682 = PCURVE('',#5650,#5683);
#5683 = DEFINITIONAL_REPRESENTATION('',(#5684),#5688);
#5684 = LINE('',#5685,#5686);
#5685 = CARTESIAN_POINT('',(6.28318530718,-0.));
#5686 = VECTOR('',#5687,1.);
#5687 = DIRECTION('',(0.,1.));
#5688 = ( GEOMETRIC_REPRESENTATION_CONTEXT(2) 
PARAMETRIC_REPRESENTATION_CONTEXT() REPRESENTATION_CONTEXT('2D SPACE',''
  ) );
#5689 = PCURVE('',#5650,#5690);
#5690 = DEFINITIONAL_REPRESENTATION('',(#5691),#5695);
#5691 = LINE('',#5692,#5693);
#5692 = CARTESIAN_POINT('',(0.,-0.));
#5693 = VECTOR('',#5694,1.);
#5694 = DIRECTION('',(0.,1.));
#5695 = ( GEOMETRIC_REPRESENTATION_CONTEXT(2) 
PARAMETRIC_REPRESENTATION_CONTEXT() REPRESENTATION_CONTEXT('2D SPACE',''
  ) );
#5696 = ORIENTED_EDGE('',*,*,#5697,.T.);
#5697 = EDGE_CURVE('',#5675,#5675,#5698,.T.);
#5698 = SURFACE_CURVE('',#5699,(#5704,#5711),.PCURVE_S1.);
#5699 = CIRCLE('',#5700,1.);
#5700 = AXIS2_PLACEMENT_3D('',#5701,#5702,#5703);
#5701 = CARTESIAN_POINT('',(-54.,133.333,190.));
#5702 = DIRECTION('',(-7.813480421744E-02,0.,0.996942802958));
#5703 = DIRECTION('',(0.996942802958,0.,7.813480421744E-02));
#5704 = PCURVE('',#5650,#5705);
#5705 = DEFINITIONAL_REPRESENTATION('',(#5706),#5710);
#5706 = LINE('',#5707,#5708);
#5707 = CARTESIAN_POINT('',(0.,0.));
#5708 = VECTOR('',#5709,1.);
#5709 = DIRECTION('',(1.,0.));
#5710 = ( GEOMETRIC_REPRESENTATION_CONTEXT(2) 
PARAMETRIC_REPRESENTATION_CONTEXT() REPRESENTATION_CONTEXT('2D SPACE',''
  ) );
#5711 = PCURVE('',#5712,#5717);
#5712 = PLANE('',#5713);
#5713 = AXIS2_PLACEMENT_3D('',#5714,#5715,#5716);
#5714 = CARTESIAN_POINT('',(-54.,133.333,190.));
#5715 = DIRECTION('',(-7.813480421744E-02,0.,0.996942802958));
#5716 = DIRECTION('',(0.996942802958,0.,7.813480421744E-02));
#5717 = DEFINITIONAL_REPRESENTATION('',(#5718),#5722);
#5718 = CIRCLE('',#5719,1.);
#5719 = AXIS2_PLACEMENT_2D('',#5720,#5721);
#5720 = CARTESIAN_POINT('',(0.,0.));
#5721 = DIRECTION('',(1.,0.));
#5722 = ( GEOMETRIC_REPRESENTATION_CONTEXT(2) 
PARAMETRIC_REPRESENTATION_CONTEXT() REPRESENTATION_CONTEXT('2D SPACE',''
  ) );
#5723 = ORIENTED_EDGE('',*,*,#5674,.T.);
#5724 = ADVANCED_FACE('',(#5725),#5662,.T.);
#5725 = FACE_BOUND('',#5726,.T.);
#5726 = EDGE_LOOP('',(#5727));
#5727 = ORIENTED_EDGE('',*,*,#5640,.T.);
#5728 = ADVANCED_FACE('',(#5729),#5712,.F.);
#5729 = FACE_BOUND('',#5730,.T.);
#5730 = EDGE_LOOP('',(#5731));
#5731 = ORIENTED_EDGE('',*,*,#5697,.F.);
#5732 = ( GEOMETRIC_REPRESENTATION_CONTEXT(3) 
GLOBAL_UNCERTAINTY_ASSIGNED_CONTEXT((#5736)) 
GLOBAL_UNIT_ASSIGNED_CONTEXT((#5733,#5734,#5735)) REPRESENTATION_CONTEXT
('Context #1','3D Context with UNIT and UNCERTAINTY') );
#5733 = ( LENGTH_UNIT() NAMED_UNIT(*) SI_UNIT(.MILLI.,.METRE.) );
#5734 = ( NAMED_UNIT(*) PLANE_ANGLE_UNIT() SI_UNIT($,.RADIAN.) );
#5735 = ( NAMED_UNIT(*) SI_UNIT($,.STERADIAN.) SOLID_ANGLE_UNIT() );
#5736 = UNCERTAINTY_MEASURE_WITH_UNIT(LENGTH_MEASURE(1.E-07),#5733,
  'distance_accuracy_value','confusion accuracy');
#5737 = CONTEXT_DEPENDENT_SHAPE_REPRESENTATION(#5738,#5740);
#5738 = ( REPRESENTATION_RELATIONSHIP('','',#5633,#10) 
REPRESENTATION_RELATIONSHIP_WITH_TRANSFORMATION(#5739) 
SHAPE_REPRESENTATION_RELATIONSHIP() );
#5739 = ITEM_DEFINED_TRANSFORMATION('','',#11,#211);
#5740 = PRODUCT_DEFINITION_SHAPE('Placement','Placement of an item',
  #5741);
#5741 = NEXT_ASSEMBLY_USAGE_OCCURRENCE('50','0049_station_S2-rib','',#5,
  #5628,$);
#5742 = PRODUCT_RELATED_PRODUCT_CATEGORY('part',$,(#5630));
#5743 = SHAPE_DEFINITION_REPRESENTATION(#5744,#5750);
#5744 = PRODUCT_DEFINITION_SHAPE('','',#5745);
#5745 = PRODUCT_DEFINITION('design','',#5746,#5749);
#5746 = PRODUCT_DEFINITION_FORMATION('','',#5747);
#5747 = PRODUCT('0050_station_S1-waist','0050_station_S1-waist','',(
    #5748));
#5748 = PRODUCT_CONTEXT('',#2,'mechanical');
#5749 = PRODUCT_DEFINITION_CONTEXT('part definition',#2,'design');
#5750 = ADVANCED_BREP_SHAPE_REPRESENTATION('',(#11,#5751),#5849);
#5751 = MANIFOLD_SOLID_BREP('',#5752);
#5752 = CLOSED_SHELL('',(#5753,#5841,#5845));
#5753 = ADVANCED_FACE('',(#5754),#5767,.T.);
#5754 = FACE_BOUND('',#5755,.T.);
#5755 = EDGE_LOOP('',(#5756,#5790,#5813,#5840));
#5756 = ORIENTED_EDGE('',*,*,#5757,.F.);
#5757 = EDGE_CURVE('',#5758,#5758,#5760,.T.);
#5758 = VERTEX_POINT('',#5759);
#5759 = CARTESIAN_POINT('',(57.,293.333,378.778));
#5760 = SURFACE_CURVE('',#5761,(#5766,#5778),.PCURVE_S1.);
#5761 = CIRCLE('',#5762,1.);
#5762 = AXIS2_PLACEMENT_3D('',#5763,#5764,#5765);
#5763 = CARTESIAN_POINT('',(57.,293.333,377.778));
#5764 = DIRECTION('',(1.,0.,0.));
#5765 = DIRECTION('',(-0.,0.,1.));
#5766 = PCURVE('',#5767,#5772);
#5767 = CYLINDRICAL_SURFACE('',#5768,1.);
#5768 = AXIS2_PLACEMENT_3D('',#5769,#5770,#5771);
#5769 = CARTESIAN_POINT('',(-57.,293.333,377.778));
#5770 = DIRECTION('',(1.,0.,0.));
#5771 = DIRECTION('',(-0.,0.,1.));
#5772 = DEFINITIONAL_REPRESENTATION('',(#5773),#5777);
#5773 = LINE('',#5774,#5775);
#5774 = CARTESIAN_POINT('',(0.,114.));
#5775 = VECTOR('',#5776,1.);
#5776 = DIRECTION('',(1.,0.));
#5777 = ( GEOMETRIC_REPRESENTATION_CONTEXT(2) 
PARAMETRIC_REPRESENTATION_CONTEXT() REPRESENTATION_CONTEXT('2D SPACE',''
  ) );
#5778 = PCURVE('',#5779,#5784);
#5779 = PLANE('',#5780);
#5780 = AXIS2_PLACEMENT_3D('',#5781,#5782,#5783);
#5781 = CARTESIAN_POINT('',(57.,293.333,377.778));
#5782 = DIRECTION('',(1.,0.,0.));
#5783 = DIRECTION('',(-0.,0.,1.));
#5784 = DEFINITIONAL_REPRESENTATION('',(#5785),#5789);
#5785 = CIRCLE('',#5786,1.);
#5786 = AXIS2_PLACEMENT_2D('',#5787,#5788);
#5787 = CARTESIAN_POINT('',(0.,0.));
#5788 = DIRECTION('',(1.,0.));
#5789 = ( GEOMETRIC_REPRESENTATION_CONTEXT(2) 
PARAMETRIC_REPRESENTATION_CONTEXT() REPRESENTATION_CONTEXT('2D SPACE',''
  ) );
#5790 = ORIENTED_EDGE('',*,*,#5791,.F.);
#5791 = EDGE_CURVE('',#5792,#5758,#5794,.T.);
#5792 = VERTEX_POINT('',#5793);
#5793 = CARTESIAN_POINT('',(-57.,293.333,378.778));
#5794 = SEAM_CURVE('',#5795,(#5799,#5806),.PCURVE_S1.);
#5795 = LINE('',#5796,#5797);
#5796 = CARTESIAN_POINT('',(-57.,293.333,378.778));
#5797 = VECTOR('',#5798,1.);
#5798 = DIRECTION('',(1.,0.,0.));
#5799 = PCURVE('',#5767,#5800);
#5800 = DEFINITIONAL_REPRESENTATION('',(#5801),#5805);
#5801 = LINE('',#5802,#5803);
#5802 = CARTESIAN_POINT('',(6.28318530718,-0.));
#5803 = VECTOR('',#5804,1.);
#5804 = DIRECTION('',(0.,1.));
#5805 = ( GEOMETRIC_REPRESENTATION_CONTEXT(2) 
PARAMETRIC_REPRESENTATION_CONTEXT() REPRESENTATION_CONTEXT('2D SPACE',''
  ) );
#5806 = PCURVE('',#5767,#5807);
#5807 = DEFINITIONAL_REPRESENTATION('',(#5808),#5812);
#5808 = LINE('',#5809,#5810);
#5809 = CARTESIAN_POINT('',(0.,-0.));
#5810 = VECTOR('',#5811,1.);
#5811 = DIRECTION('',(0.,1.));
#5812 = ( GEOMETRIC_REPRESENTATION_CONTEXT(2) 
PARAMETRIC_REPRESENTATION_CONTEXT() REPRESENTATION_CONTEXT('2D SPACE',''
  ) );
#5813 = ORIENTED_EDGE('',*,*,#5814,.T.);
#5814 = EDGE_CURVE('',#5792,#5792,#5815,.T.);
#5815 = SURFACE_CURVE('',#5816,(#5821,#5828),.PCURVE_S1.);
#5816 = CIRCLE('',#5817,1.);
#5817 = AXIS2_PLACEMENT_3D('',#5818,#5819,#5820);
#5818 = CARTESIAN_POINT('',(-57.,293.333,377.778));
#5819 = DIRECTION('',(1.,0.,0.));
#5820 = DIRECTION('',(-0.,0.,1.));
#5821 = PCURVE('',#5767,#5822);
#5822 = DEFINITIONAL_REPRESENTATION('',(#5823),#5827);
#5823 = LINE('',#5824,#5825);
#5824 = CARTESIAN_POINT('',(0.,0.));
#5825 = VECTOR('',#5826,1.);
#5826 = DIRECTION('',(1.,0.));
#5827 = ( GEOMETRIC_REPRESENTATION_CONTEXT(2) 
PARAMETRIC_REPRESENTATION_CONTEXT() REPRESENTATION_CONTEXT('2D SPACE',''
  ) );
#5828 = PCURVE('',#5829,#5834);
#5829 = PLANE('',#5830);
#5830 = AXIS2_PLACEMENT_3D('',#5831,#5832,#5833);
#5831 = CARTESIAN_POINT('',(-57.,293.333,377.778));
#5832 = DIRECTION('',(1.,0.,0.));
#5833 = DIRECTION('',(-0.,0.,1.));
#5834 = DEFINITIONAL_REPRESENTATION('',(#5835),#5839);
#5835 = CIRCLE('',#5836,1.);
#5836 = AXIS2_PLACEMENT_2D('',#5837,#5838);
#5837 = CARTESIAN_POINT('',(0.,0.));
#5838 = DIRECTION('',(1.,0.));
#5839 = ( GEOMETRIC_REPRESENTATION_CONTEXT(2) 
PARAMETRIC_REPRESENTATION_CONTEXT() REPRESENTATION_CONTEXT('2D SPACE',''
  ) );
#5840 = ORIENTED_EDGE('',*,*,#5791,.T.);
#5841 = ADVANCED_FACE('',(#5842),#5779,.T.);
#5842 = FACE_BOUND('',#5843,.T.);
#5843 = EDGE_LOOP('',(#5844));
#5844 = ORIENTED_EDGE('',*,*,#5757,.T.);
#5845 = ADVANCED_FACE('',(#5846),#5829,.F.);
#5846 = FACE_BOUND('',#5847,.T.);
#5847 = EDGE_LOOP('',(#5848));
#5848 = ORIENTED_EDGE('',*,*,#5814,.F.);
#5849 = ( GEOMETRIC_REPRESENTATION_CONTEXT(3) 
GLOBAL_UNCERTAINTY_ASSIGNED_CONTEXT((#5853)) 
GLOBAL_UNIT_ASSIGNED_CONTEXT((#5850,#5851,#5852)) REPRESENTATION_CONTEXT
('Context #1','3D Context with UNIT and UNCERTAINTY') );
#5850 = ( LENGTH_UNIT() NAMED_UNIT(*) SI_UNIT(.MILLI.,.METRE.) );
#5851 = ( NAMED_UNIT(*) PLANE_ANGLE_UNIT() SI_UNIT($,.RADIAN.) );
#5852 = ( NAMED_UNIT(*) SI_UNIT($,.STERADIAN.) SOLID_ANGLE_UNIT() );
#5853 = UNCERTAINTY_MEASURE_WITH_UNIT(LENGTH_MEASURE(1.E-07),#5850,
  'distance_accuracy_value','confusion accuracy');
#5854 = CONTEXT_DEPENDENT_SHAPE_REPRESENTATION(#5855,#5857);
#5855 = ( REPRESENTATION_RELATIONSHIP('','',#5750,#10) 
REPRESENTATION_RELATIONSHIP_WITH_TRANSFORMATION(#5856) 
SHAPE_REPRESENTATION_RELATIONSHIP() );
#5856 = ITEM_DEFINED_TRANSFORMATION('','',#11,#215);
#5857 = PRODUCT_DEFINITION_SHAPE('Placement','Placement of an item',
  #5858);
#5858 = NEXT_ASSEMBLY_USAGE_OCCURRENCE('51','0050_station_S1-waist','',
  #5,#5745,$);
#5859 = PRODUCT_RELATED_PRODUCT_CATEGORY('part',$,(#5747));
#5860 = SHAPE_DEFINITION_REPRESENTATION(#5861,#5867);
#5861 = PRODUCT_DEFINITION_SHAPE('','',#5862);
#5862 = PRODUCT_DEFINITION('design','',#5863,#5866);
#5863 = PRODUCT_DEFINITION_FORMATION('','',#5864);
#5864 = PRODUCT('0051_station_S1-waist','0051_station_S1-waist','',(
    #5865));
#5865 = PRODUCT_CONTEXT('',#2,'mechanical');
#5866 = PRODUCT_DEFINITION_CONTEXT('part definition',#2,'design');
#5867 = ADVANCED_BREP_SHAPE_REPRESENTATION('',(#11,#5868),#5966);
#5868 = MANIFOLD_SOLID_BREP('',#5869);
#5869 = CLOSED_SHELL('',(#5870,#5958,#5962));
#5870 = ADVANCED_FACE('',(#5871),#5884,.T.);
#5871 = FACE_BOUND('',#5872,.T.);
#5872 = EDGE_LOOP('',(#5873,#5907,#5930,#5957));
#5873 = ORIENTED_EDGE('',*,*,#5874,.F.);
#5874 = EDGE_CURVE('',#5875,#5875,#5877,.T.);
#5875 = VERTEX_POINT('',#5876);
#5876 = CARTESIAN_POINT('',(44.004008947299,293.333,244.25645290906));
#5877 = SURFACE_CURVE('',#5878,(#5883,#5895),.PCURVE_S1.);
#5878 = CIRCLE('',#5879,1.);
#5879 = AXIS2_PLACEMENT_3D('',#5880,#5881,#5882);
#5880 = CARTESIAN_POINT('',(45.,293.333,244.167));
#5881 = DIRECTION('',(-8.945290905998E-02,0.,-0.995991052701));
#5882 = DIRECTION('',(-0.995991052701,0.,8.945290905998E-02));
#5883 = PCURVE('',#5884,#5889);
#5884 = CYLINDRICAL_SURFACE('',#5885,1.);
#5885 = AXIS2_PLACEMENT_3D('',#5886,#5887,#5888);
#5886 = CARTESIAN_POINT('',(57.,293.333,377.778));
#5887 = DIRECTION('',(-8.945290905998E-02,0.,-0.995991052701));
#5888 = DIRECTION('',(-0.995991052701,0.,8.945290905998E-02));
#5889 = DEFINITIONAL_REPRESENTATION('',(#5890),#5894);
#5890 = LINE('',#5891,#5892);
#5891 = CARTESIAN_POINT('',(0.,134.14879545117));
#5892 = VECTOR('',#5893,1.);
#5893 = DIRECTION('',(1.,0.));
#5894 = ( GEOMETRIC_REPRESENTATION_CONTEXT(2) 
PARAMETRIC_REPRESENTATION_CONTEXT() REPRESENTATION_CONTEXT('2D SPACE',''
  ) );
#5895 = PCURVE('',#5896,#5901);
#5896 = PLANE('',#5897);
#5897 = AXIS2_PLACEMENT_3D('',#5898,#5899,#5900);
#5898 = CARTESIAN_POINT('',(45.,293.333,244.167));
#5899 = DIRECTION('',(-8.945290905998E-02,0.,-0.995991052701));
#5900 = DIRECTION('',(-0.995991052701,0.,8.945290905998E-02));
#5901 = DEFINITIONAL_REPRESENTATION('',(#5902),#5906);
#5902 = CIRCLE('',#5903,1.);
#5903 = AXIS2_PLACEMENT_2D('',#5904,#5905);
#5904 = CARTESIAN_POINT('',(0.,0.));
#5905 = DIRECTION('',(1.,0.));
#5906 = ( GEOMETRIC_REPRESENTATION_CONTEXT(2) 
PARAMETRIC_REPRESENTATION_CONTEXT() REPRESENTATION_CONTEXT('2D SPACE',''
  ) );
#5907 = ORIENTED_EDGE('',*,*,#5908,.F.);
#5908 = EDGE_CURVE('',#5909,#5875,#5911,.T.);
#5909 = VERTEX_POINT('',#5910);
#5910 = CARTESIAN_POINT('',(56.004008947299,293.333,377.86745290906));
#5911 = SEAM_CURVE('',#5912,(#5916,#5923),.PCURVE_S1.);
#5912 = LINE('',#5913,#5914);
#5913 = CARTESIAN_POINT('',(56.004008947299,293.333,377.86745290906));
#5914 = VECTOR('',#5915,1.);
#5915 = DIRECTION('',(-8.945290905998E-02,0.,-0.995991052701));
#5916 = PCURVE('',#5884,#5917);
#5917 = DEFINITIONAL_REPRESENTATION('',(#5918),#5922);
#5918 = LINE('',#5919,#5920);
#5919 = CARTESIAN_POINT('',(6.28318530718,-0.));
#5920 = VECTOR('',#5921,1.);
#5921 = DIRECTION('',(0.,1.));
#5922 = ( GEOMETRIC_REPRESENTATION_CONTEXT(2) 
PARAMETRIC_REPRESENTATION_CONTEXT() REPRESENTATION_CONTEXT('2D SPACE',''
  ) );
#5923 = PCURVE('',#5884,#5924);
#5924 = DEFINITIONAL_REPRESENTATION('',(#5925),#5929);
#5925 = LINE('',#5926,#5927);
#5926 = CARTESIAN_POINT('',(0.,-0.));
#5927 = VECTOR('',#5928,1.);
#5928 = DIRECTION('',(0.,1.));
#5929 = ( GEOMETRIC_REPRESENTATION_CONTEXT(2) 
PARAMETRIC_REPRESENTATION_CONTEXT() REPRESENTATION_CONTEXT('2D SPACE',''
  ) );
#5930 = ORIENTED_EDGE('',*,*,#5931,.T.);
#5931 = EDGE_CURVE('',#5909,#5909,#5932,.T.);
#5932 = SURFACE_CURVE('',#5933,(#5938,#5945),.PCURVE_S1.);
#5933 = CIRCLE('',#5934,1.);
#5934 = AXIS2_PLACEMENT_3D('',#5935,#5936,#5937);
#5935 = CARTESIAN_POINT('',(57.,293.333,377.778));
#5936 = DIRECTION('',(-8.945290905998E-02,0.,-0.995991052701));
#5937 = DIRECTION('',(-0.995991052701,0.,8.945290905998E-02));
#5938 = PCURVE('',#5884,#5939);
#5939 = DEFINITIONAL_REPRESENTATION('',(#5940),#5944);
#5940 = LINE('',#5941,#5942);
#5941 = CARTESIAN_POINT('',(0.,0.));
#5942 = VECTOR('',#5943,1.);
#5943 = DIRECTION('',(1.,0.));
#5944 = ( GEOMETRIC_REPRESENTATION_CONTEXT(2) 
PARAMETRIC_REPRESENTATION_CONTEXT() REPRESENTATION_CONTEXT('2D SPACE',''
  ) );
#5945 = PCURVE('',#5946,#5951);
#5946 = PLANE('',#5947);
#5947 = AXIS2_PLACEMENT_3D('',#5948,#5949,#5950);
#5948 = CARTESIAN_POINT('',(57.,293.333,377.778));
#5949 = DIRECTION('',(-8.945290905998E-02,0.,-0.995991052701));
#5950 = DIRECTION('',(-0.995991052701,0.,8.945290905998E-02));
#5951 = DEFINITIONAL_REPRESENTATION('',(#5952),#5956);
#5952 = CIRCLE('',#5953,1.);
#5953 = AXIS2_PLACEMENT_2D('',#5954,#5955);
#5954 = CARTESIAN_POINT('',(0.,0.));
#5955 = DIRECTION('',(1.,0.));
#5956 = ( GEOMETRIC_REPRESENTATION_CONTEXT(2) 
PARAMETRIC_REPRESENTATION_CONTEXT() REPRESENTATION_CONTEXT('2D SPACE',''
  ) );
#5957 = ORIENTED_EDGE('',*,*,#5908,.T.);
#5958 = ADVANCED_FACE('',(#5959),#5896,.T.);
#5959 = FACE_BOUND('',#5960,.T.);
#5960 = EDGE_LOOP('',(#5961));
#5961 = ORIENTED_EDGE('',*,*,#5874,.T.);
#5962 = ADVANCED_FACE('',(#5963),#5946,.F.);
#5963 = FACE_BOUND('',#5964,.T.);
#5964 = EDGE_LOOP('',(#5965));
#5965 = ORIENTED_EDGE('',*,*,#5931,.F.);
#5966 = ( GEOMETRIC_REPRESENTATION_CONTEXT(3) 
GLOBAL_UNCERTAINTY_ASSIGNED_CONTEXT((#5970)) 
GLOBAL_UNIT_ASSIGNED_CONTEXT((#5967,#5968,#5969)) REPRESENTATION_CONTEXT
('Context #1','3D Context with UNIT and UNCERTAINTY') );
#5967 = ( LENGTH_UNIT() NAMED_UNIT(*) SI_UNIT(.MILLI.,.METRE.) );
#5968 = ( NAMED_UNIT(*) PLANE_ANGLE_UNIT() SI_UNIT($,.RADIAN.) );
#5969 = ( NAMED_UNIT(*) SI_UNIT($,.STERADIAN.) SOLID_ANGLE_UNIT() );
#5970 = UNCERTAINTY_MEASURE_WITH_UNIT(LENGTH_MEASURE(1.E-07),#5967,
  'distance_accuracy_value','confusion accuracy');
#5971 = CONTEXT_DEPENDENT_SHAPE_REPRESENTATION(#5972,#5974);
#5972 = ( REPRESENTATION_RELATIONSHIP('','',#5867,#10) 
REPRESENTATION_RELATIONSHIP_WITH_TRANSFORMATION(#5973) 
SHAPE_REPRESENTATION_RELATIONSHIP() );
#5973 = ITEM_DEFINED_TRANSFORMATION('','',#11,#219);
#5974 = PRODUCT_DEFINITION_SHAPE('Placement','Placement of an item',
  #5975);
#5975 = NEXT_ASSEMBLY_USAGE_OCCURRENCE('52','0051_station_S1-waist','',
  #5,#5862,$);
#5976 = PRODUCT_RELATED_PRODUCT_CATEGORY('part',$,(#5864));
#5977 = SHAPE_DEFINITION_REPRESENTATION(#5978,#5984);
#5978 = PRODUCT_DEFINITION_SHAPE('','',#5979);
#5979 = PRODUCT_DEFINITION('design','',#5980,#5983);
#5980 = PRODUCT_DEFINITION_FORMATION('','',#5981);
#5981 = PRODUCT('0052_station_S1-waist','0052_station_S1-waist','',(
    #5982));
#5982 = PRODUCT_CONTEXT('',#2,'mechanical');
#5983 = PRODUCT_DEFINITION_CONTEXT('part definition',#2,'design');
#5984 = ADVANCED_BREP_SHAPE_REPRESENTATION('',(#11,#5985),#6083);
#5985 = MANIFOLD_SOLID_BREP('',#5986);
#5986 = CLOSED_SHELL('',(#5987,#6075,#6079));
#5987 = ADVANCED_FACE('',(#5988),#6001,.T.);
#5988 = FACE_BOUND('',#5989,.T.);
#5989 = EDGE_LOOP('',(#5990,#6024,#6047,#6074));
#5990 = ORIENTED_EDGE('',*,*,#5991,.F.);
#5991 = EDGE_CURVE('',#5992,#5992,#5994,.T.);
#5992 = VERTEX_POINT('',#5993);
#5993 = CARTESIAN_POINT('',(-45.,293.333,243.167));
#5994 = SURFACE_CURVE('',#5995,(#6000,#6012),.PCURVE_S1.);
#5995 = CIRCLE('',#5996,1.);
#5996 = AXIS2_PLACEMENT_3D('',#5997,#5998,#5999);
#5997 = CARTESIAN_POINT('',(-45.,293.333,244.167));
#5998 = DIRECTION('',(-1.,0.,0.));
#5999 = DIRECTION('',(0.,0.,-1.));
#6000 = PCURVE('',#6001,#6006);
#6001 = CYLINDRICAL_SURFACE('',#6002,1.);
#6002 = AXIS2_PLACEMENT_3D('',#6003,#6004,#6005);
#6003 = CARTESIAN_POINT('',(45.,293.333,244.167));
#6004 = DIRECTION('',(-1.,0.,0.));
#6005 = DIRECTION('',(0.,0.,-1.));
#6006 = DEFINITIONAL_REPRESENTATION('',(#6007),#6011);
#6007 = LINE('',#6008,#6009);
#6008 = CARTESIAN_POINT('',(0.,90.));
#6009 = VECTOR('',#6010,1.);
#6010 = DIRECTION('',(1.,0.));
#6011 = ( GEOMETRIC_REPRESENTATION_CONTEXT(2) 
PARAMETRIC_REPRESENTATION_CONTEXT() REPRESENTATION_CONTEXT('2D SPACE',''
  ) );
#6012 = PCURVE('',#6013,#6018);
#6013 = PLANE('',#6014);
#6014 = AXIS2_PLACEMENT_3D('',#6015,#6016,#6017);
#6015 = CARTESIAN_POINT('',(-45.,293.333,244.167));
#6016 = DIRECTION('',(-1.,0.,0.));
#6017 = DIRECTION('',(0.,0.,-1.));
#6018 = DEFINITIONAL_REPRESENTATION('',(#6019),#6023);
#6019 = CIRCLE('',#6020,1.);
#6020 = AXIS2_PLACEMENT_2D('',#6021,#6022);
#6021 = CARTESIAN_POINT('',(0.,0.));
#6022 = DIRECTION('',(1.,0.));
#6023 = ( GEOMETRIC_REPRESENTATION_CONTEXT(2) 
PARAMETRIC_REPRESENTATION_CONTEXT() REPRESENTATION_CONTEXT('2D SPACE',''
  ) );
#6024 = ORIENTED_EDGE('',*,*,#6025,.F.);
#6025 = EDGE_CURVE('',#6026,#5992,#6028,.T.);
#6026 = VERTEX_POINT('',#6027);
#6027 = CARTESIAN_POINT('',(45.,293.333,243.167));
#6028 = SEAM_CURVE('',#6029,(#6033,#6040),.PCURVE_S1.);
#6029 = LINE('',#6030,#6031);
#6030 = CARTESIAN_POINT('',(45.,293.333,243.167));
#6031 = VECTOR('',#6032,1.);
#6032 = DIRECTION('',(-1.,0.,0.));
#6033 = PCURVE('',#6001,#6034);
#6034 = DEFINITIONAL_REPRESENTATION('',(#6035),#6039);
#6035 = LINE('',#6036,#6037);
#6036 = CARTESIAN_POINT('',(6.28318530718,-0.));
#6037 = VECTOR('',#6038,1.);
#6038 = DIRECTION('',(0.,1.));
#6039 = ( GEOMETRIC_REPRESENTATION_CONTEXT(2) 
PARAMETRIC_REPRESENTATION_CONTEXT() REPRESENTATION_CONTEXT('2D SPACE',''
  ) );
#6040 = PCURVE('',#6001,#6041);
#6041 = DEFINITIONAL_REPRESENTATION('',(#6042),#6046);
#6042 = LINE('',#6043,#6044);
#6043 = CARTESIAN_POINT('',(0.,-0.));
#6044 = VECTOR('',#6045,1.);
#6045 = DIRECTION('',(0.,1.));
#6046 = ( GEOMETRIC_REPRESENTATION_CONTEXT(2) 
PARAMETRIC_REPRESENTATION_CONTEXT() REPRESENTATION_CONTEXT('2D SPACE',''
  ) );
#6047 = ORIENTED_EDGE('',*,*,#6048,.T.);
#6048 = EDGE_CURVE('',#6026,#6026,#6049,.T.);
#6049 = SURFACE_CURVE('',#6050,(#6055,#6062),.PCURVE_S1.);
#6050 = CIRCLE('',#6051,1.);
#6051 = AXIS2_PLACEMENT_3D('',#6052,#6053,#6054);
#6052 = CARTESIAN_POINT('',(45.,293.333,244.167));
#6053 = DIRECTION('',(-1.,0.,0.));
#6054 = DIRECTION('',(0.,0.,-1.));
#6055 = PCURVE('',#6001,#6056);
#6056 = DEFINITIONAL_REPRESENTATION('',(#6057),#6061);
#6057 = LINE('',#6058,#6059);
#6058 = CARTESIAN_POINT('',(0.,0.));
#6059 = VECTOR('',#6060,1.);
#6060 = DIRECTION('',(1.,0.));
#6061 = ( GEOMETRIC_REPRESENTATION_CONTEXT(2) 
PARAMETRIC_REPRESENTATION_CONTEXT() REPRESENTATION_CONTEXT('2D SPACE',''
  ) );
#6062 = PCURVE('',#6063,#6068);
#6063 = PLANE('',#6064);
#6064 = AXIS2_PLACEMENT_3D('',#6065,#6066,#6067);
#6065 = CARTESIAN_POINT('',(45.,293.333,244.167));
#6066 = DIRECTION('',(-1.,0.,0.));
#6067 = DIRECTION('',(0.,0.,-1.));
#6068 = DEFINITIONAL_REPRESENTATION('',(#6069),#6073);
#6069 = CIRCLE('',#6070,1.);
#6070 = AXIS2_PLACEMENT_2D('',#6071,#6072);
#6071 = CARTESIAN_POINT('',(0.,0.));
#6072 = DIRECTION('',(1.,0.));
#6073 = ( GEOMETRIC_REPRESENTATION_CONTEXT(2) 
PARAMETRIC_REPRESENTATION_CONTEXT() REPRESENTATION_CONTEXT('2D SPACE',''
  ) );
#6074 = ORIENTED_EDGE('',*,*,#6025,.T.);
#6075 = ADVANCED_FACE('',(#6076),#6013,.T.);
#6076 = FACE_BOUND('',#6077,.T.);
#6077 = EDGE_LOOP('',(#6078));
#6078 = ORIENTED_EDGE('',*,*,#5991,.T.);
#6079 = ADVANCED_FACE('',(#6080),#6063,.F.);
#6080 = FACE_BOUND('',#6081,.T.);
#6081 = EDGE_LOOP('',(#6082));
#6082 = ORIENTED_EDGE('',*,*,#6048,.F.);
#6083 = ( GEOMETRIC_REPRESENTATION_CONTEXT(3) 
GLOBAL_UNCERTAINTY_ASSIGNED_CONTEXT((#6087)) 
GLOBAL_UNIT_ASSIGNED_CONTEXT((#6084,#6085,#6086)) REPRESENTATION_CONTEXT
('Context #1','3D Context with UNIT and UNCERTAINTY') );
#6084 = ( LENGTH_UNIT() NAMED_UNIT(*) SI_UNIT(.MILLI.,.METRE.) );
#6085 = ( NAMED_UNIT(*) PLANE_ANGLE_UNIT() SI_UNIT($,.RADIAN.) );
#6086 = ( NAMED_UNIT(*) SI_UNIT($,.STERADIAN.) SOLID_ANGLE_UNIT() );
#6087 = UNCERTAINTY_MEASURE_WITH_UNIT(LENGTH_MEASURE(1.E-07),#6084,
  'distance_accuracy_value','confusion accuracy');
#6088 = CONTEXT_DEPENDENT_SHAPE_REPRESENTATION(#6089,#6091);
#6089 = ( REPRESENTATION_RELATIONSHIP('','',#5984,#10) 
REPRESENTATION_RELATIONSHIP_WITH_TRANSFORMATION(#6090) 
SHAPE_REPRESENTATION_RELATIONSHIP() );
#6090 = ITEM_DEFINED_TRANSFORMATION('','',#11,#223);
#6091 = PRODUCT_DEFINITION_SHAPE('Placement','Placement of an item',
  #6092);
#6092 = NEXT_ASSEMBLY_USAGE_OCCURRENCE('53','0052_station_S1-waist','',
  #5,#5979,$);
#6093 = PRODUCT_RELATED_PRODUCT_CATEGORY('part',$,(#5981));
#6094 = SHAPE_DEFINITION_REPRESENTATION(#6095,#6101);
#6095 = PRODUCT_DEFINITION_SHAPE('','',#6096);
#6096 = PRODUCT_DEFINITION('design','',#6097,#6100);
#6097 = PRODUCT_DEFINITION_FORMATION('','',#6098);
#6098 = PRODUCT('0053_station_S1-waist','0053_station_S1-waist','',(
    #6099));
#6099 = PRODUCT_CONTEXT('',#2,'mechanical');
#6100 = PRODUCT_DEFINITION_CONTEXT('part definition',#2,'design');
#6101 = ADVANCED_BREP_SHAPE_REPRESENTATION('',(#11,#6102),#6200);
#6102 = MANIFOLD_SOLID_BREP('',#6103);
#6103 = CLOSED_SHELL('',(#6104,#6192,#6196));
#6104 = ADVANCED_FACE('',(#6105),#6118,.T.);
#6105 = FACE_BOUND('',#6106,.T.);
#6106 = EDGE_LOOP('',(#6107,#6141,#6164,#6191));
#6107 = ORIENTED_EDGE('',*,*,#6108,.F.);
#6108 = EDGE_CURVE('',#6109,#6109,#6111,.T.);
#6109 = VERTEX_POINT('',#6110);
#6110 = CARTESIAN_POINT('',(-56.00400894729,293.333,377.86745290906));
#6111 = SURFACE_CURVE('',#6112,(#6117,#6129),.PCURVE_S1.);
#6112 = CIRCLE('',#6113,1.);
#6113 = AXIS2_PLACEMENT_3D('',#6114,#6115,#6116);
#6114 = CARTESIAN_POINT('',(-57.,293.333,377.778));
#6115 = DIRECTION('',(-8.945290905998E-02,0.,0.995991052701));
#6116 = DIRECTION('',(0.995991052701,0.,8.945290905998E-02));
#6117 = PCURVE('',#6118,#6123);
#6118 = CYLINDRICAL_SURFACE('',#6119,1.);
#6119 = AXIS2_PLACEMENT_3D('',#6120,#6121,#6122);
#6120 = CARTESIAN_POINT('',(-45.,293.333,244.167));
#6121 = DIRECTION('',(-8.945290905998E-02,0.,0.995991052701));
#6122 = DIRECTION('',(0.995991052701,0.,8.945290905998E-02));
#6123 = DEFINITIONAL_REPRESENTATION('',(#6124),#6128);
#6124 = LINE('',#6125,#6126);
#6125 = CARTESIAN_POINT('',(0.,134.14879545117));
#6126 = VECTOR('',#6127,1.);
#6127 = DIRECTION('',(1.,0.));
#6128 = ( GEOMETRIC_REPRESENTATION_CONTEXT(2) 
PARAMETRIC_REPRESENTATION_CONTEXT() REPRESENTATION_CONTEXT('2D SPACE',''
  ) );
#6129 = PCURVE('',#6130,#6135);
#6130 = PLANE('',#6131);
#6131 = AXIS2_PLACEMENT_3D('',#6132,#6133,#6134);
#6132 = CARTESIAN_POINT('',(-57.,293.333,377.778));
#6133 = DIRECTION('',(-8.945290905998E-02,0.,0.995991052701));
#6134 = DIRECTION('',(0.995991052701,0.,8.945290905998E-02));
#6135 = DEFINITIONAL_REPRESENTATION('',(#6136),#6140);
#6136 = CIRCLE('',#6137,1.);
#6137 = AXIS2_PLACEMENT_2D('',#6138,#6139);
#6138 = CARTESIAN_POINT('',(0.,0.));
#6139 = DIRECTION('',(1.,0.));
#6140 = ( GEOMETRIC_REPRESENTATION_CONTEXT(2) 
PARAMETRIC_REPRESENTATION_CONTEXT() REPRESENTATION_CONTEXT('2D SPACE',''
  ) );
#6141 = ORIENTED_EDGE('',*,*,#6142,.F.);
#6142 = EDGE_CURVE('',#6143,#6109,#6145,.T.);
#6143 = VERTEX_POINT('',#6144);
#6144 = CARTESIAN_POINT('',(-44.00400894729,293.333,244.25645290906));
#6145 = SEAM_CURVE('',#6146,(#6150,#6157),.PCURVE_S1.);
#6146 = LINE('',#6147,#6148);
#6147 = CARTESIAN_POINT('',(-44.00400894729,293.333,244.25645290906));
#6148 = VECTOR('',#6149,1.);
#6149 = DIRECTION('',(-8.945290905998E-02,0.,0.995991052701));
#6150 = PCURVE('',#6118,#6151);
#6151 = DEFINITIONAL_REPRESENTATION('',(#6152),#6156);
#6152 = LINE('',#6153,#6154);
#6153 = CARTESIAN_POINT('',(6.28318530718,-0.));
#6154 = VECTOR('',#6155,1.);
#6155 = DIRECTION('',(0.,1.));
#6156 = ( GEOMETRIC_REPRESENTATION_CONTEXT(2) 
PARAMETRIC_REPRESENTATION_CONTEXT() REPRESENTATION_CONTEXT('2D SPACE',''
  ) );
#6157 = PCURVE('',#6118,#6158);
#6158 = DEFINITIONAL_REPRESENTATION('',(#6159),#6163);
#6159 = LINE('',#6160,#6161);
#6160 = CARTESIAN_POINT('',(0.,-0.));
#6161 = VECTOR('',#6162,1.);
#6162 = DIRECTION('',(0.,1.));
#6163 = ( GEOMETRIC_REPRESENTATION_CONTEXT(2) 
PARAMETRIC_REPRESENTATION_CONTEXT() REPRESENTATION_CONTEXT('2D SPACE',''
  ) );
#6164 = ORIENTED_EDGE('',*,*,#6165,.T.);
#6165 = EDGE_CURVE('',#6143,#6143,#6166,.T.);
#6166 = SURFACE_CURVE('',#6167,(#6172,#6179),.PCURVE_S1.);
#6167 = CIRCLE('',#6168,1.);
#6168 = AXIS2_PLACEMENT_3D('',#6169,#6170,#6171);
#6169 = CARTESIAN_POINT('',(-45.,293.333,244.167));
#6170 = DIRECTION('',(-8.945290905998E-02,0.,0.995991052701));
#6171 = DIRECTION('',(0.995991052701,0.,8.945290905998E-02));
#6172 = PCURVE('',#6118,#6173);
#6173 = DEFINITIONAL_REPRESENTATION('',(#6174),#6178);
#6174 = LINE('',#6175,#6176);
#6175 = CARTESIAN_POINT('',(0.,0.));
#6176 = VECTOR('',#6177,1.);
#6177 = DIRECTION('',(1.,0.));
#6178 = ( GEOMETRIC_REPRESENTATION_CONTEXT(2) 
PARAMETRIC_REPRESENTATION_CONTEXT() REPRESENTATION_CONTEXT('2D SPACE',''
  ) );
#6179 = PCURVE('',#6180,#6185);
#6180 = PLANE('',#6181);
#6181 = AXIS2_PLACEMENT_3D('',#6182,#6183,#6184);
#6182 = CARTESIAN_POINT('',(-45.,293.333,244.167));
#6183 = DIRECTION('',(-8.945290905998E-02,0.,0.995991052701));
#6184 = DIRECTION('',(0.995991052701,0.,8.945290905998E-02));
#6185 = DEFINITIONAL_REPRESENTATION('',(#6186),#6190);
#6186 = CIRCLE('',#6187,1.);
#6187 = AXIS2_PLACEMENT_2D('',#6188,#6189);
#6188 = CARTESIAN_POINT('',(0.,0.));
#6189 = DIRECTION('',(1.,0.));
#6190 = ( GEOMETRIC_REPRESENTATION_CONTEXT(2) 
PARAMETRIC_REPRESENTATION_CONTEXT() REPRESENTATION_CONTEXT('2D SPACE',''
  ) );
#6191 = ORIENTED_EDGE('',*,*,#6142,.T.);
#6192 = ADVANCED_FACE('',(#6193),#6130,.T.);
#6193 = FACE_BOUND('',#6194,.T.);
#6194 = EDGE_LOOP('',(#6195));
#6195 = ORIENTED_EDGE('',*,*,#6108,.T.);
#6196 = ADVANCED_FACE('',(#6197),#6180,.F.);
#6197 = FACE_BOUND('',#6198,.T.);
#6198 = EDGE_LOOP('',(#6199));
#6199 = ORIENTED_EDGE('',*,*,#6165,.F.);
#6200 = ( GEOMETRIC_REPRESENTATION_CONTEXT(3) 
GLOBAL_UNCERTAINTY_ASSIGNED_CONTEXT((#6204)) 
GLOBAL_UNIT_ASSIGNED_CONTEXT((#6201,#6202,#6203)) REPRESENTATION_CONTEXT
('Context #1','3D Context with UNIT and UNCERTAINTY') );
#6201 = ( LENGTH_UNIT() NAMED_UNIT(*) SI_UNIT(.MILLI.,.METRE.) );
#6202 = ( NAMED_UNIT(*) PLANE_ANGLE_UNIT() SI_UNIT($,.RADIAN.) );
#6203 = ( NAMED_UNIT(*) SI_UNIT($,.STERADIAN.) SOLID_ANGLE_UNIT() );
#6204 = UNCERTAINTY_MEASURE_WITH_UNIT(LENGTH_MEASURE(1.E-07),#6201,
  'distance_accuracy_value','confusion accuracy');
#6205 = CONTEXT_DEPENDENT_SHAPE_REPRESENTATION(#6206,#6208);
#6206 = ( REPRESENTATION_RELATIONSHIP('','',#6101,#10) 
REPRESENTATION_RELATIONSHIP_WITH_TRANSFORMATION(#6207) 
SHAPE_REPRESENTATION_RELATIONSHIP() );
#6207 = ITEM_DEFINED_TRANSFORMATION('','',#11,#227);
#6208 = PRODUCT_DEFINITION_SHAPE('Placement','Placement of an item',
  #6209);
#6209 = NEXT_ASSEMBLY_USAGE_OCCURRENCE('54','0053_station_S1-waist','',
  #5,#6096,$);
#6210 = PRODUCT_RELATED_PRODUCT_CATEGORY('part',$,(#6098));
#6211 = SHAPE_DEFINITION_REPRESENTATION(#6212,#6218);
#6212 = PRODUCT_DEFINITION_SHAPE('','',#6213);
#6213 = PRODUCT_DEFINITION('design','',#6214,#6217);
#6214 = PRODUCT_DEFINITION_FORMATION('','',#6215);
#6215 = PRODUCT('0054_station_S0-pelvis','0054_station_S0-pelvis','',(
    #6216));
#6216 = PRODUCT_CONTEXT('',#2,'mechanical');
#6217 = PRODUCT_DEFINITION_CONTEXT('part definition',#2,'design');
#6218 = ADVANCED_BREP_SHAPE_REPRESENTATION('',(#11,#6219),#6317);
#6219 = MANIFOLD_SOLID_BREP('',#6220);
#6220 = CLOSED_SHELL('',(#6221,#6309,#6313));
#6221 = ADVANCED_FACE('',(#6222),#6235,.T.);
#6222 = FACE_BOUND('',#6223,.T.);
#6223 = EDGE_LOOP('',(#6224,#6258,#6281,#6308));
#6224 = ORIENTED_EDGE('',*,*,#6225,.F.);
#6225 = EDGE_CURVE('',#6226,#6226,#6228,.T.);
#6226 = VERTEX_POINT('',#6227);
#6227 = CARTESIAN_POINT('',(51.,420.,375.167));
#6228 = SURFACE_CURVE('',#6229,(#6234,#6246),.PCURVE_S1.);
#6229 = CIRCLE('',#6230,1.);
#6230 = AXIS2_PLACEMENT_3D('',#6231,#6232,#6233);
#6231 = CARTESIAN_POINT('',(51.,420.,374.167));
#6232 = DIRECTION('',(1.,0.,0.));
#6233 = DIRECTION('',(-0.,0.,1.));
#6234 = PCURVE('',#6235,#6240);
#6235 = CYLINDRICAL_SURFACE('',#6236,1.);
#6236 = AXIS2_PLACEMENT_3D('',#6237,#6238,#6239);
#6237 = CARTESIAN_POINT('',(-51.,420.,374.167));
#6238 = DIRECTION('',(1.,0.,0.));
#6239 = DIRECTION('',(-0.,0.,1.));
#6240 = DEFINITIONAL_REPRESENTATION('',(#6241),#6245);
#6241 = LINE('',#6242,#6243);
#6242 = CARTESIAN_POINT('',(0.,102.));
#6243 = VECTOR('',#6244,1.);
#6244 = DIRECTION('',(1.,0.));
#6245 = ( GEOMETRIC_REPRESENTATION_CONTEXT(2) 
PARAMETRIC_REPRESENTATION_CONTEXT() REPRESENTATION_CONTEXT('2D SPACE',''
  ) );
#6246 = PCURVE('',#6247,#6252);
#6247 = PLANE('',#6248);
#6248 = AXIS2_PLACEMENT_3D('',#6249,#6250,#6251);
#6249 = CARTESIAN_POINT('',(51.,420.,374.167));
#6250 = DIRECTION('',(1.,0.,0.));
#6251 = DIRECTION('',(-0.,0.,1.));
#6252 = DEFINITIONAL_REPRESENTATION('',(#6253),#6257);
#6253 = CIRCLE('',#6254,1.);
#6254 = AXIS2_PLACEMENT_2D('',#6255,#6256);
#6255 = CARTESIAN_POINT('',(0.,0.));
#6256 = DIRECTION('',(1.,0.));
#6257 = ( GEOMETRIC_REPRESENTATION_CONTEXT(2) 
PARAMETRIC_REPRESENTATION_CONTEXT() REPRESENTATION_CONTEXT('2D SPACE',''
  ) );
#6258 = ORIENTED_EDGE('',*,*,#6259,.F.);
#6259 = EDGE_CURVE('',#6260,#6226,#6262,.T.);
#6260 = VERTEX_POINT('',#6261);
#6261 = CARTESIAN_POINT('',(-51.,420.,375.167));
#6262 = SEAM_CURVE('',#6263,(#6267,#6274),.PCURVE_S1.);
#6263 = LINE('',#6264,#6265);
#6264 = CARTESIAN_POINT('',(-51.,420.,375.167));
#6265 = VECTOR('',#6266,1.);
#6266 = DIRECTION('',(1.,0.,0.));
#6267 = PCURVE('',#6235,#6268);
#6268 = DEFINITIONAL_REPRESENTATION('',(#6269),#6273);
#6269 = LINE('',#6270,#6271);
#6270 = CARTESIAN_POINT('',(6.28318530718,-0.));
#6271 = VECTOR('',#6272,1.);
#6272 = DIRECTION('',(0.,1.));
#6273 = ( GEOMETRIC_REPRESENTATION_CONTEXT(2) 
PARAMETRIC_REPRESENTATION_CONTEXT() REPRESENTATION_CONTEXT('2D SPACE',''
  ) );
#6274 = PCURVE('',#6235,#6275);
#6275 = DEFINITIONAL_REPRESENTATION('',(#6276),#6280);
#6276 = LINE('',#6277,#6278);
#6277 = CARTESIAN_POINT('',(0.,-0.));
#6278 = VECTOR('',#6279,1.);
#6279 = DIRECTION('',(0.,1.));
#6280 = ( GEOMETRIC_REPRESENTATION_CONTEXT(2) 
PARAMETRIC_REPRESENTATION_CONTEXT() REPRESENTATION_CONTEXT('2D SPACE',''
  ) );
#6281 = ORIENTED_EDGE('',*,*,#6282,.T.);
#6282 = EDGE_CURVE('',#6260,#6260,#6283,.T.);
#6283 = SURFACE_CURVE('',#6284,(#6289,#6296),.PCURVE_S1.);
#6284 = CIRCLE('',#6285,1.);
#6285 = AXIS2_PLACEMENT_3D('',#6286,#6287,#6288);
#6286 = CARTESIAN_POINT('',(-51.,420.,374.167));
#6287 = DIRECTION('',(1.,0.,0.));
#6288 = DIRECTION('',(-0.,0.,1.));
#6289 = PCURVE('',#6235,#6290);
#6290 = DEFINITIONAL_REPRESENTATION('',(#6291),#6295);
#6291 = LINE('',#6292,#6293);
#6292 = CARTESIAN_POINT('',(0.,0.));
#6293 = VECTOR('',#6294,1.);
#6294 = DIRECTION('',(1.,0.));
#6295 = ( GEOMETRIC_REPRESENTATION_CONTEXT(2) 
PARAMETRIC_REPRESENTATION_CONTEXT() REPRESENTATION_CONTEXT('2D SPACE',''
  ) );
#6296 = PCURVE('',#6297,#6302);
#6297 = PLANE('',#6298);
#6298 = AXIS2_PLACEMENT_3D('',#6299,#6300,#6301);
#6299 = CARTESIAN_POINT('',(-51.,420.,374.167));
#6300 = DIRECTION('',(1.,0.,0.));
#6301 = DIRECTION('',(-0.,0.,1.));
#6302 = DEFINITIONAL_REPRESENTATION('',(#6303),#6307);
#6303 = CIRCLE('',#6304,1.);
#6304 = AXIS2_PLACEMENT_2D('',#6305,#6306);
#6305 = CARTESIAN_POINT('',(0.,0.));
#6306 = DIRECTION('',(1.,0.));
#6307 = ( GEOMETRIC_REPRESENTATION_CONTEXT(2) 
PARAMETRIC_REPRESENTATION_CONTEXT() REPRESENTATION_CONTEXT('2D SPACE',''
  ) );
#6308 = ORIENTED_EDGE('',*,*,#6259,.T.);
#6309 = ADVANCED_FACE('',(#6310),#6247,.T.);
#6310 = FACE_BOUND('',#6311,.T.);
#6311 = EDGE_LOOP('',(#6312));
#6312 = ORIENTED_EDGE('',*,*,#6225,.T.);
#6313 = ADVANCED_FACE('',(#6314),#6297,.F.);
#6314 = FACE_BOUND('',#6315,.T.);
#6315 = EDGE_LOOP('',(#6316));
#6316 = ORIENTED_EDGE('',*,*,#6282,.F.);
#6317 = ( GEOMETRIC_REPRESENTATION_CONTEXT(3) 
GLOBAL_UNCERTAINTY_ASSIGNED_CONTEXT((#6321)) 
GLOBAL_UNIT_ASSIGNED_CONTEXT((#6318,#6319,#6320)) REPRESENTATION_CONTEXT
('Context #1','3D Context with UNIT and UNCERTAINTY') );
#6318 = ( LENGTH_UNIT() NAMED_UNIT(*) SI_UNIT(.MILLI.,.METRE.) );
#6319 = ( NAMED_UNIT(*) PLANE_ANGLE_UNIT() SI_UNIT($,.RADIAN.) );
#6320 = ( NAMED_UNIT(*) SI_UNIT($,.STERADIAN.) SOLID_ANGLE_UNIT() );
#6321 = UNCERTAINTY_MEASURE_WITH_UNIT(LENGTH_MEASURE(1.E-07),#6318,
  'distance_accuracy_value','confusion accuracy');
#6322 = CONTEXT_DEPENDENT_SHAPE_REPRESENTATION(#6323,#6325);
#6323 = ( REPRESENTATION_RELATIONSHIP('','',#6218,#10) 
REPRESENTATION_RELATIONSHIP_WITH_TRANSFORMATION(#6324) 
SHAPE_REPRESENTATION_RELATIONSHIP() );
#6324 = ITEM_DEFINED_TRANSFORMATION('','',#11,#231);
#6325 = PRODUCT_DEFINITION_SHAPE('Placement','Placement of an item',
  #6326);
#6326 = NEXT_ASSEMBLY_USAGE_OCCURRENCE('55','0054_station_S0-pelvis','',
  #5,#6213,$);
#6327 = PRODUCT_RELATED_PRODUCT_CATEGORY('part',$,(#6215));
#6328 = SHAPE_DEFINITION_REPRESENTATION(#6329,#6335);
#6329 = PRODUCT_DEFINITION_SHAPE('','',#6330);
#6330 = PRODUCT_DEFINITION('design','',#6331,#6334);
#6331 = PRODUCT_DEFINITION_FORMATION('','',#6332);
#6332 = PRODUCT('0055_station_S0-pelvis','0055_station_S0-pelvis','',(
    #6333));
#6333 = PRODUCT_CONTEXT('',#2,'mechanical');
#6334 = PRODUCT_DEFINITION_CONTEXT('part definition',#2,'design');
#6335 = ADVANCED_BREP_SHAPE_REPRESENTATION('',(#11,#6336),#6434);
#6336 = MANIFOLD_SOLID_BREP('',#6337);
#6337 = CLOSED_SHELL('',(#6338,#6426,#6430));
#6338 = ADVANCED_FACE('',(#6339),#6352,.T.);
#6339 = FACE_BOUND('',#6340,.T.);
#6340 = EDGE_LOOP('',(#6341,#6375,#6398,#6425));
#6341 = ORIENTED_EDGE('',*,*,#6342,.F.);
#6342 = EDGE_CURVE('',#6343,#6343,#6345,.T.);
#6343 = VERTEX_POINT('',#6344);
#6344 = CARTESIAN_POINT('',(38.006079063729,420.,265.94409619631));
#6345 = SURFACE_CURVE('',#6346,(#6351,#6363),.PCURVE_S1.);
#6346 = CIRCLE('',#6347,1.);
#6347 = AXIS2_PLACEMENT_3D('',#6348,#6349,#6350);
#6348 = CARTESIAN_POINT('',(39.,420.,265.834));
#6349 = DIRECTION('',(-0.110096196314,0.,-0.993920936271));
#6350 = DIRECTION('',(-0.993920936271,0.,0.110096196314));
#6351 = PCURVE('',#6352,#6357);
#6352 = CYLINDRICAL_SURFACE('',#6353,1.);
#6353 = AXIS2_PLACEMENT_3D('',#6354,#6355,#6356);
#6354 = CARTESIAN_POINT('',(51.,420.,374.167));
#6355 = DIRECTION('',(-0.110096196314,0.,-0.993920936271));
#6356 = DIRECTION('',(-0.993920936271,0.,0.110096196314));
#6357 = DEFINITIONAL_REPRESENTATION('',(#6358),#6362);
#6358 = LINE('',#6359,#6360);
#6359 = CARTESIAN_POINT('',(0.,108.99559114478));
#6360 = VECTOR('',#6361,1.);
#6361 = DIRECTION('',(1.,0.));
#6362 = ( GEOMETRIC_REPRESENTATION_CONTEXT(2) 
PARAMETRIC_REPRESENTATION_CONTEXT() REPRESENTATION_CONTEXT('2D SPACE',''
  ) );
#6363 = PCURVE('',#6364,#6369);
#6364 = PLANE('',#6365);
#6365 = AXIS2_PLACEMENT_3D('',#6366,#6367,#6368);
#6366 = CARTESIAN_POINT('',(39.,420.,265.834));
#6367 = DIRECTION('',(-0.110096196314,0.,-0.993920936271));
#6368 = DIRECTION('',(-0.993920936271,0.,0.110096196314));
#6369 = DEFINITIONAL_REPRESENTATION('',(#6370),#6374);
#6370 = CIRCLE('',#6371,1.);
#6371 = AXIS2_PLACEMENT_2D('',#6372,#6373);
#6372 = CARTESIAN_POINT('',(0.,0.));
#6373 = DIRECTION('',(1.,0.));
#6374 = ( GEOMETRIC_REPRESENTATION_CONTEXT(2) 
PARAMETRIC_REPRESENTATION_CONTEXT() REPRESENTATION_CONTEXT('2D SPACE',''
  ) );
#6375 = ORIENTED_EDGE('',*,*,#6376,.F.);
#6376 = EDGE_CURVE('',#6377,#6343,#6379,.T.);
#6377 = VERTEX_POINT('',#6378);
#6378 = CARTESIAN_POINT('',(50.006079063729,420.,374.27709619631));
#6379 = SEAM_CURVE('',#6380,(#6384,#6391),.PCURVE_S1.);
#6380 = LINE('',#6381,#6382);
#6381 = CARTESIAN_POINT('',(50.006079063729,420.,374.27709619631));
#6382 = VECTOR('',#6383,1.);
#6383 = DIRECTION('',(-0.110096196314,3.08148791102E-33,-0.993920936271)
  );
#6384 = PCURVE('',#6352,#6385);
#6385 = DEFINITIONAL_REPRESENTATION('',(#6386),#6390);
#6386 = LINE('',#6387,#6388);
#6387 = CARTESIAN_POINT('',(6.28318530718,-0.));
#6388 = VECTOR('',#6389,1.);
#6389 = DIRECTION('',(0.,1.));
#6390 = ( GEOMETRIC_REPRESENTATION_CONTEXT(2) 
PARAMETRIC_REPRESENTATION_CONTEXT() REPRESENTATION_CONTEXT('2D SPACE',''
  ) );
#6391 = PCURVE('',#6352,#6392);
#6392 = DEFINITIONAL_REPRESENTATION('',(#6393),#6397);
#6393 = LINE('',#6394,#6395);
#6394 = CARTESIAN_POINT('',(0.,-0.));
#6395 = VECTOR('',#6396,1.);
#6396 = DIRECTION('',(0.,1.));
#6397 = ( GEOMETRIC_REPRESENTATION_CONTEXT(2) 
PARAMETRIC_REPRESENTATION_CONTEXT() REPRESENTATION_CONTEXT('2D SPACE',''
  ) );
#6398 = ORIENTED_EDGE('',*,*,#6399,.T.);
#6399 = EDGE_CURVE('',#6377,#6377,#6400,.T.);
#6400 = SURFACE_CURVE('',#6401,(#6406,#6413),.PCURVE_S1.);
#6401 = CIRCLE('',#6402,1.);
#6402 = AXIS2_PLACEMENT_3D('',#6403,#6404,#6405);
#6403 = CARTESIAN_POINT('',(51.,420.,374.167));
#6404 = DIRECTION('',(-0.110096196314,0.,-0.993920936271));
#6405 = DIRECTION('',(-0.993920936271,0.,0.110096196314));
#6406 = PCURVE('',#6352,#6407);
#6407 = DEFINITIONAL_REPRESENTATION('',(#6408),#6412);
#6408 = LINE('',#6409,#6410);
#6409 = CARTESIAN_POINT('',(0.,0.));
#6410 = VECTOR('',#6411,1.);
#6411 = DIRECTION('',(1.,0.));
#6412 = ( GEOMETRIC_REPRESENTATION_CONTEXT(2) 
PARAMETRIC_REPRESENTATION_CONTEXT() REPRESENTATION_CONTEXT('2D SPACE',''
  ) );
#6413 = PCURVE('',#6414,#6419);
#6414 = PLANE('',#6415);
#6415 = AXIS2_PLACEMENT_3D('',#6416,#6417,#6418);
#6416 = CARTESIAN_POINT('',(51.,420.,374.167));
#6417 = DIRECTION('',(-0.110096196314,0.,-0.993920936271));
#6418 = DIRECTION('',(-0.993920936271,0.,0.110096196314));
#6419 = DEFINITIONAL_REPRESENTATION('',(#6420),#6424);
#6420 = CIRCLE('',#6421,1.);
#6421 = AXIS2_PLACEMENT_2D('',#6422,#6423);
#6422 = CARTESIAN_POINT('',(0.,0.));
#6423 = DIRECTION('',(1.,0.));
#6424 = ( GEOMETRIC_REPRESENTATION_CONTEXT(2) 
PARAMETRIC_REPRESENTATION_CONTEXT() REPRESENTATION_CONTEXT('2D SPACE',''
  ) );
#6425 = ORIENTED_EDGE('',*,*,#6376,.T.);
#6426 = ADVANCED_FACE('',(#6427),#6364,.T.);
#6427 = FACE_BOUND('',#6428,.T.);
#6428 = EDGE_LOOP('',(#6429));
#6429 = ORIENTED_EDGE('',*,*,#6342,.T.);
#6430 = ADVANCED_FACE('',(#6431),#6414,.F.);
#6431 = FACE_BOUND('',#6432,.T.);
#6432 = EDGE_LOOP('',(#6433));
#6433 = ORIENTED_EDGE('',*,*,#6399,.F.);
#6434 = ( GEOMETRIC_REPRESENTATION_CONTEXT(3) 
GLOBAL_UNCERTAINTY_ASSIGNED_CONTEXT((#6438)) 
GLOBAL_UNIT_ASSIGNED_CONTEXT((#6435,#6436,#6437)) REPRESENTATION_CONTEXT
('Context #1','3D Context with UNIT and UNCERTAINTY') );
#6435 = ( LENGTH_UNIT() NAMED_UNIT(*) SI_UNIT(.MILLI.,.METRE.) );
#6436 = ( NAMED_UNIT(*) PLANE_ANGLE_UNIT() SI_UNIT($,.RADIAN.) );
#6437 = ( NAMED_UNIT(*) SI_UNIT($,.STERADIAN.) SOLID_ANGLE_UNIT() );
#6438 = UNCERTAINTY_MEASURE_WITH_UNIT(LENGTH_MEASURE(1.E-07),#6435,
  'distance_accuracy_value','confusion accuracy');
#6439 = CONTEXT_DEPENDENT_SHAPE_REPRESENTATION(#6440,#6442);
#6440 = ( REPRESENTATION_RELATIONSHIP('','',#6335,#10) 
REPRESENTATION_RELATIONSHIP_WITH_TRANSFORMATION(#6441) 
SHAPE_REPRESENTATION_RELATIONSHIP() );
#6441 = ITEM_DEFINED_TRANSFORMATION('','',#11,#235);
#6442 = PRODUCT_DEFINITION_SHAPE('Placement','Placement of an item',
  #6443);
#6443 = NEXT_ASSEMBLY_USAGE_OCCURRENCE('56','0055_station_S0-pelvis','',
  #5,#6330,$);
#6444 = PRODUCT_RELATED_PRODUCT_CATEGORY('part',$,(#6332));
#6445 = SHAPE_DEFINITION_REPRESENTATION(#6446,#6452);
#6446 = PRODUCT_DEFINITION_SHAPE('','',#6447);
#6447 = PRODUCT_DEFINITION('design','',#6448,#6451);
#6448 = PRODUCT_DEFINITION_FORMATION('','',#6449);
#6449 = PRODUCT('0056_station_S0-pelvis','0056_station_S0-pelvis','',(
    #6450));
#6450 = PRODUCT_CONTEXT('',#2,'mechanical');
#6451 = PRODUCT_DEFINITION_CONTEXT('part definition',#2,'design');
#6452 = ADVANCED_BREP_SHAPE_REPRESENTATION('',(#11,#6453),#6551);
#6453 = MANIFOLD_SOLID_BREP('',#6454);
#6454 = CLOSED_SHELL('',(#6455,#6543,#6547));
#6455 = ADVANCED_FACE('',(#6456),#6469,.T.);
#6456 = FACE_BOUND('',#6457,.T.);
#6457 = EDGE_LOOP('',(#6458,#6492,#6515,#6542));
#6458 = ORIENTED_EDGE('',*,*,#6459,.F.);
#6459 = EDGE_CURVE('',#6460,#6460,#6462,.T.);
#6460 = VERTEX_POINT('',#6461);
#6461 = CARTESIAN_POINT('',(-39.,420.,264.834));
#6462 = SURFACE_CURVE('',#6463,(#6468,#6480),.PCURVE_S1.);
#6463 = CIRCLE('',#6464,1.);
#6464 = AXIS2_PLACEMENT_3D('',#6465,#6466,#6467);
#6465 = CARTESIAN_POINT('',(-39.,420.,265.834));
#6466 = DIRECTION('',(-1.,0.,0.));
#6467 = DIRECTION('',(0.,0.,-1.));
#6468 = PCURVE('',#6469,#6474);
#6469 = CYLINDRICAL_SURFACE('',#6470,1.);
#6470 = AXIS2_PLACEMENT_3D('',#6471,#6472,#6473);
#6471 = CARTESIAN_POINT('',(39.,420.,265.834));
#6472 = DIRECTION('',(-1.,0.,0.));
#6473 = DIRECTION('',(0.,0.,-1.));
#6474 = DEFINITIONAL_REPRESENTATION('',(#6475),#6479);
#6475 = LINE('',#6476,#6477);
#6476 = CARTESIAN_POINT('',(0.,78.));
#6477 = VECTOR('',#6478,1.);
#6478 = DIRECTION('',(1.,0.));
#6479 = ( GEOMETRIC_REPRESENTATION_CONTEXT(2) 
PARAMETRIC_REPRESENTATION_CONTEXT() REPRESENTATION_CONTEXT('2D SPACE',''
  ) );
#6480 = PCURVE('',#6481,#6486);
#6481 = PLANE('',#6482);
#6482 = AXIS2_PLACEMENT_3D('',#6483,#6484,#6485);
#6483 = CARTESIAN_POINT('',(-39.,420.,265.834));
#6484 = DIRECTION('',(-1.,0.,0.));
#6485 = DIRECTION('',(0.,0.,-1.));
#6486 = DEFINITIONAL_REPRESENTATION('',(#6487),#6491);
#6487 = CIRCLE('',#6488,1.);
#6488 = AXIS2_PLACEMENT_2D('',#6489,#6490);
#6489 = CARTESIAN_POINT('',(0.,0.));
#6490 = DIRECTION('',(1.,0.));
#6491 = ( GEOMETRIC_REPRESENTATION_CONTEXT(2) 
PARAMETRIC_REPRESENTATION_CONTEXT() REPRESENTATION_CONTEXT('2D SPACE',''
  ) );
#6492 = ORIENTED_EDGE('',*,*,#6493,.F.);
#6493 = EDGE_CURVE('',#6494,#6460,#6496,.T.);
#6494 = VERTEX_POINT('',#6495);
#6495 = CARTESIAN_POINT('',(39.,420.,264.834));
#6496 = SEAM_CURVE('',#6497,(#6501,#6508),.PCURVE_S1.);
#6497 = LINE('',#6498,#6499);
#6498 = CARTESIAN_POINT('',(39.,420.,264.834));
#6499 = VECTOR('',#6500,1.);
#6500 = DIRECTION('',(-1.,0.,0.));
#6501 = PCURVE('',#6469,#6502);
#6502 = DEFINITIONAL_REPRESENTATION('',(#6503),#6507);
#6503 = LINE('',#6504,#6505);
#6504 = CARTESIAN_POINT('',(6.28318530718,-0.));
#6505 = VECTOR('',#6506,1.);
#6506 = DIRECTION('',(0.,1.));
#6507 = ( GEOMETRIC_REPRESENTATION_CONTEXT(2) 
PARAMETRIC_REPRESENTATION_CONTEXT() REPRESENTATION_CONTEXT('2D SPACE',''
  ) );
#6508 = PCURVE('',#6469,#6509);
#6509 = DEFINITIONAL_REPRESENTATION('',(#6510),#6514);
#6510 = LINE('',#6511,#6512);
#6511 = CARTESIAN_POINT('',(0.,-0.));
#6512 = VECTOR('',#6513,1.);
#6513 = DIRECTION('',(0.,1.));
#6514 = ( GEOMETRIC_REPRESENTATION_CONTEXT(2) 
PARAMETRIC_REPRESENTATION_CONTEXT() REPRESENTATION_CONTEXT('2D SPACE',''
  ) );
#6515 = ORIENTED_EDGE('',*,*,#6516,.T.);
#6516 = EDGE_CURVE('',#6494,#6494,#6517,.T.);
#6517 = SURFACE_CURVE('',#6518,(#6523,#6530),.PCURVE_S1.);
#6518 = CIRCLE('',#6519,1.);
#6519 = AXIS2_PLACEMENT_3D('',#6520,#6521,#6522);
#6520 = CARTESIAN_POINT('',(39.,420.,265.834));
#6521 = DIRECTION('',(-1.,0.,0.));
#6522 = DIRECTION('',(0.,0.,-1.));
#6523 = PCURVE('',#6469,#6524);
#6524 = DEFINITIONAL_REPRESENTATION('',(#6525),#6529);
#6525 = LINE('',#6526,#6527);
#6526 = CARTESIAN_POINT('',(0.,0.));
#6527 = VECTOR('',#6528,1.);
#6528 = DIRECTION('',(1.,0.));
#6529 = ( GEOMETRIC_REPRESENTATION_CONTEXT(2) 
PARAMETRIC_REPRESENTATION_CONTEXT() REPRESENTATION_CONTEXT('2D SPACE',''
  ) );
#6530 = PCURVE('',#6531,#6536);
#6531 = PLANE('',#6532);
#6532 = AXIS2_PLACEMENT_3D('',#6533,#6534,#6535);
#6533 = CARTESIAN_POINT('',(39.,420.,265.834));
#6534 = DIRECTION('',(-1.,0.,0.));
#6535 = DIRECTION('',(0.,0.,-1.));
#6536 = DEFINITIONAL_REPRESENTATION('',(#6537),#6541);
#6537 = CIRCLE('',#6538,1.);
#6538 = AXIS2_PLACEMENT_2D('',#6539,#6540);
#6539 = CARTESIAN_POINT('',(0.,0.));
#6540 = DIRECTION('',(1.,0.));
#6541 = ( GEOMETRIC_REPRESENTATION_CONTEXT(2) 
PARAMETRIC_REPRESENTATION_CONTEXT() REPRESENTATION_CONTEXT('2D SPACE',''
  ) );
#6542 = ORIENTED_EDGE('',*,*,#6493,.T.);
#6543 = ADVANCED_FACE('',(#6544),#6481,.T.);
#6544 = FACE_BOUND('',#6545,.T.);
#6545 = EDGE_LOOP('',(#6546));
#6546 = ORIENTED_EDGE('',*,*,#6459,.T.);
#6547 = ADVANCED_FACE('',(#6548),#6531,.F.);
#6548 = FACE_BOUND('',#6549,.T.);
#6549 = EDGE_LOOP('',(#6550));
#6550 = ORIENTED_EDGE('',*,*,#6516,.F.);
#6551 = ( GEOMETRIC_REPRESENTATION_CONTEXT(3) 
GLOBAL_UNCERTAINTY_ASSIGNED_CONTEXT((#6555)) 
GLOBAL_UNIT_ASSIGNED_CONTEXT((#6552,#6553,#6554)) REPRESENTATION_CONTEXT
('Context #1','3D Context with UNIT and UNCERTAINTY') );
#6552 = ( LENGTH_UNIT() NAMED_UNIT(*) SI_UNIT(.MILLI.,.METRE.) );
#6553 = ( NAMED_UNIT(*) PLANE_ANGLE_UNIT() SI_UNIT($,.RADIAN.) );
#6554 = ( NAMED_UNIT(*) SI_UNIT($,.STERADIAN.) SOLID_ANGLE_UNIT() );
#6555 = UNCERTAINTY_MEASURE_WITH_UNIT(LENGTH_MEASURE(1.E-07),#6552,
  'distance_accuracy_value','confusion accuracy');
#6556 = CONTEXT_DEPENDENT_SHAPE_REPRESENTATION(#6557,#6559);
#6557 = ( REPRESENTATION_RELATIONSHIP('','',#6452,#10) 
REPRESENTATION_RELATIONSHIP_WITH_TRANSFORMATION(#6558) 
SHAPE_REPRESENTATION_RELATIONSHIP() );
#6558 = ITEM_DEFINED_TRANSFORMATION('','',#11,#239);
#6559 = PRODUCT_DEFINITION_SHAPE('Placement','Placement of an item',
  #6560);
#6560 = NEXT_ASSEMBLY_USAGE_OCCURRENCE('57','0056_station_S0-pelvis','',
  #5,#6447,$);
#6561 = PRODUCT_RELATED_PRODUCT_CATEGORY('part',$,(#6449));
#6562 = SHAPE_DEFINITION_REPRESENTATION(#6563,#6569);
#6563 = PRODUCT_DEFINITION_SHAPE('','',#6564);
#6564 = PRODUCT_DEFINITION('design','',#6565,#6568);
#6565 = PRODUCT_DEFINITION_FORMATION('','',#6566);
#6566 = PRODUCT('0057_station_S0-pelvis','0057_station_S0-pelvis','',(
    #6567));
#6567 = PRODUCT_CONTEXT('',#2,'mechanical');
#6568 = PRODUCT_DEFINITION_CONTEXT('part definition',#2,'design');
#6569 = ADVANCED_BREP_SHAPE_REPRESENTATION('',(#11,#6570),#6668);
#6570 = MANIFOLD_SOLID_BREP('',#6571);
#6571 = CLOSED_SHELL('',(#6572,#6660,#6664));
#6572 = ADVANCED_FACE('',(#6573),#6586,.T.);
#6573 = FACE_BOUND('',#6574,.T.);
#6574 = EDGE_LOOP('',(#6575,#6609,#6632,#6659));
#6575 = ORIENTED_EDGE('',*,*,#6576,.F.);
#6576 = EDGE_CURVE('',#6577,#6577,#6579,.T.);
#6577 = VERTEX_POINT('',#6578);
#6578 = CARTESIAN_POINT('',(-50.00607906372,420.,374.27709619631));
#6579 = SURFACE_CURVE('',#6580,(#6585,#6597),.PCURVE_S1.);
#6580 = CIRCLE('',#6581,1.);
#6581 = AXIS2_PLACEMENT_3D('',#6582,#6583,#6584);
#6582 = CARTESIAN_POINT('',(-51.,420.,374.167));
#6583 = DIRECTION('',(-0.110096196314,0.,0.993920936271));
#6584 = DIRECTION('',(0.993920936271,0.,0.110096196314));
#6585 = PCURVE('',#6586,#6591);
#6586 = CYLINDRICAL_SURFACE('',#6587,1.);
#6587 = AXIS2_PLACEMENT_3D('',#6588,#6589,#6590);
#6588 = CARTESIAN_POINT('',(-39.,420.,265.834));
#6589 = DIRECTION('',(-0.110096196314,0.,0.993920936271));
#6590 = DIRECTION('',(0.993920936271,0.,0.110096196314));
#6591 = DEFINITIONAL_REPRESENTATION('',(#6592),#6596);
#6592 = LINE('',#6593,#6594);
#6593 = CARTESIAN_POINT('',(0.,108.99559114478));
#6594 = VECTOR('',#6595,1.);
#6595 = DIRECTION('',(1.,0.));
#6596 = ( GEOMETRIC_REPRESENTATION_CONTEXT(2) 
PARAMETRIC_REPRESENTATION_CONTEXT() REPRESENTATION_CONTEXT('2D SPACE',''
  ) );
#6597 = PCURVE('',#6598,#6603);
#6598 = PLANE('',#6599);
#6599 = AXIS2_PLACEMENT_3D('',#6600,#6601,#6602);
#6600 = CARTESIAN_POINT('',(-51.,420.,374.167));
#6601 = DIRECTION('',(-0.110096196314,0.,0.993920936271));
#6602 = DIRECTION('',(0.993920936271,0.,0.110096196314));
#6603 = DEFINITIONAL_REPRESENTATION('',(#6604),#6608);
#6604 = CIRCLE('',#6605,1.);
#6605 = AXIS2_PLACEMENT_2D('',#6606,#6607);
#6606 = CARTESIAN_POINT('',(0.,0.));
#6607 = DIRECTION('',(1.,0.));
#6608 = ( GEOMETRIC_REPRESENTATION_CONTEXT(2) 
PARAMETRIC_REPRESENTATION_CONTEXT() REPRESENTATION_CONTEXT('2D SPACE',''
  ) );
#6609 = ORIENTED_EDGE('',*,*,#6610,.F.);
#6610 = EDGE_CURVE('',#6611,#6577,#6613,.T.);
#6611 = VERTEX_POINT('',#6612);
#6612 = CARTESIAN_POINT('',(-38.00607906372,420.,265.94409619631));
#6613 = SEAM_CURVE('',#6614,(#6618,#6625),.PCURVE_S1.);
#6614 = LINE('',#6615,#6616);
#6615 = CARTESIAN_POINT('',(-38.00607906372,420.,265.94409619631));
#6616 = VECTOR('',#6617,1.);
#6617 = DIRECTION('',(-0.110096196314,-3.08148791102E-33,0.993920936271)
  );
#6618 = PCURVE('',#6586,#6619);
#6619 = DEFINITIONAL_REPRESENTATION('',(#6620),#6624);
#6620 = LINE('',#6621,#6622);
#6621 = CARTESIAN_POINT('',(6.28318530718,-0.));
#6622 = VECTOR('',#6623,1.);
#6623 = DIRECTION('',(0.,1.));
#6624 = ( GEOMETRIC_REPRESENTATION_CONTEXT(2) 
PARAMETRIC_REPRESENTATION_CONTEXT() REPRESENTATION_CONTEXT('2D SPACE',''
  ) );
#6625 = PCURVE('',#6586,#6626);
#6626 = DEFINITIONAL_REPRESENTATION('',(#6627),#6631);
#6627 = LINE('',#6628,#6629);
#6628 = CARTESIAN_POINT('',(0.,-0.));
#6629 = VECTOR('',#6630,1.);
#6630 = DIRECTION('',(0.,1.));
#6631 = ( GEOMETRIC_REPRESENTATION_CONTEXT(2) 
PARAMETRIC_REPRESENTATION_CONTEXT() REPRESENTATION_CONTEXT('2D SPACE',''
  ) );
#6632 = ORIENTED_EDGE('',*,*,#6633,.T.);
#6633 = EDGE_CURVE('',#6611,#6611,#6634,.T.);
#6634 = SURFACE_CURVE('',#6635,(#6640,#6647),.PCURVE_S1.);
#6635 = CIRCLE('',#6636,1.);
#6636 = AXIS2_PLACEMENT_3D('',#6637,#6638,#6639);
#6637 = CARTESIAN_POINT('',(-39.,420.,265.834));
#6638 = DIRECTION('',(-0.110096196314,0.,0.993920936271));
#6639 = DIRECTION('',(0.993920936271,0.,0.110096196314));
#6640 = PCURVE('',#6586,#6641);
#6641 = DEFINITIONAL_REPRESENTATION('',(#6642),#6646);
#6642 = LINE('',#6643,#6644);
#6643 = CARTESIAN_POINT('',(0.,0.));
#6644 = VECTOR('',#6645,1.);
#6645 = DIRECTION('',(1.,0.));
#6646 = ( GEOMETRIC_REPRESENTATION_CONTEXT(2) 
PARAMETRIC_REPRESENTATION_CONTEXT() REPRESENTATION_CONTEXT('2D SPACE',''
  ) );
#6647 = PCURVE('',#6648,#6653);
#6648 = PLANE('',#6649);
#6649 = AXIS2_PLACEMENT_3D('',#6650,#6651,#6652);
#6650 = CARTESIAN_POINT('',(-39.,420.,265.834));
#6651 = DIRECTION('',(-0.110096196314,0.,0.993920936271));
#6652 = DIRECTION('',(0.993920936271,0.,0.110096196314));
#6653 = DEFINITIONAL_REPRESENTATION('',(#6654),#6658);
#6654 = CIRCLE('',#6655,1.);
#6655 = AXIS2_PLACEMENT_2D('',#6656,#6657);
#6656 = CARTESIAN_POINT('',(0.,0.));
#6657 = DIRECTION('',(1.,0.));
#6658 = ( GEOMETRIC_REPRESENTATION_CONTEXT(2) 
PARAMETRIC_REPRESENTATION_CONTEXT() REPRESENTATION_CONTEXT('2D SPACE',''
  ) );
#6659 = ORIENTED_EDGE('',*,*,#6610,.T.);
#6660 = ADVANCED_FACE('',(#6661),#6598,.T.);
#6661 = FACE_BOUND('',#6662,.T.);
#6662 = EDGE_LOOP('',(#6663));
#6663 = ORIENTED_EDGE('',*,*,#6576,.T.);
#6664 = ADVANCED_FACE('',(#6665),#6648,.F.);
#6665 = FACE_BOUND('',#6666,.T.);
#6666 = EDGE_LOOP('',(#6667));
#6667 = ORIENTED_EDGE('',*,*,#6633,.F.);
#6668 = ( GEOMETRIC_REPRESENTATION_CONTEXT(3) 
GLOBAL_UNCERTAINTY_ASSIGNED_CONTEXT((#6672)) 
GLOBAL_UNIT_ASSIGNED_CONTEXT((#6669,#6670,#6671)) REPRESENTATION_CONTEXT
('Context #1','3D Context with UNIT and UNCERTAINTY') );
#6669 = ( LENGTH_UNIT() NAMED_UNIT(*) SI_UNIT(.MILLI.,.METRE.) );
#6670 = ( NAMED_UNIT(*) PLANE_ANGLE_UNIT() SI_UNIT($,.RADIAN.) );
#6671 = ( NAMED_UNIT(*) SI_UNIT($,.STERADIAN.) SOLID_ANGLE_UNIT() );
#6672 = UNCERTAINTY_MEASURE_WITH_UNIT(LENGTH_MEASURE(1.E-07),#6669,
  'distance_accuracy_value','confusion accuracy');
#6673 = CONTEXT_DEPENDENT_SHAPE_REPRESENTATION(#6674,#6676);
#6674 = ( REPRESENTATION_RELATIONSHIP('','',#6569,#10) 
REPRESENTATION_RELATIONSHIP_WITH_TRANSFORMATION(#6675) 
SHAPE_REPRESENTATION_RELATIONSHIP() );
#6675 = ITEM_DEFINED_TRANSFORMATION('','',#11,#243);
#6676 = PRODUCT_DEFINITION_SHAPE('Placement','Placement of an item',
  #6677);
#6677 = NEXT_ASSEMBLY_USAGE_OCCURRENCE('58','0057_station_S0-pelvis','',
  #5,#6564,$);
#6678 = PRODUCT_RELATED_PRODUCT_CATEGORY('part',$,(#6566));
#6679 = SHAPE_DEFINITION_REPRESENTATION(#6680,#6686);
#6680 = PRODUCT_DEFINITION_SHAPE('','',#6681);
#6681 = PRODUCT_DEFINITION('design','',#6682,#6685);
#6682 = PRODUCT_DEFINITION_FORMATION('','',#6683);
#6683 = PRODUCT('0058_envelope_longeron_UL','0058_envelope_longeron_UL',
  '',(#6684));
#6684 = PRODUCT_CONTEXT('',#2,'mechanical');
#6685 = PRODUCT_DEFINITION_CONTEXT('part definition',#2,'design');
#6686 = ADVANCED_BREP_SHAPE_REPRESENTATION('',(#11,#6687),#6785);
#6687 = MANIFOLD_SOLID_BREP('',#6688);
#6688 = CLOSED_SHELL('',(#6689,#6777,#6781));
#6689 = ADVANCED_FACE('',(#6690),#6703,.T.);
#6690 = FACE_BOUND('',#6691,.T.);
#6691 = EDGE_LOOP('',(#6692,#6726,#6749,#6776));
#6692 = ORIENTED_EDGE('',*,*,#6693,.F.);
#6693 = EDGE_CURVE('',#6694,#6694,#6696,.T.);
#6694 = VERTEX_POINT('',#6695);
#6695 = CARTESIAN_POINT('',(-68.20080877592,133.36896369499,381.389));
#6696 = SURFACE_CURVE('',#6697,(#6702,#6714),.PCURVE_S1.);
#6697 = CIRCLE('',#6698,0.8);
#6698 = AXIS2_PLACEMENT_3D('',#6699,#6700,#6701);
#6699 = CARTESIAN_POINT('',(-69.,133.333,381.389));
#6700 = DIRECTION('',(-4.493817475505E-02,0.998623609103,
    -2.704529150675E-02));
#6701 = DIRECTION('',(0.998989030097,4.495461874091E-02,0.));
#6702 = PCURVE('',#6703,#6708);
#6703 = CYLINDRICAL_SURFACE('',#6704,0.8);
#6704 = AXIS2_PLACEMENT_3D('',#6705,#6706,#6707);
#6705 = CARTESIAN_POINT('',(-63.,0.,385.));
#6706 = DIRECTION('',(-4.493817475505E-02,0.998623609103,
    -2.704529150675E-02));
#6707 = DIRECTION('',(0.998989030097,4.495461874091E-02,0.));
#6708 = DEFINITIONAL_REPRESENTATION('',(#6709),#6713);
#6709 = LINE('',#6710,#6711);
#6710 = CARTESIAN_POINT('',(0.,133.51677126863));
#6711 = VECTOR('',#6712,1.);
#6712 = DIRECTION('',(1.,0.));
#6713 = ( GEOMETRIC_REPRESENTATION_CONTEXT(2) 
PARAMETRIC_REPRESENTATION_CONTEXT() REPRESENTATION_CONTEXT('2D SPACE',''
  ) );
#6714 = PCURVE('',#6715,#6720);
#6715 = PLANE('',#6716);
#6716 = AXIS2_PLACEMENT_3D('',#6717,#6718,#6719);
#6717 = CARTESIAN_POINT('',(-69.,133.333,381.389));
#6718 = DIRECTION('',(-4.493817475505E-02,0.998623609103,
    -2.704529150675E-02));
#6719 = DIRECTION('',(0.998989030097,4.495461874091E-02,0.));
#6720 = DEFINITIONAL_REPRESENTATION('',(#6721),#6725);
#6721 = CIRCLE('',#6722,0.8);
#6722 = AXIS2_PLACEMENT_2D('',#6723,#6724);
#6723 = CARTESIAN_POINT('',(0.,0.));
#6724 = DIRECTION('',(1.,0.));
#6725 = ( GEOMETRIC_REPRESENTATION_CONTEXT(2) 
PARAMETRIC_REPRESENTATION_CONTEXT() REPRESENTATION_CONTEXT('2D SPACE',''
  ) );
#6726 = ORIENTED_EDGE('',*,*,#6727,.F.);
#6727 = EDGE_CURVE('',#6728,#6694,#6730,.T.);
#6728 = VERTEX_POINT('',#6729);
#6729 = CARTESIAN_POINT('',(-62.20080877592,3.596369499272E-02,385.));
#6730 = SEAM_CURVE('',#6731,(#6735,#6742),.PCURVE_S1.);
#6731 = LINE('',#6732,#6733);
#6732 = CARTESIAN_POINT('',(-62.20080877592,3.596369499272E-02,385.));
#6733 = VECTOR('',#6734,1.);
#6734 = DIRECTION('',(-4.493817475505E-02,0.998623609103,
    -2.704529150675E-02));
#6735 = PCURVE('',#6703,#6736);
#6736 = DEFINITIONAL_REPRESENTATION('',(#6737),#6741);
#6737 = LINE('',#6738,#6739);
#6738 = CARTESIAN_POINT('',(6.28318530718,-0.));
#6739 = VECTOR('',#6740,1.);
#6740 = DIRECTION('',(0.,1.));
#6741 = ( GEOMETRIC_REPRESENTATION_CONTEXT(2) 
PARAMETRIC_REPRESENTATION_CONTEXT() REPRESENTATION_CONTEXT('2D SPACE',''
  ) );
#6742 = PCURVE('',#6703,#6743);
#6743 = DEFINITIONAL_REPRESENTATION('',(#6744),#6748);
#6744 = LINE('',#6745,#6746);
#6745 = CARTESIAN_POINT('',(0.,-0.));
#6746 = VECTOR('',#6747,1.);
#6747 = DIRECTION('',(0.,1.));
#6748 = ( GEOMETRIC_REPRESENTATION_CONTEXT(2) 
PARAMETRIC_REPRESENTATION_CONTEXT() REPRESENTATION_CONTEXT('2D SPACE',''
  ) );
#6749 = ORIENTED_EDGE('',*,*,#6750,.T.);
#6750 = EDGE_CURVE('',#6728,#6728,#6751,.T.);
#6751 = SURFACE_CURVE('',#6752,(#6757,#6764),.PCURVE_S1.);
#6752 = CIRCLE('',#6753,0.8);
#6753 = AXIS2_PLACEMENT_3D('',#6754,#6755,#6756);
#6754 = CARTESIAN_POINT('',(-63.,0.,385.));
#6755 = DIRECTION('',(-4.493817475505E-02,0.998623609103,
    -2.704529150675E-02));
#6756 = DIRECTION('',(0.998989030097,4.495461874091E-02,0.));
#6757 = PCURVE('',#6703,#6758);
#6758 = DEFINITIONAL_REPRESENTATION('',(#6759),#6763);
#6759 = LINE('',#6760,#6761);
#6760 = CARTESIAN_POINT('',(0.,0.));
#6761 = VECTOR('',#6762,1.);
#6762 = DIRECTION('',(1.,0.));
#6763 = ( GEOMETRIC_REPRESENTATION_CONTEXT(2) 
PARAMETRIC_REPRESENTATION_CONTEXT() REPRESENTATION_CONTEXT('2D SPACE',''
  ) );
#6764 = PCURVE('',#6765,#6770);
#6765 = PLANE('',#6766);
#6766 = AXIS2_PLACEMENT_3D('',#6767,#6768,#6769);
#6767 = CARTESIAN_POINT('',(-63.,0.,385.));
#6768 = DIRECTION('',(-4.493817475505E-02,0.998623609103,
    -2.704529150675E-02));
#6769 = DIRECTION('',(0.998989030097,4.495461874091E-02,0.));
#6770 = DEFINITIONAL_REPRESENTATION('',(#6771),#6775);
#6771 = CIRCLE('',#6772,0.8);
#6772 = AXIS2_PLACEMENT_2D('',#6773,#6774);
#6773 = CARTESIAN_POINT('',(0.,0.));
#6774 = DIRECTION('',(1.,0.));
#6775 = ( GEOMETRIC_REPRESENTATION_CONTEXT(2) 
PARAMETRIC_REPRESENTATION_CONTEXT() REPRESENTATION_CONTEXT('2D SPACE',''
  ) );
#6776 = ORIENTED_EDGE('',*,*,#6727,.T.);
#6777 = ADVANCED_FACE('',(#6778),#6715,.T.);
#6778 = FACE_BOUND('',#6779,.T.);
#6779 = EDGE_LOOP('',(#6780));
#6780 = ORIENTED_EDGE('',*,*,#6693,.T.);
#6781 = ADVANCED_FACE('',(#6782),#6765,.F.);
#6782 = FACE_BOUND('',#6783,.T.);
#6783 = EDGE_LOOP('',(#6784));
#6784 = ORIENTED_EDGE('',*,*,#6750,.F.);
#6785 = ( GEOMETRIC_REPRESENTATION_CONTEXT(3) 
GLOBAL_UNCERTAINTY_ASSIGNED_CONTEXT((#6789)) 
GLOBAL_UNIT_ASSIGNED_CONTEXT((#6786,#6787,#6788)) REPRESENTATION_CONTEXT
('Context #1','3D Context with UNIT and UNCERTAINTY') );
#6786 = ( LENGTH_UNIT() NAMED_UNIT(*) SI_UNIT(.MILLI.,.METRE.) );
#6787 = ( NAMED_UNIT(*) PLANE_ANGLE_UNIT() SI_UNIT($,.RADIAN.) );
#6788 = ( NAMED_UNIT(*) SI_UNIT($,.STERADIAN.) SOLID_ANGLE_UNIT() );
#6789 = UNCERTAINTY_MEASURE_WITH_UNIT(LENGTH_MEASURE(1.E-07),#6786,
  'distance_accuracy_value','confusion accuracy');
#6790 = CONTEXT_DEPENDENT_SHAPE_REPRESENTATION(#6791,#6793);
#6791 = ( REPRESENTATION_RELATIONSHIP('','',#6686,#10) 
REPRESENTATION_RELATIONSHIP_WITH_TRANSFORMATION(#6792) 
SHAPE_REPRESENTATION_RELATIONSHIP() );
#6792 = ITEM_DEFINED_TRANSFORMATION('','',#11,#247);
#6793 = PRODUCT_DEFINITION_SHAPE('Placement','Placement of an item',
  #6794);
#6794 = NEXT_ASSEMBLY_USAGE_OCCURRENCE('59','0058_envelope_longeron_UL',
  '',#5,#6681,$);
#6795 = PRODUCT_RELATED_PRODUCT_CATEGORY('part',$,(#6683));
#6796 = SHAPE_DEFINITION_REPRESENTATION(#6797,#6803);
#6797 = PRODUCT_DEFINITION_SHAPE('','',#6798);
#6798 = PRODUCT_DEFINITION('design','',#6799,#6802);
#6799 = PRODUCT_DEFINITION_FORMATION('','',#6800);
#6800 = PRODUCT('0059_envelope_longeron_UL','0059_envelope_longeron_UL',
  '',(#6801));
#6801 = PRODUCT_CONTEXT('',#2,'mechanical');
#6802 = PRODUCT_DEFINITION_CONTEXT('part definition',#2,'design');
#6803 = ADVANCED_BREP_SHAPE_REPRESENTATION('',(#11,#6804),#6902);
#6804 = MANIFOLD_SOLID_BREP('',#6805);
#6805 = CLOSED_SHELL('',(#6806,#6894,#6898));
#6806 = ADVANCED_FACE('',(#6807),#6820,.T.);
#6807 = FACE_BOUND('',#6808,.T.);
#6808 = EDGE_LOOP('',(#6809,#6843,#6866,#6893));
#6809 = ORIENTED_EDGE('',*,*,#6810,.F.);
#6810 = EDGE_CURVE('',#6811,#6811,#6813,.T.);
#6811 = VERTEX_POINT('',#6812);
#6812 = CARTESIAN_POINT('',(-56.20224055208,293.2731680414,377.778));
#6813 = SURFACE_CURVE('',#6814,(#6819,#6831),.PCURVE_S1.);
#6814 = CIRCLE('',#6815,0.8);
#6815 = AXIS2_PLACEMENT_3D('',#6816,#6817,#6818);
#6816 = CARTESIAN_POINT('',(-57.,293.333,377.778));
#6817 = DIRECTION('',(7.477101490102E-02,0.996946865347,
    -2.24998445673E-02));
#6818 = DIRECTION('',(0.997199309888,-7.478994824163E-02,
    2.168404344971E-19));
#6819 = PCURVE('',#6820,#6825);
#6820 = CYLINDRICAL_SURFACE('',#6821,0.8);
#6821 = AXIS2_PLACEMENT_3D('',#6822,#6823,#6824);
#6822 = CARTESIAN_POINT('',(-69.,133.333,381.389));
#6823 = DIRECTION('',(7.477101490102E-02,0.996946865347,
    -2.24998445673E-02));
#6824 = DIRECTION('',(0.997199309888,-7.478994824163E-02,0.));
#6825 = DEFINITIONAL_REPRESENTATION('',(#6826),#6830);
#6826 = LINE('',#6827,#6828);
#6827 = CARTESIAN_POINT('',(0.,160.48999757305));
#6828 = VECTOR('',#6829,1.);
#6829 = DIRECTION('',(1.,0.));
#6830 = ( GEOMETRIC_REPRESENTATION_CONTEXT(2) 
PARAMETRIC_REPRESENTATION_CONTEXT() REPRESENTATION_CONTEXT('2D SPACE',''
  ) );
#6831 = PCURVE('',#6832,#6837);
#6832 = PLANE('',#6833);
#6833 = AXIS2_PLACEMENT_3D('',#6834,#6835,#6836);
#6834 = CARTESIAN_POINT('',(-57.,293.333,377.778));
#6835 = DIRECTION('',(7.477101490102E-02,0.996946865347,
    -2.24998445673E-02));
#6836 = DIRECTION('',(0.997199309888,-7.478994824163E-02,0.));
#6837 = DEFINITIONAL_REPRESENTATION('',(#6838),#6842);
#6838 = CIRCLE('',#6839,0.8);
#6839 = AXIS2_PLACEMENT_2D('',#6840,#6841);
#6840 = CARTESIAN_POINT('',(0.,0.));
#6841 = DIRECTION('',(1.,0.));
#6842 = ( GEOMETRIC_REPRESENTATION_CONTEXT(2) 
PARAMETRIC_REPRESENTATION_CONTEXT() REPRESENTATION_CONTEXT('2D SPACE',''
  ) );
#6843 = ORIENTED_EDGE('',*,*,#6844,.F.);
#6844 = EDGE_CURVE('',#6845,#6811,#6847,.T.);
#6845 = VERTEX_POINT('',#6846);
#6846 = CARTESIAN_POINT('',(-68.20224055208,133.2731680414,381.389));
#6847 = SEAM_CURVE('',#6848,(#6852,#6859),.PCURVE_S1.);
#6848 = LINE('',#6849,#6850);
#6849 = CARTESIAN_POINT('',(-68.20224055208,133.2731680414,381.389));
#6850 = VECTOR('',#6851,1.);
#6851 = DIRECTION('',(7.477101490102E-02,0.996946865347,
    -2.24998445673E-02));
#6852 = PCURVE('',#6820,#6853);
#6853 = DEFINITIONAL_REPRESENTATION('',(#6854),#6858);
#6854 = LINE('',#6855,#6856);
#6855 = CARTESIAN_POINT('',(6.28318530718,-0.));
#6856 = VECTOR('',#6857,1.);
#6857 = DIRECTION('',(0.,1.));
#6858 = ( GEOMETRIC_REPRESENTATION_CONTEXT(2) 
PARAMETRIC_REPRESENTATION_CONTEXT() REPRESENTATION_CONTEXT('2D SPACE',''
  ) );
#6859 = PCURVE('',#6820,#6860);
#6860 = DEFINITIONAL_REPRESENTATION('',(#6861),#6865);
#6861 = LINE('',#6862,#6863);
#6862 = CARTESIAN_POINT('',(0.,-0.));
#6863 = VECTOR('',#6864,1.);
#6864 = DIRECTION('',(0.,1.));
#6865 = ( GEOMETRIC_REPRESENTATION_CONTEXT(2) 
PARAMETRIC_REPRESENTATION_CONTEXT() REPRESENTATION_CONTEXT('2D SPACE',''
  ) );
#6866 = ORIENTED_EDGE('',*,*,#6867,.T.);
#6867 = EDGE_CURVE('',#6845,#6845,#6868,.T.);
#6868 = SURFACE_CURVE('',#6869,(#6874,#6881),.PCURVE_S1.);
#6869 = CIRCLE('',#6870,0.8);
#6870 = AXIS2_PLACEMENT_3D('',#6871,#6872,#6873);
#6871 = CARTESIAN_POINT('',(-69.,133.333,381.389));
#6872 = DIRECTION('',(7.477101490102E-02,0.996946865347,
    -2.24998445673E-02));
#6873 = DIRECTION('',(0.997199309888,-7.478994824163E-02,
    2.168404344971E-19));
#6874 = PCURVE('',#6820,#6875);
#6875 = DEFINITIONAL_REPRESENTATION('',(#6876),#6880);
#6876 = LINE('',#6877,#6878);
#6877 = CARTESIAN_POINT('',(0.,0.));
#6878 = VECTOR('',#6879,1.);
#6879 = DIRECTION('',(1.,0.));
#6880 = ( GEOMETRIC_REPRESENTATION_CONTEXT(2) 
PARAMETRIC_REPRESENTATION_CONTEXT() REPRESENTATION_CONTEXT('2D SPACE',''
  ) );
#6881 = PCURVE('',#6882,#6887);
#6882 = PLANE('',#6883);
#6883 = AXIS2_PLACEMENT_3D('',#6884,#6885,#6886);
#6884 = CARTESIAN_POINT('',(-69.,133.333,381.389));
#6885 = DIRECTION('',(7.477101490102E-02,0.996946865347,
    -2.24998445673E-02));
#6886 = DIRECTION('',(0.997199309888,-7.478994824163E-02,0.));
#6887 = DEFINITIONAL_REPRESENTATION('',(#6888),#6892);
#6888 = CIRCLE('',#6889,0.8);
#6889 = AXIS2_PLACEMENT_2D('',#6890,#6891);
#6890 = CARTESIAN_POINT('',(0.,0.));
#6891 = DIRECTION('',(1.,0.));
#6892 = ( GEOMETRIC_REPRESENTATION_CONTEXT(2) 
PARAMETRIC_REPRESENTATION_CONTEXT() REPRESENTATION_CONTEXT('2D SPACE',''
  ) );
#6893 = ORIENTED_EDGE('',*,*,#6844,.T.);
#6894 = ADVANCED_FACE('',(#6895),#6832,.T.);
#6895 = FACE_BOUND('',#6896,.T.);
#6896 = EDGE_LOOP('',(#6897));
#6897 = ORIENTED_EDGE('',*,*,#6810,.T.);
#6898 = ADVANCED_FACE('',(#6899),#6882,.F.);
#6899 = FACE_BOUND('',#6900,.T.);
#6900 = EDGE_LOOP('',(#6901));
#6901 = ORIENTED_EDGE('',*,*,#6867,.F.);
#6902 = ( GEOMETRIC_REPRESENTATION_CONTEXT(3) 
GLOBAL_UNCERTAINTY_ASSIGNED_CONTEXT((#6906)) 
GLOBAL_UNIT_ASSIGNED_CONTEXT((#6903,#6904,#6905)) REPRESENTATION_CONTEXT
('Context #1','3D Context with UNIT and UNCERTAINTY') );
#6903 = ( LENGTH_UNIT() NAMED_UNIT(*) SI_UNIT(.MILLI.,.METRE.) );
#6904 = ( NAMED_UNIT(*) PLANE_ANGLE_UNIT() SI_UNIT($,.RADIAN.) );
#6905 = ( NAMED_UNIT(*) SI_UNIT($,.STERADIAN.) SOLID_ANGLE_UNIT() );
#6906 = UNCERTAINTY_MEASURE_WITH_UNIT(LENGTH_MEASURE(1.E-07),#6903,
  'distance_accuracy_value','confusion accuracy');
#6907 = CONTEXT_DEPENDENT_SHAPE_REPRESENTATION(#6908,#6910);
#6908 = ( REPRESENTATION_RELATIONSHIP('','',#6803,#10) 
REPRESENTATION_RELATIONSHIP_WITH_TRANSFORMATION(#6909) 
SHAPE_REPRESENTATION_RELATIONSHIP() );
#6909 = ITEM_DEFINED_TRANSFORMATION('','',#11,#251);
#6910 = PRODUCT_DEFINITION_SHAPE('Placement','Placement of an item',
  #6911);
#6911 = NEXT_ASSEMBLY_USAGE_OCCURRENCE('60','0059_envelope_longeron_UL',
  '',#5,#6798,$);
#6912 = PRODUCT_RELATED_PRODUCT_CATEGORY('part',$,(#6800));
#6913 = SHAPE_DEFINITION_REPRESENTATION(#6914,#6920);
#6914 = PRODUCT_DEFINITION_SHAPE('','',#6915);
#6915 = PRODUCT_DEFINITION('design','',#6916,#6919);
#6916 = PRODUCT_DEFINITION_FORMATION('','',#6917);
#6917 = PRODUCT('0060_envelope_longeron_UL','0060_envelope_longeron_UL',
  '',(#6918));
#6918 = PRODUCT_CONTEXT('',#2,'mechanical');
#6919 = PRODUCT_DEFINITION_CONTEXT('part definition',#2,'design');
#6920 = ADVANCED_BREP_SHAPE_REPRESENTATION('',(#11,#6921),#7019);
#6921 = MANIFOLD_SOLID_BREP('',#6922);
#6922 = CLOSED_SHELL('',(#6923,#7011,#7015));
#6923 = ADVANCED_FACE('',(#6924),#6937,.T.);
#6924 = FACE_BOUND('',#6925,.T.);
#6925 = EDGE_LOOP('',(#6926,#6960,#6983,#7010));
#6926 = ORIENTED_EDGE('',*,*,#6927,.F.);
#6927 = EDGE_CURVE('',#6928,#6928,#6930,.T.);
#6928 = VERTEX_POINT('',#6929);
#6929 = CARTESIAN_POINT('',(-50.20089599468,419.96214780462,374.167));
#6930 = SURFACE_CURVE('',#6931,(#6936,#6948),.PCURVE_S1.);
#6931 = CIRCLE('',#6932,0.8);
#6932 = AXIS2_PLACEMENT_3D('',#6933,#6934,#6935);
#6933 = CARTESIAN_POINT('',(-51.,420.,374.167));
#6934 = DIRECTION('',(4.729607247351E-02,0.998475268667,
    -2.846435295031E-02));
#6935 = DIRECTION('',(0.99888000664,-4.731524422176E-02,0.));
#6936 = PCURVE('',#6937,#6942);
#6937 = CYLINDRICAL_SURFACE('',#6938,0.8);
#6938 = AXIS2_PLACEMENT_3D('',#6939,#6940,#6941);
#6939 = CARTESIAN_POINT('',(-57.,293.333,377.778));
#6940 = DIRECTION('',(4.729607247351E-02,0.998475268667,
    -2.846435295031E-02));
#6941 = DIRECTION('',(0.99888000664,-4.731524422176E-02,0.));
#6942 = DEFINITIONAL_REPRESENTATION('',(#6943),#6947);
#6943 = LINE('',#6944,#6945);
#6944 = CARTESIAN_POINT('',(0.,126.86042806959));
#6945 = VECTOR('',#6946,1.);
#6946 = DIRECTION('',(1.,0.));
#6947 = ( GEOMETRIC_REPRESENTATION_CONTEXT(2) 
PARAMETRIC_REPRESENTATION_CONTEXT() REPRESENTATION_CONTEXT('2D SPACE',''
  ) );
#6948 = PCURVE('',#6949,#6954);
#6949 = PLANE('',#6950);
#6950 = AXIS2_PLACEMENT_3D('',#6951,#6952,#6953);
#6951 = CARTESIAN_POINT('',(-51.,420.,374.167));
#6952 = DIRECTION('',(4.729607247351E-02,0.998475268667,
    -2.846435295031E-02));
#6953 = DIRECTION('',(0.99888000664,-4.731524422176E-02,0.));
#6954 = DEFINITIONAL_REPRESENTATION('',(#6955),#6959);
#6955 = CIRCLE('',#6956,0.8);
#6956 = AXIS2_PLACEMENT_2D('',#6957,#6958);
#6957 = CARTESIAN_POINT('',(0.,0.));
#6958 = DIRECTION('',(1.,0.));
#6959 = ( GEOMETRIC_REPRESENTATION_CONTEXT(2) 
PARAMETRIC_REPRESENTATION_CONTEXT() REPRESENTATION_CONTEXT('2D SPACE',''
  ) );
#6960 = ORIENTED_EDGE('',*,*,#6961,.F.);
#6961 = EDGE_CURVE('',#6962,#6928,#6964,.T.);
#6962 = VERTEX_POINT('',#6963);
#6963 = CARTESIAN_POINT('',(-56.20089599468,293.29514780462,377.778));
#6964 = SEAM_CURVE('',#6965,(#6969,#6976),.PCURVE_S1.);
#6965 = LINE('',#6966,#6967);
#6966 = CARTESIAN_POINT('',(-56.20089599468,293.29514780462,377.778));
#6967 = VECTOR('',#6968,1.);
#6968 = DIRECTION('',(4.729607247351E-02,0.998475268667,
    -2.846435295031E-02));
#6969 = PCURVE('',#6937,#6970);
#6970 = DEFINITIONAL_REPRESENTATION('',(#6971),#6975);
#6971 = LINE('',#6972,#6973);
#6972 = CARTESIAN_POINT('',(6.28318530718,-0.));
#6973 = VECTOR('',#6974,1.);
#6974 = DIRECTION('',(0.,1.));
#6975 = ( GEOMETRIC_REPRESENTATION_CONTEXT(2) 
PARAMETRIC_REPRESENTATION_CONTEXT() REPRESENTATION_CONTEXT('2D SPACE',''
  ) );
#6976 = PCURVE('',#6937,#6977);
#6977 = DEFINITIONAL_REPRESENTATION('',(#6978),#6982);
#6978 = LINE('',#6979,#6980);
#6979 = CARTESIAN_POINT('',(0.,-0.));
#6980 = VECTOR('',#6981,1.);
#6981 = DIRECTION('',(0.,1.));
#6982 = ( GEOMETRIC_REPRESENTATION_CONTEXT(2) 
PARAMETRIC_REPRESENTATION_CONTEXT() REPRESENTATION_CONTEXT('2D SPACE',''
  ) );
#6983 = ORIENTED_EDGE('',*,*,#6984,.T.);
#6984 = EDGE_CURVE('',#6962,#6962,#6985,.T.);
#6985 = SURFACE_CURVE('',#6986,(#6991,#6998),.PCURVE_S1.);
#6986 = CIRCLE('',#6987,0.8);
#6987 = AXIS2_PLACEMENT_3D('',#6988,#6989,#6990);
#6988 = CARTESIAN_POINT('',(-57.,293.333,377.778));
#6989 = DIRECTION('',(4.729607247351E-02,0.998475268667,
    -2.846435295031E-02));
#6990 = DIRECTION('',(0.99888000664,-4.731524422176E-02,0.));
#6991 = PCURVE('',#6937,#6992);
#6992 = DEFINITIONAL_REPRESENTATION('',(#6993),#6997);
#6993 = LINE('',#6994,#6995);
#6994 = CARTESIAN_POINT('',(0.,0.));
#6995 = VECTOR('',#6996,1.);
#6996 = DIRECTION('',(1.,0.));
#6997 = ( GEOMETRIC_REPRESENTATION_CONTEXT(2) 
PARAMETRIC_REPRESENTATION_CONTEXT() REPRESENTATION_CONTEXT('2D SPACE',''
  ) );
#6998 = PCURVE('',#6999,#7004);
#6999 = PLANE('',#7000);
#7000 = AXIS2_PLACEMENT_3D('',#7001,#7002,#7003);
#7001 = CARTESIAN_POINT('',(-57.,293.333,377.778));
#7002 = DIRECTION('',(4.729607247351E-02,0.998475268667,
    -2.846435295031E-02));
#7003 = DIRECTION('',(0.99888000664,-4.731524422176E-02,0.));
#7004 = DEFINITIONAL_REPRESENTATION('',(#7005),#7009);
#7005 = CIRCLE('',#7006,0.8);
#7006 = AXIS2_PLACEMENT_2D('',#7007,#7008);
#7007 = CARTESIAN_POINT('',(0.,0.));
#7008 = DIRECTION('',(1.,0.));
#7009 = ( GEOMETRIC_REPRESENTATION_CONTEXT(2) 
PARAMETRIC_REPRESENTATION_CONTEXT() REPRESENTATION_CONTEXT('2D SPACE',''
  ) );
#7010 = ORIENTED_EDGE('',*,*,#6961,.T.);
#7011 = ADVANCED_FACE('',(#7012),#6949,.T.);
#7012 = FACE_BOUND('',#7013,.T.);
#7013 = EDGE_LOOP('',(#7014));
#7014 = ORIENTED_EDGE('',*,*,#6927,.T.);
#7015 = ADVANCED_FACE('',(#7016),#6999,.F.);
#7016 = FACE_BOUND('',#7017,.T.);
#7017 = EDGE_LOOP('',(#7018));
#7018 = ORIENTED_EDGE('',*,*,#6984,.F.);
#7019 = ( GEOMETRIC_REPRESENTATION_CONTEXT(3) 
GLOBAL_UNCERTAINTY_ASSIGNED_CONTEXT((#7023)) 
GLOBAL_UNIT_ASSIGNED_CONTEXT((#7020,#7021,#7022)) REPRESENTATION_CONTEXT
('Context #1','3D Context with UNIT and UNCERTAINTY') );
#7020 = ( LENGTH_UNIT() NAMED_UNIT(*) SI_UNIT(.MILLI.,.METRE.) );
#7021 = ( NAMED_UNIT(*) PLANE_ANGLE_UNIT() SI_UNIT($,.RADIAN.) );
#7022 = ( NAMED_UNIT(*) SI_UNIT($,.STERADIAN.) SOLID_ANGLE_UNIT() );
#7023 = UNCERTAINTY_MEASURE_WITH_UNIT(LENGTH_MEASURE(1.E-07),#7020,
  'distance_accuracy_value','confusion accuracy');
#7024 = CONTEXT_DEPENDENT_SHAPE_REPRESENTATION(#7025,#7027);
#7025 = ( REPRESENTATION_RELATIONSHIP('','',#6920,#10) 
REPRESENTATION_RELATIONSHIP_WITH_TRANSFORMATION(#7026) 
SHAPE_REPRESENTATION_RELATIONSHIP() );
#7026 = ITEM_DEFINED_TRANSFORMATION('','',#11,#255);
#7027 = PRODUCT_DEFINITION_SHAPE('Placement','Placement of an item',
  #7028);
#7028 = NEXT_ASSEMBLY_USAGE_OCCURRENCE('61','0060_envelope_longeron_UL',
  '',#5,#6915,$);
#7029 = PRODUCT_RELATED_PRODUCT_CATEGORY('part',$,(#6917));
#7030 = SHAPE_DEFINITION_REPRESENTATION(#7031,#7037);
#7031 = PRODUCT_DEFINITION_SHAPE('','',#7032);
#7032 = PRODUCT_DEFINITION('design','',#7033,#7036);
#7033 = PRODUCT_DEFINITION_FORMATION('','',#7034);
#7034 = PRODUCT('0061_envelope_longeron_UR','0061_envelope_longeron_UR',
  '',(#7035));
#7035 = PRODUCT_CONTEXT('',#2,'mechanical');
#7036 = PRODUCT_DEFINITION_CONTEXT('part definition',#2,'design');
#7037 = ADVANCED_BREP_SHAPE_REPRESENTATION('',(#11,#7038),#7136);
#7038 = MANIFOLD_SOLID_BREP('',#7039);
#7039 = CLOSED_SHELL('',(#7040,#7128,#7132));
#7040 = ADVANCED_FACE('',(#7041),#7054,.T.);
#7041 = FACE_BOUND('',#7042,.T.);
#7042 = EDGE_LOOP('',(#7043,#7077,#7100,#7127));
#7043 = ORIENTED_EDGE('',*,*,#7044,.F.);
#7044 = EDGE_CURVE('',#7045,#7045,#7047,.T.);
#7045 = VERTEX_POINT('',#7046);
#7046 = CARTESIAN_POINT('',(69.799191224077,133.297036305,381.389));
#7047 = SURFACE_CURVE('',#7048,(#7053,#7065),.PCURVE_S1.);
#7048 = CIRCLE('',#7049,0.8);
#7049 = AXIS2_PLACEMENT_3D('',#7050,#7051,#7052);
#7050 = CARTESIAN_POINT('',(69.,133.333,381.389));
#7051 = DIRECTION('',(4.493817475505E-02,0.998623609103,
    -2.704529150675E-02));
#7052 = DIRECTION('',(0.998989030097,-4.495461874091E-02,0.));
#7053 = PCURVE('',#7054,#7059);
#7054 = CYLINDRICAL_SURFACE('',#7055,0.8);
#7055 = AXIS2_PLACEMENT_3D('',#7056,#7057,#7058);
#7056 = CARTESIAN_POINT('',(63.,0.,385.));
#7057 = DIRECTION('',(4.493817475505E-02,0.998623609103,
    -2.704529150675E-02));
#7058 = DIRECTION('',(0.998989030097,-4.495461874091E-02,0.));
#7059 = DEFINITIONAL_REPRESENTATION('',(#7060),#7064);
#7060 = LINE('',#7061,#7062);
#7061 = CARTESIAN_POINT('',(0.,133.51677126863));
#7062 = VECTOR('',#7063,1.);
#7063 = DIRECTION('',(1.,0.));
#7064 = ( GEOMETRIC_REPRESENTATION_CONTEXT(2) 
PARAMETRIC_REPRESENTATION_CONTEXT() REPRESENTATION_CONTEXT('2D SPACE',''
  ) );
#7065 = PCURVE('',#7066,#7071);
#7066 = PLANE('',#7067);
#7067 = AXIS2_PLACEMENT_3D('',#7068,#7069,#7070);
#7068 = CARTESIAN_POINT('',(69.,133.333,381.389));
#7069 = DIRECTION('',(4.493817475505E-02,0.998623609103,
    -2.704529150675E-02));
#7070 = DIRECTION('',(0.998989030097,-4.495461874091E-02,0.));
#7071 = DEFINITIONAL_REPRESENTATION('',(#7072),#7076);
#7072 = CIRCLE('',#7073,0.8);
#7073 = AXIS2_PLACEMENT_2D('',#7074,#7075);
#7074 = CARTESIAN_POINT('',(0.,0.));
#7075 = DIRECTION('',(1.,0.));
#7076 = ( GEOMETRIC_REPRESENTATION_CONTEXT(2) 
PARAMETRIC_REPRESENTATION_CONTEXT() REPRESENTATION_CONTEXT('2D SPACE',''
  ) );
#7077 = ORIENTED_EDGE('',*,*,#7078,.F.);
#7078 = EDGE_CURVE('',#7079,#7045,#7081,.T.);
#7079 = VERTEX_POINT('',#7080);
#7080 = CARTESIAN_POINT('',(63.799191224077,-3.596369499272E-02,385.));
#7081 = SEAM_CURVE('',#7082,(#7086,#7093),.PCURVE_S1.);
#7082 = LINE('',#7083,#7084);
#7083 = CARTESIAN_POINT('',(63.799191224077,-3.596369499272E-02,385.));
#7084 = VECTOR('',#7085,1.);
#7085 = DIRECTION('',(4.493817475505E-02,0.998623609103,
    -2.704529150675E-02));
#7086 = PCURVE('',#7054,#7087);
#7087 = DEFINITIONAL_REPRESENTATION('',(#7088),#7092);
#7088 = LINE('',#7089,#7090);
#7089 = CARTESIAN_POINT('',(6.28318530718,-0.));
#7090 = VECTOR('',#7091,1.);
#7091 = DIRECTION('',(0.,1.));
#7092 = ( GEOMETRIC_REPRESENTATION_CONTEXT(2) 
PARAMETRIC_REPRESENTATION_CONTEXT() REPRESENTATION_CONTEXT('2D SPACE',''
  ) );
#7093 = PCURVE('',#7054,#7094);
#7094 = DEFINITIONAL_REPRESENTATION('',(#7095),#7099);
#7095 = LINE('',#7096,#7097);
#7096 = CARTESIAN_POINT('',(0.,-0.));
#7097 = VECTOR('',#7098,1.);
#7098 = DIRECTION('',(0.,1.));
#7099 = ( GEOMETRIC_REPRESENTATION_CONTEXT(2) 
PARAMETRIC_REPRESENTATION_CONTEXT() REPRESENTATION_CONTEXT('2D SPACE',''
  ) );
#7100 = ORIENTED_EDGE('',*,*,#7101,.T.);
#7101 = EDGE_CURVE('',#7079,#7079,#7102,.T.);
#7102 = SURFACE_CURVE('',#7103,(#7108,#7115),.PCURVE_S1.);
#7103 = CIRCLE('',#7104,0.8);
#7104 = AXIS2_PLACEMENT_3D('',#7105,#7106,#7107);
#7105 = CARTESIAN_POINT('',(63.,0.,385.));
#7106 = DIRECTION('',(4.493817475505E-02,0.998623609103,
    -2.704529150675E-02));
#7107 = DIRECTION('',(0.998989030097,-4.495461874091E-02,0.));
#7108 = PCURVE('',#7054,#7109);
#7109 = DEFINITIONAL_REPRESENTATION('',(#7110),#7114);
#7110 = LINE('',#7111,#7112);
#7111 = CARTESIAN_POINT('',(0.,0.));
#7112 = VECTOR('',#7113,1.);
#7113 = DIRECTION('',(1.,0.));
#7114 = ( GEOMETRIC_REPRESENTATION_CONTEXT(2) 
PARAMETRIC_REPRESENTATION_CONTEXT() REPRESENTATION_CONTEXT('2D SPACE',''
  ) );
#7115 = PCURVE('',#7116,#7121);
#7116 = PLANE('',#7117);
#7117 = AXIS2_PLACEMENT_3D('',#7118,#7119,#7120);
#7118 = CARTESIAN_POINT('',(63.,0.,385.));
#7119 = DIRECTION('',(4.493817475505E-02,0.998623609103,
    -2.704529150675E-02));
#7120 = DIRECTION('',(0.998989030097,-4.495461874091E-02,0.));
#7121 = DEFINITIONAL_REPRESENTATION('',(#7122),#7126);
#7122 = CIRCLE('',#7123,0.8);
#7123 = AXIS2_PLACEMENT_2D('',#7124,#7125);
#7124 = CARTESIAN_POINT('',(0.,0.));
#7125 = DIRECTION('',(1.,0.));
#7126 = ( GEOMETRIC_REPRESENTATION_CONTEXT(2) 
PARAMETRIC_REPRESENTATION_CONTEXT() REPRESENTATION_CONTEXT('2D SPACE',''
  ) );
#7127 = ORIENTED_EDGE('',*,*,#7078,.T.);
#7128 = ADVANCED_FACE('',(#7129),#7066,.T.);
#7129 = FACE_BOUND('',#7130,.T.);
#7130 = EDGE_LOOP('',(#7131));
#7131 = ORIENTED_EDGE('',*,*,#7044,.T.);
#7132 = ADVANCED_FACE('',(#7133),#7116,.F.);
#7133 = FACE_BOUND('',#7134,.T.);
#7134 = EDGE_LOOP('',(#7135));
#7135 = ORIENTED_EDGE('',*,*,#7101,.F.);
#7136 = ( GEOMETRIC_REPRESENTATION_CONTEXT(3) 
GLOBAL_UNCERTAINTY_ASSIGNED_CONTEXT((#7140)) 
GLOBAL_UNIT_ASSIGNED_CONTEXT((#7137,#7138,#7139)) REPRESENTATION_CONTEXT
('Context #1','3D Context with UNIT and UNCERTAINTY') );
#7137 = ( LENGTH_UNIT() NAMED_UNIT(*) SI_UNIT(.MILLI.,.METRE.) );
#7138 = ( NAMED_UNIT(*) PLANE_ANGLE_UNIT() SI_UNIT($,.RADIAN.) );
#7139 = ( NAMED_UNIT(*) SI_UNIT($,.STERADIAN.) SOLID_ANGLE_UNIT() );
#7140 = UNCERTAINTY_MEASURE_WITH_UNIT(LENGTH_MEASURE(1.E-07),#7137,
  'distance_accuracy_value','confusion accuracy');
#7141 = CONTEXT_DEPENDENT_SHAPE_REPRESENTATION(#7142,#7144);
#7142 = ( REPRESENTATION_RELATIONSHIP('','',#7037,#10) 
REPRESENTATION_RELATIONSHIP_WITH_TRANSFORMATION(#7143) 
SHAPE_REPRESENTATION_RELATIONSHIP() );
#7143 = ITEM_DEFINED_TRANSFORMATION('','',#11,#259);
#7144 = PRODUCT_DEFINITION_SHAPE('Placement','Placement of an item',
  #7145);
#7145 = NEXT_ASSEMBLY_USAGE_OCCURRENCE('62','0061_envelope_longeron_UR',
  '',#5,#7032,$);
#7146 = PRODUCT_RELATED_PRODUCT_CATEGORY('part',$,(#7034));
#7147 = SHAPE_DEFINITION_REPRESENTATION(#7148,#7154);
#7148 = PRODUCT_DEFINITION_SHAPE('','',#7149);
#7149 = PRODUCT_DEFINITION('design','',#7150,#7153);
#7150 = PRODUCT_DEFINITION_FORMATION('','',#7151);
#7151 = PRODUCT('0062_envelope_longeron_UR','0062_envelope_longeron_UR',
  '',(#7152));
#7152 = PRODUCT_CONTEXT('',#2,'mechanical');
#7153 = PRODUCT_DEFINITION_CONTEXT('part definition',#2,'design');
#7154 = ADVANCED_BREP_SHAPE_REPRESENTATION('',(#11,#7155),#7253);
#7155 = MANIFOLD_SOLID_BREP('',#7156);
#7156 = CLOSED_SHELL('',(#7157,#7245,#7249));
#7157 = ADVANCED_FACE('',(#7158),#7171,.T.);
#7158 = FACE_BOUND('',#7159,.T.);
#7159 = EDGE_LOOP('',(#7160,#7194,#7217,#7244));
#7160 = ORIENTED_EDGE('',*,*,#7161,.F.);
#7161 = EDGE_CURVE('',#7162,#7162,#7164,.T.);
#7162 = VERTEX_POINT('',#7163);
#7163 = CARTESIAN_POINT('',(57.797759447911,293.39283195859,377.778));
#7164 = SURFACE_CURVE('',#7165,(#7170,#7182),.PCURVE_S1.);
#7165 = CIRCLE('',#7166,0.8);
#7166 = AXIS2_PLACEMENT_3D('',#7167,#7168,#7169);
#7167 = CARTESIAN_POINT('',(57.,293.333,377.778));
#7168 = DIRECTION('',(-7.477101490102E-02,0.996946865347,
    -2.24998445673E-02));
#7169 = DIRECTION('',(0.997199309888,7.478994824163E-02,
    -2.168404344971E-19));
#7170 = PCURVE('',#7171,#7176);
#7171 = CYLINDRICAL_SURFACE('',#7172,0.8);
#7172 = AXIS2_PLACEMENT_3D('',#7173,#7174,#7175);
#7173 = CARTESIAN_POINT('',(69.,133.333,381.389));
#7174 = DIRECTION('',(-7.477101490102E-02,0.996946865347,
    -2.24998445673E-02));
#7175 = DIRECTION('',(0.997199309888,7.478994824163E-02,0.));
#7176 = DEFINITIONAL_REPRESENTATION('',(#7177),#7181);
#7177 = LINE('',#7178,#7179);
#7178 = CARTESIAN_POINT('',(0.,160.48999757305));
#7179 = VECTOR('',#7180,1.);
#7180 = DIRECTION('',(1.,0.));
#7181 = ( GEOMETRIC_REPRESENTATION_CONTEXT(2) 
PARAMETRIC_REPRESENTATION_CONTEXT() REPRESENTATION_CONTEXT('2D SPACE',''
  ) );
#7182 = PCURVE('',#7183,#7188);
#7183 = PLANE('',#7184);
#7184 = AXIS2_PLACEMENT_3D('',#7185,#7186,#7187);
#7185 = CARTESIAN_POINT('',(57.,293.333,377.778));
#7186 = DIRECTION('',(-7.477101490102E-02,0.996946865347,
    -2.24998445673E-02));
#7187 = DIRECTION('',(0.997199309888,7.478994824163E-02,0.));
#7188 = DEFINITIONAL_REPRESENTATION('',(#7189),#7193);
#7189 = CIRCLE('',#7190,0.8);
#7190 = AXIS2_PLACEMENT_2D('',#7191,#7192);
#7191 = CARTESIAN_POINT('',(0.,0.));
#7192 = DIRECTION('',(1.,0.));
#7193 = ( GEOMETRIC_REPRESENTATION_CONTEXT(2) 
PARAMETRIC_REPRESENTATION_CONTEXT() REPRESENTATION_CONTEXT('2D SPACE',''
  ) );
#7194 = ORIENTED_EDGE('',*,*,#7195,.F.);
#7195 = EDGE_CURVE('',#7196,#7162,#7198,.T.);
#7196 = VERTEX_POINT('',#7197);
#7197 = CARTESIAN_POINT('',(69.797759447911,133.39283195859,381.389));
#7198 = SEAM_CURVE('',#7199,(#7203,#7210),.PCURVE_S1.);
#7199 = LINE('',#7200,#7201);
#7200 = CARTESIAN_POINT('',(69.797759447911,133.39283195859,381.389));
#7201 = VECTOR('',#7202,1.);
#7202 = DIRECTION('',(-7.477101490102E-02,0.996946865347,
    -2.24998445673E-02));
#7203 = PCURVE('',#7171,#7204);
#7204 = DEFINITIONAL_REPRESENTATION('',(#7205),#7209);
#7205 = LINE('',#7206,#7207);
#7206 = CARTESIAN_POINT('',(6.28318530718,-0.));
#7207 = VECTOR('',#7208,1.);
#7208 = DIRECTION('',(0.,1.));
#7209 = ( GEOMETRIC_REPRESENTATION_CONTEXT(2) 
PARAMETRIC_REPRESENTATION_CONTEXT() REPRESENTATION_CONTEXT('2D SPACE',''
  ) );
#7210 = PCURVE('',#7171,#7211);
#7211 = DEFINITIONAL_REPRESENTATION('',(#7212),#7216);
#7212 = LINE('',#7213,#7214);
#7213 = CARTESIAN_POINT('',(0.,-0.));
#7214 = VECTOR('',#7215,1.);
#7215 = DIRECTION('',(0.,1.));
#7216 = ( GEOMETRIC_REPRESENTATION_CONTEXT(2) 
PARAMETRIC_REPRESENTATION_CONTEXT() REPRESENTATION_CONTEXT('2D SPACE',''
  ) );
#7217 = ORIENTED_EDGE('',*,*,#7218,.T.);
#7218 = EDGE_CURVE('',#7196,#7196,#7219,.T.);
#7219 = SURFACE_CURVE('',#7220,(#7225,#7232),.PCURVE_S1.);
#7220 = CIRCLE('',#7221,0.8);
#7221 = AXIS2_PLACEMENT_3D('',#7222,#7223,#7224);
#7222 = CARTESIAN_POINT('',(69.,133.333,381.389));
#7223 = DIRECTION('',(-7.477101490102E-02,0.996946865347,
    -2.24998445673E-02));
#7224 = DIRECTION('',(0.997199309888,7.478994824163E-02,
    -2.168404344971E-19));
#7225 = PCURVE('',#7171,#7226);
#7226 = DEFINITIONAL_REPRESENTATION('',(#7227),#7231);
#7227 = LINE('',#7228,#7229);
#7228 = CARTESIAN_POINT('',(0.,0.));
#7229 = VECTOR('',#7230,1.);
#7230 = DIRECTION('',(1.,0.));
#7231 = ( GEOMETRIC_REPRESENTATION_CONTEXT(2) 
PARAMETRIC_REPRESENTATION_CONTEXT() REPRESENTATION_CONTEXT('2D SPACE',''
  ) );
#7232 = PCURVE('',#7233,#7238);
#7233 = PLANE('',#7234);
#7234 = AXIS2_PLACEMENT_3D('',#7235,#7236,#7237);
#7235 = CARTESIAN_POINT('',(69.,133.333,381.389));
#7236 = DIRECTION('',(-7.477101490102E-02,0.996946865347,
    -2.24998445673E-02));
#7237 = DIRECTION('',(0.997199309888,7.478994824163E-02,0.));
#7238 = DEFINITIONAL_REPRESENTATION('',(#7239),#7243);
#7239 = CIRCLE('',#7240,0.8);
#7240 = AXIS2_PLACEMENT_2D('',#7241,#7242);
#7241 = CARTESIAN_POINT('',(0.,0.));
#7242 = DIRECTION('',(1.,0.));
#7243 = ( GEOMETRIC_REPRESENTATION_CONTEXT(2) 
PARAMETRIC_REPRESENTATION_CONTEXT() REPRESENTATION_CONTEXT('2D SPACE',''
  ) );
#7244 = ORIENTED_EDGE('',*,*,#7195,.T.);
#7245 = ADVANCED_FACE('',(#7246),#7183,.T.);
#7246 = FACE_BOUND('',#7247,.T.);
#7247 = EDGE_LOOP('',(#7248));
#7248 = ORIENTED_EDGE('',*,*,#7161,.T.);
#7249 = ADVANCED_FACE('',(#7250),#7233,.F.);
#7250 = FACE_BOUND('',#7251,.T.);
#7251 = EDGE_LOOP('',(#7252));
#7252 = ORIENTED_EDGE('',*,*,#7218,.F.);
#7253 = ( GEOMETRIC_REPRESENTATION_CONTEXT(3) 
GLOBAL_UNCERTAINTY_ASSIGNED_CONTEXT((#7257)) 
GLOBAL_UNIT_ASSIGNED_CONTEXT((#7254,#7255,#7256)) REPRESENTATION_CONTEXT
('Context #1','3D Context with UNIT and UNCERTAINTY') );
#7254 = ( LENGTH_UNIT() NAMED_UNIT(*) SI_UNIT(.MILLI.,.METRE.) );
#7255 = ( NAMED_UNIT(*) PLANE_ANGLE_UNIT() SI_UNIT($,.RADIAN.) );
#7256 = ( NAMED_UNIT(*) SI_UNIT($,.STERADIAN.) SOLID_ANGLE_UNIT() );
#7257 = UNCERTAINTY_MEASURE_WITH_UNIT(LENGTH_MEASURE(1.E-07),#7254,
  'distance_accuracy_value','confusion accuracy');
#7258 = CONTEXT_DEPENDENT_SHAPE_REPRESENTATION(#7259,#7261);
#7259 = ( REPRESENTATION_RELATIONSHIP('','',#7154,#10) 
REPRESENTATION_RELATIONSHIP_WITH_TRANSFORMATION(#7260) 
SHAPE_REPRESENTATION_RELATIONSHIP() );
#7260 = ITEM_DEFINED_TRANSFORMATION('','',#11,#263);
#7261 = PRODUCT_DEFINITION_SHAPE('Placement','Placement of an item',
  #7262);
#7262 = NEXT_ASSEMBLY_USAGE_OCCURRENCE('63','0062_envelope_longeron_UR',
  '',#5,#7149,$);
#7263 = PRODUCT_RELATED_PRODUCT_CATEGORY('part',$,(#7151));
#7264 = SHAPE_DEFINITION_REPRESENTATION(#7265,#7271);
#7265 = PRODUCT_DEFINITION_SHAPE('','',#7266);
#7266 = PRODUCT_DEFINITION('design','',#7267,#7270);
#7267 = PRODUCT_DEFINITION_FORMATION('','',#7268);
#7268 = PRODUCT('0063_envelope_longeron_UR','0063_envelope_longeron_UR',
  '',(#7269));
#7269 = PRODUCT_CONTEXT('',#2,'mechanical');
#7270 = PRODUCT_DEFINITION_CONTEXT('part definition',#2,'design');
#7271 = ADVANCED_BREP_SHAPE_REPRESENTATION('',(#11,#7272),#7370);
#7272 = MANIFOLD_SOLID_BREP('',#7273);
#7273 = CLOSED_SHELL('',(#7274,#7362,#7366));
#7274 = ADVANCED_FACE('',(#7275),#7288,.T.);
#7275 = FACE_BOUND('',#7276,.T.);
#7276 = EDGE_LOOP('',(#7277,#7311,#7334,#7361));
#7277 = ORIENTED_EDGE('',*,*,#7278,.F.);
#7278 = EDGE_CURVE('',#7279,#7279,#7281,.T.);
#7279 = VERTEX_POINT('',#7280);
#7280 = CARTESIAN_POINT('',(51.799104005312,420.03785219537,374.167));
#7281 = SURFACE_CURVE('',#7282,(#7287,#7299),.PCURVE_S1.);
#7282 = CIRCLE('',#7283,0.8);
#7283 = AXIS2_PLACEMENT_3D('',#7284,#7285,#7286);
#7284 = CARTESIAN_POINT('',(51.,420.,374.167));
#7285 = DIRECTION('',(-4.729607247351E-02,0.998475268667,
    -2.846435295031E-02));
#7286 = DIRECTION('',(0.99888000664,4.731524422176E-02,0.));
#7287 = PCURVE('',#7288,#7293);
#7288 = CYLINDRICAL_SURFACE('',#7289,0.8);
#7289 = AXIS2_PLACEMENT_3D('',#7290,#7291,#7292);
#7290 = CARTESIAN_POINT('',(57.,293.333,377.778));
#7291 = DIRECTION('',(-4.729607247351E-02,0.998475268667,
    -2.846435295031E-02));
#7292 = DIRECTION('',(0.99888000664,4.731524422176E-02,0.));
#7293 = DEFINITIONAL_REPRESENTATION('',(#7294),#7298);
#7294 = LINE('',#7295,#7296);
#7295 = CARTESIAN_POINT('',(0.,126.86042806959));
#7296 = VECTOR('',#7297,1.);
#7297 = DIRECTION('',(1.,0.));
#7298 = ( GEOMETRIC_REPRESENTATION_CONTEXT(2) 
PARAMETRIC_REPRESENTATION_CONTEXT() REPRESENTATION_CONTEXT('2D SPACE',''
  ) );
#7299 = PCURVE('',#7300,#7305);
#7300 = PLANE('',#7301);
#7301 = AXIS2_PLACEMENT_3D('',#7302,#7303,#7304);
#7302 = CARTESIAN_POINT('',(51.,420.,374.167));
#7303 = DIRECTION('',(-4.729607247351E-02,0.998475268667,
    -2.846435295031E-02));
#7304 = DIRECTION('',(0.99888000664,4.731524422176E-02,0.));
#7305 = DEFINITIONAL_REPRESENTATION('',(#7306),#7310);
#7306 = CIRCLE('',#7307,0.8);
#7307 = AXIS2_PLACEMENT_2D('',#7308,#7309);
#7308 = CARTESIAN_POINT('',(0.,0.));
#7309 = DIRECTION('',(1.,0.));
#7310 = ( GEOMETRIC_REPRESENTATION_CONTEXT(2) 
PARAMETRIC_REPRESENTATION_CONTEXT() REPRESENTATION_CONTEXT('2D SPACE',''
  ) );
#7311 = ORIENTED_EDGE('',*,*,#7312,.F.);
#7312 = EDGE_CURVE('',#7313,#7279,#7315,.T.);
#7313 = VERTEX_POINT('',#7314);
#7314 = CARTESIAN_POINT('',(57.799104005312,293.37085219537,377.778));
#7315 = SEAM_CURVE('',#7316,(#7320,#7327),.PCURVE_S1.);
#7316 = LINE('',#7317,#7318);
#7317 = CARTESIAN_POINT('',(57.799104005312,293.37085219537,377.778));
#7318 = VECTOR('',#7319,1.);
#7319 = DIRECTION('',(-4.729607247351E-02,0.998475268667,
    -2.846435295031E-02));
#7320 = PCURVE('',#7288,#7321);
#7321 = DEFINITIONAL_REPRESENTATION('',(#7322),#7326);
#7322 = LINE('',#7323,#7324);
#7323 = CARTESIAN_POINT('',(6.28318530718,-0.));
#7324 = VECTOR('',#7325,1.);
#7325 = DIRECTION('',(0.,1.));
#7326 = ( GEOMETRIC_REPRESENTATION_CONTEXT(2) 
PARAMETRIC_REPRESENTATION_CONTEXT() REPRESENTATION_CONTEXT('2D SPACE',''
  ) );
#7327 = PCURVE('',#7288,#7328);
#7328 = DEFINITIONAL_REPRESENTATION('',(#7329),#7333);
#7329 = LINE('',#7330,#7331);
#7330 = CARTESIAN_POINT('',(0.,-0.));
#7331 = VECTOR('',#7332,1.);
#7332 = DIRECTION('',(0.,1.));
#7333 = ( GEOMETRIC_REPRESENTATION_CONTEXT(2) 
PARAMETRIC_REPRESENTATION_CONTEXT() REPRESENTATION_CONTEXT('2D SPACE',''
  ) );
#7334 = ORIENTED_EDGE('',*,*,#7335,.T.);
#7335 = EDGE_CURVE('',#7313,#7313,#7336,.T.);
#7336 = SURFACE_CURVE('',#7337,(#7342,#7349),.PCURVE_S1.);
#7337 = CIRCLE('',#7338,0.8);
#7338 = AXIS2_PLACEMENT_3D('',#7339,#7340,#7341);
#7339 = CARTESIAN_POINT('',(57.,293.333,377.778));
#7340 = DIRECTION('',(-4.729607247351E-02,0.998475268667,
    -2.846435295031E-02));
#7341 = DIRECTION('',(0.99888000664,4.731524422176E-02,0.));
#7342 = PCURVE('',#7288,#7343);
#7343 = DEFINITIONAL_REPRESENTATION('',(#7344),#7348);
#7344 = LINE('',#7345,#7346);
#7345 = CARTESIAN_POINT('',(0.,0.));
#7346 = VECTOR('',#7347,1.);
#7347 = DIRECTION('',(1.,0.));
#7348 = ( GEOMETRIC_REPRESENTATION_CONTEXT(2) 
PARAMETRIC_REPRESENTATION_CONTEXT() REPRESENTATION_CONTEXT('2D SPACE',''
  ) );
#7349 = PCURVE('',#7350,#7355);
#7350 = PLANE('',#7351);
#7351 = AXIS2_PLACEMENT_3D('',#7352,#7353,#7354);
#7352 = CARTESIAN_POINT('',(57.,293.333,377.778));
#7353 = DIRECTION('',(-4.729607247351E-02,0.998475268667,
    -2.846435295031E-02));
#7354 = DIRECTION('',(0.99888000664,4.731524422176E-02,0.));
#7355 = DEFINITIONAL_REPRESENTATION('',(#7356),#7360);
#7356 = CIRCLE('',#7357,0.8);
#7357 = AXIS2_PLACEMENT_2D('',#7358,#7359);
#7358 = CARTESIAN_POINT('',(0.,0.));
#7359 = DIRECTION('',(1.,0.));
#7360 = ( GEOMETRIC_REPRESENTATION_CONTEXT(2) 
PARAMETRIC_REPRESENTATION_CONTEXT() REPRESENTATION_CONTEXT('2D SPACE',''
  ) );
#7361 = ORIENTED_EDGE('',*,*,#7312,.T.);
#7362 = ADVANCED_FACE('',(#7363),#7300,.T.);
#7363 = FACE_BOUND('',#7364,.T.);
#7364 = EDGE_LOOP('',(#7365));
#7365 = ORIENTED_EDGE('',*,*,#7278,.T.);
#7366 = ADVANCED_FACE('',(#7367),#7350,.F.);
#7367 = FACE_BOUND('',#7368,.T.);
#7368 = EDGE_LOOP('',(#7369));
#7369 = ORIENTED_EDGE('',*,*,#7335,.F.);
#7370 = ( GEOMETRIC_REPRESENTATION_CONTEXT(3) 
GLOBAL_UNCERTAINTY_ASSIGNED_CONTEXT((#7374)) 
GLOBAL_UNIT_ASSIGNED_CONTEXT((#7371,#7372,#7373)) REPRESENTATION_CONTEXT
('Context #1','3D Context with UNIT and UNCERTAINTY') );
#7371 = ( LENGTH_UNIT() NAMED_UNIT(*) SI_UNIT(.MILLI.,.METRE.) );
#7372 = ( NAMED_UNIT(*) PLANE_ANGLE_UNIT() SI_UNIT($,.RADIAN.) );
#7373 = ( NAMED_UNIT(*) SI_UNIT($,.STERADIAN.) SOLID_ANGLE_UNIT() );
#7374 = UNCERTAINTY_MEASURE_WITH_UNIT(LENGTH_MEASURE(1.E-07),#7371,
  'distance_accuracy_value','confusion accuracy');
#7375 = CONTEXT_DEPENDENT_SHAPE_REPRESENTATION(#7376,#7378);
#7376 = ( REPRESENTATION_RELATIONSHIP('','',#7271,#10) 
REPRESENTATION_RELATIONSHIP_WITH_TRANSFORMATION(#7377) 
SHAPE_REPRESENTATION_RELATIONSHIP() );
#7377 = ITEM_DEFINED_TRANSFORMATION('','',#11,#267);
#7378 = PRODUCT_DEFINITION_SHAPE('Placement','Placement of an item',
  #7379);
#7379 = NEXT_ASSEMBLY_USAGE_OCCURRENCE('64','0063_envelope_longeron_UR',
  '',#5,#7266,$);
#7380 = PRODUCT_RELATED_PRODUCT_CATEGORY('part',$,(#7268));
#7381 = SHAPE_DEFINITION_REPRESENTATION(#7382,#7388);
#7382 = PRODUCT_DEFINITION_SHAPE('','',#7383);
#7383 = PRODUCT_DEFINITION('design','',#7384,#7387);
#7384 = PRODUCT_DEFINITION_FORMATION('','',#7385);
#7385 = PRODUCT('0064_envelope_longeron_LR','0064_envelope_longeron_LR',
  '',(#7386));
#7386 = PRODUCT_CONTEXT('',#2,'mechanical');
#7387 = PRODUCT_DEFINITION_CONTEXT('part definition',#2,'design');
#7388 = ADVANCED_BREP_SHAPE_REPRESENTATION('',(#11,#7389),#7487);
#7389 = MANIFOLD_SOLID_BREP('',#7390);
#7390 = CLOSED_SHELL('',(#7391,#7479,#7483));
#7391 = ADVANCED_FACE('',(#7392),#7405,.T.);
#7392 = FACE_BOUND('',#7393,.T.);
#7393 = EDGE_LOOP('',(#7394,#7428,#7451,#7478));
#7394 = ORIENTED_EDGE('',*,*,#7395,.F.);
#7395 = EDGE_CURVE('',#7396,#7396,#7398,.T.);
#7396 = VERTEX_POINT('',#7397);
#7397 = CARTESIAN_POINT('',(54.,133.39779062731,190.79737204278));
#7398 = SURFACE_CURVE('',#7399,(#7404,#7416),.PCURVE_S1.);
#7399 = CIRCLE('',#7400,0.8);
#7400 = AXIS2_PLACEMENT_3D('',#7401,#7402,#7403);
#7401 = CARTESIAN_POINT('',(54.,133.333,190.));
#7402 = DIRECTION('',(4.480724219255E-02,0.995714003877,
    -8.090694365235E-02));
#7403 = DIRECTION('',(8.673617379884E-19,8.098828414116E-02,
    0.996715053479));
#7404 = PCURVE('',#7405,#7410);
#7405 = CYLINDRICAL_SURFACE('',#7406,0.8);
#7406 = AXIS2_PLACEMENT_3D('',#7407,#7408,#7409);
#7407 = CARTESIAN_POINT('',(48.,0.,200.834));
#7408 = DIRECTION('',(4.480724219255E-02,0.995714003877,
    -8.090694365235E-02));
#7409 = DIRECTION('',(4.336808689942E-19,8.098828414116E-02,
    0.996715053479));
#7410 = DEFINITIONAL_REPRESENTATION('',(#7411),#7415);
#7411 = LINE('',#7412,#7413);
#7412 = CARTESIAN_POINT('',(0.,133.90692455956));
#7413 = VECTOR('',#7414,1.);
#7414 = DIRECTION('',(1.,0.));
#7415 = ( GEOMETRIC_REPRESENTATION_CONTEXT(2) 
PARAMETRIC_REPRESENTATION_CONTEXT() REPRESENTATION_CONTEXT('2D SPACE',''
  ) );
#7416 = PCURVE('',#7417,#7422);
#7417 = PLANE('',#7418);
#7418 = AXIS2_PLACEMENT_3D('',#7419,#7420,#7421);
#7419 = CARTESIAN_POINT('',(54.,133.333,190.));
#7420 = DIRECTION('',(4.480724219255E-02,0.995714003877,
    -8.090694365235E-02));
#7421 = DIRECTION('',(4.336808689942E-19,8.098828414116E-02,
    0.996715053479));
#7422 = DEFINITIONAL_REPRESENTATION('',(#7423),#7427);
#7423 = CIRCLE('',#7424,0.8);
#7424 = AXIS2_PLACEMENT_2D('',#7425,#7426);
#7425 = CARTESIAN_POINT('',(0.,0.));
#7426 = DIRECTION('',(1.,0.));
#7427 = ( GEOMETRIC_REPRESENTATION_CONTEXT(2) 
PARAMETRIC_REPRESENTATION_CONTEXT() REPRESENTATION_CONTEXT('2D SPACE',''
  ) );
#7428 = ORIENTED_EDGE('',*,*,#7429,.F.);
#7429 = EDGE_CURVE('',#7430,#7396,#7432,.T.);
#7430 = VERTEX_POINT('',#7431);
#7431 = CARTESIAN_POINT('',(48.,6.479062731292E-02,201.63137204278));
#7432 = SEAM_CURVE('',#7433,(#7437,#7444),.PCURVE_S1.);
#7433 = LINE('',#7434,#7435);
#7434 = CARTESIAN_POINT('',(48.,6.479062731292E-02,201.63137204278));
#7435 = VECTOR('',#7436,1.);
#7436 = DIRECTION('',(4.480724219255E-02,0.995714003877,
    -8.090694365235E-02));
#7437 = PCURVE('',#7405,#7438);
#7438 = DEFINITIONAL_REPRESENTATION('',(#7439),#7443);
#7439 = LINE('',#7440,#7441);
#7440 = CARTESIAN_POINT('',(6.28318530718,-0.));
#7441 = VECTOR('',#7442,1.);
#7442 = DIRECTION('',(0.,1.));
#7443 = ( GEOMETRIC_REPRESENTATION_CONTEXT(2) 
PARAMETRIC_REPRESENTATION_CONTEXT() REPRESENTATION_CONTEXT('2D SPACE',''
  ) );
#7444 = PCURVE('',#7405,#7445);
#7445 = DEFINITIONAL_REPRESENTATION('',(#7446),#7450);
#7446 = LINE('',#7447,#7448);
#7447 = CARTESIAN_POINT('',(0.,-0.));
#7448 = VECTOR('',#7449,1.);
#7449 = DIRECTION('',(0.,1.));
#7450 = ( GEOMETRIC_REPRESENTATION_CONTEXT(2) 
PARAMETRIC_REPRESENTATION_CONTEXT() REPRESENTATION_CONTEXT('2D SPACE',''
  ) );
#7451 = ORIENTED_EDGE('',*,*,#7452,.T.);
#7452 = EDGE_CURVE('',#7430,#7430,#7453,.T.);
#7453 = SURFACE_CURVE('',#7454,(#7459,#7466),.PCURVE_S1.);
#7454 = CIRCLE('',#7455,0.8);
#7455 = AXIS2_PLACEMENT_3D('',#7456,#7457,#7458);
#7456 = CARTESIAN_POINT('',(48.,0.,200.834));
#7457 = DIRECTION('',(4.480724219255E-02,0.995714003877,
    -8.090694365235E-02));
#7458 = DIRECTION('',(8.673617379884E-19,8.098828414116E-02,
    0.996715053479));
#7459 = PCURVE('',#7405,#7460);
#7460 = DEFINITIONAL_REPRESENTATION('',(#7461),#7465);
#7461 = LINE('',#7462,#7463);
#7462 = CARTESIAN_POINT('',(0.,0.));
#7463 = VECTOR('',#7464,1.);
#7464 = DIRECTION('',(1.,0.));
#7465 = ( GEOMETRIC_REPRESENTATION_CONTEXT(2) 
PARAMETRIC_REPRESENTATION_CONTEXT() REPRESENTATION_CONTEXT('2D SPACE',''
  ) );
#7466 = PCURVE('',#7467,#7472);
#7467 = PLANE('',#7468);
#7468 = AXIS2_PLACEMENT_3D('',#7469,#7470,#7471);
#7469 = CARTESIAN_POINT('',(48.,0.,200.834));
#7470 = DIRECTION('',(4.480724219255E-02,0.995714003877,
    -8.090694365235E-02));
#7471 = DIRECTION('',(4.336808689942E-19,8.098828414116E-02,
    0.996715053479));
#7472 = DEFINITIONAL_REPRESENTATION('',(#7473),#7477);
#7473 = CIRCLE('',#7474,0.8);
#7474 = AXIS2_PLACEMENT_2D('',#7475,#7476);
#7475 = CARTESIAN_POINT('',(0.,0.));
#7476 = DIRECTION('',(1.,0.));
#7477 = ( GEOMETRIC_REPRESENTATION_CONTEXT(2) 
PARAMETRIC_REPRESENTATION_CONTEXT() REPRESENTATION_CONTEXT('2D SPACE',''
  ) );
#7478 = ORIENTED_EDGE('',*,*,#7429,.T.);
#7479 = ADVANCED_FACE('',(#7480),#7417,.T.);
#7480 = FACE_BOUND('',#7481,.T.);
#7481 = EDGE_LOOP('',(#7482));
#7482 = ORIENTED_EDGE('',*,*,#7395,.T.);
#7483 = ADVANCED_FACE('',(#7484),#7467,.F.);
#7484 = FACE_BOUND('',#7485,.T.);
#7485 = EDGE_LOOP('',(#7486));
#7486 = ORIENTED_EDGE('',*,*,#7452,.F.);
#7487 = ( GEOMETRIC_REPRESENTATION_CONTEXT(3) 
GLOBAL_UNCERTAINTY_ASSIGNED_CONTEXT((#7491)) 
GLOBAL_UNIT_ASSIGNED_CONTEXT((#7488,#7489,#7490)) REPRESENTATION_CONTEXT
('Context #1','3D Context with UNIT and UNCERTAINTY') );
#7488 = ( LENGTH_UNIT() NAMED_UNIT(*) SI_UNIT(.MILLI.,.METRE.) );
#7489 = ( NAMED_UNIT(*) PLANE_ANGLE_UNIT() SI_UNIT($,.RADIAN.) );
#7490 = ( NAMED_UNIT(*) SI_UNIT($,.STERADIAN.) SOLID_ANGLE_UNIT() );
#7491 = UNCERTAINTY_MEASURE_WITH_UNIT(LENGTH_MEASURE(1.E-07),#7488,
  'distance_accuracy_value','confusion accuracy');
#7492 = CONTEXT_DEPENDENT_SHAPE_REPRESENTATION(#7493,#7495);
#7493 = ( REPRESENTATION_RELATIONSHIP('','',#7388,#10) 
REPRESENTATION_RELATIONSHIP_WITH_TRANSFORMATION(#7494) 
SHAPE_REPRESENTATION_RELATIONSHIP() );
#7494 = ITEM_DEFINED_TRANSFORMATION('','',#11,#271);
#7495 = PRODUCT_DEFINITION_SHAPE('Placement','Placement of an item',
  #7496);
#7496 = NEXT_ASSEMBLY_USAGE_OCCURRENCE('65','0064_envelope_longeron_LR',
  '',#5,#7383,$);
#7497 = PRODUCT_RELATED_PRODUCT_CATEGORY('part',$,(#7385));
#7498 = SHAPE_DEFINITION_REPRESENTATION(#7499,#7505);
#7499 = PRODUCT_DEFINITION_SHAPE('','',#7500);
#7500 = PRODUCT_DEFINITION('design','',#7501,#7504);
#7501 = PRODUCT_DEFINITION_FORMATION('','',#7502);
#7502 = PRODUCT('0065_envelope_longeron_LR','0065_envelope_longeron_LR',
  '',(#7503));
#7503 = PRODUCT_CONTEXT('',#2,'mechanical');
#7504 = PRODUCT_DEFINITION_CONTEXT('part definition',#2,'design');
#7505 = ADVANCED_BREP_SHAPE_REPRESENTATION('',(#11,#7506),#7604);
#7506 = MANIFOLD_SOLID_BREP('',#7507);
#7507 = CLOSED_SHELL('',(#7508,#7596,#7600));
#7508 = ADVANCED_FACE('',(#7509),#7522,.T.);
#7509 = FACE_BOUND('',#7510,.T.);
#7510 = EDGE_LOOP('',(#7511,#7545,#7568,#7595));
#7511 = ORIENTED_EDGE('',*,*,#7512,.F.);
#7512 = EDGE_CURVE('',#7513,#7513,#7515,.T.);
#7513 = VERTEX_POINT('',#7514);
#7514 = CARTESIAN_POINT('',(45.,293.07646716804,244.92475385589));
#7515 = SURFACE_CURVE('',#7516,(#7521,#7533),.PCURVE_S1.);
#7516 = CIRCLE('',#7517,0.8);
#7517 = AXIS2_PLACEMENT_3D('',#7518,#7519,#7520);
#7518 = CARTESIAN_POINT('',(45.,293.333,244.167));
#7519 = DIRECTION('',(-5.320410593203E-02,0.945850772125,0.320211867336)
  );
#7520 = DIRECTION('',(0.,-0.320666039941,0.947192319874));
#7521 = PCURVE('',#7522,#7527);
#7522 = CYLINDRICAL_SURFACE('',#7523,0.8);
#7523 = AXIS2_PLACEMENT_3D('',#7524,#7525,#7526);
#7524 = CARTESIAN_POINT('',(54.,133.333,190.));
#7525 = DIRECTION('',(-5.320410593203E-02,0.945850772125,0.320211867336)
  );
#7526 = DIRECTION('',(0.,-0.320666039941,0.947192319874));
#7527 = DEFINITIONAL_REPRESENTATION('',(#7528),#7532);
#7528 = LINE('',#7529,#7530);
#7529 = CARTESIAN_POINT('',(0.,169.15987671135));
#7530 = VECTOR('',#7531,1.);
#7531 = DIRECTION('',(1.,0.));
#7532 = ( GEOMETRIC_REPRESENTATION_CONTEXT(2) 
PARAMETRIC_REPRESENTATION_CONTEXT() REPRESENTATION_CONTEXT('2D SPACE',''
  ) );
#7533 = PCURVE('',#7534,#7539);
#7534 = PLANE('',#7535);
#7535 = AXIS2_PLACEMENT_3D('',#7536,#7537,#7538);
#7536 = CARTESIAN_POINT('',(45.,293.333,244.167));
#7537 = DIRECTION('',(-5.320410593203E-02,0.945850772125,0.320211867336)
  );
#7538 = DIRECTION('',(0.,-0.320666039941,0.947192319874));
#7539 = DEFINITIONAL_REPRESENTATION('',(#7540),#7544);
#7540 = CIRCLE('',#7541,0.8);
#7541 = AXIS2_PLACEMENT_2D('',#7542,#7543);
#7542 = CARTESIAN_POINT('',(0.,0.));
#7543 = DIRECTION('',(1.,0.));
#7544 = ( GEOMETRIC_REPRESENTATION_CONTEXT(2) 
PARAMETRIC_REPRESENTATION_CONTEXT() REPRESENTATION_CONTEXT('2D SPACE',''
  ) );
#7545 = ORIENTED_EDGE('',*,*,#7546,.F.);
#7546 = EDGE_CURVE('',#7547,#7513,#7549,.T.);
#7547 = VERTEX_POINT('',#7548);
#7548 = CARTESIAN_POINT('',(54.,133.07646716804,190.75775385589));
#7549 = SEAM_CURVE('',#7550,(#7554,#7561),.PCURVE_S1.);
#7550 = LINE('',#7551,#7552);
#7551 = CARTESIAN_POINT('',(54.,133.07646716804,190.75775385589));
#7552 = VECTOR('',#7553,1.);
#7553 = DIRECTION('',(-5.320410593203E-02,0.945850772125,0.320211867336)
  );
#7554 = PCURVE('',#7522,#7555);
#7555 = DEFINITIONAL_REPRESENTATION('',(#7556),#7560);
#7556 = LINE('',#7557,#7558);
#7557 = CARTESIAN_POINT('',(6.28318530718,-0.));
#7558 = VECTOR('',#7559,1.);
#7559 = DIRECTION('',(0.,1.));
#7560 = ( GEOMETRIC_REPRESENTATION_CONTEXT(2) 
PARAMETRIC_REPRESENTATION_CONTEXT() REPRESENTATION_CONTEXT('2D SPACE',''
  ) );
#7561 = PCURVE('',#7522,#7562);
#7562 = DEFINITIONAL_REPRESENTATION('',(#7563),#7567);
#7563 = LINE('',#7564,#7565);
#7564 = CARTESIAN_POINT('',(0.,-0.));
#7565 = VECTOR('',#7566,1.);
#7566 = DIRECTION('',(0.,1.));
#7567 = ( GEOMETRIC_REPRESENTATION_CONTEXT(2) 
PARAMETRIC_REPRESENTATION_CONTEXT() REPRESENTATION_CONTEXT('2D SPACE',''
  ) );
#7568 = ORIENTED_EDGE('',*,*,#7569,.T.);
#7569 = EDGE_CURVE('',#7547,#7547,#7570,.T.);
#7570 = SURFACE_CURVE('',#7571,(#7576,#7583),.PCURVE_S1.);
#7571 = CIRCLE('',#7572,0.8);
#7572 = AXIS2_PLACEMENT_3D('',#7573,#7574,#7575);
#7573 = CARTESIAN_POINT('',(54.,133.333,190.));
#7574 = DIRECTION('',(-5.320410593203E-02,0.945850772125,0.320211867336)
  );
#7575 = DIRECTION('',(0.,-0.320666039941,0.947192319874));
#7576 = PCURVE('',#7522,#7577);
#7577 = DEFINITIONAL_REPRESENTATION('',(#7578),#7582);
#7578 = LINE('',#7579,#7580);
#7579 = CARTESIAN_POINT('',(0.,0.));
#7580 = VECTOR('',#7581,1.);
#7581 = DIRECTION('',(1.,0.));
#7582 = ( GEOMETRIC_REPRESENTATION_CONTEXT(2) 
PARAMETRIC_REPRESENTATION_CONTEXT() REPRESENTATION_CONTEXT('2D SPACE',''
  ) );
#7583 = PCURVE('',#7584,#7589);
#7584 = PLANE('',#7585);
#7585 = AXIS2_PLACEMENT_3D('',#7586,#7587,#7588);
#7586 = CARTESIAN_POINT('',(54.,133.333,190.));
#7587 = DIRECTION('',(-5.320410593203E-02,0.945850772125,0.320211867336)
  );
#7588 = DIRECTION('',(0.,-0.320666039941,0.947192319874));
#7589 = DEFINITIONAL_REPRESENTATION('',(#7590),#7594);
#7590 = CIRCLE('',#7591,0.8);
#7591 = AXIS2_PLACEMENT_2D('',#7592,#7593);
#7592 = CARTESIAN_POINT('',(0.,0.));
#7593 = DIRECTION('',(1.,0.));
#7594 = ( GEOMETRIC_REPRESENTATION_CONTEXT(2) 
PARAMETRIC_REPRESENTATION_CONTEXT() REPRESENTATION_CONTEXT('2D SPACE',''
  ) );
#7595 = ORIENTED_EDGE('',*,*,#7546,.T.);
#7596 = ADVANCED_FACE('',(#7597),#7534,.T.);
#7597 = FACE_BOUND('',#7598,.T.);
#7598 = EDGE_LOOP('',(#7599));
#7599 = ORIENTED_EDGE('',*,*,#7512,.T.);
#7600 = ADVANCED_FACE('',(#7601),#7584,.F.);
#7601 = FACE_BOUND('',#7602,.T.);
#7602 = EDGE_LOOP('',(#7603));
#7603 = ORIENTED_EDGE('',*,*,#7569,.F.);
#7604 = ( GEOMETRIC_REPRESENTATION_CONTEXT(3) 
GLOBAL_UNCERTAINTY_ASSIGNED_CONTEXT((#7608)) 
GLOBAL_UNIT_ASSIGNED_CONTEXT((#7605,#7606,#7607)) REPRESENTATION_CONTEXT
('Context #1','3D Context with UNIT and UNCERTAINTY') );
#7605 = ( LENGTH_UNIT() NAMED_UNIT(*) SI_UNIT(.MILLI.,.METRE.) );
#7606 = ( NAMED_UNIT(*) PLANE_ANGLE_UNIT() SI_UNIT($,.RADIAN.) );
#7607 = ( NAMED_UNIT(*) SI_UNIT($,.STERADIAN.) SOLID_ANGLE_UNIT() );
#7608 = UNCERTAINTY_MEASURE_WITH_UNIT(LENGTH_MEASURE(1.E-07),#7605,
  'distance_accuracy_value','confusion accuracy');
#7609 = CONTEXT_DEPENDENT_SHAPE_REPRESENTATION(#7610,#7612);
#7610 = ( REPRESENTATION_RELATIONSHIP('','',#7505,#10) 
REPRESENTATION_RELATIONSHIP_WITH_TRANSFORMATION(#7611) 
SHAPE_REPRESENTATION_RELATIONSHIP() );
#7611 = ITEM_DEFINED_TRANSFORMATION('','',#11,#275);
#7612 = PRODUCT_DEFINITION_SHAPE('Placement','Placement of an item',
  #7613);
#7613 = NEXT_ASSEMBLY_USAGE_OCCURRENCE('66','0065_envelope_longeron_LR',
  '',#5,#7500,$);
#7614 = PRODUCT_RELATED_PRODUCT_CATEGORY('part',$,(#7502));
#7615 = SHAPE_DEFINITION_REPRESENTATION(#7616,#7622);
#7616 = PRODUCT_DEFINITION_SHAPE('','',#7617);
#7617 = PRODUCT_DEFINITION('design','',#7618,#7621);
#7618 = PRODUCT_DEFINITION_FORMATION('','',#7619);
#7619 = PRODUCT('0066_envelope_longeron_LR','0066_envelope_longeron_LR',
  '',(#7620));
#7620 = PRODUCT_CONTEXT('',#2,'mechanical');
#7621 = PRODUCT_DEFINITION_CONTEXT('part definition',#2,'design');
#7622 = ADVANCED_BREP_SHAPE_REPRESENTATION('',(#11,#7623),#7721);
#7623 = MANIFOLD_SOLID_BREP('',#7624);
#7624 = CLOSED_SHELL('',(#7625,#7713,#7717));
#7625 = ADVANCED_FACE('',(#7626),#7639,.T.);
#7626 = FACE_BOUND('',#7627,.T.);
#7627 = EDGE_LOOP('',(#7628,#7662,#7685,#7712));
#7628 = ORIENTED_EDGE('',*,*,#7629,.F.);
#7629 = EDGE_CURVE('',#7630,#7630,#7632,.T.);
#7630 = VERTEX_POINT('',#7631);
#7631 = CARTESIAN_POINT('',(39.,419.86511526877,266.62254683391));
#7632 = SURFACE_CURVE('',#7633,(#7638,#7650),.PCURVE_S1.);
#7633 = CIRCLE('',#7634,0.8);
#7634 = AXIS2_PLACEMENT_3D('',#7635,#7636,#7637);
#7635 = CARTESIAN_POINT('',(39.,420.,265.834));
#7636 = DIRECTION('',(-4.663934168152E-02,0.984610915462,0.168422436036)
  );
#7637 = DIRECTION('',(0.,-0.168605914035,0.985683542397));
#7638 = PCURVE('',#7639,#7644);
#7639 = CYLINDRICAL_SURFACE('',#7640,0.8);
#7640 = AXIS2_PLACEMENT_3D('',#7641,#7642,#7643);
#7641 = CARTESIAN_POINT('',(45.,293.333,244.167));
#7642 = DIRECTION('',(-4.663934168152E-02,0.984610915462,0.168422436036)
  );
#7643 = DIRECTION('',(0.,-0.168605914035,0.985683542397));
#7644 = DEFINITIONAL_REPRESENTATION('',(#7645),#7649);
#7645 = LINE('',#7646,#7647);
#7646 = CARTESIAN_POINT('',(0.,128.64675580052));
#7647 = VECTOR('',#7648,1.);
#7648 = DIRECTION('',(1.,0.));
#7649 = ( GEOMETRIC_REPRESENTATION_CONTEXT(2) 
PARAMETRIC_REPRESENTATION_CONTEXT() REPRESENTATION_CONTEXT('2D SPACE',''
  ) );
#7650 = PCURVE('',#7651,#7656);
#7651 = PLANE('',#7652);
#7652 = AXIS2_PLACEMENT_3D('',#7653,#7654,#7655);
#7653 = CARTESIAN_POINT('',(39.,420.,265.834));
#7654 = DIRECTION('',(-4.663934168152E-02,0.984610915462,0.168422436036)
  );
#7655 = DIRECTION('',(0.,-0.168605914035,0.985683542397));
#7656 = DEFINITIONAL_REPRESENTATION('',(#7657),#7661);
#7657 = CIRCLE('',#7658,0.8);
#7658 = AXIS2_PLACEMENT_2D('',#7659,#7660);
#7659 = CARTESIAN_POINT('',(0.,0.));
#7660 = DIRECTION('',(1.,0.));
#7661 = ( GEOMETRIC_REPRESENTATION_CONTEXT(2) 
PARAMETRIC_REPRESENTATION_CONTEXT() REPRESENTATION_CONTEXT('2D SPACE',''
  ) );
#7662 = ORIENTED_EDGE('',*,*,#7663,.F.);
#7663 = EDGE_CURVE('',#7664,#7630,#7666,.T.);
#7664 = VERTEX_POINT('',#7665);
#7665 = CARTESIAN_POINT('',(45.,293.19811526877,244.95554683391));
#7666 = SEAM_CURVE('',#7667,(#7671,#7678),.PCURVE_S1.);
#7667 = LINE('',#7668,#7669);
#7668 = CARTESIAN_POINT('',(45.,293.19811526877,244.95554683391));
#7669 = VECTOR('',#7670,1.);
#7670 = DIRECTION('',(-4.663934168152E-02,0.984610915462,0.168422436036)
  );
#7671 = PCURVE('',#7639,#7672);
#7672 = DEFINITIONAL_REPRESENTATION('',(#7673),#7677);
#7673 = LINE('',#7674,#7675);
#7674 = CARTESIAN_POINT('',(6.28318530718,-0.));
#7675 = VECTOR('',#7676,1.);
#7676 = DIRECTION('',(0.,1.));
#7677 = ( GEOMETRIC_REPRESENTATION_CONTEXT(2) 
PARAMETRIC_REPRESENTATION_CONTEXT() REPRESENTATION_CONTEXT('2D SPACE',''
  ) );
#7678 = PCURVE('',#7639,#7679);
#7679 = DEFINITIONAL_REPRESENTATION('',(#7680),#7684);
#7680 = LINE('',#7681,#7682);
#7681 = CARTESIAN_POINT('',(0.,-0.));
#7682 = VECTOR('',#7683,1.);
#7683 = DIRECTION('',(0.,1.));
#7684 = ( GEOMETRIC_REPRESENTATION_CONTEXT(2) 
PARAMETRIC_REPRESENTATION_CONTEXT() REPRESENTATION_CONTEXT('2D SPACE',''
  ) );
#7685 = ORIENTED_EDGE('',*,*,#7686,.T.);
#7686 = EDGE_CURVE('',#7664,#7664,#7687,.T.);
#7687 = SURFACE_CURVE('',#7688,(#7693,#7700),.PCURVE_S1.);
#7688 = CIRCLE('',#7689,0.8);
#7689 = AXIS2_PLACEMENT_3D('',#7690,#7691,#7692);
#7690 = CARTESIAN_POINT('',(45.,293.333,244.167));
#7691 = DIRECTION('',(-4.663934168152E-02,0.984610915462,0.168422436036)
  );
#7692 = DIRECTION('',(0.,-0.168605914035,0.985683542397));
#7693 = PCURVE('',#7639,#7694);
#7694 = DEFINITIONAL_REPRESENTATION('',(#7695),#7699);
#7695 = LINE('',#7696,#7697);
#7696 = CARTESIAN_POINT('',(0.,0.));
#7697 = VECTOR('',#7698,1.);
#7698 = DIRECTION('',(1.,0.));
#7699 = ( GEOMETRIC_REPRESENTATION_CONTEXT(2) 
PARAMETRIC_REPRESENTATION_CONTEXT() REPRESENTATION_CONTEXT('2D SPACE',''
  ) );
#7700 = PCURVE('',#7701,#7706);
#7701 = PLANE('',#7702);
#7702 = AXIS2_PLACEMENT_3D('',#7703,#7704,#7705);
#7703 = CARTESIAN_POINT('',(45.,293.333,244.167));
#7704 = DIRECTION('',(-4.663934168152E-02,0.984610915462,0.168422436036)
  );
#7705 = DIRECTION('',(0.,-0.168605914035,0.985683542397));
#7706 = DEFINITIONAL_REPRESENTATION('',(#7707),#7711);
#7707 = CIRCLE('',#7708,0.8);
#7708 = AXIS2_PLACEMENT_2D('',#7709,#7710);
#7709 = CARTESIAN_POINT('',(0.,0.));
#7710 = DIRECTION('',(1.,0.));
#7711 = ( GEOMETRIC_REPRESENTATION_CONTEXT(2) 
PARAMETRIC_REPRESENTATION_CONTEXT() REPRESENTATION_CONTEXT('2D SPACE',''
  ) );
#7712 = ORIENTED_EDGE('',*,*,#7663,.T.);
#7713 = ADVANCED_FACE('',(#7714),#7651,.T.);
#7714 = FACE_BOUND('',#7715,.T.);
#7715 = EDGE_LOOP('',(#7716));
#7716 = ORIENTED_EDGE('',*,*,#7629,.T.);
#7717 = ADVANCED_FACE('',(#7718),#7701,.F.);
#7718 = FACE_BOUND('',#7719,.T.);
#7719 = EDGE_LOOP('',(#7720));
#7720 = ORIENTED_EDGE('',*,*,#7686,.F.);
#7721 = ( GEOMETRIC_REPRESENTATION_CONTEXT(3) 
GLOBAL_UNCERTAINTY_ASSIGNED_CONTEXT((#7725)) 
GLOBAL_UNIT_ASSIGNED_CONTEXT((#7722,#7723,#7724)) REPRESENTATION_CONTEXT
('Context #1','3D Context with UNIT and UNCERTAINTY') );
#7722 = ( LENGTH_UNIT() NAMED_UNIT(*) SI_UNIT(.MILLI.,.METRE.) );
#7723 = ( NAMED_UNIT(*) PLANE_ANGLE_UNIT() SI_UNIT($,.RADIAN.) );
#7724 = ( NAMED_UNIT(*) SI_UNIT($,.STERADIAN.) SOLID_ANGLE_UNIT() );
#7725 = UNCERTAINTY_MEASURE_WITH_UNIT(LENGTH_MEASURE(1.E-07),#7722,
  'distance_accuracy_value','confusion accuracy');
#7726 = CONTEXT_DEPENDENT_SHAPE_REPRESENTATION(#7727,#7729);
#7727 = ( REPRESENTATION_RELATIONSHIP('','',#7622,#10) 
REPRESENTATION_RELATIONSHIP_WITH_TRANSFORMATION(#7728) 
SHAPE_REPRESENTATION_RELATIONSHIP() );
#7728 = ITEM_DEFINED_TRANSFORMATION('','',#11,#279);
#7729 = PRODUCT_DEFINITION_SHAPE('Placement','Placement of an item',
  #7730);
#7730 = NEXT_ASSEMBLY_USAGE_OCCURRENCE('67','0066_envelope_longeron_LR',
  '',#5,#7617,$);
#7731 = PRODUCT_RELATED_PRODUCT_CATEGORY('part',$,(#7619));
#7732 = SHAPE_DEFINITION_REPRESENTATION(#7733,#7739);
#7733 = PRODUCT_DEFINITION_SHAPE('','',#7734);
#7734 = PRODUCT_DEFINITION('design','',#7735,#7738);
#7735 = PRODUCT_DEFINITION_FORMATION('','',#7736);
#7736 = PRODUCT('0067_envelope_longeron_LL','0067_envelope_longeron_LL',
  '',(#7737));
#7737 = PRODUCT_CONTEXT('',#2,'mechanical');
#7738 = PRODUCT_DEFINITION_CONTEXT('part definition',#2,'design');
#7739 = ADVANCED_BREP_SHAPE_REPRESENTATION('',(#11,#7740),#7838);
#7740 = MANIFOLD_SOLID_BREP('',#7741);
#7741 = CLOSED_SHELL('',(#7742,#7830,#7834));
#7742 = ADVANCED_FACE('',(#7743),#7756,.T.);
#7743 = FACE_BOUND('',#7744,.T.);
#7744 = EDGE_LOOP('',(#7745,#7779,#7802,#7829));
#7745 = ORIENTED_EDGE('',*,*,#7746,.F.);
#7746 = EDGE_CURVE('',#7747,#7747,#7749,.T.);
#7747 = VERTEX_POINT('',#7748);
#7748 = CARTESIAN_POINT('',(-54.,133.39779062731,190.79737204278));
#7749 = SURFACE_CURVE('',#7750,(#7755,#7767),.PCURVE_S1.);
#7750 = CIRCLE('',#7751,0.8);
#7751 = AXIS2_PLACEMENT_3D('',#7752,#7753,#7754);
#7752 = CARTESIAN_POINT('',(-54.,133.333,190.));
#7753 = DIRECTION('',(-4.480724219255E-02,0.995714003877,
    -8.090694365235E-02));
#7754 = DIRECTION('',(-8.673617379884E-19,8.098828414116E-02,
    0.996715053479));
#7755 = PCURVE('',#7756,#7761);
#7756 = CYLINDRICAL_SURFACE('',#7757,0.8);
#7757 = AXIS2_PLACEMENT_3D('',#7758,#7759,#7760);
#7758 = CARTESIAN_POINT('',(-48.,0.,200.834));
#7759 = DIRECTION('',(-4.480724219255E-02,0.995714003877,
    -8.090694365235E-02));
#7760 = DIRECTION('',(-4.336808689942E-19,8.098828414116E-02,
    0.996715053479));
#7761 = DEFINITIONAL_REPRESENTATION('',(#7762),#7766);
#7762 = LINE('',#7763,#7764);
#7763 = CARTESIAN_POINT('',(0.,133.90692455956));
#7764 = VECTOR('',#7765,1.);
#7765 = DIRECTION('',(1.,0.));
#7766 = ( GEOMETRIC_REPRESENTATION_CONTEXT(2) 
PARAMETRIC_REPRESENTATION_CONTEXT() REPRESENTATION_CONTEXT('2D SPACE',''
  ) );
#7767 = PCURVE('',#7768,#7773);
#7768 = PLANE('',#7769);
#7769 = AXIS2_PLACEMENT_3D('',#7770,#7771,#7772);
#7770 = CARTESIAN_POINT('',(-54.,133.333,190.));
#7771 = DIRECTION('',(-4.480724219255E-02,0.995714003877,
    -8.090694365235E-02));
#7772 = DIRECTION('',(-4.336808689942E-19,8.098828414116E-02,
    0.996715053479));
#7773 = DEFINITIONAL_REPRESENTATION('',(#7774),#7778);
#7774 = CIRCLE('',#7775,0.8);
#7775 = AXIS2_PLACEMENT_2D('',#7776,#7777);
#7776 = CARTESIAN_POINT('',(0.,0.));
#7777 = DIRECTION('',(1.,0.));
#7778 = ( GEOMETRIC_REPRESENTATION_CONTEXT(2) 
PARAMETRIC_REPRESENTATION_CONTEXT() REPRESENTATION_CONTEXT('2D SPACE',''
  ) );
#7779 = ORIENTED_EDGE('',*,*,#7780,.F.);
#7780 = EDGE_CURVE('',#7781,#7747,#7783,.T.);
#7781 = VERTEX_POINT('',#7782);
#7782 = CARTESIAN_POINT('',(-48.,6.479062731292E-02,201.63137204278));
#7783 = SEAM_CURVE('',#7784,(#7788,#7795),.PCURVE_S1.);
#7784 = LINE('',#7785,#7786);
#7785 = CARTESIAN_POINT('',(-48.,6.479062731292E-02,201.63137204278));
#7786 = VECTOR('',#7787,1.);
#7787 = DIRECTION('',(-4.480724219255E-02,0.995714003877,
    -8.090694365235E-02));
#7788 = PCURVE('',#7756,#7789);
#7789 = DEFINITIONAL_REPRESENTATION('',(#7790),#7794);
#7790 = LINE('',#7791,#7792);
#7791 = CARTESIAN_POINT('',(6.28318530718,-0.));
#7792 = VECTOR('',#7793,1.);
#7793 = DIRECTION('',(0.,1.));
#7794 = ( GEOMETRIC_REPRESENTATION_CONTEXT(2) 
PARAMETRIC_REPRESENTATION_CONTEXT() REPRESENTATION_CONTEXT('2D SPACE',''
  ) );
#7795 = PCURVE('',#7756,#7796);
#7796 = DEFINITIONAL_REPRESENTATION('',(#7797),#7801);
#7797 = LINE('',#7798,#7799);
#7798 = CARTESIAN_POINT('',(0.,-0.));
#7799 = VECTOR('',#7800,1.);
#7800 = DIRECTION('',(0.,1.));
#7801 = ( GEOMETRIC_REPRESENTATION_CONTEXT(2) 
PARAMETRIC_REPRESENTATION_CONTEXT() REPRESENTATION_CONTEXT('2D SPACE',''
  ) );
#7802 = ORIENTED_EDGE('',*,*,#7803,.T.);
#7803 = EDGE_CURVE('',#7781,#7781,#7804,.T.);
#7804 = SURFACE_CURVE('',#7805,(#7810,#7817),.PCURVE_S1.);
#7805 = CIRCLE('',#7806,0.8);
#7806 = AXIS2_PLACEMENT_3D('',#7807,#7808,#7809);
#7807 = CARTESIAN_POINT('',(-48.,0.,200.834));
#7808 = DIRECTION('',(-4.480724219255E-02,0.995714003877,
    -8.090694365235E-02));
#7809 = DIRECTION('',(-8.673617379884E-19,8.098828414116E-02,
    0.996715053479));
#7810 = PCURVE('',#7756,#7811);
#7811 = DEFINITIONAL_REPRESENTATION('',(#7812),#7816);
#7812 = LINE('',#7813,#7814);
#7813 = CARTESIAN_POINT('',(0.,0.));
#7814 = VECTOR('',#7815,1.);
#7815 = DIRECTION('',(1.,0.));
#7816 = ( GEOMETRIC_REPRESENTATION_CONTEXT(2) 
PARAMETRIC_REPRESENTATION_CONTEXT() REPRESENTATION_CONTEXT('2D SPACE',''
  ) );
#7817 = PCURVE('',#7818,#7823);
#7818 = PLANE('',#7819);
#7819 = AXIS2_PLACEMENT_3D('',#7820,#7821,#7822);
#7820 = CARTESIAN_POINT('',(-48.,0.,200.834));
#7821 = DIRECTION('',(-4.480724219255E-02,0.995714003877,
    -8.090694365235E-02));
#7822 = DIRECTION('',(-4.336808689942E-19,8.098828414116E-02,
    0.996715053479));
#7823 = DEFINITIONAL_REPRESENTATION('',(#7824),#7828);
#7824 = CIRCLE('',#7825,0.8);
#7825 = AXIS2_PLACEMENT_2D('',#7826,#7827);
#7826 = CARTESIAN_POINT('',(0.,0.));
#7827 = DIRECTION('',(1.,0.));
#7828 = ( GEOMETRIC_REPRESENTATION_CONTEXT(2) 
PARAMETRIC_REPRESENTATION_CONTEXT() REPRESENTATION_CONTEXT('2D SPACE',''
  ) );
#7829 = ORIENTED_EDGE('',*,*,#7780,.T.);
#7830 = ADVANCED_FACE('',(#7831),#7768,.T.);
#7831 = FACE_BOUND('',#7832,.T.);
#7832 = EDGE_LOOP('',(#7833));
#7833 = ORIENTED_EDGE('',*,*,#7746,.T.);
#7834 = ADVANCED_FACE('',(#7835),#7818,.F.);
#7835 = FACE_BOUND('',#7836,.T.);
#7836 = EDGE_LOOP('',(#7837));
#7837 = ORIENTED_EDGE('',*,*,#7803,.F.);
#7838 = ( GEOMETRIC_REPRESENTATION_CONTEXT(3) 
GLOBAL_UNCERTAINTY_ASSIGNED_CONTEXT((#7842)) 
GLOBAL_UNIT_ASSIGNED_CONTEXT((#7839,#7840,#7841)) REPRESENTATION_CONTEXT
('Context #1','3D Context with UNIT and UNCERTAINTY') );
#7839 = ( LENGTH_UNIT() NAMED_UNIT(*) SI_UNIT(.MILLI.,.METRE.) );
#7840 = ( NAMED_UNIT(*) PLANE_ANGLE_UNIT() SI_UNIT($,.RADIAN.) );
#7841 = ( NAMED_UNIT(*) SI_UNIT($,.STERADIAN.) SOLID_ANGLE_UNIT() );
#7842 = UNCERTAINTY_MEASURE_WITH_UNIT(LENGTH_MEASURE(1.E-07),#7839,
  'distance_accuracy_value','confusion accuracy');
#7843 = CONTEXT_DEPENDENT_SHAPE_REPRESENTATION(#7844,#7846);
#7844 = ( REPRESENTATION_RELATIONSHIP('','',#7739,#10) 
REPRESENTATION_RELATIONSHIP_WITH_TRANSFORMATION(#7845) 
SHAPE_REPRESENTATION_RELATIONSHIP() );
#7845 = ITEM_DEFINED_TRANSFORMATION('','',#11,#283);
#7846 = PRODUCT_DEFINITION_SHAPE('Placement','Placement of an item',
  #7847);
#7847 = NEXT_ASSEMBLY_USAGE_OCCURRENCE('68','0067_envelope_longeron_LL',
  '',#5,#7734,$);
#7848 = PRODUCT_RELATED_PRODUCT_CATEGORY('part',$,(#7736));
#7849 = SHAPE_DEFINITION_REPRESENTATION(#7850,#7856);
#7850 = PRODUCT_DEFINITION_SHAPE('','',#7851);
#7851 = PRODUCT_DEFINITION('design','',#7852,#7855);
#7852 = PRODUCT_DEFINITION_FORMATION('','',#7853);
#7853 = PRODUCT('0068_envelope_longeron_LL','0068_envelope_longeron_LL',
  '',(#7854));
#7854 = PRODUCT_CONTEXT('',#2,'mechanical');
#7855 = PRODUCT_DEFINITION_CONTEXT('part definition',#2,'design');
#7856 = ADVANCED_BREP_SHAPE_REPRESENTATION('',(#11,#7857),#7955);
#7857 = MANIFOLD_SOLID_BREP('',#7858);
#7858 = CLOSED_SHELL('',(#7859,#7947,#7951));
#7859 = ADVANCED_FACE('',(#7860),#7873,.T.);
#7860 = FACE_BOUND('',#7861,.T.);
#7861 = EDGE_LOOP('',(#7862,#7896,#7919,#7946));
#7862 = ORIENTED_EDGE('',*,*,#7863,.F.);
#7863 = EDGE_CURVE('',#7864,#7864,#7866,.T.);
#7864 = VERTEX_POINT('',#7865);
#7865 = CARTESIAN_POINT('',(-45.,293.07646716804,244.92475385589));
#7866 = SURFACE_CURVE('',#7867,(#7872,#7884),.PCURVE_S1.);
#7867 = CIRCLE('',#7868,0.8);
#7868 = AXIS2_PLACEMENT_3D('',#7869,#7870,#7871);
#7869 = CARTESIAN_POINT('',(-45.,293.333,244.167));
#7870 = DIRECTION('',(5.320410593203E-02,0.945850772125,0.320211867336)
  );
#7871 = DIRECTION('',(0.,-0.320666039941,0.947192319874));
#7872 = PCURVE('',#7873,#7878);
#7873 = CYLINDRICAL_SURFACE('',#7874,0.8);
#7874 = AXIS2_PLACEMENT_3D('',#7875,#7876,#7877);
#7875 = CARTESIAN_POINT('',(-54.,133.333,190.));
#7876 = DIRECTION('',(5.320410593203E-02,0.945850772125,0.320211867336)
  );
#7877 = DIRECTION('',(0.,-0.320666039941,0.947192319874));
#7878 = DEFINITIONAL_REPRESENTATION('',(#7879),#7883);
#7879 = LINE('',#7880,#7881);
#7880 = CARTESIAN_POINT('',(0.,169.15987671135));
#7881 = VECTOR('',#7882,1.);
#7882 = DIRECTION('',(1.,0.));
#7883 = ( GEOMETRIC_REPRESENTATION_CONTEXT(2) 
PARAMETRIC_REPRESENTATION_CONTEXT() REPRESENTATION_CONTEXT('2D SPACE',''
  ) );
#7884 = PCURVE('',#7885,#7890);
#7885 = PLANE('',#7886);
#7886 = AXIS2_PLACEMENT_3D('',#7887,#7888,#7889);
#7887 = CARTESIAN_POINT('',(-45.,293.333,244.167));
#7888 = DIRECTION('',(5.320410593203E-02,0.945850772125,0.320211867336)
  );
#7889 = DIRECTION('',(0.,-0.320666039941,0.947192319874));
#7890 = DEFINITIONAL_REPRESENTATION('',(#7891),#7895);
#7891 = CIRCLE('',#7892,0.8);
#7892 = AXIS2_PLACEMENT_2D('',#7893,#7894);
#7893 = CARTESIAN_POINT('',(0.,0.));
#7894 = DIRECTION('',(1.,0.));
#7895 = ( GEOMETRIC_REPRESENTATION_CONTEXT(2) 
PARAMETRIC_REPRESENTATION_CONTEXT() REPRESENTATION_CONTEXT('2D SPACE',''
  ) );
#7896 = ORIENTED_EDGE('',*,*,#7897,.F.);
#7897 = EDGE_CURVE('',#7898,#7864,#7900,.T.);
#7898 = VERTEX_POINT('',#7899);
#7899 = CARTESIAN_POINT('',(-54.,133.07646716804,190.75775385589));
#7900 = SEAM_CURVE('',#7901,(#7905,#7912),.PCURVE_S1.);
#7901 = LINE('',#7902,#7903);
#7902 = CARTESIAN_POINT('',(-54.,133.07646716804,190.75775385589));
#7903 = VECTOR('',#7904,1.);
#7904 = DIRECTION('',(5.320410593203E-02,0.945850772125,0.320211867336)
  );
#7905 = PCURVE('',#7873,#7906);
#7906 = DEFINITIONAL_REPRESENTATION('',(#7907),#7911);
#7907 = LINE('',#7908,#7909);
#7908 = CARTESIAN_POINT('',(6.28318530718,-0.));
#7909 = VECTOR('',#7910,1.);
#7910 = DIRECTION('',(0.,1.));
#7911 = ( GEOMETRIC_REPRESENTATION_CONTEXT(2) 
PARAMETRIC_REPRESENTATION_CONTEXT() REPRESENTATION_CONTEXT('2D SPACE',''
  ) );
#7912 = PCURVE('',#7873,#7913);
#7913 = DEFINITIONAL_REPRESENTATION('',(#7914),#7918);
#7914 = LINE('',#7915,#7916);
#7915 = CARTESIAN_POINT('',(0.,-0.));
#7916 = VECTOR('',#7917,1.);
#7917 = DIRECTION('',(0.,1.));
#7918 = ( GEOMETRIC_REPRESENTATION_CONTEXT(2) 
PARAMETRIC_REPRESENTATION_CONTEXT() REPRESENTATION_CONTEXT('2D SPACE',''
  ) );
#7919 = ORIENTED_EDGE('',*,*,#7920,.T.);
#7920 = EDGE_CURVE('',#7898,#7898,#7921,.T.);
#7921 = SURFACE_CURVE('',#7922,(#7927,#7934),.PCURVE_S1.);
#7922 = CIRCLE('',#7923,0.8);
#7923 = AXIS2_PLACEMENT_3D('',#7924,#7925,#7926);
#7924 = CARTESIAN_POINT('',(-54.,133.333,190.));
#7925 = DIRECTION('',(5.320410593203E-02,0.945850772125,0.320211867336)
  );
#7926 = DIRECTION('',(0.,-0.320666039941,0.947192319874));
#7927 = PCURVE('',#7873,#7928);
#7928 = DEFINITIONAL_REPRESENTATION('',(#7929),#7933);
#7929 = LINE('',#7930,#7931);
#7930 = CARTESIAN_POINT('',(0.,0.));
#7931 = VECTOR('',#7932,1.);
#7932 = DIRECTION('',(1.,0.));
#7933 = ( GEOMETRIC_REPRESENTATION_CONTEXT(2) 
PARAMETRIC_REPRESENTATION_CONTEXT() REPRESENTATION_CONTEXT('2D SPACE',''
  ) );
#7934 = PCURVE('',#7935,#7940);
#7935 = PLANE('',#7936);
#7936 = AXIS2_PLACEMENT_3D('',#7937,#7938,#7939);
#7937 = CARTESIAN_POINT('',(-54.,133.333,190.));
#7938 = DIRECTION('',(5.320410593203E-02,0.945850772125,0.320211867336)
  );
#7939 = DIRECTION('',(0.,-0.320666039941,0.947192319874));
#7940 = DEFINITIONAL_REPRESENTATION('',(#7941),#7945);
#7941 = CIRCLE('',#7942,0.8);
#7942 = AXIS2_PLACEMENT_2D('',#7943,#7944);
#7943 = CARTESIAN_POINT('',(0.,0.));
#7944 = DIRECTION('',(1.,0.));
#7945 = ( GEOMETRIC_REPRESENTATION_CONTEXT(2) 
PARAMETRIC_REPRESENTATION_CONTEXT() REPRESENTATION_CONTEXT('2D SPACE',''
  ) );
#7946 = ORIENTED_EDGE('',*,*,#7897,.T.);
#7947 = ADVANCED_FACE('',(#7948),#7885,.T.);
#7948 = FACE_BOUND('',#7949,.T.);
#7949 = EDGE_LOOP('',(#7950));
#7950 = ORIENTED_EDGE('',*,*,#7863,.T.);
#7951 = ADVANCED_FACE('',(#7952),#7935,.F.);
#7952 = FACE_BOUND('',#7953,.T.);
#7953 = EDGE_LOOP('',(#7954));
#7954 = ORIENTED_EDGE('',*,*,#7920,.F.);
#7955 = ( GEOMETRIC_REPRESENTATION_CONTEXT(3) 
GLOBAL_UNCERTAINTY_ASSIGNED_CONTEXT((#7959)) 
GLOBAL_UNIT_ASSIGNED_CONTEXT((#7956,#7957,#7958)) REPRESENTATION_CONTEXT
('Context #1','3D Context with UNIT and UNCERTAINTY') );
#7956 = ( LENGTH_UNIT() NAMED_UNIT(*) SI_UNIT(.MILLI.,.METRE.) );
#7957 = ( NAMED_UNIT(*) PLANE_ANGLE_UNIT() SI_UNIT($,.RADIAN.) );
#7958 = ( NAMED_UNIT(*) SI_UNIT($,.STERADIAN.) SOLID_ANGLE_UNIT() );
#7959 = UNCERTAINTY_MEASURE_WITH_UNIT(LENGTH_MEASURE(1.E-07),#7956,
  'distance_accuracy_value','confusion accuracy');
#7960 = CONTEXT_DEPENDENT_SHAPE_REPRESENTATION(#7961,#7963);
#7961 = ( REPRESENTATION_RELATIONSHIP('','',#7856,#10) 
REPRESENTATION_RELATIONSHIP_WITH_TRANSFORMATION(#7962) 
SHAPE_REPRESENTATION_RELATIONSHIP() );
#7962 = ITEM_DEFINED_TRANSFORMATION('','',#11,#287);
#7963 = PRODUCT_DEFINITION_SHAPE('Placement','Placement of an item',
  #7964);
#7964 = NEXT_ASSEMBLY_USAGE_OCCURRENCE('69','0068_envelope_longeron_LL',
  '',#5,#7851,$);
#7965 = PRODUCT_RELATED_PRODUCT_CATEGORY('part',$,(#7853));
#7966 = SHAPE_DEFINITION_REPRESENTATION(#7967,#7973);
#7967 = PRODUCT_DEFINITION_SHAPE('','',#7968);
#7968 = PRODUCT_DEFINITION('design','',#7969,#7972);
#7969 = PRODUCT_DEFINITION_FORMATION('','',#7970);
#7970 = PRODUCT('0069_envelope_longeron_LL','0069_envelope_longeron_LL',
  '',(#7971));
#7971 = PRODUCT_CONTEXT('',#2,'mechanical');
#7972 = PRODUCT_DEFINITION_CONTEXT('part definition',#2,'design');
#7973 = ADVANCED_BREP_SHAPE_REPRESENTATION('',(#11,#7974),#8072);
#7974 = MANIFOLD_SOLID_BREP('',#7975);
#7975 = CLOSED_SHELL('',(#7976,#8064,#8068));
#7976 = ADVANCED_FACE('',(#7977),#7990,.T.);
#7977 = FACE_BOUND('',#7978,.T.);
#7978 = EDGE_LOOP('',(#7979,#8013,#8036,#8063));
#7979 = ORIENTED_EDGE('',*,*,#7980,.F.);
#7980 = EDGE_CURVE('',#7981,#7981,#7983,.T.);
#7981 = VERTEX_POINT('',#7982);
#7982 = CARTESIAN_POINT('',(-39.,419.86511526877,266.62254683391));
#7983 = SURFACE_CURVE('',#7984,(#7989,#8001),.PCURVE_S1.);
#7984 = CIRCLE('',#7985,0.8);
#7985 = AXIS2_PLACEMENT_3D('',#7986,#7987,#7988);
#7986 = CARTESIAN_POINT('',(-39.,420.,265.834));
#7987 = DIRECTION('',(4.663934168152E-02,0.984610915462,0.168422436036)
  );
#7988 = DIRECTION('',(0.,-0.168605914035,0.985683542397));
#7989 = PCURVE('',#7990,#7995);
#7990 = CYLINDRICAL_SURFACE('',#7991,0.8);
#7991 = AXIS2_PLACEMENT_3D('',#7992,#7993,#7994);
#7992 = CARTESIAN_POINT('',(-45.,293.333,244.167));
#7993 = DIRECTION('',(4.663934168152E-02,0.984610915462,0.168422436036)
  );
#7994 = DIRECTION('',(0.,-0.168605914035,0.985683542397));
#7995 = DEFINITIONAL_REPRESENTATION('',(#7996),#8000);
#7996 = LINE('',#7997,#7998);
#7997 = CARTESIAN_POINT('',(0.,128.64675580052));
#7998 = VECTOR('',#7999,1.);
#7999 = DIRECTION('',(1.,0.));
#8000 = ( GEOMETRIC_REPRESENTATION_CONTEXT(2) 
PARAMETRIC_REPRESENTATION_CONTEXT() REPRESENTATION_CONTEXT('2D SPACE',''
  ) );
#8001 = PCURVE('',#8002,#8007);
#8002 = PLANE('',#8003);
#8003 = AXIS2_PLACEMENT_3D('',#8004,#8005,#8006);
#8004 = CARTESIAN_POINT('',(-39.,420.,265.834));
#8005 = DIRECTION('',(4.663934168152E-02,0.984610915462,0.168422436036)
  );
#8006 = DIRECTION('',(0.,-0.168605914035,0.985683542397));
#8007 = DEFINITIONAL_REPRESENTATION('',(#8008),#8012);
#8008 = CIRCLE('',#8009,0.8);
#8009 = AXIS2_PLACEMENT_2D('',#8010,#8011);
#8010 = CARTESIAN_POINT('',(0.,0.));
#8011 = DIRECTION('',(1.,0.));
#8012 = ( GEOMETRIC_REPRESENTATION_CONTEXT(2) 
PARAMETRIC_REPRESENTATION_CONTEXT() REPRESENTATION_CONTEXT('2D SPACE',''
  ) );
#8013 = ORIENTED_EDGE('',*,*,#8014,.F.);
#8014 = EDGE_CURVE('',#8015,#7981,#8017,.T.);
#8015 = VERTEX_POINT('',#8016);
#8016 = CARTESIAN_POINT('',(-45.,293.19811526877,244.95554683391));
#8017 = SEAM_CURVE('',#8018,(#8022,#8029),.PCURVE_S1.);
#8018 = LINE('',#8019,#8020);
#8019 = CARTESIAN_POINT('',(-45.,293.19811526877,244.95554683391));
#8020 = VECTOR('',#8021,1.);
#8021 = DIRECTION('',(4.663934168152E-02,0.984610915462,0.168422436036)
  );
#8022 = PCURVE('',#7990,#8023);
#8023 = DEFINITIONAL_REPRESENTATION('',(#8024),#8028);
#8024 = LINE('',#8025,#8026);
#8025 = CARTESIAN_POINT('',(6.28318530718,-0.));
#8026 = VECTOR('',#8027,1.);
#8027 = DIRECTION('',(0.,1.));
#8028 = ( GEOMETRIC_REPRESENTATION_CONTEXT(2) 
PARAMETRIC_REPRESENTATION_CONTEXT() REPRESENTATION_CONTEXT('2D SPACE',''
  ) );
#8029 = PCURVE('',#7990,#8030);
#8030 = DEFINITIONAL_REPRESENTATION('',(#8031),#8035);
#8031 = LINE('',#8032,#8033);
#8032 = CARTESIAN_POINT('',(0.,-0.));
#8033 = VECTOR('',#8034,1.);
#8034 = DIRECTION('',(0.,1.));
#8035 = ( GEOMETRIC_REPRESENTATION_CONTEXT(2) 
PARAMETRIC_REPRESENTATION_CONTEXT() REPRESENTATION_CONTEXT('2D SPACE',''
  ) );
#8036 = ORIENTED_EDGE('',*,*,#8037,.T.);
#8037 = EDGE_CURVE('',#8015,#8015,#8038,.T.);
#8038 = SURFACE_CURVE('',#8039,(#8044,#8051),.PCURVE_S1.);
#8039 = CIRCLE('',#8040,0.8);
#8040 = AXIS2_PLACEMENT_3D('',#8041,#8042,#8043);
#8041 = CARTESIAN_POINT('',(-45.,293.333,244.167));
#8042 = DIRECTION('',(4.663934168152E-02,0.984610915462,0.168422436036)
  );
#8043 = DIRECTION('',(0.,-0.168605914035,0.985683542397));
#8044 = PCURVE('',#7990,#8045);
#8045 = DEFINITIONAL_REPRESENTATION('',(#8046),#8050);
#8046 = LINE('',#8047,#8048);
#8047 = CARTESIAN_POINT('',(0.,0.));
#8048 = VECTOR('',#8049,1.);
#8049 = DIRECTION('',(1.,0.));
#8050 = ( GEOMETRIC_REPRESENTATION_CONTEXT(2) 
PARAMETRIC_REPRESENTATION_CONTEXT() REPRESENTATION_CONTEXT('2D SPACE',''
  ) );
#8051 = PCURVE('',#8052,#8057);
#8052 = PLANE('',#8053);
#8053 = AXIS2_PLACEMENT_3D('',#8054,#8055,#8056);
#8054 = CARTESIAN_POINT('',(-45.,293.333,244.167));
#8055 = DIRECTION('',(4.663934168152E-02,0.984610915462,0.168422436036)
  );
#8056 = DIRECTION('',(0.,-0.168605914035,0.985683542397));
#8057 = DEFINITIONAL_REPRESENTATION('',(#8058),#8062);
#8058 = CIRCLE('',#8059,0.8);
#8059 = AXIS2_PLACEMENT_2D('',#8060,#8061);
#8060 = CARTESIAN_POINT('',(0.,0.));
#8061 = DIRECTION('',(1.,0.));
#8062 = ( GEOMETRIC_REPRESENTATION_CONTEXT(2) 
PARAMETRIC_REPRESENTATION_CONTEXT() REPRESENTATION_CONTEXT('2D SPACE',''
  ) );
#8063 = ORIENTED_EDGE('',*,*,#8014,.T.);
#8064 = ADVANCED_FACE('',(#8065),#8002,.T.);
#8065 = FACE_BOUND('',#8066,.T.);
#8066 = EDGE_LOOP('',(#8067));
#8067 = ORIENTED_EDGE('',*,*,#7980,.T.);
#8068 = ADVANCED_FACE('',(#8069),#8052,.F.);
#8069 = FACE_BOUND('',#8070,.T.);
#8070 = EDGE_LOOP('',(#8071));
#8071 = ORIENTED_EDGE('',*,*,#8037,.F.);
#8072 = ( GEOMETRIC_REPRESENTATION_CONTEXT(3) 
GLOBAL_UNCERTAINTY_ASSIGNED_CONTEXT((#8076)) 
GLOBAL_UNIT_ASSIGNED_CONTEXT((#8073,#8074,#8075)) REPRESENTATION_CONTEXT
('Context #1','3D Context with UNIT and UNCERTAINTY') );
#8073 = ( LENGTH_UNIT() NAMED_UNIT(*) SI_UNIT(.MILLI.,.METRE.) );
#8074 = ( NAMED_UNIT(*) PLANE_ANGLE_UNIT() SI_UNIT($,.RADIAN.) );
#8075 = ( NAMED_UNIT(*) SI_UNIT($,.STERADIAN.) SOLID_ANGLE_UNIT() );
#8076 = UNCERTAINTY_MEASURE_WITH_UNIT(LENGTH_MEASURE(1.E-07),#8073,
  'distance_accuracy_value','confusion accuracy');
#8077 = CONTEXT_DEPENDENT_SHAPE_REPRESENTATION(#8078,#8080);
#8078 = ( REPRESENTATION_RELATIONSHIP('','',#7973,#10) 
REPRESENTATION_RELATIONSHIP_WITH_TRANSFORMATION(#8079) 
SHAPE_REPRESENTATION_RELATIONSHIP() );
#8079 = ITEM_DEFINED_TRANSFORMATION('','',#11,#291);
#8080 = PRODUCT_DEFINITION_SHAPE('Placement','Placement of an item',
  #8081);
#8081 = NEXT_ASSEMBLY_USAGE_OCCURRENCE('70','0069_envelope_longeron_LL',
  '',#5,#7968,$);
#8082 = PRODUCT_RELATED_PRODUCT_CATEGORY('part',$,(#7970));
#8083 = SHAPE_DEFINITION_REPRESENTATION(#8084,#8090);
#8084 = PRODUCT_DEFINITION_SHAPE('','',#8085);
#8085 = PRODUCT_DEFINITION('design','',#8086,#8089);
#8086 = PRODUCT_DEFINITION_FORMATION('','',#8087);
#8087 = PRODUCT('0070_jetson_bay','0070_jetson_bay','',(#8088));
#8088 = PRODUCT_CONTEXT('',#2,'mechanical');
#8089 = PRODUCT_DEFINITION_CONTEXT('part definition',#2,'design');
#8090 = ADVANCED_BREP_SHAPE_REPRESENTATION('',(#11,#8091),#8189);
#8091 = MANIFOLD_SOLID_BREP('',#8092);
#8092 = CLOSED_SHELL('',(#8093,#8181,#8185));
#8093 = ADVANCED_FACE('',(#8094),#8107,.T.);
#8094 = FACE_BOUND('',#8095,.T.);
#8095 = EDGE_LOOP('',(#8096,#8130,#8153,#8180));
#8096 = ORIENTED_EDGE('',*,*,#8097,.F.);
#8097 = EDGE_CURVE('',#8098,#8098,#8100,.T.);
#8098 = VERTEX_POINT('',#8099);
#8099 = CARTESIAN_POINT('',(63.,2.449293598295E-16,201.834));
#8100 = SURFACE_CURVE('',#8101,(#8106,#8118),.PCURVE_S1.);
#8101 = CIRCLE('',#8102,1.);
#8102 = AXIS2_PLACEMENT_3D('',#8103,#8104,#8105);
#8103 = CARTESIAN_POINT('',(63.,0.,200.834));
#8104 = DIRECTION('',(1.,0.,0.));
#8105 = DIRECTION('',(-0.,0.,1.));
#8106 = PCURVE('',#8107,#8112);
#8107 = CYLINDRICAL_SURFACE('',#8108,1.);
#8108 = AXIS2_PLACEMENT_3D('',#8109,#8110,#8111);
#8109 = CARTESIAN_POINT('',(-63.,0.,200.834));
#8110 = DIRECTION('',(1.,0.,0.));
#8111 = DIRECTION('',(-0.,0.,1.));
#8112 = DEFINITIONAL_REPRESENTATION('',(#8113),#8117);
#8113 = LINE('',#8114,#8115);
#8114 = CARTESIAN_POINT('',(0.,126.));
#8115 = VECTOR('',#8116,1.);
#8116 = DIRECTION('',(1.,0.));
#8117 = ( GEOMETRIC_REPRESENTATION_CONTEXT(2) 
PARAMETRIC_REPRESENTATION_CONTEXT() REPRESENTATION_CONTEXT('2D SPACE',''
  ) );
#8118 = PCURVE('',#8119,#8124);
#8119 = PLANE('',#8120);
#8120 = AXIS2_PLACEMENT_3D('',#8121,#8122,#8123);
#8121 = CARTESIAN_POINT('',(63.,0.,200.834));
#8122 = DIRECTION('',(1.,0.,0.));
#8123 = DIRECTION('',(-0.,0.,1.));
#8124 = DEFINITIONAL_REPRESENTATION('',(#8125),#8129);
#8125 = CIRCLE('',#8126,1.);
#8126 = AXIS2_PLACEMENT_2D('',#8127,#8128);
#8127 = CARTESIAN_POINT('',(0.,0.));
#8128 = DIRECTION('',(1.,0.));
#8129 = ( GEOMETRIC_REPRESENTATION_CONTEXT(2) 
PARAMETRIC_REPRESENTATION_CONTEXT() REPRESENTATION_CONTEXT('2D SPACE',''
  ) );
#8130 = ORIENTED_EDGE('',*,*,#8131,.F.);
#8131 = EDGE_CURVE('',#8132,#8098,#8134,.T.);
#8132 = VERTEX_POINT('',#8133);
#8133 = CARTESIAN_POINT('',(-63.,2.449293598295E-16,201.834));
#8134 = SEAM_CURVE('',#8135,(#8139,#8146),.PCURVE_S1.);
#8135 = LINE('',#8136,#8137);
#8136 = CARTESIAN_POINT('',(-63.,2.449293598295E-16,201.834));
#8137 = VECTOR('',#8138,1.);
#8138 = DIRECTION('',(1.,0.,0.));
#8139 = PCURVE('',#8107,#8140);
#8140 = DEFINITIONAL_REPRESENTATION('',(#8141),#8145);
#8141 = LINE('',#8142,#8143);
#8142 = CARTESIAN_POINT('',(6.28318530718,-0.));
#8143 = VECTOR('',#8144,1.);
#8144 = DIRECTION('',(0.,1.));
#8145 = ( GEOMETRIC_REPRESENTATION_CONTEXT(2) 
PARAMETRIC_REPRESENTATION_CONTEXT() REPRESENTATION_CONTEXT('2D SPACE',''
  ) );
#8146 = PCURVE('',#8107,#8147);
#8147 = DEFINITIONAL_REPRESENTATION('',(#8148),#8152);
#8148 = LINE('',#8149,#8150);
#8149 = CARTESIAN_POINT('',(0.,-0.));
#8150 = VECTOR('',#8151,1.);
#8151 = DIRECTION('',(0.,1.));
#8152 = ( GEOMETRIC_REPRESENTATION_CONTEXT(2) 
PARAMETRIC_REPRESENTATION_CONTEXT() REPRESENTATION_CONTEXT('2D SPACE',''
  ) );
#8153 = ORIENTED_EDGE('',*,*,#8154,.T.);
#8154 = EDGE_CURVE('',#8132,#8132,#8155,.T.);
#8155 = SURFACE_CURVE('',#8156,(#8161,#8168),.PCURVE_S1.);
#8156 = CIRCLE('',#8157,1.);
#8157 = AXIS2_PLACEMENT_3D('',#8158,#8159,#8160);
#8158 = CARTESIAN_POINT('',(-63.,0.,200.834));
#8159 = DIRECTION('',(1.,0.,0.));
#8160 = DIRECTION('',(-0.,0.,1.));
#8161 = PCURVE('',#8107,#8162);
#8162 = DEFINITIONAL_REPRESENTATION('',(#8163),#8167);
#8163 = LINE('',#8164,#8165);
#8164 = CARTESIAN_POINT('',(0.,0.));
#8165 = VECTOR('',#8166,1.);
#8166 = DIRECTION('',(1.,0.));
#8167 = ( GEOMETRIC_REPRESENTATION_CONTEXT(2) 
PARAMETRIC_REPRESENTATION_CONTEXT() REPRESENTATION_CONTEXT('2D SPACE',''
  ) );
#8168 = PCURVE('',#8169,#8174);
#8169 = PLANE('',#8170);
#8170 = AXIS2_PLACEMENT_3D('',#8171,#8172,#8173);
#8171 = CARTESIAN_POINT('',(-63.,0.,200.834));
#8172 = DIRECTION('',(1.,0.,0.));
#8173 = DIRECTION('',(-0.,0.,1.));
#8174 = DEFINITIONAL_REPRESENTATION('',(#8175),#8179);
#8175 = CIRCLE('',#8176,1.);
#8176 = AXIS2_PLACEMENT_2D('',#8177,#8178);
#8177 = CARTESIAN_POINT('',(0.,0.));
#8178 = DIRECTION('',(1.,0.));
#8179 = ( GEOMETRIC_REPRESENTATION_CONTEXT(2) 
PARAMETRIC_REPRESENTATION_CONTEXT() REPRESENTATION_CONTEXT('2D SPACE',''
  ) );
#8180 = ORIENTED_EDGE('',*,*,#8131,.T.);
#8181 = ADVANCED_FACE('',(#8182),#8119,.T.);
#8182 = FACE_BOUND('',#8183,.T.);
#8183 = EDGE_LOOP('',(#8184));
#8184 = ORIENTED_EDGE('',*,*,#8097,.T.);
#8185 = ADVANCED_FACE('',(#8186),#8169,.F.);
#8186 = FACE_BOUND('',#8187,.T.);
#8187 = EDGE_LOOP('',(#8188));
#8188 = ORIENTED_EDGE('',*,*,#8154,.F.);
#8189 = ( GEOMETRIC_REPRESENTATION_CONTEXT(3) 
GLOBAL_UNCERTAINTY_ASSIGNED_CONTEXT((#8193)) 
GLOBAL_UNIT_ASSIGNED_CONTEXT((#8190,#8191,#8192)) REPRESENTATION_CONTEXT
('Context #1','3D Context with UNIT and UNCERTAINTY') );
#8190 = ( LENGTH_UNIT() NAMED_UNIT(*) SI_UNIT(.MILLI.,.METRE.) );
#8191 = ( NAMED_UNIT(*) PLANE_ANGLE_UNIT() SI_UNIT($,.RADIAN.) );
#8192 = ( NAMED_UNIT(*) SI_UNIT($,.STERADIAN.) SOLID_ANGLE_UNIT() );
#8193 = UNCERTAINTY_MEASURE_WITH_UNIT(LENGTH_MEASURE(1.E-07),#8190,
  'distance_accuracy_value','confusion accuracy');
#8194 = CONTEXT_DEPENDENT_SHAPE_REPRESENTATION(#8195,#8197);
#8195 = ( REPRESENTATION_RELATIONSHIP('','',#8090,#10) 
REPRESENTATION_RELATIONSHIP_WITH_TRANSFORMATION(#8196) 
SHAPE_REPRESENTATION_RELATIONSHIP() );
#8196 = ITEM_DEFINED_TRANSFORMATION('','',#11,#295);
#8197 = PRODUCT_DEFINITION_SHAPE('Placement','Placement of an item',
  #8198);
#8198 = NEXT_ASSEMBLY_USAGE_OCCURRENCE('71','0070_jetson_bay','',#5,
  #8085,$);
#8199 = PRODUCT_RELATED_PRODUCT_CATEGORY('part',$,(#8087));
#8200 = SHAPE_DEFINITION_REPRESENTATION(#8201,#8207);
#8201 = PRODUCT_DEFINITION_SHAPE('','',#8202);
#8202 = PRODUCT_DEFINITION('design','',#8203,#8206);
#8203 = PRODUCT_DEFINITION_FORMATION('','',#8204);
#8204 = PRODUCT('0071_jetson_bay','0071_jetson_bay','',(#8205));
#8205 = PRODUCT_CONTEXT('',#2,'mechanical');
#8206 = PRODUCT_DEFINITION_CONTEXT('part definition',#2,'design');
#8207 = ADVANCED_BREP_SHAPE_REPRESENTATION('',(#11,#8208),#8306);
#8208 = MANIFOLD_SOLID_BREP('',#8209);
#8209 = CLOSED_SHELL('',(#8210,#8298,#8302));
#8210 = ADVANCED_FACE('',(#8211),#8224,.T.);
#8211 = FACE_BOUND('',#8212,.T.);
#8212 = EDGE_LOOP('',(#8213,#8247,#8270,#8297));
#8213 = ORIENTED_EDGE('',*,*,#8214,.F.);
#8214 = EDGE_CURVE('',#8215,#8215,#8217,.T.);
#8215 = VERTEX_POINT('',#8216);
#8216 = CARTESIAN_POINT('',(63.,133.333,201.834));
#8217 = SURFACE_CURVE('',#8218,(#8223,#8235),.PCURVE_S1.);
#8218 = CIRCLE('',#8219,1.);
#8219 = AXIS2_PLACEMENT_3D('',#8220,#8221,#8222);
#8220 = CARTESIAN_POINT('',(63.,133.333,200.834));
#8221 = DIRECTION('',(0.,1.,0.));
#8222 = DIRECTION('',(0.,-0.,1.));
#8223 = PCURVE('',#8224,#8229);
#8224 = CYLINDRICAL_SURFACE('',#8225,1.);
#8225 = AXIS2_PLACEMENT_3D('',#8226,#8227,#8228);
#8226 = CARTESIAN_POINT('',(63.,0.,200.834));
#8227 = DIRECTION('',(0.,1.,0.));
#8228 = DIRECTION('',(0.,-0.,1.));
#8229 = DEFINITIONAL_REPRESENTATION('',(#8230),#8234);
#8230 = LINE('',#8231,#8232);
#8231 = CARTESIAN_POINT('',(0.,133.333));
#8232 = VECTOR('',#8233,1.);
#8233 = DIRECTION('',(1.,0.));
#8234 = ( GEOMETRIC_REPRESENTATION_CONTEXT(2) 
PARAMETRIC_REPRESENTATION_CONTEXT() REPRESENTATION_CONTEXT('2D SPACE',''
  ) );
#8235 = PCURVE('',#8236,#8241);
#8236 = PLANE('',#8237);
#8237 = AXIS2_PLACEMENT_3D('',#8238,#8239,#8240);
#8238 = CARTESIAN_POINT('',(63.,133.333,200.834));
#8239 = DIRECTION('',(0.,1.,0.));
#8240 = DIRECTION('',(0.,-0.,1.));
#8241 = DEFINITIONAL_REPRESENTATION('',(#8242),#8246);
#8242 = CIRCLE('',#8243,1.);
#8243 = AXIS2_PLACEMENT_2D('',#8244,#8245);
#8244 = CARTESIAN_POINT('',(0.,0.));
#8245 = DIRECTION('',(1.,0.));
#8246 = ( GEOMETRIC_REPRESENTATION_CONTEXT(2) 
PARAMETRIC_REPRESENTATION_CONTEXT() REPRESENTATION_CONTEXT('2D SPACE',''
  ) );
#8247 = ORIENTED_EDGE('',*,*,#8248,.F.);
#8248 = EDGE_CURVE('',#8249,#8215,#8251,.T.);
#8249 = VERTEX_POINT('',#8250);
#8250 = CARTESIAN_POINT('',(63.,0.,201.834));
#8251 = SEAM_CURVE('',#8252,(#8256,#8263),.PCURVE_S1.);
#8252 = LINE('',#8253,#8254);
#8253 = CARTESIAN_POINT('',(63.,0.,201.834));
#8254 = VECTOR('',#8255,1.);
#8255 = DIRECTION('',(0.,1.,0.));
#8256 = PCURVE('',#8224,#8257);
#8257 = DEFINITIONAL_REPRESENTATION('',(#8258),#8262);
#8258 = LINE('',#8259,#8260);
#8259 = CARTESIAN_POINT('',(6.28318530718,-0.));
#8260 = VECTOR('',#8261,1.);
#8261 = DIRECTION('',(0.,1.));
#8262 = ( GEOMETRIC_REPRESENTATION_CONTEXT(2) 
PARAMETRIC_REPRESENTATION_CONTEXT() REPRESENTATION_CONTEXT('2D SPACE',''
  ) );
#8263 = PCURVE('',#8224,#8264);
#8264 = DEFINITIONAL_REPRESENTATION('',(#8265),#8269);
#8265 = LINE('',#8266,#8267);
#8266 = CARTESIAN_POINT('',(0.,-0.));
#8267 = VECTOR('',#8268,1.);
#8268 = DIRECTION('',(0.,1.));
#8269 = ( GEOMETRIC_REPRESENTATION_CONTEXT(2) 
PARAMETRIC_REPRESENTATION_CONTEXT() REPRESENTATION_CONTEXT('2D SPACE',''
  ) );
#8270 = ORIENTED_EDGE('',*,*,#8271,.T.);
#8271 = EDGE_CURVE('',#8249,#8249,#8272,.T.);
#8272 = SURFACE_CURVE('',#8273,(#8278,#8285),.PCURVE_S1.);
#8273 = CIRCLE('',#8274,1.);
#8274 = AXIS2_PLACEMENT_3D('',#8275,#8276,#8277);
#8275 = CARTESIAN_POINT('',(63.,0.,200.834));
#8276 = DIRECTION('',(0.,1.,0.));
#8277 = DIRECTION('',(0.,-0.,1.));
#8278 = PCURVE('',#8224,#8279);
#8279 = DEFINITIONAL_REPRESENTATION('',(#8280),#8284);
#8280 = LINE('',#8281,#8282);
#8281 = CARTESIAN_POINT('',(0.,0.));
#8282 = VECTOR('',#8283,1.);
#8283 = DIRECTION('',(1.,0.));
#8284 = ( GEOMETRIC_REPRESENTATION_CONTEXT(2) 
PARAMETRIC_REPRESENTATION_CONTEXT() REPRESENTATION_CONTEXT('2D SPACE',''
  ) );
#8285 = PCURVE('',#8286,#8291);
#8286 = PLANE('',#8287);
#8287 = AXIS2_PLACEMENT_3D('',#8288,#8289,#8290);
#8288 = CARTESIAN_POINT('',(63.,0.,200.834));
#8289 = DIRECTION('',(0.,1.,0.));
#8290 = DIRECTION('',(0.,-0.,1.));
#8291 = DEFINITIONAL_REPRESENTATION('',(#8292),#8296);
#8292 = CIRCLE('',#8293,1.);
#8293 = AXIS2_PLACEMENT_2D('',#8294,#8295);
#8294 = CARTESIAN_POINT('',(0.,0.));
#8295 = DIRECTION('',(1.,0.));
#8296 = ( GEOMETRIC_REPRESENTATION_CONTEXT(2) 
PARAMETRIC_REPRESENTATION_CONTEXT() REPRESENTATION_CONTEXT('2D SPACE',''
  ) );
#8297 = ORIENTED_EDGE('',*,*,#8248,.T.);
#8298 = ADVANCED_FACE('',(#8299),#8236,.T.);
#8299 = FACE_BOUND('',#8300,.T.);
#8300 = EDGE_LOOP('',(#8301));
#8301 = ORIENTED_EDGE('',*,*,#8214,.T.);
#8302 = ADVANCED_FACE('',(#8303),#8286,.F.);
#8303 = FACE_BOUND('',#8304,.T.);
#8304 = EDGE_LOOP('',(#8305));
#8305 = ORIENTED_EDGE('',*,*,#8271,.F.);
#8306 = ( GEOMETRIC_REPRESENTATION_CONTEXT(3) 
GLOBAL_UNCERTAINTY_ASSIGNED_CONTEXT((#8310)) 
GLOBAL_UNIT_ASSIGNED_CONTEXT((#8307,#8308,#8309)) REPRESENTATION_CONTEXT
('Context #1','3D Context with UNIT and UNCERTAINTY') );
#8307 = ( LENGTH_UNIT() NAMED_UNIT(*) SI_UNIT(.MILLI.,.METRE.) );
#8308 = ( NAMED_UNIT(*) PLANE_ANGLE_UNIT() SI_UNIT($,.RADIAN.) );
#8309 = ( NAMED_UNIT(*) SI_UNIT($,.STERADIAN.) SOLID_ANGLE_UNIT() );
#8310 = UNCERTAINTY_MEASURE_WITH_UNIT(LENGTH_MEASURE(1.E-07),#8307,
  'distance_accuracy_value','confusion accuracy');
#8311 = CONTEXT_DEPENDENT_SHAPE_REPRESENTATION(#8312,#8314);
#8312 = ( REPRESENTATION_RELATIONSHIP('','',#8207,#10) 
REPRESENTATION_RELATIONSHIP_WITH_TRANSFORMATION(#8313) 
SHAPE_REPRESENTATION_RELATIONSHIP() );
#8313 = ITEM_DEFINED_TRANSFORMATION('','',#11,#299);
#8314 = PRODUCT_DEFINITION_SHAPE('Placement','Placement of an item',
  #8315);
#8315 = NEXT_ASSEMBLY_USAGE_OCCURRENCE('72','0071_jetson_bay','',#5,
  #8202,$);
#8316 = PRODUCT_RELATED_PRODUCT_CATEGORY('part',$,(#8204));
#8317 = SHAPE_DEFINITION_REPRESENTATION(#8318,#8324);
#8318 = PRODUCT_DEFINITION_SHAPE('','',#8319);
#8319 = PRODUCT_DEFINITION('design','',#8320,#8323);
#8320 = PRODUCT_DEFINITION_FORMATION('','',#8321);
#8321 = PRODUCT('0072_jetson_bay','0072_jetson_bay','',(#8322));
#8322 = PRODUCT_CONTEXT('',#2,'mechanical');
#8323 = PRODUCT_DEFINITION_CONTEXT('part definition',#2,'design');
#8324 = ADVANCED_BREP_SHAPE_REPRESENTATION('',(#11,#8325),#8423);
#8325 = MANIFOLD_SOLID_BREP('',#8326);
#8326 = CLOSED_SHELL('',(#8327,#8415,#8419));
#8327 = ADVANCED_FACE('',(#8328),#8341,.T.);
#8328 = FACE_BOUND('',#8329,.T.);
#8329 = EDGE_LOOP('',(#8330,#8364,#8387,#8414));
#8330 = ORIENTED_EDGE('',*,*,#8331,.F.);
#8331 = EDGE_CURVE('',#8332,#8332,#8334,.T.);
#8332 = VERTEX_POINT('',#8333);
#8333 = CARTESIAN_POINT('',(-63.,133.333,199.834));
#8334 = SURFACE_CURVE('',#8335,(#8340,#8352),.PCURVE_S1.);
#8335 = CIRCLE('',#8336,1.);
#8336 = AXIS2_PLACEMENT_3D('',#8337,#8338,#8339);
#8337 = CARTESIAN_POINT('',(-63.,133.333,200.834));
#8338 = DIRECTION('',(-1.,0.,0.));
#8339 = DIRECTION('',(0.,0.,-1.));
#8340 = PCURVE('',#8341,#8346);
#8341 = CYLINDRICAL_SURFACE('',#8342,1.);
#8342 = AXIS2_PLACEMENT_3D('',#8343,#8344,#8345);
#8343 = CARTESIAN_POINT('',(63.,133.333,200.834));
#8344 = DIRECTION('',(-1.,0.,0.));
#8345 = DIRECTION('',(0.,0.,-1.));
#8346 = DEFINITIONAL_REPRESENTATION('',(#8347),#8351);
#8347 = LINE('',#8348,#8349);
#8348 = CARTESIAN_POINT('',(0.,126.));
#8349 = VECTOR('',#8350,1.);
#8350 = DIRECTION('',(1.,0.));
#8351 = ( GEOMETRIC_REPRESENTATION_CONTEXT(2) 
PARAMETRIC_REPRESENTATION_CONTEXT() REPRESENTATION_CONTEXT('2D SPACE',''
  ) );
#8352 = PCURVE('',#8353,#8358);
#8353 = PLANE('',#8354);
#8354 = AXIS2_PLACEMENT_3D('',#8355,#8356,#8357);
#8355 = CARTESIAN_POINT('',(-63.,133.333,200.834));
#8356 = DIRECTION('',(-1.,0.,0.));
#8357 = DIRECTION('',(0.,0.,-1.));
#8358 = DEFINITIONAL_REPRESENTATION('',(#8359),#8363);
#8359 = CIRCLE('',#8360,1.);
#8360 = AXIS2_PLACEMENT_2D('',#8361,#8362);
#8361 = CARTESIAN_POINT('',(0.,0.));
#8362 = DIRECTION('',(1.,0.));
#8363 = ( GEOMETRIC_REPRESENTATION_CONTEXT(2) 
PARAMETRIC_REPRESENTATION_CONTEXT() REPRESENTATION_CONTEXT('2D SPACE',''
  ) );
#8364 = ORIENTED_EDGE('',*,*,#8365,.F.);
#8365 = EDGE_CURVE('',#8366,#8332,#8368,.T.);
#8366 = VERTEX_POINT('',#8367);
#8367 = CARTESIAN_POINT('',(63.,133.333,199.834));
#8368 = SEAM_CURVE('',#8369,(#8373,#8380),.PCURVE_S1.);
#8369 = LINE('',#8370,#8371);
#8370 = CARTESIAN_POINT('',(63.,133.333,199.834));
#8371 = VECTOR('',#8372,1.);
#8372 = DIRECTION('',(-1.,0.,0.));
#8373 = PCURVE('',#8341,#8374);
#8374 = DEFINITIONAL_REPRESENTATION('',(#8375),#8379);
#8375 = LINE('',#8376,#8377);
#8376 = CARTESIAN_POINT('',(6.28318530718,-0.));
#8377 = VECTOR('',#8378,1.);
#8378 = DIRECTION('',(0.,1.));
#8379 = ( GEOMETRIC_REPRESENTATION_CONTEXT(2) 
PARAMETRIC_REPRESENTATION_CONTEXT() REPRESENTATION_CONTEXT('2D SPACE',''
  ) );
#8380 = PCURVE('',#8341,#8381);
#8381 = DEFINITIONAL_REPRESENTATION('',(#8382),#8386);
#8382 = LINE('',#8383,#8384);
#8383 = CARTESIAN_POINT('',(0.,-0.));
#8384 = VECTOR('',#8385,1.);
#8385 = DIRECTION('',(0.,1.));
#8386 = ( GEOMETRIC_REPRESENTATION_CONTEXT(2) 
PARAMETRIC_REPRESENTATION_CONTEXT() REPRESENTATION_CONTEXT('2D SPACE',''
  ) );
#8387 = ORIENTED_EDGE('',*,*,#8388,.T.);
#8388 = EDGE_CURVE('',#8366,#8366,#8389,.T.);
#8389 = SURFACE_CURVE('',#8390,(#8395,#8402),.PCURVE_S1.);
#8390 = CIRCLE('',#8391,1.);
#8391 = AXIS2_PLACEMENT_3D('',#8392,#8393,#8394);
#8392 = CARTESIAN_POINT('',(63.,133.333,200.834));
#8393 = DIRECTION('',(-1.,0.,0.));
#8394 = DIRECTION('',(0.,0.,-1.));
#8395 = PCURVE('',#8341,#8396);
#8396 = DEFINITIONAL_REPRESENTATION('',(#8397),#8401);
#8397 = LINE('',#8398,#8399);
#8398 = CARTESIAN_POINT('',(0.,0.));
#8399 = VECTOR('',#8400,1.);
#8400 = DIRECTION('',(1.,0.));
#8401 = ( GEOMETRIC_REPRESENTATION_CONTEXT(2) 
PARAMETRIC_REPRESENTATION_CONTEXT() REPRESENTATION_CONTEXT('2D SPACE',''
  ) );
#8402 = PCURVE('',#8403,#8408);
#8403 = PLANE('',#8404);
#8404 = AXIS2_PLACEMENT_3D('',#8405,#8406,#8407);
#8405 = CARTESIAN_POINT('',(63.,133.333,200.834));
#8406 = DIRECTION('',(-1.,0.,0.));
#8407 = DIRECTION('',(0.,0.,-1.));
#8408 = DEFINITIONAL_REPRESENTATION('',(#8409),#8413);
#8409 = CIRCLE('',#8410,1.);
#8410 = AXIS2_PLACEMENT_2D('',#8411,#8412);
#8411 = CARTESIAN_POINT('',(0.,0.));
#8412 = DIRECTION('',(1.,0.));
#8413 = ( GEOMETRIC_REPRESENTATION_CONTEXT(2) 
PARAMETRIC_REPRESENTATION_CONTEXT() REPRESENTATION_CONTEXT('2D SPACE',''
  ) );
#8414 = ORIENTED_EDGE('',*,*,#8365,.T.);
#8415 = ADVANCED_FACE('',(#8416),#8353,.T.);
#8416 = FACE_BOUND('',#8417,.T.);
#8417 = EDGE_LOOP('',(#8418));
#8418 = ORIENTED_EDGE('',*,*,#8331,.T.);
#8419 = ADVANCED_FACE('',(#8420),#8403,.F.);
#8420 = FACE_BOUND('',#8421,.T.);
#8421 = EDGE_LOOP('',(#8422));
#8422 = ORIENTED_EDGE('',*,*,#8388,.F.);
#8423 = ( GEOMETRIC_REPRESENTATION_CONTEXT(3) 
GLOBAL_UNCERTAINTY_ASSIGNED_CONTEXT((#8427)) 
GLOBAL_UNIT_ASSIGNED_CONTEXT((#8424,#8425,#8426)) REPRESENTATION_CONTEXT
('Context #1','3D Context with UNIT and UNCERTAINTY') );
#8424 = ( LENGTH_UNIT() NAMED_UNIT(*) SI_UNIT(.MILLI.,.METRE.) );
#8425 = ( NAMED_UNIT(*) PLANE_ANGLE_UNIT() SI_UNIT($,.RADIAN.) );
#8426 = ( NAMED_UNIT(*) SI_UNIT($,.STERADIAN.) SOLID_ANGLE_UNIT() );
#8427 = UNCERTAINTY_MEASURE_WITH_UNIT(LENGTH_MEASURE(1.E-07),#8424,
  'distance_accuracy_value','confusion accuracy');
#8428 = CONTEXT_DEPENDENT_SHAPE_REPRESENTATION(#8429,#8431);
#8429 = ( REPRESENTATION_RELATIONSHIP('','',#8324,#10) 
REPRESENTATION_RELATIONSHIP_WITH_TRANSFORMATION(#8430) 
SHAPE_REPRESENTATION_RELATIONSHIP() );
#8430 = ITEM_DEFINED_TRANSFORMATION('','',#11,#303);
#8431 = PRODUCT_DEFINITION_SHAPE('Placement','Placement of an item',
  #8432);
#8432 = NEXT_ASSEMBLY_USAGE_OCCURRENCE('73','0072_jetson_bay','',#5,
  #8319,$);
#8433 = PRODUCT_RELATED_PRODUCT_CATEGORY('part',$,(#8321));
#8434 = SHAPE_DEFINITION_REPRESENTATION(#8435,#8441);
#8435 = PRODUCT_DEFINITION_SHAPE('','',#8436);
#8436 = PRODUCT_DEFINITION('design','',#8437,#8440);
#8437 = PRODUCT_DEFINITION_FORMATION('','',#8438);
#8438 = PRODUCT('0073_jetson_bay','0073_jetson_bay','',(#8439));
#8439 = PRODUCT_CONTEXT('',#2,'mechanical');
#8440 = PRODUCT_DEFINITION_CONTEXT('part definition',#2,'design');
#8441 = ADVANCED_BREP_SHAPE_REPRESENTATION('',(#11,#8442),#8540);
#8442 = MANIFOLD_SOLID_BREP('',#8443);
#8443 = CLOSED_SHELL('',(#8444,#8532,#8536));
#8444 = ADVANCED_FACE('',(#8445),#8458,.T.);
#8445 = FACE_BOUND('',#8446,.T.);
#8446 = EDGE_LOOP('',(#8447,#8481,#8504,#8531));
#8447 = ORIENTED_EDGE('',*,*,#8448,.F.);
#8448 = EDGE_CURVE('',#8449,#8449,#8451,.T.);
#8449 = VERTEX_POINT('',#8450);
#8450 = CARTESIAN_POINT('',(-63.,0.,199.834));
#8451 = SURFACE_CURVE('',#8452,(#8457,#8469),.PCURVE_S1.);
#8452 = CIRCLE('',#8453,1.);
#8453 = AXIS2_PLACEMENT_3D('',#8454,#8455,#8456);
#8454 = CARTESIAN_POINT('',(-63.,0.,200.834));
#8455 = DIRECTION('',(0.,-1.,0.));
#8456 = DIRECTION('',(0.,-0.,-1.));
#8457 = PCURVE('',#8458,#8463);
#8458 = CYLINDRICAL_SURFACE('',#8459,1.);
#8459 = AXIS2_PLACEMENT_3D('',#8460,#8461,#8462);
#8460 = CARTESIAN_POINT('',(-63.,133.333,200.834));
#8461 = DIRECTION('',(0.,-1.,0.));
#8462 = DIRECTION('',(0.,-0.,-1.));
#8463 = DEFINITIONAL_REPRESENTATION('',(#8464),#8468);
#8464 = LINE('',#8465,#8466);
#8465 = CARTESIAN_POINT('',(0.,133.333));
#8466 = VECTOR('',#8467,1.);
#8467 = DIRECTION('',(1.,0.));
#8468 = ( GEOMETRIC_REPRESENTATION_CONTEXT(2) 
PARAMETRIC_REPRESENTATION_CONTEXT() REPRESENTATION_CONTEXT('2D SPACE',''
  ) );
#8469 = PCURVE('',#8470,#8475);
#8470 = PLANE('',#8471);
#8471 = AXIS2_PLACEMENT_3D('',#8472,#8473,#8474);
#8472 = CARTESIAN_POINT('',(-63.,0.,200.834));
#8473 = DIRECTION('',(0.,-1.,0.));
#8474 = DIRECTION('',(0.,-0.,-1.));
#8475 = DEFINITIONAL_REPRESENTATION('',(#8476),#8480);
#8476 = CIRCLE('',#8477,1.);
#8477 = AXIS2_PLACEMENT_2D('',#8478,#8479);
#8478 = CARTESIAN_POINT('',(0.,0.));
#8479 = DIRECTION('',(1.,0.));
#8480 = ( GEOMETRIC_REPRESENTATION_CONTEXT(2) 
PARAMETRIC_REPRESENTATION_CONTEXT() REPRESENTATION_CONTEXT('2D SPACE',''
  ) );
#8481 = ORIENTED_EDGE('',*,*,#8482,.F.);
#8482 = EDGE_CURVE('',#8483,#8449,#8485,.T.);
#8483 = VERTEX_POINT('',#8484);
#8484 = CARTESIAN_POINT('',(-63.,133.333,199.834));
#8485 = SEAM_CURVE('',#8486,(#8490,#8497),.PCURVE_S1.);
#8486 = LINE('',#8487,#8488);
#8487 = CARTESIAN_POINT('',(-63.,133.333,199.834));
#8488 = VECTOR('',#8489,1.);
#8489 = DIRECTION('',(0.,-1.,0.));
#8490 = PCURVE('',#8458,#8491);
#8491 = DEFINITIONAL_REPRESENTATION('',(#8492),#8496);
#8492 = LINE('',#8493,#8494);
#8493 = CARTESIAN_POINT('',(6.28318530718,-0.));
#8494 = VECTOR('',#8495,1.);
#8495 = DIRECTION('',(0.,1.));
#8496 = ( GEOMETRIC_REPRESENTATION_CONTEXT(2) 
PARAMETRIC_REPRESENTATION_CONTEXT() REPRESENTATION_CONTEXT('2D SPACE',''
  ) );
#8497 = PCURVE('',#8458,#8498);
#8498 = DEFINITIONAL_REPRESENTATION('',(#8499),#8503);
#8499 = LINE('',#8500,#8501);
#8500 = CARTESIAN_POINT('',(0.,-0.));
#8501 = VECTOR('',#8502,1.);
#8502 = DIRECTION('',(0.,1.));
#8503 = ( GEOMETRIC_REPRESENTATION_CONTEXT(2) 
PARAMETRIC_REPRESENTATION_CONTEXT() REPRESENTATION_CONTEXT('2D SPACE',''
  ) );
#8504 = ORIENTED_EDGE('',*,*,#8505,.T.);
#8505 = EDGE_CURVE('',#8483,#8483,#8506,.T.);
#8506 = SURFACE_CURVE('',#8507,(#8512,#8519),.PCURVE_S1.);
#8507 = CIRCLE('',#8508,1.);
#8508 = AXIS2_PLACEMENT_3D('',#8509,#8510,#8511);
#8509 = CARTESIAN_POINT('',(-63.,133.333,200.834));
#8510 = DIRECTION('',(0.,-1.,0.));
#8511 = DIRECTION('',(0.,-0.,-1.));
#8512 = PCURVE('',#8458,#8513);
#8513 = DEFINITIONAL_REPRESENTATION('',(#8514),#8518);
#8514 = LINE('',#8515,#8516);
#8515 = CARTESIAN_POINT('',(0.,0.));
#8516 = VECTOR('',#8517,1.);
#8517 = DIRECTION('',(1.,0.));
#8518 = ( GEOMETRIC_REPRESENTATION_CONTEXT(2) 
PARAMETRIC_REPRESENTATION_CONTEXT() REPRESENTATION_CONTEXT('2D SPACE',''
  ) );
#8519 = PCURVE('',#8520,#8525);
#8520 = PLANE('',#8521);
#8521 = AXIS2_PLACEMENT_3D('',#8522,#8523,#8524);
#8522 = CARTESIAN_POINT('',(-63.,133.333,200.834));
#8523 = DIRECTION('',(0.,-1.,0.));
#8524 = DIRECTION('',(0.,-0.,-1.));
#8525 = DEFINITIONAL_REPRESENTATION('',(#8526),#8530);
#8526 = CIRCLE('',#8527,1.);
#8527 = AXIS2_PLACEMENT_2D('',#8528,#8529);
#8528 = CARTESIAN_POINT('',(0.,0.));
#8529 = DIRECTION('',(1.,0.));
#8530 = ( GEOMETRIC_REPRESENTATION_CONTEXT(2) 
PARAMETRIC_REPRESENTATION_CONTEXT() REPRESENTATION_CONTEXT('2D SPACE',''
  ) );
#8531 = ORIENTED_EDGE('',*,*,#8482,.T.);
#8532 = ADVANCED_FACE('',(#8533),#8470,.T.);
#8533 = FACE_BOUND('',#8534,.T.);
#8534 = EDGE_LOOP('',(#8535));
#8535 = ORIENTED_EDGE('',*,*,#8448,.T.);
#8536 = ADVANCED_FACE('',(#8537),#8520,.F.);
#8537 = FACE_BOUND('',#8538,.T.);
#8538 = EDGE_LOOP('',(#8539));
#8539 = ORIENTED_EDGE('',*,*,#8505,.F.);
#8540 = ( GEOMETRIC_REPRESENTATION_CONTEXT(3) 
GLOBAL_UNCERTAINTY_ASSIGNED_CONTEXT((#8544)) 
GLOBAL_UNIT_ASSIGNED_CONTEXT((#8541,#8542,#8543)) REPRESENTATION_CONTEXT
('Context #1','3D Context with UNIT and UNCERTAINTY') );
#8541 = ( LENGTH_UNIT() NAMED_UNIT(*) SI_UNIT(.MILLI.,.METRE.) );
#8542 = ( NAMED_UNIT(*) PLANE_ANGLE_UNIT() SI_UNIT($,.RADIAN.) );
#8543 = ( NAMED_UNIT(*) SI_UNIT($,.STERADIAN.) SOLID_ANGLE_UNIT() );
#8544 = UNCERTAINTY_MEASURE_WITH_UNIT(LENGTH_MEASURE(1.E-07),#8541,
  'distance_accuracy_value','confusion accuracy');
#8545 = CONTEXT_DEPENDENT_SHAPE_REPRESENTATION(#8546,#8548);
#8546 = ( REPRESENTATION_RELATIONSHIP('','',#8441,#10) 
REPRESENTATION_RELATIONSHIP_WITH_TRANSFORMATION(#8547) 
SHAPE_REPRESENTATION_RELATIONSHIP() );
#8547 = ITEM_DEFINED_TRANSFORMATION('','',#11,#307);
#8548 = PRODUCT_DEFINITION_SHAPE('Placement','Placement of an item',
  #8549);
#8549 = NEXT_ASSEMBLY_USAGE_OCCURRENCE('74','0073_jetson_bay','',#5,
  #8436,$);
#8550 = PRODUCT_RELATED_PRODUCT_CATEGORY('part',$,(#8438));
#8551 = SHAPE_DEFINITION_REPRESENTATION(#8552,#8558);
#8552 = PRODUCT_DEFINITION_SHAPE('','',#8553);
#8553 = PRODUCT_DEFINITION('design','',#8554,#8557);
#8554 = PRODUCT_DEFINITION_FORMATION('','',#8555);
#8555 = PRODUCT('0074_jetson_bay','0074_jetson_bay','',(#8556));
#8556 = PRODUCT_CONTEXT('',#2,'mechanical');
#8557 = PRODUCT_DEFINITION_CONTEXT('part definition',#2,'design');
#8558 = ADVANCED_BREP_SHAPE_REPRESENTATION('',(#11,#8559),#8657);
#8559 = MANIFOLD_SOLID_BREP('',#8560);
#8560 = CLOSED_SHELL('',(#8561,#8649,#8653));
#8561 = ADVANCED_FACE('',(#8562),#8575,.T.);
#8562 = FACE_BOUND('',#8563,.T.);
#8563 = EDGE_LOOP('',(#8564,#8598,#8621,#8648));
#8564 = ORIENTED_EDGE('',*,*,#8565,.F.);
#8565 = EDGE_CURVE('',#8566,#8566,#8568,.T.);
#8566 = VERTEX_POINT('',#8567);
#8567 = CARTESIAN_POINT('',(63.,2.449293598295E-16,386.));
#8568 = SURFACE_CURVE('',#8569,(#8574,#8586),.PCURVE_S1.);
#8569 = CIRCLE('',#8570,1.);
#8570 = AXIS2_PLACEMENT_3D('',#8571,#8572,#8573);
#8571 = CARTESIAN_POINT('',(63.,0.,385.));
#8572 = DIRECTION('',(1.,0.,0.));
#8573 = DIRECTION('',(-0.,0.,1.));
#8574 = PCURVE('',#8575,#8580);
#8575 = CYLINDRICAL_SURFACE('',#8576,1.);
#8576 = AXIS2_PLACEMENT_3D('',#8577,#8578,#8579);
#8577 = CARTESIAN_POINT('',(-63.,0.,385.));
#8578 = DIRECTION('',(1.,0.,0.));
#8579 = DIRECTION('',(-0.,0.,1.));
#8580 = DEFINITIONAL_REPRESENTATION('',(#8581),#8585);
#8581 = LINE('',#8582,#8583);
#8582 = CARTESIAN_POINT('',(0.,126.));
#8583 = VECTOR('',#8584,1.);
#8584 = DIRECTION('',(1.,0.));
#8585 = ( GEOMETRIC_REPRESENTATION_CONTEXT(2) 
PARAMETRIC_REPRESENTATION_CONTEXT() REPRESENTATION_CONTEXT('2D SPACE',''
  ) );
#8586 = PCURVE('',#8587,#8592);
#8587 = PLANE('',#8588);
#8588 = AXIS2_PLACEMENT_3D('',#8589,#8590,#8591);
#8589 = CARTESIAN_POINT('',(63.,0.,385.));
#8590 = DIRECTION('',(1.,0.,0.));
#8591 = DIRECTION('',(-0.,0.,1.));
#8592 = DEFINITIONAL_REPRESENTATION('',(#8593),#8597);
#8593 = CIRCLE('',#8594,1.);
#8594 = AXIS2_PLACEMENT_2D('',#8595,#8596);
#8595 = CARTESIAN_POINT('',(0.,0.));
#8596 = DIRECTION('',(1.,0.));
#8597 = ( GEOMETRIC_REPRESENTATION_CONTEXT(2) 
PARAMETRIC_REPRESENTATION_CONTEXT() REPRESENTATION_CONTEXT('2D SPACE',''
  ) );
#8598 = ORIENTED_EDGE('',*,*,#8599,.F.);
#8599 = EDGE_CURVE('',#8600,#8566,#8602,.T.);
#8600 = VERTEX_POINT('',#8601);
#8601 = CARTESIAN_POINT('',(-63.,2.449293598295E-16,386.));
#8602 = SEAM_CURVE('',#8603,(#8607,#8614),.PCURVE_S1.);
#8603 = LINE('',#8604,#8605);
#8604 = CARTESIAN_POINT('',(-63.,2.449293598295E-16,386.));
#8605 = VECTOR('',#8606,1.);
#8606 = DIRECTION('',(1.,0.,0.));
#8607 = PCURVE('',#8575,#8608);
#8608 = DEFINITIONAL_REPRESENTATION('',(#8609),#8613);
#8609 = LINE('',#8610,#8611);
#8610 = CARTESIAN_POINT('',(6.28318530718,-0.));
#8611 = VECTOR('',#8612,1.);
#8612 = DIRECTION('',(0.,1.));
#8613 = ( GEOMETRIC_REPRESENTATION_CONTEXT(2) 
PARAMETRIC_REPRESENTATION_CONTEXT() REPRESENTATION_CONTEXT('2D SPACE',''
  ) );
#8614 = PCURVE('',#8575,#8615);
#8615 = DEFINITIONAL_REPRESENTATION('',(#8616),#8620);
#8616 = LINE('',#8617,#8618);
#8617 = CARTESIAN_POINT('',(0.,-0.));
#8618 = VECTOR('',#8619,1.);
#8619 = DIRECTION('',(0.,1.));
#8620 = ( GEOMETRIC_REPRESENTATION_CONTEXT(2) 
PARAMETRIC_REPRESENTATION_CONTEXT() REPRESENTATION_CONTEXT('2D SPACE',''
  ) );
#8621 = ORIENTED_EDGE('',*,*,#8622,.T.);
#8622 = EDGE_CURVE('',#8600,#8600,#8623,.T.);
#8623 = SURFACE_CURVE('',#8624,(#8629,#8636),.PCURVE_S1.);
#8624 = CIRCLE('',#8625,1.);
#8625 = AXIS2_PLACEMENT_3D('',#8626,#8627,#8628);
#8626 = CARTESIAN_POINT('',(-63.,0.,385.));
#8627 = DIRECTION('',(1.,0.,0.));
#8628 = DIRECTION('',(-0.,0.,1.));
#8629 = PCURVE('',#8575,#8630);
#8630 = DEFINITIONAL_REPRESENTATION('',(#8631),#8635);
#8631 = LINE('',#8632,#8633);
#8632 = CARTESIAN_POINT('',(0.,0.));
#8633 = VECTOR('',#8634,1.);
#8634 = DIRECTION('',(1.,0.));
#8635 = ( GEOMETRIC_REPRESENTATION_CONTEXT(2) 
PARAMETRIC_REPRESENTATION_CONTEXT() REPRESENTATION_CONTEXT('2D SPACE',''
  ) );
#8636 = PCURVE('',#8637,#8642);
#8637 = PLANE('',#8638);
#8638 = AXIS2_PLACEMENT_3D('',#8639,#8640,#8641);
#8639 = CARTESIAN_POINT('',(-63.,0.,385.));
#8640 = DIRECTION('',(1.,0.,0.));
#8641 = DIRECTION('',(-0.,0.,1.));
#8642 = DEFINITIONAL_REPRESENTATION('',(#8643),#8647);
#8643 = CIRCLE('',#8644,1.);
#8644 = AXIS2_PLACEMENT_2D('',#8645,#8646);
#8645 = CARTESIAN_POINT('',(0.,0.));
#8646 = DIRECTION('',(1.,0.));
#8647 = ( GEOMETRIC_REPRESENTATION_CONTEXT(2) 
PARAMETRIC_REPRESENTATION_CONTEXT() REPRESENTATION_CONTEXT('2D SPACE',''
  ) );
#8648 = ORIENTED_EDGE('',*,*,#8599,.T.);
#8649 = ADVANCED_FACE('',(#8650),#8587,.T.);
#8650 = FACE_BOUND('',#8651,.T.);
#8651 = EDGE_LOOP('',(#8652));
#8652 = ORIENTED_EDGE('',*,*,#8565,.T.);
#8653 = ADVANCED_FACE('',(#8654),#8637,.F.);
#8654 = FACE_BOUND('',#8655,.T.);
#8655 = EDGE_LOOP('',(#8656));
#8656 = ORIENTED_EDGE('',*,*,#8622,.F.);
#8657 = ( GEOMETRIC_REPRESENTATION_CONTEXT(3) 
GLOBAL_UNCERTAINTY_ASSIGNED_CONTEXT((#8661)) 
GLOBAL_UNIT_ASSIGNED_CONTEXT((#8658,#8659,#8660)) REPRESENTATION_CONTEXT
('Context #1','3D Context with UNIT and UNCERTAINTY') );
#8658 = ( LENGTH_UNIT() NAMED_UNIT(*) SI_UNIT(.MILLI.,.METRE.) );
#8659 = ( NAMED_UNIT(*) PLANE_ANGLE_UNIT() SI_UNIT($,.RADIAN.) );
#8660 = ( NAMED_UNIT(*) SI_UNIT($,.STERADIAN.) SOLID_ANGLE_UNIT() );
#8661 = UNCERTAINTY_MEASURE_WITH_UNIT(LENGTH_MEASURE(1.E-07),#8658,
  'distance_accuracy_value','confusion accuracy');
#8662 = CONTEXT_DEPENDENT_SHAPE_REPRESENTATION(#8663,#8665);
#8663 = ( REPRESENTATION_RELATIONSHIP('','',#8558,#10) 
REPRESENTATION_RELATIONSHIP_WITH_TRANSFORMATION(#8664) 
SHAPE_REPRESENTATION_RELATIONSHIP() );
#8664 = ITEM_DEFINED_TRANSFORMATION('','',#11,#311);
#8665 = PRODUCT_DEFINITION_SHAPE('Placement','Placement of an item',
  #8666);
#8666 = NEXT_ASSEMBLY_USAGE_OCCURRENCE('75','0074_jetson_bay','',#5,
  #8553,$);
#8667 = PRODUCT_RELATED_PRODUCT_CATEGORY('part',$,(#8555));
#8668 = SHAPE_DEFINITION_REPRESENTATION(#8669,#8675);
#8669 = PRODUCT_DEFINITION_SHAPE('','',#8670);
#8670 = PRODUCT_DEFINITION('design','',#8671,#8674);
#8671 = PRODUCT_DEFINITION_FORMATION('','',#8672);
#8672 = PRODUCT('0075_jetson_bay','0075_jetson_bay','',(#8673));
#8673 = PRODUCT_CONTEXT('',#2,'mechanical');
#8674 = PRODUCT_DEFINITION_CONTEXT('part definition',#2,'design');
#8675 = ADVANCED_BREP_SHAPE_REPRESENTATION('',(#11,#8676),#8774);
#8676 = MANIFOLD_SOLID_BREP('',#8677);
#8677 = CLOSED_SHELL('',(#8678,#8766,#8770));
#8678 = ADVANCED_FACE('',(#8679),#8692,.T.);
#8679 = FACE_BOUND('',#8680,.T.);
#8680 = EDGE_LOOP('',(#8681,#8715,#8738,#8765));
#8681 = ORIENTED_EDGE('',*,*,#8682,.F.);
#8682 = EDGE_CURVE('',#8683,#8683,#8685,.T.);
#8683 = VERTEX_POINT('',#8684);
#8684 = CARTESIAN_POINT('',(63.,133.333,386.));
#8685 = SURFACE_CURVE('',#8686,(#8691,#8703),.PCURVE_S1.);
#8686 = CIRCLE('',#8687,1.);
#8687 = AXIS2_PLACEMENT_3D('',#8688,#8689,#8690);
#8688 = CARTESIAN_POINT('',(63.,133.333,385.));
#8689 = DIRECTION('',(0.,1.,0.));
#8690 = DIRECTION('',(0.,-0.,1.));
#8691 = PCURVE('',#8692,#8697);
#8692 = CYLINDRICAL_SURFACE('',#8693,1.);
#8693 = AXIS2_PLACEMENT_3D('',#8694,#8695,#8696);
#8694 = CARTESIAN_POINT('',(63.,0.,385.));
#8695 = DIRECTION('',(0.,1.,0.));
#8696 = DIRECTION('',(0.,-0.,1.));
#8697 = DEFINITIONAL_REPRESENTATION('',(#8698),#8702);
#8698 = LINE('',#8699,#8700);
#8699 = CARTESIAN_POINT('',(0.,133.333));
#8700 = VECTOR('',#8701,1.);
#8701 = DIRECTION('',(1.,0.));
#8702 = ( GEOMETRIC_REPRESENTATION_CONTEXT(2) 
PARAMETRIC_REPRESENTATION_CONTEXT() REPRESENTATION_CONTEXT('2D SPACE',''
  ) );
#8703 = PCURVE('',#8704,#8709);
#8704 = PLANE('',#8705);
#8705 = AXIS2_PLACEMENT_3D('',#8706,#8707,#8708);
#8706 = CARTESIAN_POINT('',(63.,133.333,385.));
#8707 = DIRECTION('',(0.,1.,0.));
#8708 = DIRECTION('',(0.,-0.,1.));
#8709 = DEFINITIONAL_REPRESENTATION('',(#8710),#8714);
#8710 = CIRCLE('',#8711,1.);
#8711 = AXIS2_PLACEMENT_2D('',#8712,#8713);
#8712 = CARTESIAN_POINT('',(0.,0.));
#8713 = DIRECTION('',(1.,0.));
#8714 = ( GEOMETRIC_REPRESENTATION_CONTEXT(2) 
PARAMETRIC_REPRESENTATION_CONTEXT() REPRESENTATION_CONTEXT('2D SPACE',''
  ) );
#8715 = ORIENTED_EDGE('',*,*,#8716,.F.);
#8716 = EDGE_CURVE('',#8717,#8683,#8719,.T.);
#8717 = VERTEX_POINT('',#8718);
#8718 = CARTESIAN_POINT('',(63.,0.,386.));
#8719 = SEAM_CURVE('',#8720,(#8724,#8731),.PCURVE_S1.);
#8720 = LINE('',#8721,#8722);
#8721 = CARTESIAN_POINT('',(63.,0.,386.));
#8722 = VECTOR('',#8723,1.);
#8723 = DIRECTION('',(0.,1.,0.));
#8724 = PCURVE('',#8692,#8725);
#8725 = DEFINITIONAL_REPRESENTATION('',(#8726),#8730);
#8726 = LINE('',#8727,#8728);
#8727 = CARTESIAN_POINT('',(6.28318530718,-0.));
#8728 = VECTOR('',#8729,1.);
#8729 = DIRECTION('',(0.,1.));
#8730 = ( GEOMETRIC_REPRESENTATION_CONTEXT(2) 
PARAMETRIC_REPRESENTATION_CONTEXT() REPRESENTATION_CONTEXT('2D SPACE',''
  ) );
#8731 = PCURVE('',#8692,#8732);
#8732 = DEFINITIONAL_REPRESENTATION('',(#8733),#8737);
#8733 = LINE('',#8734,#8735);
#8734 = CARTESIAN_POINT('',(0.,-0.));
#8735 = VECTOR('',#8736,1.);
#8736 = DIRECTION('',(0.,1.));
#8737 = ( GEOMETRIC_REPRESENTATION_CONTEXT(2) 
PARAMETRIC_REPRESENTATION_CONTEXT() REPRESENTATION_CONTEXT('2D SPACE',''
  ) );
#8738 = ORIENTED_EDGE('',*,*,#8739,.T.);
#8739 = EDGE_CURVE('',#8717,#8717,#8740,.T.);
#8740 = SURFACE_CURVE('',#8741,(#8746,#8753),.PCURVE_S1.);
#8741 = CIRCLE('',#8742,1.);
#8742 = AXIS2_PLACEMENT_3D('',#8743,#8744,#8745);
#8743 = CARTESIAN_POINT('',(63.,0.,385.));
#8744 = DIRECTION('',(0.,1.,0.));
#8745 = DIRECTION('',(0.,-0.,1.));
#8746 = PCURVE('',#8692,#8747);
#8747 = DEFINITIONAL_REPRESENTATION('',(#8748),#8752);
#8748 = LINE('',#8749,#8750);
#8749 = CARTESIAN_POINT('',(0.,0.));
#8750 = VECTOR('',#8751,1.);
#8751 = DIRECTION('',(1.,0.));
#8752 = ( GEOMETRIC_REPRESENTATION_CONTEXT(2) 
PARAMETRIC_REPRESENTATION_CONTEXT() REPRESENTATION_CONTEXT('2D SPACE',''
  ) );
#8753 = PCURVE('',#8754,#8759);
#8754 = PLANE('',#8755);
#8755 = AXIS2_PLACEMENT_3D('',#8756,#8757,#8758);
#8756 = CARTESIAN_POINT('',(63.,0.,385.));
#8757 = DIRECTION('',(0.,1.,0.));
#8758 = DIRECTION('',(0.,-0.,1.));
#8759 = DEFINITIONAL_REPRESENTATION('',(#8760),#8764);
#8760 = CIRCLE('',#8761,1.);
#8761 = AXIS2_PLACEMENT_2D('',#8762,#8763);
#8762 = CARTESIAN_POINT('',(0.,0.));
#8763 = DIRECTION('',(1.,0.));
#8764 = ( GEOMETRIC_REPRESENTATION_CONTEXT(2) 
PARAMETRIC_REPRESENTATION_CONTEXT() REPRESENTATION_CONTEXT('2D SPACE',''
  ) );
#8765 = ORIENTED_EDGE('',*,*,#8716,.T.);
#8766 = ADVANCED_FACE('',(#8767),#8704,.T.);
#8767 = FACE_BOUND('',#8768,.T.);
#8768 = EDGE_LOOP('',(#8769));
#8769 = ORIENTED_EDGE('',*,*,#8682,.T.);
#8770 = ADVANCED_FACE('',(#8771),#8754,.F.);
#8771 = FACE_BOUND('',#8772,.T.);
#8772 = EDGE_LOOP('',(#8773));
#8773 = ORIENTED_EDGE('',*,*,#8739,.F.);
#8774 = ( GEOMETRIC_REPRESENTATION_CONTEXT(3) 
GLOBAL_UNCERTAINTY_ASSIGNED_CONTEXT((#8778)) 
GLOBAL_UNIT_ASSIGNED_CONTEXT((#8775,#8776,#8777)) REPRESENTATION_CONTEXT
('Context #1','3D Context with UNIT and UNCERTAINTY') );
#8775 = ( LENGTH_UNIT() NAMED_UNIT(*) SI_UNIT(.MILLI.,.METRE.) );
#8776 = ( NAMED_UNIT(*) PLANE_ANGLE_UNIT() SI_UNIT($,.RADIAN.) );
#8777 = ( NAMED_UNIT(*) SI_UNIT($,.STERADIAN.) SOLID_ANGLE_UNIT() );
#8778 = UNCERTAINTY_MEASURE_WITH_UNIT(LENGTH_MEASURE(1.E-07),#8775,
  'distance_accuracy_value','confusion accuracy');
#8779 = CONTEXT_DEPENDENT_SHAPE_REPRESENTATION(#8780,#8782);
#8780 = ( REPRESENTATION_RELATIONSHIP('','',#8675,#10) 
REPRESENTATION_RELATIONSHIP_WITH_TRANSFORMATION(#8781) 
SHAPE_REPRESENTATION_RELATIONSHIP() );
#8781 = ITEM_DEFINED_TRANSFORMATION('','',#11,#315);
#8782 = PRODUCT_DEFINITION_SHAPE('Placement','Placement of an item',
  #8783);
#8783 = NEXT_ASSEMBLY_USAGE_OCCURRENCE('76','0075_jetson_bay','',#5,
  #8670,$);
#8784 = PRODUCT_RELATED_PRODUCT_CATEGORY('part',$,(#8672));
#8785 = SHAPE_DEFINITION_REPRESENTATION(#8786,#8792);
#8786 = PRODUCT_DEFINITION_SHAPE('','',#8787);
#8787 = PRODUCT_DEFINITION('design','',#8788,#8791);
#8788 = PRODUCT_DEFINITION_FORMATION('','',#8789);
#8789 = PRODUCT('0076_jetson_bay','0076_jetson_bay','',(#8790));
#8790 = PRODUCT_CONTEXT('',#2,'mechanical');
#8791 = PRODUCT_DEFINITION_CONTEXT('part definition',#2,'design');
#8792 = ADVANCED_BREP_SHAPE_REPRESENTATION('',(#11,#8793),#8891);
#8793 = MANIFOLD_SOLID_BREP('',#8794);
#8794 = CLOSED_SHELL('',(#8795,#8883,#8887));
#8795 = ADVANCED_FACE('',(#8796),#8809,.T.);
#8796 = FACE_BOUND('',#8797,.T.);
#8797 = EDGE_LOOP('',(#8798,#8832,#8855,#8882));
#8798 = ORIENTED_EDGE('',*,*,#8799,.F.);
#8799 = EDGE_CURVE('',#8800,#8800,#8802,.T.);
#8800 = VERTEX_POINT('',#8801);
#8801 = CARTESIAN_POINT('',(-63.,133.333,384.));
#8802 = SURFACE_CURVE('',#8803,(#8808,#8820),.PCURVE_S1.);
#8803 = CIRCLE('',#8804,1.);
#8804 = AXIS2_PLACEMENT_3D('',#8805,#8806,#8807);
#8805 = CARTESIAN_POINT('',(-63.,133.333,385.));
#8806 = DIRECTION('',(-1.,0.,0.));
#8807 = DIRECTION('',(0.,0.,-1.));
#8808 = PCURVE('',#8809,#8814);
#8809 = CYLINDRICAL_SURFACE('',#8810,1.);
#8810 = AXIS2_PLACEMENT_3D('',#8811,#8812,#8813);
#8811 = CARTESIAN_POINT('',(63.,133.333,385.));
#8812 = DIRECTION('',(-1.,0.,0.));
#8813 = DIRECTION('',(0.,0.,-1.));
#8814 = DEFINITIONAL_REPRESENTATION('',(#8815),#8819);
#8815 = LINE('',#8816,#8817);
#8816 = CARTESIAN_POINT('',(0.,126.));
#8817 = VECTOR('',#8818,1.);
#8818 = DIRECTION('',(1.,0.));
#8819 = ( GEOMETRIC_REPRESENTATION_CONTEXT(2) 
PARAMETRIC_REPRESENTATION_CONTEXT() REPRESENTATION_CONTEXT('2D SPACE',''
  ) );
#8820 = PCURVE('',#8821,#8826);
#8821 = PLANE('',#8822);
#8822 = AXIS2_PLACEMENT_3D('',#8823,#8824,#8825);
#8823 = CARTESIAN_POINT('',(-63.,133.333,385.));
#8824 = DIRECTION('',(-1.,0.,0.));
#8825 = DIRECTION('',(0.,0.,-1.));
#8826 = DEFINITIONAL_REPRESENTATION('',(#8827),#8831);
#8827 = CIRCLE('',#8828,1.);
#8828 = AXIS2_PLACEMENT_2D('',#8829,#8830);
#8829 = CARTESIAN_POINT('',(0.,0.));
#8830 = DIRECTION('',(1.,0.));
#8831 = ( GEOMETRIC_REPRESENTATION_CONTEXT(2) 
PARAMETRIC_REPRESENTATION_CONTEXT() REPRESENTATION_CONTEXT('2D SPACE',''
  ) );
#8832 = ORIENTED_EDGE('',*,*,#8833,.F.);
#8833 = EDGE_CURVE('',#8834,#8800,#8836,.T.);
#8834 = VERTEX_POINT('',#8835);
#8835 = CARTESIAN_POINT('',(63.,133.333,384.));
#8836 = SEAM_CURVE('',#8837,(#8841,#8848),.PCURVE_S1.);
#8837 = LINE('',#8838,#8839);
#8838 = CARTESIAN_POINT('',(63.,133.333,384.));
#8839 = VECTOR('',#8840,1.);
#8840 = DIRECTION('',(-1.,0.,0.));
#8841 = PCURVE('',#8809,#8842);
#8842 = DEFINITIONAL_REPRESENTATION('',(#8843),#8847);
#8843 = LINE('',#8844,#8845);
#8844 = CARTESIAN_POINT('',(6.28318530718,-0.));
#8845 = VECTOR('',#8846,1.);
#8846 = DIRECTION('',(0.,1.));
#8847 = ( GEOMETRIC_REPRESENTATION_CONTEXT(2) 
PARAMETRIC_REPRESENTATION_CONTEXT() REPRESENTATION_CONTEXT('2D SPACE',''
  ) );
#8848 = PCURVE('',#8809,#8849);
#8849 = DEFINITIONAL_REPRESENTATION('',(#8850),#8854);
#8850 = LINE('',#8851,#8852);
#8851 = CARTESIAN_POINT('',(0.,-0.));
#8852 = VECTOR('',#8853,1.);
#8853 = DIRECTION('',(0.,1.));
#8854 = ( GEOMETRIC_REPRESENTATION_CONTEXT(2) 
PARAMETRIC_REPRESENTATION_CONTEXT() REPRESENTATION_CONTEXT('2D SPACE',''
  ) );
#8855 = ORIENTED_EDGE('',*,*,#8856,.T.);
#8856 = EDGE_CURVE('',#8834,#8834,#8857,.T.);
#8857 = SURFACE_CURVE('',#8858,(#8863,#8870),.PCURVE_S1.);
#8858 = CIRCLE('',#8859,1.);
#8859 = AXIS2_PLACEMENT_3D('',#8860,#8861,#8862);
#8860 = CARTESIAN_POINT('',(63.,133.333,385.));
#8861 = DIRECTION('',(-1.,0.,0.));
#8862 = DIRECTION('',(0.,0.,-1.));
#8863 = PCURVE('',#8809,#8864);
#8864 = DEFINITIONAL_REPRESENTATION('',(#8865),#8869);
#8865 = LINE('',#8866,#8867);
#8866 = CARTESIAN_POINT('',(0.,0.));
#8867 = VECTOR('',#8868,1.);
#8868 = DIRECTION('',(1.,0.));
#8869 = ( GEOMETRIC_REPRESENTATION_CONTEXT(2) 
PARAMETRIC_REPRESENTATION_CONTEXT() REPRESENTATION_CONTEXT('2D SPACE',''
  ) );
#8870 = PCURVE('',#8871,#8876);
#8871 = PLANE('',#8872);
#8872 = AXIS2_PLACEMENT_3D('',#8873,#8874,#8875);
#8873 = CARTESIAN_POINT('',(63.,133.333,385.));
#8874 = DIRECTION('',(-1.,0.,0.));
#8875 = DIRECTION('',(0.,0.,-1.));
#8876 = DEFINITIONAL_REPRESENTATION('',(#8877),#8881);
#8877 = CIRCLE('',#8878,1.);
#8878 = AXIS2_PLACEMENT_2D('',#8879,#8880);
#8879 = CARTESIAN_POINT('',(0.,0.));
#8880 = DIRECTION('',(1.,0.));
#8881 = ( GEOMETRIC_REPRESENTATION_CONTEXT(2) 
PARAMETRIC_REPRESENTATION_CONTEXT() REPRESENTATION_CONTEXT('2D SPACE',''
  ) );
#8882 = ORIENTED_EDGE('',*,*,#8833,.T.);
#8883 = ADVANCED_FACE('',(#8884),#8821,.T.);
#8884 = FACE_BOUND('',#8885,.T.);
#8885 = EDGE_LOOP('',(#8886));
#8886 = ORIENTED_EDGE('',*,*,#8799,.T.);
#8887 = ADVANCED_FACE('',(#8888),#8871,.F.);
#8888 = FACE_BOUND('',#8889,.T.);
#8889 = EDGE_LOOP('',(#8890));
#8890 = ORIENTED_EDGE('',*,*,#8856,.F.);
#8891 = ( GEOMETRIC_REPRESENTATION_CONTEXT(3) 
GLOBAL_UNCERTAINTY_ASSIGNED_CONTEXT((#8895)) 
GLOBAL_UNIT_ASSIGNED_CONTEXT((#8892,#8893,#8894)) REPRESENTATION_CONTEXT
('Context #1','3D Context with UNIT and UNCERTAINTY') );
#8892 = ( LENGTH_UNIT() NAMED_UNIT(*) SI_UNIT(.MILLI.,.METRE.) );
#8893 = ( NAMED_UNIT(*) PLANE_ANGLE_UNIT() SI_UNIT($,.RADIAN.) );
#8894 = ( NAMED_UNIT(*) SI_UNIT($,.STERADIAN.) SOLID_ANGLE_UNIT() );
#8895 = UNCERTAINTY_MEASURE_WITH_UNIT(LENGTH_MEASURE(1.E-07),#8892,
  'distance_accuracy_value','confusion accuracy');
#8896 = CONTEXT_DEPENDENT_SHAPE_REPRESENTATION(#8897,#8899);
#8897 = ( REPRESENTATION_RELATIONSHIP('','',#8792,#10) 
REPRESENTATION_RELATIONSHIP_WITH_TRANSFORMATION(#8898) 
SHAPE_REPRESENTATION_RELATIONSHIP() );
#8898 = ITEM_DEFINED_TRANSFORMATION('','',#11,#319);
#8899 = PRODUCT_DEFINITION_SHAPE('Placement','Placement of an item',
  #8900);
#8900 = NEXT_ASSEMBLY_USAGE_OCCURRENCE('77','0076_jetson_bay','',#5,
  #8787,$);
#8901 = PRODUCT_RELATED_PRODUCT_CATEGORY('part',$,(#8789));
#8902 = SHAPE_DEFINITION_REPRESENTATION(#8903,#8909);
#8903 = PRODUCT_DEFINITION_SHAPE('','',#8904);
#8904 = PRODUCT_DEFINITION('design','',#8905,#8908);
#8905 = PRODUCT_DEFINITION_FORMATION('','',#8906);
#8906 = PRODUCT('0077_jetson_bay','0077_jetson_bay','',(#8907));
#8907 = PRODUCT_CONTEXT('',#2,'mechanical');
#8908 = PRODUCT_DEFINITION_CONTEXT('part definition',#2,'design');
#8909 = ADVANCED_BREP_SHAPE_REPRESENTATION('',(#11,#8910),#9008);
#8910 = MANIFOLD_SOLID_BREP('',#8911);
#8911 = CLOSED_SHELL('',(#8912,#9000,#9004));
#8912 = ADVANCED_FACE('',(#8913),#8926,.T.);
#8913 = FACE_BOUND('',#8914,.T.);
#8914 = EDGE_LOOP('',(#8915,#8949,#8972,#8999));
#8915 = ORIENTED_EDGE('',*,*,#8916,.F.);
#8916 = EDGE_CURVE('',#8917,#8917,#8919,.T.);
#8917 = VERTEX_POINT('',#8918);
#8918 = CARTESIAN_POINT('',(-63.,0.,384.));
#8919 = SURFACE_CURVE('',#8920,(#8925,#8937),.PCURVE_S1.);
#8920 = CIRCLE('',#8921,1.);
#8921 = AXIS2_PLACEMENT_3D('',#8922,#8923,#8924);
#8922 = CARTESIAN_POINT('',(-63.,0.,385.));
#8923 = DIRECTION('',(0.,-1.,0.));
#8924 = DIRECTION('',(0.,-0.,-1.));
#8925 = PCURVE('',#8926,#8931);
#8926 = CYLINDRICAL_SURFACE('',#8927,1.);
#8927 = AXIS2_PLACEMENT_3D('',#8928,#8929,#8930);
#8928 = CARTESIAN_POINT('',(-63.,133.333,385.));
#8929 = DIRECTION('',(0.,-1.,0.));
#8930 = DIRECTION('',(0.,-0.,-1.));
#8931 = DEFINITIONAL_REPRESENTATION('',(#8932),#8936);
#8932 = LINE('',#8933,#8934);
#8933 = CARTESIAN_POINT('',(0.,133.333));
#8934 = VECTOR('',#8935,1.);
#8935 = DIRECTION('',(1.,0.));
#8936 = ( GEOMETRIC_REPRESENTATION_CONTEXT(2) 
PARAMETRIC_REPRESENTATION_CONTEXT() REPRESENTATION_CONTEXT('2D SPACE',''
  ) );
#8937 = PCURVE('',#8938,#8943);
#8938 = PLANE('',#8939);
#8939 = AXIS2_PLACEMENT_3D('',#8940,#8941,#8942);
#8940 = CARTESIAN_POINT('',(-63.,0.,385.));
#8941 = DIRECTION('',(0.,-1.,0.));
#8942 = DIRECTION('',(0.,-0.,-1.));
#8943 = DEFINITIONAL_REPRESENTATION('',(#8944),#8948);
#8944 = CIRCLE('',#8945,1.);
#8945 = AXIS2_PLACEMENT_2D('',#8946,#8947);
#8946 = CARTESIAN_POINT('',(0.,0.));
#8947 = DIRECTION('',(1.,0.));
#8948 = ( GEOMETRIC_REPRESENTATION_CONTEXT(2) 
PARAMETRIC_REPRESENTATION_CONTEXT() REPRESENTATION_CONTEXT('2D SPACE',''
  ) );
#8949 = ORIENTED_EDGE('',*,*,#8950,.F.);
#8950 = EDGE_CURVE('',#8951,#8917,#8953,.T.);
#8951 = VERTEX_POINT('',#8952);
#8952 = CARTESIAN_POINT('',(-63.,133.333,384.));
#8953 = SEAM_CURVE('',#8954,(#8958,#8965),.PCURVE_S1.);
#8954 = LINE('',#8955,#8956);
#8955 = CARTESIAN_POINT('',(-63.,133.333,384.));
#8956 = VECTOR('',#8957,1.);
#8957 = DIRECTION('',(0.,-1.,0.));
#8958 = PCURVE('',#8926,#8959);
#8959 = DEFINITIONAL_REPRESENTATION('',(#8960),#8964);
#8960 = LINE('',#8961,#8962);
#8961 = CARTESIAN_POINT('',(6.28318530718,-0.));
#8962 = VECTOR('',#8963,1.);
#8963 = DIRECTION('',(0.,1.));
#8964 = ( GEOMETRIC_REPRESENTATION_CONTEXT(2) 
PARAMETRIC_REPRESENTATION_CONTEXT() REPRESENTATION_CONTEXT('2D SPACE',''
  ) );
#8965 = PCURVE('',#8926,#8966);
#8966 = DEFINITIONAL_REPRESENTATION('',(#8967),#8971);
#8967 = LINE('',#8968,#8969);
#8968 = CARTESIAN_POINT('',(0.,-0.));
#8969 = VECTOR('',#8970,1.);
#8970 = DIRECTION('',(0.,1.));
#8971 = ( GEOMETRIC_REPRESENTATION_CONTEXT(2) 
PARAMETRIC_REPRESENTATION_CONTEXT() REPRESENTATION_CONTEXT('2D SPACE',''
  ) );
#8972 = ORIENTED_EDGE('',*,*,#8973,.T.);
#8973 = EDGE_CURVE('',#8951,#8951,#8974,.T.);
#8974 = SURFACE_CURVE('',#8975,(#8980,#8987),.PCURVE_S1.);
#8975 = CIRCLE('',#8976,1.);
#8976 = AXIS2_PLACEMENT_3D('',#8977,#8978,#8979);
#8977 = CARTESIAN_POINT('',(-63.,133.333,385.));
#8978 = DIRECTION('',(0.,-1.,0.));
#8979 = DIRECTION('',(0.,-0.,-1.));
#8980 = PCURVE('',#8926,#8981);
#8981 = DEFINITIONAL_REPRESENTATION('',(#8982),#8986);
#8982 = LINE('',#8983,#8984);
#8983 = CARTESIAN_POINT('',(0.,0.));
#8984 = VECTOR('',#8985,1.);
#8985 = DIRECTION('',(1.,0.));
#8986 = ( GEOMETRIC_REPRESENTATION_CONTEXT(2) 
PARAMETRIC_REPRESENTATION_CONTEXT() REPRESENTATION_CONTEXT('2D SPACE',''
  ) );
#8987 = PCURVE('',#8988,#8993);
#8988 = PLANE('',#8989);
#8989 = AXIS2_PLACEMENT_3D('',#8990,#8991,#8992);
#8990 = CARTESIAN_POINT('',(-63.,133.333,385.));
#8991 = DIRECTION('',(0.,-1.,0.));
#8992 = DIRECTION('',(0.,-0.,-1.));
#8993 = DEFINITIONAL_REPRESENTATION('',(#8994),#8998);
#8994 = CIRCLE('',#8995,1.);
#8995 = AXIS2_PLACEMENT_2D('',#8996,#8997);
#8996 = CARTESIAN_POINT('',(0.,0.));
#8997 = DIRECTION('',(1.,0.));
#8998 = ( GEOMETRIC_REPRESENTATION_CONTEXT(2) 
PARAMETRIC_REPRESENTATION_CONTEXT() REPRESENTATION_CONTEXT('2D SPACE',''
  ) );
#8999 = ORIENTED_EDGE('',*,*,#8950,.T.);
#9000 = ADVANCED_FACE('',(#9001),#8938,.T.);
#9001 = FACE_BOUND('',#9002,.T.);
#9002 = EDGE_LOOP('',(#9003));
#9003 = ORIENTED_EDGE('',*,*,#8916,.T.);
#9004 = ADVANCED_FACE('',(#9005),#8988,.F.);
#9005 = FACE_BOUND('',#9006,.T.);
#9006 = EDGE_LOOP('',(#9007));
#9007 = ORIENTED_EDGE('',*,*,#8973,.F.);
#9008 = ( GEOMETRIC_REPRESENTATION_CONTEXT(3) 
GLOBAL_UNCERTAINTY_ASSIGNED_CONTEXT((#9012)) 
GLOBAL_UNIT_ASSIGNED_CONTEXT((#9009,#9010,#9011)) REPRESENTATION_CONTEXT
('Context #1','3D Context with UNIT and UNCERTAINTY') );
#9009 = ( LENGTH_UNIT() NAMED_UNIT(*) SI_UNIT(.MILLI.,.METRE.) );
#9010 = ( NAMED_UNIT(*) PLANE_ANGLE_UNIT() SI_UNIT($,.RADIAN.) );
#9011 = ( NAMED_UNIT(*) SI_UNIT($,.STERADIAN.) SOLID_ANGLE_UNIT() );
#9012 = UNCERTAINTY_MEASURE_WITH_UNIT(LENGTH_MEASURE(1.E-07),#9009,
  'distance_accuracy_value','confusion accuracy');
#9013 = CONTEXT_DEPENDENT_SHAPE_REPRESENTATION(#9014,#9016);
#9014 = ( REPRESENTATION_RELATIONSHIP('','',#8909,#10) 
REPRESENTATION_RELATIONSHIP_WITH_TRANSFORMATION(#9015) 
SHAPE_REPRESENTATION_RELATIONSHIP() );
#9015 = ITEM_DEFINED_TRANSFORMATION('','',#11,#323);
#9016 = PRODUCT_DEFINITION_SHAPE('Placement','Placement of an item',
  #9017);
#9017 = NEXT_ASSEMBLY_USAGE_OCCURRENCE('78','0077_jetson_bay','',#5,
  #8904,$);
#9018 = PRODUCT_RELATED_PRODUCT_CATEGORY('part',$,(#8906));
#9019 = SHAPE_DEFINITION_REPRESENTATION(#9020,#9026);
#9020 = PRODUCT_DEFINITION_SHAPE('','',#9021);
#9021 = PRODUCT_DEFINITION('design','',#9022,#9025);
#9022 = PRODUCT_DEFINITION_FORMATION('','',#9023);
#9023 = PRODUCT('0078_jetson_bay','0078_jetson_bay','',(#9024));
#9024 = PRODUCT_CONTEXT('',#2,'mechanical');
#9025 = PRODUCT_DEFINITION_CONTEXT('part definition',#2,'design');
#9026 = ADVANCED_BREP_SHAPE_REPRESENTATION('',(#11,#9027),#9125);
#9027 = MANIFOLD_SOLID_BREP('',#9028);
#9028 = CLOSED_SHELL('',(#9029,#9117,#9121));
#9029 = ADVANCED_FACE('',(#9030),#9043,.T.);
#9030 = FACE_BOUND('',#9031,.T.);
#9031 = EDGE_LOOP('',(#9032,#9066,#9089,#9116));
#9032 = ORIENTED_EDGE('',*,*,#9033,.F.);
#9033 = EDGE_CURVE('',#9034,#9034,#9036,.T.);
#9034 = VERTEX_POINT('',#9035);
#9035 = CARTESIAN_POINT('',(-62.,-2.449293598295E-16,385.));
#9036 = SURFACE_CURVE('',#9037,(#9042,#9054),.PCURVE_S1.);
#9037 = CIRCLE('',#9038,1.);
#9038 = AXIS2_PLACEMENT_3D('',#9039,#9040,#9041);
#9039 = CARTESIAN_POINT('',(-63.,0.,385.));
#9040 = DIRECTION('',(0.,0.,1.));
#9041 = DIRECTION('',(1.,0.,-0.));
#9042 = PCURVE('',#9043,#9048);
#9043 = CYLINDRICAL_SURFACE('',#9044,1.);
#9044 = AXIS2_PLACEMENT_3D('',#9045,#9046,#9047);
#9045 = CARTESIAN_POINT('',(-63.,0.,200.834));
#9046 = DIRECTION('',(0.,0.,1.));
#9047 = DIRECTION('',(1.,0.,-0.));
#9048 = DEFINITIONAL_REPRESENTATION('',(#9049),#9053);
#9049 = LINE('',#9050,#9051);
#9050 = CARTESIAN_POINT('',(0.,184.166));
#9051 = VECTOR('',#9052,1.);
#9052 = DIRECTION('',(1.,0.));
#9053 = ( GEOMETRIC_REPRESENTATION_CONTEXT(2) 
PARAMETRIC_REPRESENTATION_CONTEXT() REPRESENTATION_CONTEXT('2D SPACE',''
  ) );
#9054 = PCURVE('',#9055,#9060);
#9055 = PLANE('',#9056);
#9056 = AXIS2_PLACEMENT_3D('',#9057,#9058,#9059);
#9057 = CARTESIAN_POINT('',(-63.,0.,385.));
#9058 = DIRECTION('',(0.,0.,1.));
#9059 = DIRECTION('',(1.,0.,-0.));
#9060 = DEFINITIONAL_REPRESENTATION('',(#9061),#9065);
#9061 = CIRCLE('',#9062,1.);
#9062 = AXIS2_PLACEMENT_2D('',#9063,#9064);
#9063 = CARTESIAN_POINT('',(0.,0.));
#9064 = DIRECTION('',(1.,0.));
#9065 = ( GEOMETRIC_REPRESENTATION_CONTEXT(2) 
PARAMETRIC_REPRESENTATION_CONTEXT() REPRESENTATION_CONTEXT('2D SPACE',''
  ) );
#9066 = ORIENTED_EDGE('',*,*,#9067,.F.);
#9067 = EDGE_CURVE('',#9068,#9034,#9070,.T.);
#9068 = VERTEX_POINT('',#9069);
#9069 = CARTESIAN_POINT('',(-62.,-2.449293598295E-16,200.834));
#9070 = SEAM_CURVE('',#9071,(#9075,#9082),.PCURVE_S1.);
#9071 = LINE('',#9072,#9073);
#9072 = CARTESIAN_POINT('',(-62.,-2.449293598295E-16,200.834));
#9073 = VECTOR('',#9074,1.);
#9074 = DIRECTION('',(0.,0.,1.));
#9075 = PCURVE('',#9043,#9076);
#9076 = DEFINITIONAL_REPRESENTATION('',(#9077),#9081);
#9077 = LINE('',#9078,#9079);
#9078 = CARTESIAN_POINT('',(6.28318530718,-0.));
#9079 = VECTOR('',#9080,1.);
#9080 = DIRECTION('',(0.,1.));
#9081 = ( GEOMETRIC_REPRESENTATION_CONTEXT(2) 
PARAMETRIC_REPRESENTATION_CONTEXT() REPRESENTATION_CONTEXT('2D SPACE',''
  ) );
#9082 = PCURVE('',#9043,#9083);
#9083 = DEFINITIONAL_REPRESENTATION('',(#9084),#9088);
#9084 = LINE('',#9085,#9086);
#9085 = CARTESIAN_POINT('',(0.,-0.));
#9086 = VECTOR('',#9087,1.);
#9087 = DIRECTION('',(0.,1.));
#9088 = ( GEOMETRIC_REPRESENTATION_CONTEXT(2) 
PARAMETRIC_REPRESENTATION_CONTEXT() REPRESENTATION_CONTEXT('2D SPACE',''
  ) );
#9089 = ORIENTED_EDGE('',*,*,#9090,.T.);
#9090 = EDGE_CURVE('',#9068,#9068,#9091,.T.);
#9091 = SURFACE_CURVE('',#9092,(#9097,#9104),.PCURVE_S1.);
#9092 = CIRCLE('',#9093,1.);
#9093 = AXIS2_PLACEMENT_3D('',#9094,#9095,#9096);
#9094 = CARTESIAN_POINT('',(-63.,0.,200.834));
#9095 = DIRECTION('',(0.,0.,1.));
#9096 = DIRECTION('',(1.,0.,-0.));
#9097 = PCURVE('',#9043,#9098);
#9098 = DEFINITIONAL_REPRESENTATION('',(#9099),#9103);
#9099 = LINE('',#9100,#9101);
#9100 = CARTESIAN_POINT('',(0.,0.));
#9101 = VECTOR('',#9102,1.);
#9102 = DIRECTION('',(1.,0.));
#9103 = ( GEOMETRIC_REPRESENTATION_CONTEXT(2) 
PARAMETRIC_REPRESENTATION_CONTEXT() REPRESENTATION_CONTEXT('2D SPACE',''
  ) );
#9104 = PCURVE('',#9105,#9110);
#9105 = PLANE('',#9106);
#9106 = AXIS2_PLACEMENT_3D('',#9107,#9108,#9109);
#9107 = CARTESIAN_POINT('',(-63.,0.,200.834));
#9108 = DIRECTION('',(0.,0.,1.));
#9109 = DIRECTION('',(1.,0.,-0.));
#9110 = DEFINITIONAL_REPRESENTATION('',(#9111),#9115);
#9111 = CIRCLE('',#9112,1.);
#9112 = AXIS2_PLACEMENT_2D('',#9113,#9114);
#9113 = CARTESIAN_POINT('',(0.,0.));
#9114 = DIRECTION('',(1.,0.));
#9115 = ( GEOMETRIC_REPRESENTATION_CONTEXT(2) 
PARAMETRIC_REPRESENTATION_CONTEXT() REPRESENTATION_CONTEXT('2D SPACE',''
  ) );
#9116 = ORIENTED_EDGE('',*,*,#9067,.T.);
#9117 = ADVANCED_FACE('',(#9118),#9055,.T.);
#9118 = FACE_BOUND('',#9119,.T.);
#9119 = EDGE_LOOP('',(#9120));
#9120 = ORIENTED_EDGE('',*,*,#9033,.T.);
#9121 = ADVANCED_FACE('',(#9122),#9105,.F.);
#9122 = FACE_BOUND('',#9123,.T.);
#9123 = EDGE_LOOP('',(#9124));
#9124 = ORIENTED_EDGE('',*,*,#9090,.F.);
#9125 = ( GEOMETRIC_REPRESENTATION_CONTEXT(3) 
GLOBAL_UNCERTAINTY_ASSIGNED_CONTEXT((#9129)) 
GLOBAL_UNIT_ASSIGNED_CONTEXT((#9126,#9127,#9128)) REPRESENTATION_CONTEXT
('Context #1','3D Context with UNIT and UNCERTAINTY') );
#9126 = ( LENGTH_UNIT() NAMED_UNIT(*) SI_UNIT(.MILLI.,.METRE.) );
#9127 = ( NAMED_UNIT(*) PLANE_ANGLE_UNIT() SI_UNIT($,.RADIAN.) );
#9128 = ( NAMED_UNIT(*) SI_UNIT($,.STERADIAN.) SOLID_ANGLE_UNIT() );
#9129 = UNCERTAINTY_MEASURE_WITH_UNIT(LENGTH_MEASURE(1.E-07),#9126,
  'distance_accuracy_value','confusion accuracy');
#9130 = CONTEXT_DEPENDENT_SHAPE_REPRESENTATION(#9131,#9133);
#9131 = ( REPRESENTATION_RELATIONSHIP('','',#9026,#10) 
REPRESENTATION_RELATIONSHIP_WITH_TRANSFORMATION(#9132) 
SHAPE_REPRESENTATION_RELATIONSHIP() );
#9132 = ITEM_DEFINED_TRANSFORMATION('','',#11,#327);
#9133 = PRODUCT_DEFINITION_SHAPE('Placement','Placement of an item',
  #9134);
#9134 = NEXT_ASSEMBLY_USAGE_OCCURRENCE('79','0078_jetson_bay','',#5,
  #9021,$);
#9135 = PRODUCT_RELATED_PRODUCT_CATEGORY('part',$,(#9023));
#9136 = SHAPE_DEFINITION_REPRESENTATION(#9137,#9143);
#9137 = PRODUCT_DEFINITION_SHAPE('','',#9138);
#9138 = PRODUCT_DEFINITION('design','',#9139,#9142);
#9139 = PRODUCT_DEFINITION_FORMATION('','',#9140);
#9140 = PRODUCT('0079_jetson_bay','0079_jetson_bay','',(#9141));
#9141 = PRODUCT_CONTEXT('',#2,'mechanical');
#9142 = PRODUCT_DEFINITION_CONTEXT('part definition',#2,'design');
#9143 = ADVANCED_BREP_SHAPE_REPRESENTATION('',(#11,#9144),#9242);
#9144 = MANIFOLD_SOLID_BREP('',#9145);
#9145 = CLOSED_SHELL('',(#9146,#9234,#9238));
#9146 = ADVANCED_FACE('',(#9147),#9160,.T.);
#9147 = FACE_BOUND('',#9148,.T.);
#9148 = EDGE_LOOP('',(#9149,#9183,#9206,#9233));
#9149 = ORIENTED_EDGE('',*,*,#9150,.F.);
#9150 = EDGE_CURVE('',#9151,#9151,#9153,.T.);
#9151 = VERTEX_POINT('',#9152);
#9152 = CARTESIAN_POINT('',(64.,-2.449293598295E-16,385.));
#9153 = SURFACE_CURVE('',#9154,(#9159,#9171),.PCURVE_S1.);
#9154 = CIRCLE('',#9155,1.);
#9155 = AXIS2_PLACEMENT_3D('',#9156,#9157,#9158);
#9156 = CARTESIAN_POINT('',(63.,0.,385.));
#9157 = DIRECTION('',(0.,0.,1.));
#9158 = DIRECTION('',(1.,0.,-0.));
#9159 = PCURVE('',#9160,#9165);
#9160 = CYLINDRICAL_SURFACE('',#9161,1.);
#9161 = AXIS2_PLACEMENT_3D('',#9162,#9163,#9164);
#9162 = CARTESIAN_POINT('',(63.,0.,200.834));
#9163 = DIRECTION('',(0.,0.,1.));
#9164 = DIRECTION('',(1.,0.,-0.));
#9165 = DEFINITIONAL_REPRESENTATION('',(#9166),#9170);
#9166 = LINE('',#9167,#9168);
#9167 = CARTESIAN_POINT('',(0.,184.166));
#9168 = VECTOR('',#9169,1.);
#9169 = DIRECTION('',(1.,0.));
#9170 = ( GEOMETRIC_REPRESENTATION_CONTEXT(2) 
PARAMETRIC_REPRESENTATION_CONTEXT() REPRESENTATION_CONTEXT('2D SPACE',''
  ) );
#9171 = PCURVE('',#9172,#9177);
#9172 = PLANE('',#9173);
#9173 = AXIS2_PLACEMENT_3D('',#9174,#9175,#9176);
#9174 = CARTESIAN_POINT('',(63.,0.,385.));
#9175 = DIRECTION('',(0.,0.,1.));
#9176 = DIRECTION('',(1.,0.,-0.));
#9177 = DEFINITIONAL_REPRESENTATION('',(#9178),#9182);
#9178 = CIRCLE('',#9179,1.);
#9179 = AXIS2_PLACEMENT_2D('',#9180,#9181);
#9180 = CARTESIAN_POINT('',(0.,0.));
#9181 = DIRECTION('',(1.,0.));
#9182 = ( GEOMETRIC_REPRESENTATION_CONTEXT(2) 
PARAMETRIC_REPRESENTATION_CONTEXT() REPRESENTATION_CONTEXT('2D SPACE',''
  ) );
#9183 = ORIENTED_EDGE('',*,*,#9184,.F.);
#9184 = EDGE_CURVE('',#9185,#9151,#9187,.T.);
#9185 = VERTEX_POINT('',#9186);
#9186 = CARTESIAN_POINT('',(64.,-2.449293598295E-16,200.834));
#9187 = SEAM_CURVE('',#9188,(#9192,#9199),.PCURVE_S1.);
#9188 = LINE('',#9189,#9190);
#9189 = CARTESIAN_POINT('',(64.,-2.449293598295E-16,200.834));
#9190 = VECTOR('',#9191,1.);
#9191 = DIRECTION('',(0.,0.,1.));
#9192 = PCURVE('',#9160,#9193);
#9193 = DEFINITIONAL_REPRESENTATION('',(#9194),#9198);
#9194 = LINE('',#9195,#9196);
#9195 = CARTESIAN_POINT('',(6.28318530718,-0.));
#9196 = VECTOR('',#9197,1.);
#9197 = DIRECTION('',(0.,1.));
#9198 = ( GEOMETRIC_REPRESENTATION_CONTEXT(2) 
PARAMETRIC_REPRESENTATION_CONTEXT() REPRESENTATION_CONTEXT('2D SPACE',''
  ) );
#9199 = PCURVE('',#9160,#9200);
#9200 = DEFINITIONAL_REPRESENTATION('',(#9201),#9205);
#9201 = LINE('',#9202,#9203);
#9202 = CARTESIAN_POINT('',(0.,-0.));
#9203 = VECTOR('',#9204,1.);
#9204 = DIRECTION('',(0.,1.));
#9205 = ( GEOMETRIC_REPRESENTATION_CONTEXT(2) 
PARAMETRIC_REPRESENTATION_CONTEXT() REPRESENTATION_CONTEXT('2D SPACE',''
  ) );
#9206 = ORIENTED_EDGE('',*,*,#9207,.T.);
#9207 = EDGE_CURVE('',#9185,#9185,#9208,.T.);
#9208 = SURFACE_CURVE('',#9209,(#9214,#9221),.PCURVE_S1.);
#9209 = CIRCLE('',#9210,1.);
#9210 = AXIS2_PLACEMENT_3D('',#9211,#9212,#9213);
#9211 = CARTESIAN_POINT('',(63.,0.,200.834));
#9212 = DIRECTION('',(0.,0.,1.));
#9213 = DIRECTION('',(1.,0.,-0.));
#9214 = PCURVE('',#9160,#9215);
#9215 = DEFINITIONAL_REPRESENTATION('',(#9216),#9220);
#9216 = LINE('',#9217,#9218);
#9217 = CARTESIAN_POINT('',(0.,0.));
#9218 = VECTOR('',#9219,1.);
#9219 = DIRECTION('',(1.,0.));
#9220 = ( GEOMETRIC_REPRESENTATION_CONTEXT(2) 
PARAMETRIC_REPRESENTATION_CONTEXT() REPRESENTATION_CONTEXT('2D SPACE',''
  ) );
#9221 = PCURVE('',#9222,#9227);
#9222 = PLANE('',#9223);
#9223 = AXIS2_PLACEMENT_3D('',#9224,#9225,#9226);
#9224 = CARTESIAN_POINT('',(63.,0.,200.834));
#9225 = DIRECTION('',(0.,0.,1.));
#9226 = DIRECTION('',(1.,0.,-0.));
#9227 = DEFINITIONAL_REPRESENTATION('',(#9228),#9232);
#9228 = CIRCLE('',#9229,1.);
#9229 = AXIS2_PLACEMENT_2D('',#9230,#9231);
#9230 = CARTESIAN_POINT('',(0.,0.));
#9231 = DIRECTION('',(1.,0.));
#9232 = ( GEOMETRIC_REPRESENTATION_CONTEXT(2) 
PARAMETRIC_REPRESENTATION_CONTEXT() REPRESENTATION_CONTEXT('2D SPACE',''
  ) );
#9233 = ORIENTED_EDGE('',*,*,#9184,.T.);
#9234 = ADVANCED_FACE('',(#9235),#9172,.T.);
#9235 = FACE_BOUND('',#9236,.T.);
#9236 = EDGE_LOOP('',(#9237));
#9237 = ORIENTED_EDGE('',*,*,#9150,.T.);
#9238 = ADVANCED_FACE('',(#9239),#9222,.F.);
#9239 = FACE_BOUND('',#9240,.T.);
#9240 = EDGE_LOOP('',(#9241));
#9241 = ORIENTED_EDGE('',*,*,#9207,.F.);
#9242 = ( GEOMETRIC_REPRESENTATION_CONTEXT(3) 
GLOBAL_UNCERTAINTY_ASSIGNED_CONTEXT((#9246)) 
GLOBAL_UNIT_ASSIGNED_CONTEXT((#9243,#9244,#9245)) REPRESENTATION_CONTEXT
('Context #1','3D Context with UNIT and UNCERTAINTY') );
#9243 = ( LENGTH_UNIT() NAMED_UNIT(*) SI_UNIT(.MILLI.,.METRE.) );
#9244 = ( NAMED_UNIT(*) PLANE_ANGLE_UNIT() SI_UNIT($,.RADIAN.) );
#9245 = ( NAMED_UNIT(*) SI_UNIT($,.STERADIAN.) SOLID_ANGLE_UNIT() );
#9246 = UNCERTAINTY_MEASURE_WITH_UNIT(LENGTH_MEASURE(1.E-07),#9243,
  'distance_accuracy_value','confusion accuracy');
#9247 = CONTEXT_DEPENDENT_SHAPE_REPRESENTATION(#9248,#9250);
#9248 = ( REPRESENTATION_RELATIONSHIP('','',#9143,#10) 
REPRESENTATION_RELATIONSHIP_WITH_TRANSFORMATION(#9249) 
SHAPE_REPRESENTATION_RELATIONSHIP() );
#9249 = ITEM_DEFINED_TRANSFORMATION('','',#11,#331);
#9250 = PRODUCT_DEFINITION_SHAPE('Placement','Placement of an item',
  #9251);
#9251 = NEXT_ASSEMBLY_USAGE_OCCURRENCE('80','0079_jetson_bay','',#5,
  #9138,$);
#9252 = PRODUCT_RELATED_PRODUCT_CATEGORY('part',$,(#9140));
#9253 = SHAPE_DEFINITION_REPRESENTATION(#9254,#9260);
#9254 = PRODUCT_DEFINITION_SHAPE('','',#9255);
#9255 = PRODUCT_DEFINITION('design','',#9256,#9259);
#9256 = PRODUCT_DEFINITION_FORMATION('','',#9257);
#9257 = PRODUCT('0080_jetson_bay','0080_jetson_bay','',(#9258));
#9258 = PRODUCT_CONTEXT('',#2,'mechanical');
#9259 = PRODUCT_DEFINITION_CONTEXT('part definition',#2,'design');
#9260 = ADVANCED_BREP_SHAPE_REPRESENTATION('',(#11,#9261),#9359);
#9261 = MANIFOLD_SOLID_BREP('',#9262);
#9262 = CLOSED_SHELL('',(#9263,#9351,#9355));
#9263 = ADVANCED_FACE('',(#9264),#9277,.T.);
#9264 = FACE_BOUND('',#9265,.T.);
#9265 = EDGE_LOOP('',(#9266,#9300,#9323,#9350));
#9266 = ORIENTED_EDGE('',*,*,#9267,.F.);
#9267 = EDGE_CURVE('',#9268,#9268,#9270,.T.);
#9268 = VERTEX_POINT('',#9269);
#9269 = CARTESIAN_POINT('',(64.,133.333,385.));
#9270 = SURFACE_CURVE('',#9271,(#9276,#9288),.PCURVE_S1.);
#9271 = CIRCLE('',#9272,1.);
#9272 = AXIS2_PLACEMENT_3D('',#9273,#9274,#9275);
#9273 = CARTESIAN_POINT('',(63.,133.333,385.));
#9274 = DIRECTION('',(0.,0.,1.));
#9275 = DIRECTION('',(1.,0.,-0.));
#9276 = PCURVE('',#9277,#9282);
#9277 = CYLINDRICAL_SURFACE('',#9278,1.);
#9278 = AXIS2_PLACEMENT_3D('',#9279,#9280,#9281);
#9279 = CARTESIAN_POINT('',(63.,133.333,200.834));
#9280 = DIRECTION('',(0.,0.,1.));
#9281 = DIRECTION('',(1.,0.,-0.));
#9282 = DEFINITIONAL_REPRESENTATION('',(#9283),#9287);
#9283 = LINE('',#9284,#9285);
#9284 = CARTESIAN_POINT('',(0.,184.166));
#9285 = VECTOR('',#9286,1.);
#9286 = DIRECTION('',(1.,0.));
#9287 = ( GEOMETRIC_REPRESENTATION_CONTEXT(2) 
PARAMETRIC_REPRESENTATION_CONTEXT() REPRESENTATION_CONTEXT('2D SPACE',''
  ) );
#9288 = PCURVE('',#9289,#9294);
#9289 = PLANE('',#9290);
#9290 = AXIS2_PLACEMENT_3D('',#9291,#9292,#9293);
#9291 = CARTESIAN_POINT('',(63.,133.333,385.));
#9292 = DIRECTION('',(0.,0.,1.));
#9293 = DIRECTION('',(1.,0.,-0.));
#9294 = DEFINITIONAL_REPRESENTATION('',(#9295),#9299);
#9295 = CIRCLE('',#9296,1.);
#9296 = AXIS2_PLACEMENT_2D('',#9297,#9298);
#9297 = CARTESIAN_POINT('',(0.,0.));
#9298 = DIRECTION('',(1.,0.));
#9299 = ( GEOMETRIC_REPRESENTATION_CONTEXT(2) 
PARAMETRIC_REPRESENTATION_CONTEXT() REPRESENTATION_CONTEXT('2D SPACE',''
  ) );
#9300 = ORIENTED_EDGE('',*,*,#9301,.F.);
#9301 = EDGE_CURVE('',#9302,#9268,#9304,.T.);
#9302 = VERTEX_POINT('',#9303);
#9303 = CARTESIAN_POINT('',(64.,133.333,200.834));
#9304 = SEAM_CURVE('',#9305,(#9309,#9316),.PCURVE_S1.);
#9305 = LINE('',#9306,#9307);
#9306 = CARTESIAN_POINT('',(64.,133.333,200.834));
#9307 = VECTOR('',#9308,1.);
#9308 = DIRECTION('',(0.,0.,1.));
#9309 = PCURVE('',#9277,#9310);
#9310 = DEFINITIONAL_REPRESENTATION('',(#9311),#9315);
#9311 = LINE('',#9312,#9313);
#9312 = CARTESIAN_POINT('',(6.28318530718,-0.));
#9313 = VECTOR('',#9314,1.);
#9314 = DIRECTION('',(0.,1.));
#9315 = ( GEOMETRIC_REPRESENTATION_CONTEXT(2) 
PARAMETRIC_REPRESENTATION_CONTEXT() REPRESENTATION_CONTEXT('2D SPACE',''
  ) );
#9316 = PCURVE('',#9277,#9317);
#9317 = DEFINITIONAL_REPRESENTATION('',(#9318),#9322);
#9318 = LINE('',#9319,#9320);
#9319 = CARTESIAN_POINT('',(0.,-0.));
#9320 = VECTOR('',#9321,1.);
#9321 = DIRECTION('',(0.,1.));
#9322 = ( GEOMETRIC_REPRESENTATION_CONTEXT(2) 
PARAMETRIC_REPRESENTATION_CONTEXT() REPRESENTATION_CONTEXT('2D SPACE',''
  ) );
#9323 = ORIENTED_EDGE('',*,*,#9324,.T.);
#9324 = EDGE_CURVE('',#9302,#9302,#9325,.T.);
#9325 = SURFACE_CURVE('',#9326,(#9331,#9338),.PCURVE_S1.);
#9326 = CIRCLE('',#9327,1.);
#9327 = AXIS2_PLACEMENT_3D('',#9328,#9329,#9330);
#9328 = CARTESIAN_POINT('',(63.,133.333,200.834));
#9329 = DIRECTION('',(0.,0.,1.));
#9330 = DIRECTION('',(1.,0.,-0.));
#9331 = PCURVE('',#9277,#9332);
#9332 = DEFINITIONAL_REPRESENTATION('',(#9333),#9337);
#9333 = LINE('',#9334,#9335);
#9334 = CARTESIAN_POINT('',(0.,0.));
#9335 = VECTOR('',#9336,1.);
#9336 = DIRECTION('',(1.,0.));
#9337 = ( GEOMETRIC_REPRESENTATION_CONTEXT(2) 
PARAMETRIC_REPRESENTATION_CONTEXT() REPRESENTATION_CONTEXT('2D SPACE',''
  ) );
#9338 = PCURVE('',#9339,#9344);
#9339 = PLANE('',#9340);
#9340 = AXIS2_PLACEMENT_3D('',#9341,#9342,#9343);
#9341 = CARTESIAN_POINT('',(63.,133.333,200.834));
#9342 = DIRECTION('',(0.,0.,1.));
#9343 = DIRECTION('',(1.,0.,-0.));
#9344 = DEFINITIONAL_REPRESENTATION('',(#9345),#9349);
#9345 = CIRCLE('',#9346,1.);
#9346 = AXIS2_PLACEMENT_2D('',#9347,#9348);
#9347 = CARTESIAN_POINT('',(0.,0.));
#9348 = DIRECTION('',(1.,0.));
#9349 = ( GEOMETRIC_REPRESENTATION_CONTEXT(2) 
PARAMETRIC_REPRESENTATION_CONTEXT() REPRESENTATION_CONTEXT('2D SPACE',''
  ) );
#9350 = ORIENTED_EDGE('',*,*,#9301,.T.);
#9351 = ADVANCED_FACE('',(#9352),#9289,.T.);
#9352 = FACE_BOUND('',#9353,.T.);
#9353 = EDGE_LOOP('',(#9354));
#9354 = ORIENTED_EDGE('',*,*,#9267,.T.);
#9355 = ADVANCED_FACE('',(#9356),#9339,.F.);
#9356 = FACE_BOUND('',#9357,.T.);
#9357 = EDGE_LOOP('',(#9358));
#9358 = ORIENTED_EDGE('',*,*,#9324,.F.);
#9359 = ( GEOMETRIC_REPRESENTATION_CONTEXT(3) 
GLOBAL_UNCERTAINTY_ASSIGNED_CONTEXT((#9363)) 
GLOBAL_UNIT_ASSIGNED_CONTEXT((#9360,#9361,#9362)) REPRESENTATION_CONTEXT
('Context #1','3D Context with UNIT and UNCERTAINTY') );
#9360 = ( LENGTH_UNIT() NAMED_UNIT(*) SI_UNIT(.MILLI.,.METRE.) );
#9361 = ( NAMED_UNIT(*) PLANE_ANGLE_UNIT() SI_UNIT($,.RADIAN.) );
#9362 = ( NAMED_UNIT(*) SI_UNIT($,.STERADIAN.) SOLID_ANGLE_UNIT() );
#9363 = UNCERTAINTY_MEASURE_WITH_UNIT(LENGTH_MEASURE(1.E-07),#9360,
  'distance_accuracy_value','confusion accuracy');
#9364 = CONTEXT_DEPENDENT_SHAPE_REPRESENTATION(#9365,#9367);
#9365 = ( REPRESENTATION_RELATIONSHIP('','',#9260,#10) 
REPRESENTATION_RELATIONSHIP_WITH_TRANSFORMATION(#9366) 
SHAPE_REPRESENTATION_RELATIONSHIP() );
#9366 = ITEM_DEFINED_TRANSFORMATION('','',#11,#335);
#9367 = PRODUCT_DEFINITION_SHAPE('Placement','Placement of an item',
  #9368);
#9368 = NEXT_ASSEMBLY_USAGE_OCCURRENCE('81','0080_jetson_bay','',#5,
  #9255,$);
#9369 = PRODUCT_RELATED_PRODUCT_CATEGORY('part',$,(#9257));
#9370 = SHAPE_DEFINITION_REPRESENTATION(#9371,#9377);
#9371 = PRODUCT_DEFINITION_SHAPE('','',#9372);
#9372 = PRODUCT_DEFINITION('design','',#9373,#9376);
#9373 = PRODUCT_DEFINITION_FORMATION('','',#9374);
#9374 = PRODUCT('0081_jetson_bay','0081_jetson_bay','',(#9375));
#9375 = PRODUCT_CONTEXT('',#2,'mechanical');
#9376 = PRODUCT_DEFINITION_CONTEXT('part definition',#2,'design');
#9377 = ADVANCED_BREP_SHAPE_REPRESENTATION('',(#11,#9378),#9476);
#9378 = MANIFOLD_SOLID_BREP('',#9379);
#9379 = CLOSED_SHELL('',(#9380,#9468,#9472));
#9380 = ADVANCED_FACE('',(#9381),#9394,.T.);
#9381 = FACE_BOUND('',#9382,.T.);
#9382 = EDGE_LOOP('',(#9383,#9417,#9440,#9467));
#9383 = ORIENTED_EDGE('',*,*,#9384,.F.);
#9384 = EDGE_CURVE('',#9385,#9385,#9387,.T.);
#9385 = VERTEX_POINT('',#9386);
#9386 = CARTESIAN_POINT('',(-62.,133.333,385.));
#9387 = SURFACE_CURVE('',#9388,(#9393,#9405),.PCURVE_S1.);
#9388 = CIRCLE('',#9389,1.);
#9389 = AXIS2_PLACEMENT_3D('',#9390,#9391,#9392);
#9390 = CARTESIAN_POINT('',(-63.,133.333,385.));
#9391 = DIRECTION('',(0.,0.,1.));
#9392 = DIRECTION('',(1.,0.,-0.));
#9393 = PCURVE('',#9394,#9399);
#9394 = CYLINDRICAL_SURFACE('',#9395,1.);
#9395 = AXIS2_PLACEMENT_3D('',#9396,#9397,#9398);
#9396 = CARTESIAN_POINT('',(-63.,133.333,200.834));
#9397 = DIRECTION('',(0.,0.,1.));
#9398 = DIRECTION('',(1.,0.,-0.));
#9399 = DEFINITIONAL_REPRESENTATION('',(#9400),#9404);
#9400 = LINE('',#9401,#9402);
#9401 = CARTESIAN_POINT('',(0.,184.166));
#9402 = VECTOR('',#9403,1.);
#9403 = DIRECTION('',(1.,0.));
#9404 = ( GEOMETRIC_REPRESENTATION_CONTEXT(2) 
PARAMETRIC_REPRESENTATION_CONTEXT() REPRESENTATION_CONTEXT('2D SPACE',''
  ) );
#9405 = PCURVE('',#9406,#9411);
#9406 = PLANE('',#9407);
#9407 = AXIS2_PLACEMENT_3D('',#9408,#9409,#9410);
#9408 = CARTESIAN_POINT('',(-63.,133.333,385.));
#9409 = DIRECTION('',(0.,0.,1.));
#9410 = DIRECTION('',(1.,0.,-0.));
#9411 = DEFINITIONAL_REPRESENTATION('',(#9412),#9416);
#9412 = CIRCLE('',#9413,1.);
#9413 = AXIS2_PLACEMENT_2D('',#9414,#9415);
#9414 = CARTESIAN_POINT('',(0.,0.));
#9415 = DIRECTION('',(1.,0.));
#9416 = ( GEOMETRIC_REPRESENTATION_CONTEXT(2) 
PARAMETRIC_REPRESENTATION_CONTEXT() REPRESENTATION_CONTEXT('2D SPACE',''
  ) );
#9417 = ORIENTED_EDGE('',*,*,#9418,.F.);
#9418 = EDGE_CURVE('',#9419,#9385,#9421,.T.);
#9419 = VERTEX_POINT('',#9420);
#9420 = CARTESIAN_POINT('',(-62.,133.333,200.834));
#9421 = SEAM_CURVE('',#9422,(#9426,#9433),.PCURVE_S1.);
#9422 = LINE('',#9423,#9424);
#9423 = CARTESIAN_POINT('',(-62.,133.333,200.834));
#9424 = VECTOR('',#9425,1.);
#9425 = DIRECTION('',(0.,0.,1.));
#9426 = PCURVE('',#9394,#9427);
#9427 = DEFINITIONAL_REPRESENTATION('',(#9428),#9432);
#9428 = LINE('',#9429,#9430);
#9429 = CARTESIAN_POINT('',(6.28318530718,-0.));
#9430 = VECTOR('',#9431,1.);
#9431 = DIRECTION('',(0.,1.));
#9432 = ( GEOMETRIC_REPRESENTATION_CONTEXT(2) 
PARAMETRIC_REPRESENTATION_CONTEXT() REPRESENTATION_CONTEXT('2D SPACE',''
  ) );
#9433 = PCURVE('',#9394,#9434);
#9434 = DEFINITIONAL_REPRESENTATION('',(#9435),#9439);
#9435 = LINE('',#9436,#9437);
#9436 = CARTESIAN_POINT('',(0.,-0.));
#9437 = VECTOR('',#9438,1.);
#9438 = DIRECTION('',(0.,1.));
#9439 = ( GEOMETRIC_REPRESENTATION_CONTEXT(2) 
PARAMETRIC_REPRESENTATION_CONTEXT() REPRESENTATION_CONTEXT('2D SPACE',''
  ) );
#9440 = ORIENTED_EDGE('',*,*,#9441,.T.);
#9441 = EDGE_CURVE('',#9419,#9419,#9442,.T.);
#9442 = SURFACE_CURVE('',#9443,(#9448,#9455),.PCURVE_S1.);
#9443 = CIRCLE('',#9444,1.);
#9444 = AXIS2_PLACEMENT_3D('',#9445,#9446,#9447);
#9445 = CARTESIAN_POINT('',(-63.,133.333,200.834));
#9446 = DIRECTION('',(0.,0.,1.));
#9447 = DIRECTION('',(1.,0.,-0.));
#9448 = PCURVE('',#9394,#9449);
#9449 = DEFINITIONAL_REPRESENTATION('',(#9450),#9454);
#9450 = LINE('',#9451,#9452);
#9451 = CARTESIAN_POINT('',(0.,0.));
#9452 = VECTOR('',#9453,1.);
#9453 = DIRECTION('',(1.,0.));
#9454 = ( GEOMETRIC_REPRESENTATION_CONTEXT(2) 
PARAMETRIC_REPRESENTATION_CONTEXT() REPRESENTATION_CONTEXT('2D SPACE',''
  ) );
#9455 = PCURVE('',#9456,#9461);
#9456 = PLANE('',#9457);
#9457 = AXIS2_PLACEMENT_3D('',#9458,#9459,#9460);
#9458 = CARTESIAN_POINT('',(-63.,133.333,200.834));
#9459 = DIRECTION('',(0.,0.,1.));
#9460 = DIRECTION('',(1.,0.,-0.));
#9461 = DEFINITIONAL_REPRESENTATION('',(#9462),#9466);
#9462 = CIRCLE('',#9463,1.);
#9463 = AXIS2_PLACEMENT_2D('',#9464,#9465);
#9464 = CARTESIAN_POINT('',(0.,0.));
#9465 = DIRECTION('',(1.,0.));
#9466 = ( GEOMETRIC_REPRESENTATION_CONTEXT(2) 
PARAMETRIC_REPRESENTATION_CONTEXT() REPRESENTATION_CONTEXT('2D SPACE',''
  ) );
#9467 = ORIENTED_EDGE('',*,*,#9418,.T.);
#9468 = ADVANCED_FACE('',(#9469),#9406,.T.);
#9469 = FACE_BOUND('',#9470,.T.);
#9470 = EDGE_LOOP('',(#9471));
#9471 = ORIENTED_EDGE('',*,*,#9384,.T.);
#9472 = ADVANCED_FACE('',(#9473),#9456,.F.);
#9473 = FACE_BOUND('',#9474,.T.);
#9474 = EDGE_LOOP('',(#9475));
#9475 = ORIENTED_EDGE('',*,*,#9441,.F.);
#9476 = ( GEOMETRIC_REPRESENTATION_CONTEXT(3) 
GLOBAL_UNCERTAINTY_ASSIGNED_CONTEXT((#9480)) 
GLOBAL_UNIT_ASSIGNED_CONTEXT((#9477,#9478,#9479)) REPRESENTATION_CONTEXT
('Context #1','3D Context with UNIT and UNCERTAINTY') );
#9477 = ( LENGTH_UNIT() NAMED_UNIT(*) SI_UNIT(.MILLI.,.METRE.) );
#9478 = ( NAMED_UNIT(*) PLANE_ANGLE_UNIT() SI_UNIT($,.RADIAN.) );
#9479 = ( NAMED_UNIT(*) SI_UNIT($,.STERADIAN.) SOLID_ANGLE_UNIT() );
#9480 = UNCERTAINTY_MEASURE_WITH_UNIT(LENGTH_MEASURE(1.E-07),#9477,
  'distance_accuracy_value','confusion accuracy');
#9481 = CONTEXT_DEPENDENT_SHAPE_REPRESENTATION(#9482,#9484);
#9482 = ( REPRESENTATION_RELATIONSHIP('','',#9377,#10) 
REPRESENTATION_RELATIONSHIP_WITH_TRANSFORMATION(#9483) 
SHAPE_REPRESENTATION_RELATIONSHIP() );
#9483 = ITEM_DEFINED_TRANSFORMATION('','',#11,#339);
#9484 = PRODUCT_DEFINITION_SHAPE('Placement','Placement of an item',
  #9485);
#9485 = NEXT_ASSEMBLY_USAGE_OCCURRENCE('82','0081_jetson_bay','',#5,
  #9372,$);
#9486 = PRODUCT_RELATED_PRODUCT_CATEGORY('part',$,(#9374));
#9487 = SHAPE_DEFINITION_REPRESENTATION(#9488,#9494);
#9488 = PRODUCT_DEFINITION_SHAPE('','',#9489);
#9489 = PRODUCT_DEFINITION('design','',#9490,#9493);
#9490 = PRODUCT_DEFINITION_FORMATION('','',#9491);
#9491 = PRODUCT('0082_battery_bay','0082_battery_bay','',(#9492));
#9492 = PRODUCT_CONTEXT('',#2,'mechanical');
#9493 = PRODUCT_DEFINITION_CONTEXT('part definition',#2,'design');
#9494 = ADVANCED_BREP_SHAPE_REPRESENTATION('',(#11,#9495),#9593);
#9495 = MANIFOLD_SOLID_BREP('',#9496);
#9496 = CLOSED_SHELL('',(#9497,#9585,#9589));
#9497 = ADVANCED_FACE('',(#9498),#9511,.T.);
#9498 = FACE_BOUND('',#9499,.T.);
#9499 = EDGE_LOOP('',(#9500,#9534,#9557,#9584));
#9500 = ORIENTED_EDGE('',*,*,#9501,.F.);
#9501 = EDGE_CURVE('',#9502,#9502,#9504,.T.);
#9502 = VERTEX_POINT('',#9503);
#9503 = CARTESIAN_POINT('',(69.,133.333,191.));
#9504 = SURFACE_CURVE('',#9505,(#9510,#9522),.PCURVE_S1.);
#9505 = CIRCLE('',#9506,1.);
#9506 = AXIS2_PLACEMENT_3D('',#9507,#9508,#9509);
#9507 = CARTESIAN_POINT('',(69.,133.333,190.));
#9508 = DIRECTION('',(1.,0.,0.));
#9509 = DIRECTION('',(-0.,0.,1.));
#9510 = PCURVE('',#9511,#9516);
#9511 = CYLINDRICAL_SURFACE('',#9512,1.);
#9512 = AXIS2_PLACEMENT_3D('',#9513,#9514,#9515);
#9513 = CARTESIAN_POINT('',(-69.,133.333,190.));
#9514 = DIRECTION('',(1.,0.,0.));
#9515 = DIRECTION('',(-0.,0.,1.));
#9516 = DEFINITIONAL_REPRESENTATION('',(#9517),#9521);
#9517 = LINE('',#9518,#9519);
#9518 = CARTESIAN_POINT('',(0.,138.));
#9519 = VECTOR('',#9520,1.);
#9520 = DIRECTION('',(1.,0.));
#9521 = ( GEOMETRIC_REPRESENTATION_CONTEXT(2) 
PARAMETRIC_REPRESENTATION_CONTEXT() REPRESENTATION_CONTEXT('2D SPACE',''
  ) );
#9522 = PCURVE('',#9523,#9528);
#9523 = PLANE('',#9524);
#9524 = AXIS2_PLACEMENT_3D('',#9525,#9526,#9527);
#9525 = CARTESIAN_POINT('',(69.,133.333,190.));
#9526 = DIRECTION('',(1.,0.,0.));
#9527 = DIRECTION('',(-0.,0.,1.));
#9528 = DEFINITIONAL_REPRESENTATION('',(#9529),#9533);
#9529 = CIRCLE('',#9530,1.);
#9530 = AXIS2_PLACEMENT_2D('',#9531,#9532);
#9531 = CARTESIAN_POINT('',(0.,0.));
#9532 = DIRECTION('',(1.,0.));
#9533 = ( GEOMETRIC_REPRESENTATION_CONTEXT(2) 
PARAMETRIC_REPRESENTATION_CONTEXT() REPRESENTATION_CONTEXT('2D SPACE',''
  ) );
#9534 = ORIENTED_EDGE('',*,*,#9535,.F.);
#9535 = EDGE_CURVE('',#9536,#9502,#9538,.T.);
#9536 = VERTEX_POINT('',#9537);
#9537 = CARTESIAN_POINT('',(-69.,133.333,191.));
#9538 = SEAM_CURVE('',#9539,(#9543,#9550),.PCURVE_S1.);
#9539 = LINE('',#9540,#9541);
#9540 = CARTESIAN_POINT('',(-69.,133.333,191.));
#9541 = VECTOR('',#9542,1.);
#9542 = DIRECTION('',(1.,0.,0.));
#9543 = PCURVE('',#9511,#9544);
#9544 = DEFINITIONAL_REPRESENTATION('',(#9545),#9549);
#9545 = LINE('',#9546,#9547);
#9546 = CARTESIAN_POINT('',(6.28318530718,-0.));
#9547 = VECTOR('',#9548,1.);
#9548 = DIRECTION('',(0.,1.));
#9549 = ( GEOMETRIC_REPRESENTATION_CONTEXT(2) 
PARAMETRIC_REPRESENTATION_CONTEXT() REPRESENTATION_CONTEXT('2D SPACE',''
  ) );
#9550 = PCURVE('',#9511,#9551);
#9551 = DEFINITIONAL_REPRESENTATION('',(#9552),#9556);
#9552 = LINE('',#9553,#9554);
#9553 = CARTESIAN_POINT('',(0.,-0.));
#9554 = VECTOR('',#9555,1.);
#9555 = DIRECTION('',(0.,1.));
#9556 = ( GEOMETRIC_REPRESENTATION_CONTEXT(2) 
PARAMETRIC_REPRESENTATION_CONTEXT() REPRESENTATION_CONTEXT('2D SPACE',''
  ) );
#9557 = ORIENTED_EDGE('',*,*,#9558,.T.);
#9558 = EDGE_CURVE('',#9536,#9536,#9559,.T.);
#9559 = SURFACE_CURVE('',#9560,(#9565,#9572),.PCURVE_S1.);
#9560 = CIRCLE('',#9561,1.);
#9561 = AXIS2_PLACEMENT_3D('',#9562,#9563,#9564);
#9562 = CARTESIAN_POINT('',(-69.,133.333,190.));
#9563 = DIRECTION('',(1.,0.,0.));
#9564 = DIRECTION('',(-0.,0.,1.));
#9565 = PCURVE('',#9511,#9566);
#9566 = DEFINITIONAL_REPRESENTATION('',(#9567),#9571);
#9567 = LINE('',#9568,#9569);
#9568 = CARTESIAN_POINT('',(0.,0.));
#9569 = VECTOR('',#9570,1.);
#9570 = DIRECTION('',(1.,0.));
#9571 = ( GEOMETRIC_REPRESENTATION_CONTEXT(2) 
PARAMETRIC_REPRESENTATION_CONTEXT() REPRESENTATION_CONTEXT('2D SPACE',''
  ) );
#9572 = PCURVE('',#9573,#9578);
#9573 = PLANE('',#9574);
#9574 = AXIS2_PLACEMENT_3D('',#9575,#9576,#9577);
#9575 = CARTESIAN_POINT('',(-69.,133.333,190.));
#9576 = DIRECTION('',(1.,0.,0.));
#9577 = DIRECTION('',(-0.,0.,1.));
#9578 = DEFINITIONAL_REPRESENTATION('',(#9579),#9583);
#9579 = CIRCLE('',#9580,1.);
#9580 = AXIS2_PLACEMENT_2D('',#9581,#9582);
#9581 = CARTESIAN_POINT('',(0.,0.));
#9582 = DIRECTION('',(1.,0.));
#9583 = ( GEOMETRIC_REPRESENTATION_CONTEXT(2) 
PARAMETRIC_REPRESENTATION_CONTEXT() REPRESENTATION_CONTEXT('2D SPACE',''
  ) );
#9584 = ORIENTED_EDGE('',*,*,#9535,.T.);
#9585 = ADVANCED_FACE('',(#9586),#9523,.T.);
#9586 = FACE_BOUND('',#9587,.T.);
#9587 = EDGE_LOOP('',(#9588));
#9588 = ORIENTED_EDGE('',*,*,#9501,.T.);
#9589 = ADVANCED_FACE('',(#9590),#9573,.F.);
#9590 = FACE_BOUND('',#9591,.T.);
#9591 = EDGE_LOOP('',(#9592));
#9592 = ORIENTED_EDGE('',*,*,#9558,.F.);
#9593 = ( GEOMETRIC_REPRESENTATION_CONTEXT(3) 
GLOBAL_UNCERTAINTY_ASSIGNED_CONTEXT((#9597)) 
GLOBAL_UNIT_ASSIGNED_CONTEXT((#9594,#9595,#9596)) REPRESENTATION_CONTEXT
('Context #1','3D Context with UNIT and UNCERTAINTY') );
#9594 = ( LENGTH_UNIT() NAMED_UNIT(*) SI_UNIT(.MILLI.,.METRE.) );
#9595 = ( NAMED_UNIT(*) PLANE_ANGLE_UNIT() SI_UNIT($,.RADIAN.) );
#9596 = ( NAMED_UNIT(*) SI_UNIT($,.STERADIAN.) SOLID_ANGLE_UNIT() );
#9597 = UNCERTAINTY_MEASURE_WITH_UNIT(LENGTH_MEASURE(1.E-07),#9594,
  'distance_accuracy_value','confusion accuracy');
#9598 = CONTEXT_DEPENDENT_SHAPE_REPRESENTATION(#9599,#9601);
#9599 = ( REPRESENTATION_RELATIONSHIP('','',#9494,#10) 
REPRESENTATION_RELATIONSHIP_WITH_TRANSFORMATION(#9600) 
SHAPE_REPRESENTATION_RELATIONSHIP() );
#9600 = ITEM_DEFINED_TRANSFORMATION('','',#11,#343);
#9601 = PRODUCT_DEFINITION_SHAPE('Placement','Placement of an item',
  #9602);
#9602 = NEXT_ASSEMBLY_USAGE_OCCURRENCE('83','0082_battery_bay','',#5,
  #9489,$);
#9603 = PRODUCT_RELATED_PRODUCT_CATEGORY('part',$,(#9491));
#9604 = SHAPE_DEFINITION_REPRESENTATION(#9605,#9611);
#9605 = PRODUCT_DEFINITION_SHAPE('','',#9606);
#9606 = PRODUCT_DEFINITION('design','',#9607,#9610);
#9607 = PRODUCT_DEFINITION_FORMATION('','',#9608);
#9608 = PRODUCT('0083_battery_bay','0083_battery_bay','',(#9609));
#9609 = PRODUCT_CONTEXT('',#2,'mechanical');
#9610 = PRODUCT_DEFINITION_CONTEXT('part definition',#2,'design');
#9611 = ADVANCED_BREP_SHAPE_REPRESENTATION('',(#11,#9612),#9710);
#9612 = MANIFOLD_SOLID_BREP('',#9613);
#9613 = CLOSED_SHELL('',(#9614,#9702,#9706));
#9614 = ADVANCED_FACE('',(#9615),#9628,.T.);
#9615 = FACE_BOUND('',#9616,.T.);
#9616 = EDGE_LOOP('',(#9617,#9651,#9674,#9701));
#9617 = ORIENTED_EDGE('',*,*,#9618,.F.);
#9618 = EDGE_CURVE('',#9619,#9619,#9621,.T.);
#9619 = VERTEX_POINT('',#9620);
#9620 = CARTESIAN_POINT('',(69.,293.333,191.));
#9621 = SURFACE_CURVE('',#9622,(#9627,#9639),.PCURVE_S1.);
#9622 = CIRCLE('',#9623,1.);
#9623 = AXIS2_PLACEMENT_3D('',#9624,#9625,#9626);
#9624 = CARTESIAN_POINT('',(69.,293.333,190.));
#9625 = DIRECTION('',(0.,1.,0.));
#9626 = DIRECTION('',(0.,-0.,1.));
#9627 = PCURVE('',#9628,#9633);
#9628 = CYLINDRICAL_SURFACE('',#9629,1.);
#9629 = AXIS2_PLACEMENT_3D('',#9630,#9631,#9632);
#9630 = CARTESIAN_POINT('',(69.,133.333,190.));
#9631 = DIRECTION('',(0.,1.,0.));
#9632 = DIRECTION('',(0.,-0.,1.));
#9633 = DEFINITIONAL_REPRESENTATION('',(#9634),#9638);
#9634 = LINE('',#9635,#9636);
#9635 = CARTESIAN_POINT('',(0.,160.));
#9636 = VECTOR('',#9637,1.);
#9637 = DIRECTION('',(1.,0.));
#9638 = ( GEOMETRIC_REPRESENTATION_CONTEXT(2) 
PARAMETRIC_REPRESENTATION_CONTEXT() REPRESENTATION_CONTEXT('2D SPACE',''
  ) );
#9639 = PCURVE('',#9640,#9645);
#9640 = PLANE('',#9641);
#9641 = AXIS2_PLACEMENT_3D('',#9642,#9643,#9644);
#9642 = CARTESIAN_POINT('',(69.,293.333,190.));
#9643 = DIRECTION('',(0.,1.,0.));
#9644 = DIRECTION('',(0.,-0.,1.));
#9645 = DEFINITIONAL_REPRESENTATION('',(#9646),#9650);
#9646 = CIRCLE('',#9647,1.);
#9647 = AXIS2_PLACEMENT_2D('',#9648,#9649);
#9648 = CARTESIAN_POINT('',(0.,0.));
#9649 = DIRECTION('',(1.,0.));
#9650 = ( GEOMETRIC_REPRESENTATION_CONTEXT(2) 
PARAMETRIC_REPRESENTATION_CONTEXT() REPRESENTATION_CONTEXT('2D SPACE',''
  ) );
#9651 = ORIENTED_EDGE('',*,*,#9652,.F.);
#9652 = EDGE_CURVE('',#9653,#9619,#9655,.T.);
#9653 = VERTEX_POINT('',#9654);
#9654 = CARTESIAN_POINT('',(69.,133.333,191.));
#9655 = SEAM_CURVE('',#9656,(#9660,#9667),.PCURVE_S1.);
#9656 = LINE('',#9657,#9658);
#9657 = CARTESIAN_POINT('',(69.,133.333,191.));
#9658 = VECTOR('',#9659,1.);
#9659 = DIRECTION('',(0.,1.,0.));
#9660 = PCURVE('',#9628,#9661);
#9661 = DEFINITIONAL_REPRESENTATION('',(#9662),#9666);
#9662 = LINE('',#9663,#9664);
#9663 = CARTESIAN_POINT('',(6.28318530718,-0.));
#9664 = VECTOR('',#9665,1.);
#9665 = DIRECTION('',(0.,1.));
#9666 = ( GEOMETRIC_REPRESENTATION_CONTEXT(2) 
PARAMETRIC_REPRESENTATION_CONTEXT() REPRESENTATION_CONTEXT('2D SPACE',''
  ) );
#9667 = PCURVE('',#9628,#9668);
#9668 = DEFINITIONAL_REPRESENTATION('',(#9669),#9673);
#9669 = LINE('',#9670,#9671);
#9670 = CARTESIAN_POINT('',(0.,-0.));
#9671 = VECTOR('',#9672,1.);
#9672 = DIRECTION('',(0.,1.));
#9673 = ( GEOMETRIC_REPRESENTATION_CONTEXT(2) 
PARAMETRIC_REPRESENTATION_CONTEXT() REPRESENTATION_CONTEXT('2D SPACE',''
  ) );
#9674 = ORIENTED_EDGE('',*,*,#9675,.T.);
#9675 = EDGE_CURVE('',#9653,#9653,#9676,.T.);
#9676 = SURFACE_CURVE('',#9677,(#9682,#9689),.PCURVE_S1.);
#9677 = CIRCLE('',#9678,1.);
#9678 = AXIS2_PLACEMENT_3D('',#9679,#9680,#9681);
#9679 = CARTESIAN_POINT('',(69.,133.333,190.));
#9680 = DIRECTION('',(0.,1.,0.));
#9681 = DIRECTION('',(0.,-0.,1.));
#9682 = PCURVE('',#9628,#9683);
#9683 = DEFINITIONAL_REPRESENTATION('',(#9684),#9688);
#9684 = LINE('',#9685,#9686);
#9685 = CARTESIAN_POINT('',(0.,0.));
#9686 = VECTOR('',#9687,1.);
#9687 = DIRECTION('',(1.,0.));
#9688 = ( GEOMETRIC_REPRESENTATION_CONTEXT(2) 
PARAMETRIC_REPRESENTATION_CONTEXT() REPRESENTATION_CONTEXT('2D SPACE',''
  ) );
#9689 = PCURVE('',#9690,#9695);
#9690 = PLANE('',#9691);
#9691 = AXIS2_PLACEMENT_3D('',#9692,#9693,#9694);
#9692 = CARTESIAN_POINT('',(69.,133.333,190.));
#9693 = DIRECTION('',(0.,1.,0.));
#9694 = DIRECTION('',(0.,-0.,1.));
#9695 = DEFINITIONAL_REPRESENTATION('',(#9696),#9700);
#9696 = CIRCLE('',#9697,1.);
#9697 = AXIS2_PLACEMENT_2D('',#9698,#9699);
#9698 = CARTESIAN_POINT('',(0.,0.));
#9699 = DIRECTION('',(1.,0.));
#9700 = ( GEOMETRIC_REPRESENTATION_CONTEXT(2) 
PARAMETRIC_REPRESENTATION_CONTEXT() REPRESENTATION_CONTEXT('2D SPACE',''
  ) );
#9701 = ORIENTED_EDGE('',*,*,#9652,.T.);
#9702 = ADVANCED_FACE('',(#9703),#9640,.T.);
#9703 = FACE_BOUND('',#9704,.T.);
#9704 = EDGE_LOOP('',(#9705));
#9705 = ORIENTED_EDGE('',*,*,#9618,.T.);
#9706 = ADVANCED_FACE('',(#9707),#9690,.F.);
#9707 = FACE_BOUND('',#9708,.T.);
#9708 = EDGE_LOOP('',(#9709));
#9709 = ORIENTED_EDGE('',*,*,#9675,.F.);
#9710 = ( GEOMETRIC_REPRESENTATION_CONTEXT(3) 
GLOBAL_UNCERTAINTY_ASSIGNED_CONTEXT((#9714)) 
GLOBAL_UNIT_ASSIGNED_CONTEXT((#9711,#9712,#9713)) REPRESENTATION_CONTEXT
('Context #1','3D Context with UNIT and UNCERTAINTY') );
#9711 = ( LENGTH_UNIT() NAMED_UNIT(*) SI_UNIT(.MILLI.,.METRE.) );
#9712 = ( NAMED_UNIT(*) PLANE_ANGLE_UNIT() SI_UNIT($,.RADIAN.) );
#9713 = ( NAMED_UNIT(*) SI_UNIT($,.STERADIAN.) SOLID_ANGLE_UNIT() );
#9714 = UNCERTAINTY_MEASURE_WITH_UNIT(LENGTH_MEASURE(1.E-07),#9711,
  'distance_accuracy_value','confusion accuracy');
#9715 = CONTEXT_DEPENDENT_SHAPE_REPRESENTATION(#9716,#9718);
#9716 = ( REPRESENTATION_RELATIONSHIP('','',#9611,#10) 
REPRESENTATION_RELATIONSHIP_WITH_TRANSFORMATION(#9717) 
SHAPE_REPRESENTATION_RELATIONSHIP() );
#9717 = ITEM_DEFINED_TRANSFORMATION('','',#11,#347);
#9718 = PRODUCT_DEFINITION_SHAPE('Placement','Placement of an item',
  #9719);
#9719 = NEXT_ASSEMBLY_USAGE_OCCURRENCE('84','0083_battery_bay','',#5,
  #9606,$);
#9720 = PRODUCT_RELATED_PRODUCT_CATEGORY('part',$,(#9608));
#9721 = SHAPE_DEFINITION_REPRESENTATION(#9722,#9728);
#9722 = PRODUCT_DEFINITION_SHAPE('','',#9723);
#9723 = PRODUCT_DEFINITION('design','',#9724,#9727);
#9724 = PRODUCT_DEFINITION_FORMATION('','',#9725);
#9725 = PRODUCT('0084_battery_bay','0084_battery_bay','',(#9726));
#9726 = PRODUCT_CONTEXT('',#2,'mechanical');
#9727 = PRODUCT_DEFINITION_CONTEXT('part definition',#2,'design');
#9728 = ADVANCED_BREP_SHAPE_REPRESENTATION('',(#11,#9729),#9827);
#9729 = MANIFOLD_SOLID_BREP('',#9730);
#9730 = CLOSED_SHELL('',(#9731,#9819,#9823));
#9731 = ADVANCED_FACE('',(#9732),#9745,.T.);
#9732 = FACE_BOUND('',#9733,.T.);
#9733 = EDGE_LOOP('',(#9734,#9768,#9791,#9818));
#9734 = ORIENTED_EDGE('',*,*,#9735,.F.);
#9735 = EDGE_CURVE('',#9736,#9736,#9738,.T.);
#9736 = VERTEX_POINT('',#9737);
#9737 = CARTESIAN_POINT('',(-69.,293.333,189.));
#9738 = SURFACE_CURVE('',#9739,(#9744,#9756),.PCURVE_S1.);
#9739 = CIRCLE('',#9740,1.);
#9740 = AXIS2_PLACEMENT_3D('',#9741,#9742,#9743);
#9741 = CARTESIAN_POINT('',(-69.,293.333,190.));
#9742 = DIRECTION('',(-1.,0.,0.));
#9743 = DIRECTION('',(0.,0.,-1.));
#9744 = PCURVE('',#9745,#9750);
#9745 = CYLINDRICAL_SURFACE('',#9746,1.);
#9746 = AXIS2_PLACEMENT_3D('',#9747,#9748,#9749);
#9747 = CARTESIAN_POINT('',(69.,293.333,190.));
#9748 = DIRECTION('',(-1.,0.,0.));
#9749 = DIRECTION('',(0.,0.,-1.));
#9750 = DEFINITIONAL_REPRESENTATION('',(#9751),#9755);
#9751 = LINE('',#9752,#9753);
#9752 = CARTESIAN_POINT('',(0.,138.));
#9753 = VECTOR('',#9754,1.);
#9754 = DIRECTION('',(1.,0.));
#9755 = ( GEOMETRIC_REPRESENTATION_CONTEXT(2) 
PARAMETRIC_REPRESENTATION_CONTEXT() REPRESENTATION_CONTEXT('2D SPACE',''
  ) );
#9756 = PCURVE('',#9757,#9762);
#9757 = PLANE('',#9758);
#9758 = AXIS2_PLACEMENT_3D('',#9759,#9760,#9761);
#9759 = CARTESIAN_POINT('',(-69.,293.333,190.));
#9760 = DIRECTION('',(-1.,0.,0.));
#9761 = DIRECTION('',(0.,0.,-1.));
#9762 = DEFINITIONAL_REPRESENTATION('',(#9763),#9767);
#9763 = CIRCLE('',#9764,1.);
#9764 = AXIS2_PLACEMENT_2D('',#9765,#9766);
#9765 = CARTESIAN_POINT('',(0.,0.));
#9766 = DIRECTION('',(1.,0.));
#9767 = ( GEOMETRIC_REPRESENTATION_CONTEXT(2) 
PARAMETRIC_REPRESENTATION_CONTEXT() REPRESENTATION_CONTEXT('2D SPACE',''
  ) );
#9768 = ORIENTED_EDGE('',*,*,#9769,.F.);
#9769 = EDGE_CURVE('',#9770,#9736,#9772,.T.);
#9770 = VERTEX_POINT('',#9771);
#9771 = CARTESIAN_POINT('',(69.,293.333,189.));
#9772 = SEAM_CURVE('',#9773,(#9777,#9784),.PCURVE_S1.);
#9773 = LINE('',#9774,#9775);
#9774 = CARTESIAN_POINT('',(69.,293.333,189.));
#9775 = VECTOR('',#9776,1.);
#9776 = DIRECTION('',(-1.,0.,0.));
#9777 = PCURVE('',#9745,#9778);
#9778 = DEFINITIONAL_REPRESENTATION('',(#9779),#9783);
#9779 = LINE('',#9780,#9781);
#9780 = CARTESIAN_POINT('',(6.28318530718,-0.));
#9781 = VECTOR('',#9782,1.);
#9782 = DIRECTION('',(0.,1.));
#9783 = ( GEOMETRIC_REPRESENTATION_CONTEXT(2) 
PARAMETRIC_REPRESENTATION_CONTEXT() REPRESENTATION_CONTEXT('2D SPACE',''
  ) );
#9784 = PCURVE('',#9745,#9785);
#9785 = DEFINITIONAL_REPRESENTATION('',(#9786),#9790);
#9786 = LINE('',#9787,#9788);
#9787 = CARTESIAN_POINT('',(0.,-0.));
#9788 = VECTOR('',#9789,1.);
#9789 = DIRECTION('',(0.,1.));
#9790 = ( GEOMETRIC_REPRESENTATION_CONTEXT(2) 
PARAMETRIC_REPRESENTATION_CONTEXT() REPRESENTATION_CONTEXT('2D SPACE',''
  ) );
#9791 = ORIENTED_EDGE('',*,*,#9792,.T.);
#9792 = EDGE_CURVE('',#9770,#9770,#9793,.T.);
#9793 = SURFACE_CURVE('',#9794,(#9799,#9806),.PCURVE_S1.);
#9794 = CIRCLE('',#9795,1.);
#9795 = AXIS2_PLACEMENT_3D('',#9796,#9797,#9798);
#9796 = CARTESIAN_POINT('',(69.,293.333,190.));
#9797 = DIRECTION('',(-1.,0.,0.));
#9798 = DIRECTION('',(0.,0.,-1.));
#9799 = PCURVE('',#9745,#9800);
#9800 = DEFINITIONAL_REPRESENTATION('',(#9801),#9805);
#9801 = LINE('',#9802,#9803);
#9802 = CARTESIAN_POINT('',(0.,0.));
#9803 = VECTOR('',#9804,1.);
#9804 = DIRECTION('',(1.,0.));
#9805 = ( GEOMETRIC_REPRESENTATION_CONTEXT(2) 
PARAMETRIC_REPRESENTATION_CONTEXT() REPRESENTATION_CONTEXT('2D SPACE',''
  ) );
#9806 = PCURVE('',#9807,#9812);
#9807 = PLANE('',#9808);
#9808 = AXIS2_PLACEMENT_3D('',#9809,#9810,#9811);
#9809 = CARTESIAN_POINT('',(69.,293.333,190.));
#9810 = DIRECTION('',(-1.,0.,0.));
#9811 = DIRECTION('',(0.,0.,-1.));
#9812 = DEFINITIONAL_REPRESENTATION('',(#9813),#9817);
#9813 = CIRCLE('',#9814,1.);
#9814 = AXIS2_PLACEMENT_2D('',#9815,#9816);
#9815 = CARTESIAN_POINT('',(0.,0.));
#9816 = DIRECTION('',(1.,0.));
#9817 = ( GEOMETRIC_REPRESENTATION_CONTEXT(2) 
PARAMETRIC_REPRESENTATION_CONTEXT() REPRESENTATION_CONTEXT('2D SPACE',''
  ) );
#9818 = ORIENTED_EDGE('',*,*,#9769,.T.);
#9819 = ADVANCED_FACE('',(#9820),#9757,.T.);
#9820 = FACE_BOUND('',#9821,.T.);
#9821 = EDGE_LOOP('',(#9822));
#9822 = ORIENTED_EDGE('',*,*,#9735,.T.);
#9823 = ADVANCED_FACE('',(#9824),#9807,.F.);
#9824 = FACE_BOUND('',#9825,.T.);
#9825 = EDGE_LOOP('',(#9826));
#9826 = ORIENTED_EDGE('',*,*,#9792,.F.);
#9827 = ( GEOMETRIC_REPRESENTATION_CONTEXT(3) 
GLOBAL_UNCERTAINTY_ASSIGNED_CONTEXT((#9831)) 
GLOBAL_UNIT_ASSIGNED_CONTEXT((#9828,#9829,#9830)) REPRESENTATION_CONTEXT
('Context #1','3D Context with UNIT and UNCERTAINTY') );
#9828 = ( LENGTH_UNIT() NAMED_UNIT(*) SI_UNIT(.MILLI.,.METRE.) );
#9829 = ( NAMED_UNIT(*) PLANE_ANGLE_UNIT() SI_UNIT($,.RADIAN.) );
#9830 = ( NAMED_UNIT(*) SI_UNIT($,.STERADIAN.) SOLID_ANGLE_UNIT() );
#9831 = UNCERTAINTY_MEASURE_WITH_UNIT(LENGTH_MEASURE(1.E-07),#9828,
  'distance_accuracy_value','confusion accuracy');
#9832 = CONTEXT_DEPENDENT_SHAPE_REPRESENTATION(#9833,#9835);
#9833 = ( REPRESENTATION_RELATIONSHIP('','',#9728,#10) 
REPRESENTATION_RELATIONSHIP_WITH_TRANSFORMATION(#9834) 
SHAPE_REPRESENTATION_RELATIONSHIP() );
#9834 = ITEM_DEFINED_TRANSFORMATION('','',#11,#351);
#9835 = PRODUCT_DEFINITION_SHAPE('Placement','Placement of an item',
  #9836);
#9836 = NEXT_ASSEMBLY_USAGE_OCCURRENCE('85','0084_battery_bay','',#5,
  #9723,$);
#9837 = PRODUCT_RELATED_PRODUCT_CATEGORY('part',$,(#9725));
#9838 = SHAPE_DEFINITION_REPRESENTATION(#9839,#9845);
#9839 = PRODUCT_DEFINITION_SHAPE('','',#9840);
#9840 = PRODUCT_DEFINITION('design','',#9841,#9844);
#9841 = PRODUCT_DEFINITION_FORMATION('','',#9842);
#9842 = PRODUCT('0085_battery_bay','0085_battery_bay','',(#9843));
#9843 = PRODUCT_CONTEXT('',#2,'mechanical');
#9844 = PRODUCT_DEFINITION_CONTEXT('part definition',#2,'design');
#9845 = ADVANCED_BREP_SHAPE_REPRESENTATION('',(#11,#9846),#9944);
#9846 = MANIFOLD_SOLID_BREP('',#9847);
#9847 = CLOSED_SHELL('',(#9848,#9936,#9940));
#9848 = ADVANCED_FACE('',(#9849),#9862,.T.);
#9849 = FACE_BOUND('',#9850,.T.);
#9850 = EDGE_LOOP('',(#9851,#9885,#9908,#9935));
#9851 = ORIENTED_EDGE('',*,*,#9852,.F.);
#9852 = EDGE_CURVE('',#9853,#9853,#9855,.T.);
#9853 = VERTEX_POINT('',#9854);
#9854 = CARTESIAN_POINT('',(-69.,133.333,189.));
#9855 = SURFACE_CURVE('',#9856,(#9861,#9873),.PCURVE_S1.);
#9856 = CIRCLE('',#9857,1.);
#9857 = AXIS2_PLACEMENT_3D('',#9858,#9859,#9860);
#9858 = CARTESIAN_POINT('',(-69.,133.333,190.));
#9859 = DIRECTION('',(0.,-1.,0.));
#9860 = DIRECTION('',(0.,-0.,-1.));
#9861 = PCURVE('',#9862,#9867);
#9862 = CYLINDRICAL_SURFACE('',#9863,1.);
#9863 = AXIS2_PLACEMENT_3D('',#9864,#9865,#9866);
#9864 = CARTESIAN_POINT('',(-69.,293.333,190.));
#9865 = DIRECTION('',(0.,-1.,0.));
#9866 = DIRECTION('',(0.,-0.,-1.));
#9867 = DEFINITIONAL_REPRESENTATION('',(#9868),#9872);
#9868 = LINE('',#9869,#9870);
#9869 = CARTESIAN_POINT('',(0.,160.));
#9870 = VECTOR('',#9871,1.);
#9871 = DIRECTION('',(1.,0.));
#9872 = ( GEOMETRIC_REPRESENTATION_CONTEXT(2) 
PARAMETRIC_REPRESENTATION_CONTEXT() REPRESENTATION_CONTEXT('2D SPACE',''
  ) );
#9873 = PCURVE('',#9874,#9879);
#9874 = PLANE('',#9875);
#9875 = AXIS2_PLACEMENT_3D('',#9876,#9877,#9878);
#9876 = CARTESIAN_POINT('',(-69.,133.333,190.));
#9877 = DIRECTION('',(0.,-1.,0.));
#9878 = DIRECTION('',(0.,-0.,-1.));
#9879 = DEFINITIONAL_REPRESENTATION('',(#9880),#9884);
#9880 = CIRCLE('',#9881,1.);
#9881 = AXIS2_PLACEMENT_2D('',#9882,#9883);
#9882 = CARTESIAN_POINT('',(0.,0.));
#9883 = DIRECTION('',(1.,0.));
#9884 = ( GEOMETRIC_REPRESENTATION_CONTEXT(2) 
PARAMETRIC_REPRESENTATION_CONTEXT() REPRESENTATION_CONTEXT('2D SPACE',''
  ) );
#9885 = ORIENTED_EDGE('',*,*,#9886,.F.);
#9886 = EDGE_CURVE('',#9887,#9853,#9889,.T.);
#9887 = VERTEX_POINT('',#9888);
#9888 = CARTESIAN_POINT('',(-69.,293.333,189.));
#9889 = SEAM_CURVE('',#9890,(#9894,#9901),.PCURVE_S1.);
#9890 = LINE('',#9891,#9892);
#9891 = CARTESIAN_POINT('',(-69.,293.333,189.));
#9892 = VECTOR('',#9893,1.);
#9893 = DIRECTION('',(0.,-1.,0.));
#9894 = PCURVE('',#9862,#9895);
#9895 = DEFINITIONAL_REPRESENTATION('',(#9896),#9900);
#9896 = LINE('',#9897,#9898);
#9897 = CARTESIAN_POINT('',(6.28318530718,-0.));
#9898 = VECTOR('',#9899,1.);
#9899 = DIRECTION('',(0.,1.));
#9900 = ( GEOMETRIC_REPRESENTATION_CONTEXT(2) 
PARAMETRIC_REPRESENTATION_CONTEXT() REPRESENTATION_CONTEXT('2D SPACE',''
  ) );
#9901 = PCURVE('',#9862,#9902);
#9902 = DEFINITIONAL_REPRESENTATION('',(#9903),#9907);
#9903 = LINE('',#9904,#9905);
#9904 = CARTESIAN_POINT('',(0.,-0.));
#9905 = VECTOR('',#9906,1.);
#9906 = DIRECTION('',(0.,1.));
#9907 = ( GEOMETRIC_REPRESENTATION_CONTEXT(2) 
PARAMETRIC_REPRESENTATION_CONTEXT() REPRESENTATION_CONTEXT('2D SPACE',''
  ) );
#9908 = ORIENTED_EDGE('',*,*,#9909,.T.);
#9909 = EDGE_CURVE('',#9887,#9887,#9910,.T.);
#9910 = SURFACE_CURVE('',#9911,(#9916,#9923),.PCURVE_S1.);
#9911 = CIRCLE('',#9912,1.);
#9912 = AXIS2_PLACEMENT_3D('',#9913,#9914,#9915);
#9913 = CARTESIAN_POINT('',(-69.,293.333,190.));
#9914 = DIRECTION('',(0.,-1.,0.));
#9915 = DIRECTION('',(0.,-0.,-1.));
#9916 = PCURVE('',#9862,#9917);
#9917 = DEFINITIONAL_REPRESENTATION('',(#9918),#9922);
#9918 = LINE('',#9919,#9920);
#9919 = CARTESIAN_POINT('',(0.,0.));
#9920 = VECTOR('',#9921,1.);
#9921 = DIRECTION('',(1.,0.));
#9922 = ( GEOMETRIC_REPRESENTATION_CONTEXT(2) 
PARAMETRIC_REPRESENTATION_CONTEXT() REPRESENTATION_CONTEXT('2D SPACE',''
  ) );
#9923 = PCURVE('',#9924,#9929);
#9924 = PLANE('',#9925);
#9925 = AXIS2_PLACEMENT_3D('',#9926,#9927,#9928);
#9926 = CARTESIAN_POINT('',(-69.,293.333,190.));
#9927 = DIRECTION('',(0.,-1.,0.));
#9928 = DIRECTION('',(0.,-0.,-1.));
#9929 = DEFINITIONAL_REPRESENTATION('',(#9930),#9934);
#9930 = CIRCLE('',#9931,1.);
#9931 = AXIS2_PLACEMENT_2D('',#9932,#9933);
#9932 = CARTESIAN_POINT('',(0.,0.));
#9933 = DIRECTION('',(1.,0.));
#9934 = ( GEOMETRIC_REPRESENTATION_CONTEXT(2) 
PARAMETRIC_REPRESENTATION_CONTEXT() REPRESENTATION_CONTEXT('2D SPACE',''
  ) );
#9935 = ORIENTED_EDGE('',*,*,#9886,.T.);
#9936 = ADVANCED_FACE('',(#9937),#9874,.T.);
#9937 = FACE_BOUND('',#9938,.T.);
#9938 = EDGE_LOOP('',(#9939));
#9939 = ORIENTED_EDGE('',*,*,#9852,.T.);
#9940 = ADVANCED_FACE('',(#9941),#9924,.F.);
#9941 = FACE_BOUND('',#9942,.T.);
#9942 = EDGE_LOOP('',(#9943));
#9943 = ORIENTED_EDGE('',*,*,#9909,.F.);
#9944 = ( GEOMETRIC_REPRESENTATION_CONTEXT(3) 
GLOBAL_UNCERTAINTY_ASSIGNED_CONTEXT((#9948)) 
GLOBAL_UNIT_ASSIGNED_CONTEXT((#9945,#9946,#9947)) REPRESENTATION_CONTEXT
('Context #1','3D Context with UNIT and UNCERTAINTY') );
#9945 = ( LENGTH_UNIT() NAMED_UNIT(*) SI_UNIT(.MILLI.,.METRE.) );
#9946 = ( NAMED_UNIT(*) PLANE_ANGLE_UNIT() SI_UNIT($,.RADIAN.) );
#9947 = ( NAMED_UNIT(*) SI_UNIT($,.STERADIAN.) SOLID_ANGLE_UNIT() );
#9948 = UNCERTAINTY_MEASURE_WITH_UNIT(LENGTH_MEASURE(1.E-07),#9945,
  'distance_accuracy_value','confusion accuracy');
#9949 = CONTEXT_DEPENDENT_SHAPE_REPRESENTATION(#9950,#9952);
#9950 = ( REPRESENTATION_RELATIONSHIP('','',#9845,#10) 
REPRESENTATION_RELATIONSHIP_WITH_TRANSFORMATION(#9951) 
SHAPE_REPRESENTATION_RELATIONSHIP() );
#9951 = ITEM_DEFINED_TRANSFORMATION('','',#11,#355);
#9952 = PRODUCT_DEFINITION_SHAPE('Placement','Placement of an item',
  #9953);
#9953 = NEXT_ASSEMBLY_USAGE_OCCURRENCE('86','0085_battery_bay','',#5,
  #9840,$);
#9954 = PRODUCT_RELATED_PRODUCT_CATEGORY('part',$,(#9842));
#9955 = SHAPE_DEFINITION_REPRESENTATION(#9956,#9962);
#9956 = PRODUCT_DEFINITION_SHAPE('','',#9957);
#9957 = PRODUCT_DEFINITION('design','',#9958,#9961);
#9958 = PRODUCT_DEFINITION_FORMATION('','',#9959);
#9959 = PRODUCT('0086_battery_bay','0086_battery_bay','',(#9960));
#9960 = PRODUCT_CONTEXT('',#2,'mechanical');
#9961 = PRODUCT_DEFINITION_CONTEXT('part definition',#2,'design');
#9962 = ADVANCED_BREP_SHAPE_REPRESENTATION('',(#11,#9963),#10061);
#9963 = MANIFOLD_SOLID_BREP('',#9964);
#9964 = CLOSED_SHELL('',(#9965,#10053,#10057));
#9965 = ADVANCED_FACE('',(#9966),#9979,.T.);
#9966 = FACE_BOUND('',#9967,.T.);
#9967 = EDGE_LOOP('',(#9968,#10002,#10025,#10052));
#9968 = ORIENTED_EDGE('',*,*,#9969,.F.);
#9969 = EDGE_CURVE('',#9970,#9970,#9972,.T.);
#9970 = VERTEX_POINT('',#9971);
#9971 = CARTESIAN_POINT('',(69.,133.333,382.389));
#9972 = SURFACE_CURVE('',#9973,(#9978,#9990),.PCURVE_S1.);
#9973 = CIRCLE('',#9974,1.);
#9974 = AXIS2_PLACEMENT_3D('',#9975,#9976,#9977);
#9975 = CARTESIAN_POINT('',(69.,133.333,381.389));
#9976 = DIRECTION('',(1.,0.,0.));
#9977 = DIRECTION('',(-0.,0.,1.));
#9978 = PCURVE('',#9979,#9984);
#9979 = CYLINDRICAL_SURFACE('',#9980,1.);
#9980 = AXIS2_PLACEMENT_3D('',#9981,#9982,#9983);
#9981 = CARTESIAN_POINT('',(-69.,133.333,381.389));
#9982 = DIRECTION('',(1.,0.,0.));
#9983 = DIRECTION('',(-0.,0.,1.));
#9984 = DEFINITIONAL_REPRESENTATION('',(#9985),#9989);
#9985 = LINE('',#9986,#9987);
#9986 = CARTESIAN_POINT('',(0.,138.));
#9987 = VECTOR('',#9988,1.);
#9988 = DIRECTION('',(1.,0.));
#9989 = ( GEOMETRIC_REPRESENTATION_CONTEXT(2) 
PARAMETRIC_REPRESENTATION_CONTEXT() REPRESENTATION_CONTEXT('2D SPACE',''
  ) );
#9990 = PCURVE('',#9991,#9996);
#9991 = PLANE('',#9992);
#9992 = AXIS2_PLACEMENT_3D('',#9993,#9994,#9995);
#9993 = CARTESIAN_POINT('',(69.,133.333,381.389));
#9994 = DIRECTION('',(1.,0.,0.));
#9995 = DIRECTION('',(-0.,0.,1.));
#9996 = DEFINITIONAL_REPRESENTATION('',(#9997),#10001);
#9997 = CIRCLE('',#9998,1.);
#9998 = AXIS2_PLACEMENT_2D('',#9999,#10000);
#9999 = CARTESIAN_POINT('',(0.,0.));
#10000 = DIRECTION('',(1.,0.));
#10001 = ( GEOMETRIC_REPRESENTATION_CONTEXT(2) 
PARAMETRIC_REPRESENTATION_CONTEXT() REPRESENTATION_CONTEXT('2D SPACE',''
  ) );
#10002 = ORIENTED_EDGE('',*,*,#10003,.F.);
#10003 = EDGE_CURVE('',#10004,#9970,#10006,.T.);
#10004 = VERTEX_POINT('',#10005);
#10005 = CARTESIAN_POINT('',(-69.,133.333,382.389));
#10006 = SEAM_CURVE('',#10007,(#10011,#10018),.PCURVE_S1.);
#10007 = LINE('',#10008,#10009);
#10008 = CARTESIAN_POINT('',(-69.,133.333,382.389));
#10009 = VECTOR('',#10010,1.);
#10010 = DIRECTION('',(1.,0.,0.));
#10011 = PCURVE('',#9979,#10012);
#10012 = DEFINITIONAL_REPRESENTATION('',(#10013),#10017);
#10013 = LINE('',#10014,#10015);
#10014 = CARTESIAN_POINT('',(6.28318530718,-0.));
#10015 = VECTOR('',#10016,1.);
#10016 = DIRECTION('',(0.,1.));
#10017 = ( GEOMETRIC_REPRESENTATION_CONTEXT(2) 
PARAMETRIC_REPRESENTATION_CONTEXT() REPRESENTATION_CONTEXT('2D SPACE',''
  ) );
#10018 = PCURVE('',#9979,#10019);
#10019 = DEFINITIONAL_REPRESENTATION('',(#10020),#10024);
#10020 = LINE('',#10021,#10022);
#10021 = CARTESIAN_POINT('',(0.,-0.));
#10022 = VECTOR('',#10023,1.);
#10023 = DIRECTION('',(0.,1.));
#10024 = ( GEOMETRIC_REPRESENTATION_CONTEXT(2) 
PARAMETRIC_REPRESENTATION_CONTEXT() REPRESENTATION_CONTEXT('2D SPACE',''
  ) );
#10025 = ORIENTED_EDGE('',*,*,#10026,.T.);
#10026 = EDGE_CURVE('',#10004,#10004,#10027,.T.);
#10027 = SURFACE_CURVE('',#10028,(#10033,#10040),.PCURVE_S1.);
#10028 = CIRCLE('',#10029,1.);
#10029 = AXIS2_PLACEMENT_3D('',#10030,#10031,#10032);
#10030 = CARTESIAN_POINT('',(-69.,133.333,381.389));
#10031 = DIRECTION('',(1.,0.,0.));
#10032 = DIRECTION('',(-0.,0.,1.));
#10033 = PCURVE('',#9979,#10034);
#10034 = DEFINITIONAL_REPRESENTATION('',(#10035),#10039);
#10035 = LINE('',#10036,#10037);
#10036 = CARTESIAN_POINT('',(0.,0.));
#10037 = VECTOR('',#10038,1.);
#10038 = DIRECTION('',(1.,0.));
#10039 = ( GEOMETRIC_REPRESENTATION_CONTEXT(2) 
PARAMETRIC_REPRESENTATION_CONTEXT() REPRESENTATION_CONTEXT('2D SPACE',''
  ) );
#10040 = PCURVE('',#10041,#10046);
#10041 = PLANE('',#10042);
#10042 = AXIS2_PLACEMENT_3D('',#10043,#10044,#10045);
#10043 = CARTESIAN_POINT('',(-69.,133.333,381.389));
#10044 = DIRECTION('',(1.,0.,0.));
#10045 = DIRECTION('',(-0.,0.,1.));
#10046 = DEFINITIONAL_REPRESENTATION('',(#10047),#10051);
#10047 = CIRCLE('',#10048,1.);
#10048 = AXIS2_PLACEMENT_2D('',#10049,#10050);
#10049 = CARTESIAN_POINT('',(0.,0.));
#10050 = DIRECTION('',(1.,0.));
#10051 = ( GEOMETRIC_REPRESENTATION_CONTEXT(2) 
PARAMETRIC_REPRESENTATION_CONTEXT() REPRESENTATION_CONTEXT('2D SPACE',''
  ) );
#10052 = ORIENTED_EDGE('',*,*,#10003,.T.);
#10053 = ADVANCED_FACE('',(#10054),#9991,.T.);
#10054 = FACE_BOUND('',#10055,.T.);
#10055 = EDGE_LOOP('',(#10056));
#10056 = ORIENTED_EDGE('',*,*,#9969,.T.);
#10057 = ADVANCED_FACE('',(#10058),#10041,.F.);
#10058 = FACE_BOUND('',#10059,.T.);
#10059 = EDGE_LOOP('',(#10060));
#10060 = ORIENTED_EDGE('',*,*,#10026,.F.);
#10061 = ( GEOMETRIC_REPRESENTATION_CONTEXT(3) 
GLOBAL_UNCERTAINTY_ASSIGNED_CONTEXT((#10065)) 
GLOBAL_UNIT_ASSIGNED_CONTEXT((#10062,#10063,#10064)) 
REPRESENTATION_CONTEXT('Context #1',
  '3D Context with UNIT and UNCERTAINTY') );
#10062 = ( LENGTH_UNIT() NAMED_UNIT(*) SI_UNIT(.MILLI.,.METRE.) );
#10063 = ( NAMED_UNIT(*) PLANE_ANGLE_UNIT() SI_UNIT($,.RADIAN.) );
#10064 = ( NAMED_UNIT(*) SI_UNIT($,.STERADIAN.) SOLID_ANGLE_UNIT() );
#10065 = UNCERTAINTY_MEASURE_WITH_UNIT(LENGTH_MEASURE(1.E-07),#10062,
  'distance_accuracy_value','confusion accuracy');
#10066 = CONTEXT_DEPENDENT_SHAPE_REPRESENTATION(#10067,#10069);
#10067 = ( REPRESENTATION_RELATIONSHIP('','',#9962,#10) 
REPRESENTATION_RELATIONSHIP_WITH_TRANSFORMATION(#10068) 
SHAPE_REPRESENTATION_RELATIONSHIP() );
#10068 = ITEM_DEFINED_TRANSFORMATION('','',#11,#359);
#10069 = PRODUCT_DEFINITION_SHAPE('Placement','Placement of an item',
  #10070);
#10070 = NEXT_ASSEMBLY_USAGE_OCCURRENCE('87','0086_battery_bay','',#5,
  #9957,$);
#10071 = PRODUCT_RELATED_PRODUCT_CATEGORY('part',$,(#9959));
#10072 = SHAPE_DEFINITION_REPRESENTATION(#10073,#10079);
#10073 = PRODUCT_DEFINITION_SHAPE('','',#10074);
#10074 = PRODUCT_DEFINITION('design','',#10075,#10078);
#10075 = PRODUCT_DEFINITION_FORMATION('','',#10076);
#10076 = PRODUCT('0087_battery_bay','0087_battery_bay','',(#10077));
#10077 = PRODUCT_CONTEXT('',#2,'mechanical');
#10078 = PRODUCT_DEFINITION_CONTEXT('part definition',#2,'design');
#10079 = ADVANCED_BREP_SHAPE_REPRESENTATION('',(#11,#10080),#10178);
#10080 = MANIFOLD_SOLID_BREP('',#10081);
#10081 = CLOSED_SHELL('',(#10082,#10170,#10174));
#10082 = ADVANCED_FACE('',(#10083),#10096,.T.);
#10083 = FACE_BOUND('',#10084,.T.);
#10084 = EDGE_LOOP('',(#10085,#10119,#10142,#10169));
#10085 = ORIENTED_EDGE('',*,*,#10086,.F.);
#10086 = EDGE_CURVE('',#10087,#10087,#10089,.T.);
#10087 = VERTEX_POINT('',#10088);
#10088 = CARTESIAN_POINT('',(69.,293.333,382.389));
#10089 = SURFACE_CURVE('',#10090,(#10095,#10107),.PCURVE_S1.);
#10090 = CIRCLE('',#10091,1.);
#10091 = AXIS2_PLACEMENT_3D('',#10092,#10093,#10094);
#10092 = CARTESIAN_POINT('',(69.,293.333,381.389));
#10093 = DIRECTION('',(0.,1.,0.));
#10094 = DIRECTION('',(0.,-0.,1.));
#10095 = PCURVE('',#10096,#10101);
#10096 = CYLINDRICAL_SURFACE('',#10097,1.);
#10097 = AXIS2_PLACEMENT_3D('',#10098,#10099,#10100);
#10098 = CARTESIAN_POINT('',(69.,133.333,381.389));
#10099 = DIRECTION('',(0.,1.,0.));
#10100 = DIRECTION('',(0.,-0.,1.));
#10101 = DEFINITIONAL_REPRESENTATION('',(#10102),#10106);
#10102 = LINE('',#10103,#10104);
#10103 = CARTESIAN_POINT('',(0.,160.));
#10104 = VECTOR('',#10105,1.);
#10105 = DIRECTION('',(1.,0.));
#10106 = ( GEOMETRIC_REPRESENTATION_CONTEXT(2) 
PARAMETRIC_REPRESENTATION_CONTEXT() REPRESENTATION_CONTEXT('2D SPACE',''
  ) );
#10107 = PCURVE('',#10108,#10113);
#10108 = PLANE('',#10109);
#10109 = AXIS2_PLACEMENT_3D('',#10110,#10111,#10112);
#10110 = CARTESIAN_POINT('',(69.,293.333,381.389));
#10111 = DIRECTION('',(0.,1.,0.));
#10112 = DIRECTION('',(0.,-0.,1.));
#10113 = DEFINITIONAL_REPRESENTATION('',(#10114),#10118);
#10114 = CIRCLE('',#10115,1.);
#10115 = AXIS2_PLACEMENT_2D('',#10116,#10117);
#10116 = CARTESIAN_POINT('',(0.,0.));
#10117 = DIRECTION('',(1.,0.));
#10118 = ( GEOMETRIC_REPRESENTATION_CONTEXT(2) 
PARAMETRIC_REPRESENTATION_CONTEXT() REPRESENTATION_CONTEXT('2D SPACE',''
  ) );
#10119 = ORIENTED_EDGE('',*,*,#10120,.F.);
#10120 = EDGE_CURVE('',#10121,#10087,#10123,.T.);
#10121 = VERTEX_POINT('',#10122);
#10122 = CARTESIAN_POINT('',(69.,133.333,382.389));
#10123 = SEAM_CURVE('',#10124,(#10128,#10135),.PCURVE_S1.);
#10124 = LINE('',#10125,#10126);
#10125 = CARTESIAN_POINT('',(69.,133.333,382.389));
#10126 = VECTOR('',#10127,1.);
#10127 = DIRECTION('',(0.,1.,0.));
#10128 = PCURVE('',#10096,#10129);
#10129 = DEFINITIONAL_REPRESENTATION('',(#10130),#10134);
#10130 = LINE('',#10131,#10132);
#10131 = CARTESIAN_POINT('',(6.28318530718,-0.));
#10132 = VECTOR('',#10133,1.);
#10133 = DIRECTION('',(0.,1.));
#10134 = ( GEOMETRIC_REPRESENTATION_CONTEXT(2) 
PARAMETRIC_REPRESENTATION_CONTEXT() REPRESENTATION_CONTEXT('2D SPACE',''
  ) );
#10135 = PCURVE('',#10096,#10136);
#10136 = DEFINITIONAL_REPRESENTATION('',(#10137),#10141);
#10137 = LINE('',#10138,#10139);
#10138 = CARTESIAN_POINT('',(0.,-0.));
#10139 = VECTOR('',#10140,1.);
#10140 = DIRECTION('',(0.,1.));
#10141 = ( GEOMETRIC_REPRESENTATION_CONTEXT(2) 
PARAMETRIC_REPRESENTATION_CONTEXT() REPRESENTATION_CONTEXT('2D SPACE',''
  ) );
#10142 = ORIENTED_EDGE('',*,*,#10143,.T.);
#10143 = EDGE_CURVE('',#10121,#10121,#10144,.T.);
#10144 = SURFACE_CURVE('',#10145,(#10150,#10157),.PCURVE_S1.);
#10145 = CIRCLE('',#10146,1.);
#10146 = AXIS2_PLACEMENT_3D('',#10147,#10148,#10149);
#10147 = CARTESIAN_POINT('',(69.,133.333,381.389));
#10148 = DIRECTION('',(0.,1.,0.));
#10149 = DIRECTION('',(0.,-0.,1.));
#10150 = PCURVE('',#10096,#10151);
#10151 = DEFINITIONAL_REPRESENTATION('',(#10152),#10156);
#10152 = LINE('',#10153,#10154);
#10153 = CARTESIAN_POINT('',(0.,0.));
#10154 = VECTOR('',#10155,1.);
#10155 = DIRECTION('',(1.,0.));
#10156 = ( GEOMETRIC_REPRESENTATION_CONTEXT(2) 
PARAMETRIC_REPRESENTATION_CONTEXT() REPRESENTATION_CONTEXT('2D SPACE',''
  ) );
#10157 = PCURVE('',#10158,#10163);
#10158 = PLANE('',#10159);
#10159 = AXIS2_PLACEMENT_3D('',#10160,#10161,#10162);
#10160 = CARTESIAN_POINT('',(69.,133.333,381.389));
#10161 = DIRECTION('',(0.,1.,0.));
#10162 = DIRECTION('',(0.,-0.,1.));
#10163 = DEFINITIONAL_REPRESENTATION('',(#10164),#10168);
#10164 = CIRCLE('',#10165,1.);
#10165 = AXIS2_PLACEMENT_2D('',#10166,#10167);
#10166 = CARTESIAN_POINT('',(0.,0.));
#10167 = DIRECTION('',(1.,0.));
#10168 = ( GEOMETRIC_REPRESENTATION_CONTEXT(2) 
PARAMETRIC_REPRESENTATION_CONTEXT() REPRESENTATION_CONTEXT('2D SPACE',''
  ) );
#10169 = ORIENTED_EDGE('',*,*,#10120,.T.);
#10170 = ADVANCED_FACE('',(#10171),#10108,.T.);
#10171 = FACE_BOUND('',#10172,.T.);
#10172 = EDGE_LOOP('',(#10173));
#10173 = ORIENTED_EDGE('',*,*,#10086,.T.);
#10174 = ADVANCED_FACE('',(#10175),#10158,.F.);
#10175 = FACE_BOUND('',#10176,.T.);
#10176 = EDGE_LOOP('',(#10177));
#10177 = ORIENTED_EDGE('',*,*,#10143,.F.);
#10178 = ( GEOMETRIC_REPRESENTATION_CONTEXT(3) 
GLOBAL_UNCERTAINTY_ASSIGNED_CONTEXT((#10182)) 
GLOBAL_UNIT_ASSIGNED_CONTEXT((#10179,#10180,#10181)) 
REPRESENTATION_CONTEXT('Context #1',
  '3D Context with UNIT and UNCERTAINTY') );
#10179 = ( LENGTH_UNIT() NAMED_UNIT(*) SI_UNIT(.MILLI.,.METRE.) );
#10180 = ( NAMED_UNIT(*) PLANE_ANGLE_UNIT() SI_UNIT($,.RADIAN.) );
#10181 = ( NAMED_UNIT(*) SI_UNIT($,.STERADIAN.) SOLID_ANGLE_UNIT() );
#10182 = UNCERTAINTY_MEASURE_WITH_UNIT(LENGTH_MEASURE(1.E-07),#10179,
  'distance_accuracy_value','confusion accuracy');
#10183 = CONTEXT_DEPENDENT_SHAPE_REPRESENTATION(#10184,#10186);
#10184 = ( REPRESENTATION_RELATIONSHIP('','',#10079,#10) 
REPRESENTATION_RELATIONSHIP_WITH_TRANSFORMATION(#10185) 
SHAPE_REPRESENTATION_RELATIONSHIP() );
#10185 = ITEM_DEFINED_TRANSFORMATION('','',#11,#363);
#10186 = PRODUCT_DEFINITION_SHAPE('Placement','Placement of an item',
  #10187);
#10187 = NEXT_ASSEMBLY_USAGE_OCCURRENCE('88','0087_battery_bay','',#5,
  #10074,$);
#10188 = PRODUCT_RELATED_PRODUCT_CATEGORY('part',$,(#10076));
#10189 = SHAPE_DEFINITION_REPRESENTATION(#10190,#10196);
#10190 = PRODUCT_DEFINITION_SHAPE('','',#10191);
#10191 = PRODUCT_DEFINITION('design','',#10192,#10195);
#10192 = PRODUCT_DEFINITION_FORMATION('','',#10193);
#10193 = PRODUCT('0088_battery_bay','0088_battery_bay','',(#10194));
#10194 = PRODUCT_CONTEXT('',#2,'mechanical');
#10195 = PRODUCT_DEFINITION_CONTEXT('part definition',#2,'design');
#10196 = ADVANCED_BREP_SHAPE_REPRESENTATION('',(#11,#10197),#10295);
#10197 = MANIFOLD_SOLID_BREP('',#10198);
#10198 = CLOSED_SHELL('',(#10199,#10287,#10291));
#10199 = ADVANCED_FACE('',(#10200),#10213,.T.);
#10200 = FACE_BOUND('',#10201,.T.);
#10201 = EDGE_LOOP('',(#10202,#10236,#10259,#10286));
#10202 = ORIENTED_EDGE('',*,*,#10203,.F.);
#10203 = EDGE_CURVE('',#10204,#10204,#10206,.T.);
#10204 = VERTEX_POINT('',#10205);
#10205 = CARTESIAN_POINT('',(-69.,293.333,380.389));
#10206 = SURFACE_CURVE('',#10207,(#10212,#10224),.PCURVE_S1.);
#10207 = CIRCLE('',#10208,1.);
#10208 = AXIS2_PLACEMENT_3D('',#10209,#10210,#10211);
#10209 = CARTESIAN_POINT('',(-69.,293.333,381.389));
#10210 = DIRECTION('',(-1.,0.,0.));
#10211 = DIRECTION('',(0.,0.,-1.));
#10212 = PCURVE('',#10213,#10218);
#10213 = CYLINDRICAL_SURFACE('',#10214,1.);
#10214 = AXIS2_PLACEMENT_3D('',#10215,#10216,#10217);
#10215 = CARTESIAN_POINT('',(69.,293.333,381.389));
#10216 = DIRECTION('',(-1.,0.,0.));
#10217 = DIRECTION('',(0.,0.,-1.));
#10218 = DEFINITIONAL_REPRESENTATION('',(#10219),#10223);
#10219 = LINE('',#10220,#10221);
#10220 = CARTESIAN_POINT('',(0.,138.));
#10221 = VECTOR('',#10222,1.);
#10222 = DIRECTION('',(1.,0.));
#10223 = ( GEOMETRIC_REPRESENTATION_CONTEXT(2) 
PARAMETRIC_REPRESENTATION_CONTEXT() REPRESENTATION_CONTEXT('2D SPACE',''
  ) );
#10224 = PCURVE('',#10225,#10230);
#10225 = PLANE('',#10226);
#10226 = AXIS2_PLACEMENT_3D('',#10227,#10228,#10229);
#10227 = CARTESIAN_POINT('',(-69.,293.333,381.389));
#10228 = DIRECTION('',(-1.,0.,0.));
#10229 = DIRECTION('',(0.,0.,-1.));
#10230 = DEFINITIONAL_REPRESENTATION('',(#10231),#10235);
#10231 = CIRCLE('',#10232,1.);
#10232 = AXIS2_PLACEMENT_2D('',#10233,#10234);
#10233 = CARTESIAN_POINT('',(0.,0.));
#10234 = DIRECTION('',(1.,0.));
#10235 = ( GEOMETRIC_REPRESENTATION_CONTEXT(2) 
PARAMETRIC_REPRESENTATION_CONTEXT() REPRESENTATION_CONTEXT('2D SPACE',''
  ) );
#10236 = ORIENTED_EDGE('',*,*,#10237,.F.);
#10237 = EDGE_CURVE('',#10238,#10204,#10240,.T.);
#10238 = VERTEX_POINT('',#10239);
#10239 = CARTESIAN_POINT('',(69.,293.333,380.389));
#10240 = SEAM_CURVE('',#10241,(#10245,#10252),.PCURVE_S1.);
#10241 = LINE('',#10242,#10243);
#10242 = CARTESIAN_POINT('',(69.,293.333,380.389));
#10243 = VECTOR('',#10244,1.);
#10244 = DIRECTION('',(-1.,0.,0.));
#10245 = PCURVE('',#10213,#10246);
#10246 = DEFINITIONAL_REPRESENTATION('',(#10247),#10251);
#10247 = LINE('',#10248,#10249);
#10248 = CARTESIAN_POINT('',(6.28318530718,-0.));
#10249 = VECTOR('',#10250,1.);
#10250 = DIRECTION('',(0.,1.));
#10251 = ( GEOMETRIC_REPRESENTATION_CONTEXT(2) 
PARAMETRIC_REPRESENTATION_CONTEXT() REPRESENTATION_CONTEXT('2D SPACE',''
  ) );
#10252 = PCURVE('',#10213,#10253);
#10253 = DEFINITIONAL_REPRESENTATION('',(#10254),#10258);
#10254 = LINE('',#10255,#10256);
#10255 = CARTESIAN_POINT('',(0.,-0.));
#10256 = VECTOR('',#10257,1.);
#10257 = DIRECTION('',(0.,1.));
#10258 = ( GEOMETRIC_REPRESENTATION_CONTEXT(2) 
PARAMETRIC_REPRESENTATION_CONTEXT() REPRESENTATION_CONTEXT('2D SPACE',''
  ) );
#10259 = ORIENTED_EDGE('',*,*,#10260,.T.);
#10260 = EDGE_CURVE('',#10238,#10238,#10261,.T.);
#10261 = SURFACE_CURVE('',#10262,(#10267,#10274),.PCURVE_S1.);
#10262 = CIRCLE('',#10263,1.);
#10263 = AXIS2_PLACEMENT_3D('',#10264,#10265,#10266);
#10264 = CARTESIAN_POINT('',(69.,293.333,381.389));
#10265 = DIRECTION('',(-1.,0.,0.));
#10266 = DIRECTION('',(0.,0.,-1.));
#10267 = PCURVE('',#10213,#10268);
#10268 = DEFINITIONAL_REPRESENTATION('',(#10269),#10273);
#10269 = LINE('',#10270,#10271);
#10270 = CARTESIAN_POINT('',(0.,0.));
#10271 = VECTOR('',#10272,1.);
#10272 = DIRECTION('',(1.,0.));
#10273 = ( GEOMETRIC_REPRESENTATION_CONTEXT(2) 
PARAMETRIC_REPRESENTATION_CONTEXT() REPRESENTATION_CONTEXT('2D SPACE',''
  ) );
#10274 = PCURVE('',#10275,#10280);
#10275 = PLANE('',#10276);
#10276 = AXIS2_PLACEMENT_3D('',#10277,#10278,#10279);
#10277 = CARTESIAN_POINT('',(69.,293.333,381.389));
#10278 = DIRECTION('',(-1.,0.,0.));
#10279 = DIRECTION('',(0.,0.,-1.));
#10280 = DEFINITIONAL_REPRESENTATION('',(#10281),#10285);
#10281 = CIRCLE('',#10282,1.);
#10282 = AXIS2_PLACEMENT_2D('',#10283,#10284);
#10283 = CARTESIAN_POINT('',(0.,0.));
#10284 = DIRECTION('',(1.,0.));
#10285 = ( GEOMETRIC_REPRESENTATION_CONTEXT(2) 
PARAMETRIC_REPRESENTATION_CONTEXT() REPRESENTATION_CONTEXT('2D SPACE',''
  ) );
#10286 = ORIENTED_EDGE('',*,*,#10237,.T.);
#10287 = ADVANCED_FACE('',(#10288),#10225,.T.);
#10288 = FACE_BOUND('',#10289,.T.);
#10289 = EDGE_LOOP('',(#10290));
#10290 = ORIENTED_EDGE('',*,*,#10203,.T.);
#10291 = ADVANCED_FACE('',(#10292),#10275,.F.);
#10292 = FACE_BOUND('',#10293,.T.);
#10293 = EDGE_LOOP('',(#10294));
#10294 = ORIENTED_EDGE('',*,*,#10260,.F.);
#10295 = ( GEOMETRIC_REPRESENTATION_CONTEXT(3) 
GLOBAL_UNCERTAINTY_ASSIGNED_CONTEXT((#10299)) 
GLOBAL_UNIT_ASSIGNED_CONTEXT((#10296,#10297,#10298)) 
REPRESENTATION_CONTEXT('Context #1',
  '3D Context with UNIT and UNCERTAINTY') );
#10296 = ( LENGTH_UNIT() NAMED_UNIT(*) SI_UNIT(.MILLI.,.METRE.) );
#10297 = ( NAMED_UNIT(*) PLANE_ANGLE_UNIT() SI_UNIT($,.RADIAN.) );
#10298 = ( NAMED_UNIT(*) SI_UNIT($,.STERADIAN.) SOLID_ANGLE_UNIT() );
#10299 = UNCERTAINTY_MEASURE_WITH_UNIT(LENGTH_MEASURE(1.E-07),#10296,
  'distance_accuracy_value','confusion accuracy');
#10300 = CONTEXT_DEPENDENT_SHAPE_REPRESENTATION(#10301,#10303);
#10301 = ( REPRESENTATION_RELATIONSHIP('','',#10196,#10) 
REPRESENTATION_RELATIONSHIP_WITH_TRANSFORMATION(#10302) 
SHAPE_REPRESENTATION_RELATIONSHIP() );
#10302 = ITEM_DEFINED_TRANSFORMATION('','',#11,#367);
#10303 = PRODUCT_DEFINITION_SHAPE('Placement','Placement of an item',
  #10304);
#10304 = NEXT_ASSEMBLY_USAGE_OCCURRENCE('89','0088_battery_bay','',#5,
  #10191,$);
#10305 = PRODUCT_RELATED_PRODUCT_CATEGORY('part',$,(#10193));
#10306 = SHAPE_DEFINITION_REPRESENTATION(#10307,#10313);
#10307 = PRODUCT_DEFINITION_SHAPE('','',#10308);
#10308 = PRODUCT_DEFINITION('design','',#10309,#10312);
#10309 = PRODUCT_DEFINITION_FORMATION('','',#10310);
#10310 = PRODUCT('0089_battery_bay','0089_battery_bay','',(#10311));
#10311 = PRODUCT_CONTEXT('',#2,'mechanical');
#10312 = PRODUCT_DEFINITION_CONTEXT('part definition',#2,'design');
#10313 = ADVANCED_BREP_SHAPE_REPRESENTATION('',(#11,#10314),#10412);
#10314 = MANIFOLD_SOLID_BREP('',#10315);
#10315 = CLOSED_SHELL('',(#10316,#10404,#10408));
#10316 = ADVANCED_FACE('',(#10317),#10330,.T.);
#10317 = FACE_BOUND('',#10318,.T.);
#10318 = EDGE_LOOP('',(#10319,#10353,#10376,#10403));
#10319 = ORIENTED_EDGE('',*,*,#10320,.F.);
#10320 = EDGE_CURVE('',#10321,#10321,#10323,.T.);
#10321 = VERTEX_POINT('',#10322);
#10322 = CARTESIAN_POINT('',(-69.,133.333,380.389));
#10323 = SURFACE_CURVE('',#10324,(#10329,#10341),.PCURVE_S1.);
#10324 = CIRCLE('',#10325,1.);
#10325 = AXIS2_PLACEMENT_3D('',#10326,#10327,#10328);
#10326 = CARTESIAN_POINT('',(-69.,133.333,381.389));
#10327 = DIRECTION('',(0.,-1.,0.));
#10328 = DIRECTION('',(0.,-0.,-1.));
#10329 = PCURVE('',#10330,#10335);
#10330 = CYLINDRICAL_SURFACE('',#10331,1.);
#10331 = AXIS2_PLACEMENT_3D('',#10332,#10333,#10334);
#10332 = CARTESIAN_POINT('',(-69.,293.333,381.389));
#10333 = DIRECTION('',(0.,-1.,0.));
#10334 = DIRECTION('',(0.,-0.,-1.));
#10335 = DEFINITIONAL_REPRESENTATION('',(#10336),#10340);
#10336 = LINE('',#10337,#10338);
#10337 = CARTESIAN_POINT('',(0.,160.));
#10338 = VECTOR('',#10339,1.);
#10339 = DIRECTION('',(1.,0.));
#10340 = ( GEOMETRIC_REPRESENTATION_CONTEXT(2) 
PARAMETRIC_REPRESENTATION_CONTEXT() REPRESENTATION_CONTEXT('2D SPACE',''
  ) );
#10341 = PCURVE('',#10342,#10347);
#10342 = PLANE('',#10343);
#10343 = AXIS2_PLACEMENT_3D('',#10344,#10345,#10346);
#10344 = CARTESIAN_POINT('',(-69.,133.333,381.389));
#10345 = DIRECTION('',(0.,-1.,0.));
#10346 = DIRECTION('',(0.,-0.,-1.));
#10347 = DEFINITIONAL_REPRESENTATION('',(#10348),#10352);
#10348 = CIRCLE('',#10349,1.);
#10349 = AXIS2_PLACEMENT_2D('',#10350,#10351);
#10350 = CARTESIAN_POINT('',(0.,0.));
#10351 = DIRECTION('',(1.,0.));
#10352 = ( GEOMETRIC_REPRESENTATION_CONTEXT(2) 
PARAMETRIC_REPRESENTATION_CONTEXT() REPRESENTATION_CONTEXT('2D SPACE',''
  ) );
#10353 = ORIENTED_EDGE('',*,*,#10354,.F.);
#10354 = EDGE_CURVE('',#10355,#10321,#10357,.T.);
#10355 = VERTEX_POINT('',#10356);
#10356 = CARTESIAN_POINT('',(-69.,293.333,380.389));
#10357 = SEAM_CURVE('',#10358,(#10362,#10369),.PCURVE_S1.);
#10358 = LINE('',#10359,#10360);
#10359 = CARTESIAN_POINT('',(-69.,293.333,380.389));
#10360 = VECTOR('',#10361,1.);
#10361 = DIRECTION('',(0.,-1.,0.));
#10362 = PCURVE('',#10330,#10363);
#10363 = DEFINITIONAL_REPRESENTATION('',(#10364),#10368);
#10364 = LINE('',#10365,#10366);
#10365 = CARTESIAN_POINT('',(6.28318530718,-0.));
#10366 = VECTOR('',#10367,1.);
#10367 = DIRECTION('',(0.,1.));
#10368 = ( GEOMETRIC_REPRESENTATION_CONTEXT(2) 
PARAMETRIC_REPRESENTATION_CONTEXT() REPRESENTATION_CONTEXT('2D SPACE',''
  ) );
#10369 = PCURVE('',#10330,#10370);
#10370 = DEFINITIONAL_REPRESENTATION('',(#10371),#10375);
#10371 = LINE('',#10372,#10373);
#10372 = CARTESIAN_POINT('',(0.,-0.));
#10373 = VECTOR('',#10374,1.);
#10374 = DIRECTION('',(0.,1.));
#10375 = ( GEOMETRIC_REPRESENTATION_CONTEXT(2) 
PARAMETRIC_REPRESENTATION_CONTEXT() REPRESENTATION_CONTEXT('2D SPACE',''
  ) );
#10376 = ORIENTED_EDGE('',*,*,#10377,.T.);
#10377 = EDGE_CURVE('',#10355,#10355,#10378,.T.);
#10378 = SURFACE_CURVE('',#10379,(#10384,#10391),.PCURVE_S1.);
#10379 = CIRCLE('',#10380,1.);
#10380 = AXIS2_PLACEMENT_3D('',#10381,#10382,#10383);
#10381 = CARTESIAN_POINT('',(-69.,293.333,381.389));
#10382 = DIRECTION('',(0.,-1.,0.));
#10383 = DIRECTION('',(0.,-0.,-1.));
#10384 = PCURVE('',#10330,#10385);
#10385 = DEFINITIONAL_REPRESENTATION('',(#10386),#10390);
#10386 = LINE('',#10387,#10388);
#10387 = CARTESIAN_POINT('',(0.,0.));
#10388 = VECTOR('',#10389,1.);
#10389 = DIRECTION('',(1.,0.));
#10390 = ( GEOMETRIC_REPRESENTATION_CONTEXT(2) 
PARAMETRIC_REPRESENTATION_CONTEXT() REPRESENTATION_CONTEXT('2D SPACE',''
  ) );
#10391 = PCURVE('',#10392,#10397);
#10392 = PLANE('',#10393);
#10393 = AXIS2_PLACEMENT_3D('',#10394,#10395,#10396);
#10394 = CARTESIAN_POINT('',(-69.,293.333,381.389));
#10395 = DIRECTION('',(0.,-1.,0.));
#10396 = DIRECTION('',(0.,-0.,-1.));
#10397 = DEFINITIONAL_REPRESENTATION('',(#10398),#10402);
#10398 = CIRCLE('',#10399,1.);
#10399 = AXIS2_PLACEMENT_2D('',#10400,#10401);
#10400 = CARTESIAN_POINT('',(0.,0.));
#10401 = DIRECTION('',(1.,0.));
#10402 = ( GEOMETRIC_REPRESENTATION_CONTEXT(2) 
PARAMETRIC_REPRESENTATION_CONTEXT() REPRESENTATION_CONTEXT('2D SPACE',''
  ) );
#10403 = ORIENTED_EDGE('',*,*,#10354,.T.);
#10404 = ADVANCED_FACE('',(#10405),#10342,.T.);
#10405 = FACE_BOUND('',#10406,.T.);
#10406 = EDGE_LOOP('',(#10407));
#10407 = ORIENTED_EDGE('',*,*,#10320,.T.);
#10408 = ADVANCED_FACE('',(#10409),#10392,.F.);
#10409 = FACE_BOUND('',#10410,.T.);
#10410 = EDGE_LOOP('',(#10411));
#10411 = ORIENTED_EDGE('',*,*,#10377,.F.);
#10412 = ( GEOMETRIC_REPRESENTATION_CONTEXT(3) 
GLOBAL_UNCERTAINTY_ASSIGNED_CONTEXT((#10416)) 
GLOBAL_UNIT_ASSIGNED_CONTEXT((#10413,#10414,#10415)) 
REPRESENTATION_CONTEXT('Context #1',
  '3D Context with UNIT and UNCERTAINTY') );
#10413 = ( LENGTH_UNIT() NAMED_UNIT(*) SI_UNIT(.MILLI.,.METRE.) );
#10414 = ( NAMED_UNIT(*) PLANE_ANGLE_UNIT() SI_UNIT($,.RADIAN.) );
#10415 = ( NAMED_UNIT(*) SI_UNIT($,.STERADIAN.) SOLID_ANGLE_UNIT() );
#10416 = UNCERTAINTY_MEASURE_WITH_UNIT(LENGTH_MEASURE(1.E-07),#10413,
  'distance_accuracy_value','confusion accuracy');
#10417 = CONTEXT_DEPENDENT_SHAPE_REPRESENTATION(#10418,#10420);
#10418 = ( REPRESENTATION_RELATIONSHIP('','',#10313,#10) 
REPRESENTATION_RELATIONSHIP_WITH_TRANSFORMATION(#10419) 
SHAPE_REPRESENTATION_RELATIONSHIP() );
#10419 = ITEM_DEFINED_TRANSFORMATION('','',#11,#371);
#10420 = PRODUCT_DEFINITION_SHAPE('Placement','Placement of an item',
  #10421);
#10421 = NEXT_ASSEMBLY_USAGE_OCCURRENCE('90','0089_battery_bay','',#5,
  #10308,$);
#10422 = PRODUCT_RELATED_PRODUCT_CATEGORY('part',$,(#10310));
#10423 = SHAPE_DEFINITION_REPRESENTATION(#10424,#10430);
#10424 = PRODUCT_DEFINITION_SHAPE('','',#10425);
#10425 = PRODUCT_DEFINITION('design','',#10426,#10429);
#10426 = PRODUCT_DEFINITION_FORMATION('','',#10427);
#10427 = PRODUCT('0090_battery_bay','0090_battery_bay','',(#10428));
#10428 = PRODUCT_CONTEXT('',#2,'mechanical');
#10429 = PRODUCT_DEFINITION_CONTEXT('part definition',#2,'design');
#10430 = ADVANCED_BREP_SHAPE_REPRESENTATION('',(#11,#10431),#10529);
#10431 = MANIFOLD_SOLID_BREP('',#10432);
#10432 = CLOSED_SHELL('',(#10433,#10521,#10525));
#10433 = ADVANCED_FACE('',(#10434),#10447,.T.);
#10434 = FACE_BOUND('',#10435,.T.);
#10435 = EDGE_LOOP('',(#10436,#10470,#10493,#10520));
#10436 = ORIENTED_EDGE('',*,*,#10437,.F.);
#10437 = EDGE_CURVE('',#10438,#10438,#10440,.T.);
#10438 = VERTEX_POINT('',#10439);
#10439 = CARTESIAN_POINT('',(-68.,133.333,381.389));
#10440 = SURFACE_CURVE('',#10441,(#10446,#10458),.PCURVE_S1.);
#10441 = CIRCLE('',#10442,1.);
#10442 = AXIS2_PLACEMENT_3D('',#10443,#10444,#10445);
#10443 = CARTESIAN_POINT('',(-69.,133.333,381.389));
#10444 = DIRECTION('',(0.,0.,1.));
#10445 = DIRECTION('',(1.,0.,-0.));
#10446 = PCURVE('',#10447,#10452);
#10447 = CYLINDRICAL_SURFACE('',#10448,1.);
#10448 = AXIS2_PLACEMENT_3D('',#10449,#10450,#10451);
#10449 = CARTESIAN_POINT('',(-69.,133.333,190.));
#10450 = DIRECTION('',(0.,0.,1.));
#10451 = DIRECTION('',(1.,0.,-0.));
#10452 = DEFINITIONAL_REPRESENTATION('',(#10453),#10457);
#10453 = LINE('',#10454,#10455);
#10454 = CARTESIAN_POINT('',(0.,191.389));
#10455 = VECTOR('',#10456,1.);
#10456 = DIRECTION('',(1.,0.));
#10457 = ( GEOMETRIC_REPRESENTATION_CONTEXT(2) 
PARAMETRIC_REPRESENTATION_CONTEXT() REPRESENTATION_CONTEXT('2D SPACE',''
  ) );
#10458 = PCURVE('',#10459,#10464);
#10459 = PLANE('',#10460);
#10460 = AXIS2_PLACEMENT_3D('',#10461,#10462,#10463);
#10461 = CARTESIAN_POINT('',(-69.,133.333,381.389));
#10462 = DIRECTION('',(0.,0.,1.));
#10463 = DIRECTION('',(1.,0.,-0.));
#10464 = DEFINITIONAL_REPRESENTATION('',(#10465),#10469);
#10465 = CIRCLE('',#10466,1.);
#10466 = AXIS2_PLACEMENT_2D('',#10467,#10468);
#10467 = CARTESIAN_POINT('',(0.,0.));
#10468 = DIRECTION('',(1.,0.));
#10469 = ( GEOMETRIC_REPRESENTATION_CONTEXT(2) 
PARAMETRIC_REPRESENTATION_CONTEXT() REPRESENTATION_CONTEXT('2D SPACE',''
  ) );
#10470 = ORIENTED_EDGE('',*,*,#10471,.F.);
#10471 = EDGE_CURVE('',#10472,#10438,#10474,.T.);
#10472 = VERTEX_POINT('',#10473);
#10473 = CARTESIAN_POINT('',(-68.,133.333,190.));
#10474 = SEAM_CURVE('',#10475,(#10479,#10486),.PCURVE_S1.);
#10475 = LINE('',#10476,#10477);
#10476 = CARTESIAN_POINT('',(-68.,133.333,190.));
#10477 = VECTOR('',#10478,1.);
#10478 = DIRECTION('',(0.,0.,1.));
#10479 = PCURVE('',#10447,#10480);
#10480 = DEFINITIONAL_REPRESENTATION('',(#10481),#10485);
#10481 = LINE('',#10482,#10483);
#10482 = CARTESIAN_POINT('',(6.28318530718,-0.));
#10483 = VECTOR('',#10484,1.);
#10484 = DIRECTION('',(0.,1.));
#10485 = ( GEOMETRIC_REPRESENTATION_CONTEXT(2) 
PARAMETRIC_REPRESENTATION_CONTEXT() REPRESENTATION_CONTEXT('2D SPACE',''
  ) );
#10486 = PCURVE('',#10447,#10487);
#10487 = DEFINITIONAL_REPRESENTATION('',(#10488),#10492);
#10488 = LINE('',#10489,#10490);
#10489 = CARTESIAN_POINT('',(0.,-0.));
#10490 = VECTOR('',#10491,1.);
#10491 = DIRECTION('',(0.,1.));
#10492 = ( GEOMETRIC_REPRESENTATION_CONTEXT(2) 
PARAMETRIC_REPRESENTATION_CONTEXT() REPRESENTATION_CONTEXT('2D SPACE',''
  ) );
#10493 = ORIENTED_EDGE('',*,*,#10494,.T.);
#10494 = EDGE_CURVE('',#10472,#10472,#10495,.T.);
#10495 = SURFACE_CURVE('',#10496,(#10501,#10508),.PCURVE_S1.);
#10496 = CIRCLE('',#10497,1.);
#10497 = AXIS2_PLACEMENT_3D('',#10498,#10499,#10500);
#10498 = CARTESIAN_POINT('',(-69.,133.333,190.));
#10499 = DIRECTION('',(0.,0.,1.));
#10500 = DIRECTION('',(1.,0.,-0.));
#10501 = PCURVE('',#10447,#10502);
#10502 = DEFINITIONAL_REPRESENTATION('',(#10503),#10507);
#10503 = LINE('',#10504,#10505);
#10504 = CARTESIAN_POINT('',(0.,0.));
#10505 = VECTOR('',#10506,1.);
#10506 = DIRECTION('',(1.,0.));
#10507 = ( GEOMETRIC_REPRESENTATION_CONTEXT(2) 
PARAMETRIC_REPRESENTATION_CONTEXT() REPRESENTATION_CONTEXT('2D SPACE',''
  ) );
#10508 = PCURVE('',#10509,#10514);
#10509 = PLANE('',#10510);
#10510 = AXIS2_PLACEMENT_3D('',#10511,#10512,#10513);
#10511 = CARTESIAN_POINT('',(-69.,133.333,190.));
#10512 = DIRECTION('',(0.,0.,1.));
#10513 = DIRECTION('',(1.,0.,-0.));
#10514 = DEFINITIONAL_REPRESENTATION('',(#10515),#10519);
#10515 = CIRCLE('',#10516,1.);
#10516 = AXIS2_PLACEMENT_2D('',#10517,#10518);
#10517 = CARTESIAN_POINT('',(0.,0.));
#10518 = DIRECTION('',(1.,0.));
#10519 = ( GEOMETRIC_REPRESENTATION_CONTEXT(2) 
PARAMETRIC_REPRESENTATION_CONTEXT() REPRESENTATION_CONTEXT('2D SPACE',''
  ) );
#10520 = ORIENTED_EDGE('',*,*,#10471,.T.);
#10521 = ADVANCED_FACE('',(#10522),#10459,.T.);
#10522 = FACE_BOUND('',#10523,.T.);
#10523 = EDGE_LOOP('',(#10524));
#10524 = ORIENTED_EDGE('',*,*,#10437,.T.);
#10525 = ADVANCED_FACE('',(#10526),#10509,.F.);
#10526 = FACE_BOUND('',#10527,.T.);
#10527 = EDGE_LOOP('',(#10528));
#10528 = ORIENTED_EDGE('',*,*,#10494,.F.);
#10529 = ( GEOMETRIC_REPRESENTATION_CONTEXT(3) 
GLOBAL_UNCERTAINTY_ASSIGNED_CONTEXT((#10533)) 
GLOBAL_UNIT_ASSIGNED_CONTEXT((#10530,#10531,#10532)) 
REPRESENTATION_CONTEXT('Context #1',
  '3D Context with UNIT and UNCERTAINTY') );
#10530 = ( LENGTH_UNIT() NAMED_UNIT(*) SI_UNIT(.MILLI.,.METRE.) );
#10531 = ( NAMED_UNIT(*) PLANE_ANGLE_UNIT() SI_UNIT($,.RADIAN.) );
#10532 = ( NAMED_UNIT(*) SI_UNIT($,.STERADIAN.) SOLID_ANGLE_UNIT() );
#10533 = UNCERTAINTY_MEASURE_WITH_UNIT(LENGTH_MEASURE(1.E-07),#10530,
  'distance_accuracy_value','confusion accuracy');
#10534 = CONTEXT_DEPENDENT_SHAPE_REPRESENTATION(#10535,#10537);
#10535 = ( REPRESENTATION_RELATIONSHIP('','',#10430,#10) 
REPRESENTATION_RELATIONSHIP_WITH_TRANSFORMATION(#10536) 
SHAPE_REPRESENTATION_RELATIONSHIP() );
#10536 = ITEM_DEFINED_TRANSFORMATION('','',#11,#375);
#10537 = PRODUCT_DEFINITION_SHAPE('Placement','Placement of an item',
  #10538);
#10538 = NEXT_ASSEMBLY_USAGE_OCCURRENCE('91','0090_battery_bay','',#5,
  #10425,$);
#10539 = PRODUCT_RELATED_PRODUCT_CATEGORY('part',$,(#10427));
#10540 = SHAPE_DEFINITION_REPRESENTATION(#10541,#10547);
#10541 = PRODUCT_DEFINITION_SHAPE('','',#10542);
#10542 = PRODUCT_DEFINITION('design','',#10543,#10546);
#10543 = PRODUCT_DEFINITION_FORMATION('','',#10544);
#10544 = PRODUCT('0091_battery_bay','0091_battery_bay','',(#10545));
#10545 = PRODUCT_CONTEXT('',#2,'mechanical');
#10546 = PRODUCT_DEFINITION_CONTEXT('part definition',#2,'design');
#10547 = ADVANCED_BREP_SHAPE_REPRESENTATION('',(#11,#10548),#10646);
#10548 = MANIFOLD_SOLID_BREP('',#10549);
#10549 = CLOSED_SHELL('',(#10550,#10638,#10642));
#10550 = ADVANCED_FACE('',(#10551),#10564,.T.);
#10551 = FACE_BOUND('',#10552,.T.);
#10552 = EDGE_LOOP('',(#10553,#10587,#10610,#10637));
#10553 = ORIENTED_EDGE('',*,*,#10554,.F.);
#10554 = EDGE_CURVE('',#10555,#10555,#10557,.T.);
#10555 = VERTEX_POINT('',#10556);
#10556 = CARTESIAN_POINT('',(70.,133.333,381.389));
#10557 = SURFACE_CURVE('',#10558,(#10563,#10575),.PCURVE_S1.);
#10558 = CIRCLE('',#10559,1.);
#10559 = AXIS2_PLACEMENT_3D('',#10560,#10561,#10562);
#10560 = CARTESIAN_POINT('',(69.,133.333,381.389));
#10561 = DIRECTION('',(0.,0.,1.));
#10562 = DIRECTION('',(1.,0.,-0.));
#10563 = PCURVE('',#10564,#10569);
#10564 = CYLINDRICAL_SURFACE('',#10565,1.);
#10565 = AXIS2_PLACEMENT_3D('',#10566,#10567,#10568);
#10566 = CARTESIAN_POINT('',(69.,133.333,190.));
#10567 = DIRECTION('',(0.,0.,1.));
#10568 = DIRECTION('',(1.,0.,-0.));
#10569 = DEFINITIONAL_REPRESENTATION('',(#10570),#10574);
#10570 = LINE('',#10571,#10572);
#10571 = CARTESIAN_POINT('',(0.,191.389));
#10572 = VECTOR('',#10573,1.);
#10573 = DIRECTION('',(1.,0.));
#10574 = ( GEOMETRIC_REPRESENTATION_CONTEXT(2) 
PARAMETRIC_REPRESENTATION_CONTEXT() REPRESENTATION_CONTEXT('2D SPACE',''
  ) );
#10575 = PCURVE('',#10576,#10581);
#10576 = PLANE('',#10577);
#10577 = AXIS2_PLACEMENT_3D('',#10578,#10579,#10580);
#10578 = CARTESIAN_POINT('',(69.,133.333,381.389));
#10579 = DIRECTION('',(0.,0.,1.));
#10580 = DIRECTION('',(1.,0.,-0.));
#10581 = DEFINITIONAL_REPRESENTATION('',(#10582),#10586);
#10582 = CIRCLE('',#10583,1.);
#10583 = AXIS2_PLACEMENT_2D('',#10584,#10585);
#10584 = CARTESIAN_POINT('',(0.,0.));
#10585 = DIRECTION('',(1.,0.));
#10586 = ( GEOMETRIC_REPRESENTATION_CONTEXT(2) 
PARAMETRIC_REPRESENTATION_CONTEXT() REPRESENTATION_CONTEXT('2D SPACE',''
  ) );
#10587 = ORIENTED_EDGE('',*,*,#10588,.F.);
#10588 = EDGE_CURVE('',#10589,#10555,#10591,.T.);
#10589 = VERTEX_POINT('',#10590);
#10590 = CARTESIAN_POINT('',(70.,133.333,190.));
#10591 = SEAM_CURVE('',#10592,(#10596,#10603),.PCURVE_S1.);
#10592 = LINE('',#10593,#10594);
#10593 = CARTESIAN_POINT('',(70.,133.333,190.));
#10594 = VECTOR('',#10595,1.);
#10595 = DIRECTION('',(0.,0.,1.));
#10596 = PCURVE('',#10564,#10597);
#10597 = DEFINITIONAL_REPRESENTATION('',(#10598),#10602);
#10598 = LINE('',#10599,#10600);
#10599 = CARTESIAN_POINT('',(6.28318530718,-0.));
#10600 = VECTOR('',#10601,1.);
#10601 = DIRECTION('',(0.,1.));
#10602 = ( GEOMETRIC_REPRESENTATION_CONTEXT(2) 
PARAMETRIC_REPRESENTATION_CONTEXT() REPRESENTATION_CONTEXT('2D SPACE',''
  ) );
#10603 = PCURVE('',#10564,#10604);
#10604 = DEFINITIONAL_REPRESENTATION('',(#10605),#10609);
#10605 = LINE('',#10606,#10607);
#10606 = CARTESIAN_POINT('',(0.,-0.));
#10607 = VECTOR('',#10608,1.);
#10608 = DIRECTION('',(0.,1.));
#10609 = ( GEOMETRIC_REPRESENTATION_CONTEXT(2) 
PARAMETRIC_REPRESENTATION_CONTEXT() REPRESENTATION_CONTEXT('2D SPACE',''
  ) );
#10610 = ORIENTED_EDGE('',*,*,#10611,.T.);
#10611 = EDGE_CURVE('',#10589,#10589,#10612,.T.);
#10612 = SURFACE_CURVE('',#10613,(#10618,#10625),.PCURVE_S1.);
#10613 = CIRCLE('',#10614,1.);
#10614 = AXIS2_PLACEMENT_3D('',#10615,#10616,#10617);
#10615 = CARTESIAN_POINT('',(69.,133.333,190.));
#10616 = DIRECTION('',(0.,0.,1.));
#10617 = DIRECTION('',(1.,0.,-0.));
#10618 = PCURVE('',#10564,#10619);
#10619 = DEFINITIONAL_REPRESENTATION('',(#10620),#10624);
#10620 = LINE('',#10621,#10622);
#10621 = CARTESIAN_POINT('',(0.,0.));
#10622 = VECTOR('',#10623,1.);
#10623 = DIRECTION('',(1.,0.));
#10624 = ( GEOMETRIC_REPRESENTATION_CONTEXT(2) 
PARAMETRIC_REPRESENTATION_CONTEXT() REPRESENTATION_CONTEXT('2D SPACE',''
  ) );
#10625 = PCURVE('',#10626,#10631);
#10626 = PLANE('',#10627);
#10627 = AXIS2_PLACEMENT_3D('',#10628,#10629,#10630);
#10628 = CARTESIAN_POINT('',(69.,133.333,190.));
#10629 = DIRECTION('',(0.,0.,1.));
#10630 = DIRECTION('',(1.,0.,-0.));
#10631 = DEFINITIONAL_REPRESENTATION('',(#10632),#10636);
#10632 = CIRCLE('',#10633,1.);
#10633 = AXIS2_PLACEMENT_2D('',#10634,#10635);
#10634 = CARTESIAN_POINT('',(0.,0.));
#10635 = DIRECTION('',(1.,0.));
#10636 = ( GEOMETRIC_REPRESENTATION_CONTEXT(2) 
PARAMETRIC_REPRESENTATION_CONTEXT() REPRESENTATION_CONTEXT('2D SPACE',''
  ) );
#10637 = ORIENTED_EDGE('',*,*,#10588,.T.);
#10638 = ADVANCED_FACE('',(#10639),#10576,.T.);
#10639 = FACE_BOUND('',#10640,.T.);
#10640 = EDGE_LOOP('',(#10641));
#10641 = ORIENTED_EDGE('',*,*,#10554,.T.);
#10642 = ADVANCED_FACE('',(#10643),#10626,.F.);
#10643 = FACE_BOUND('',#10644,.T.);
#10644 = EDGE_LOOP('',(#10645));
#10645 = ORIENTED_EDGE('',*,*,#10611,.F.);
#10646 = ( GEOMETRIC_REPRESENTATION_CONTEXT(3) 
GLOBAL_UNCERTAINTY_ASSIGNED_CONTEXT((#10650)) 
GLOBAL_UNIT_ASSIGNED_CONTEXT((#10647,#10648,#10649)) 
REPRESENTATION_CONTEXT('Context #1',
  '3D Context with UNIT and UNCERTAINTY') );
#10647 = ( LENGTH_UNIT() NAMED_UNIT(*) SI_UNIT(.MILLI.,.METRE.) );
#10648 = ( NAMED_UNIT(*) PLANE_ANGLE_UNIT() SI_UNIT($,.RADIAN.) );
#10649 = ( NAMED_UNIT(*) SI_UNIT($,.STERADIAN.) SOLID_ANGLE_UNIT() );
#10650 = UNCERTAINTY_MEASURE_WITH_UNIT(LENGTH_MEASURE(1.E-07),#10647,
  'distance_accuracy_value','confusion accuracy');
#10651 = CONTEXT_DEPENDENT_SHAPE_REPRESENTATION(#10652,#10654);
#10652 = ( REPRESENTATION_RELATIONSHIP('','',#10547,#10) 
REPRESENTATION_RELATIONSHIP_WITH_TRANSFORMATION(#10653) 
SHAPE_REPRESENTATION_RELATIONSHIP() );
#10653 = ITEM_DEFINED_TRANSFORMATION('','',#11,#379);
#10654 = PRODUCT_DEFINITION_SHAPE('Placement','Placement of an item',
  #10655);
#10655 = NEXT_ASSEMBLY_USAGE_OCCURRENCE('92','0091_battery_bay','',#5,
  #10542,$);
#10656 = PRODUCT_RELATED_PRODUCT_CATEGORY('part',$,(#10544));
#10657 = SHAPE_DEFINITION_REPRESENTATION(#10658,#10664);
#10658 = PRODUCT_DEFINITION_SHAPE('','',#10659);
#10659 = PRODUCT_DEFINITION('design','',#10660,#10663);
#10660 = PRODUCT_DEFINITION_FORMATION('','',#10661);
#10661 = PRODUCT('0092_battery_bay','0092_battery_bay','',(#10662));
#10662 = PRODUCT_CONTEXT('',#2,'mechanical');
#10663 = PRODUCT_DEFINITION_CONTEXT('part definition',#2,'design');
#10664 = ADVANCED_BREP_SHAPE_REPRESENTATION('',(#11,#10665),#10763);
#10665 = MANIFOLD_SOLID_BREP('',#10666);
#10666 = CLOSED_SHELL('',(#10667,#10755,#10759));
#10667 = ADVANCED_FACE('',(#10668),#10681,.T.);
#10668 = FACE_BOUND('',#10669,.T.);
#10669 = EDGE_LOOP('',(#10670,#10704,#10727,#10754));
#10670 = ORIENTED_EDGE('',*,*,#10671,.F.);
#10671 = EDGE_CURVE('',#10672,#10672,#10674,.T.);
#10672 = VERTEX_POINT('',#10673);
#10673 = CARTESIAN_POINT('',(70.,293.333,381.389));
#10674 = SURFACE_CURVE('',#10675,(#10680,#10692),.PCURVE_S1.);
#10675 = CIRCLE('',#10676,1.);
#10676 = AXIS2_PLACEMENT_3D('',#10677,#10678,#10679);
#10677 = CARTESIAN_POINT('',(69.,293.333,381.389));
#10678 = DIRECTION('',(0.,0.,1.));
#10679 = DIRECTION('',(1.,0.,-0.));
#10680 = PCURVE('',#10681,#10686);
#10681 = CYLINDRICAL_SURFACE('',#10682,1.);
#10682 = AXIS2_PLACEMENT_3D('',#10683,#10684,#10685);
#10683 = CARTESIAN_POINT('',(69.,293.333,190.));
#10684 = DIRECTION('',(0.,0.,1.));
#10685 = DIRECTION('',(1.,0.,-0.));
#10686 = DEFINITIONAL_REPRESENTATION('',(#10687),#10691);
#10687 = LINE('',#10688,#10689);
#10688 = CARTESIAN_POINT('',(0.,191.389));
#10689 = VECTOR('',#10690,1.);
#10690 = DIRECTION('',(1.,0.));
#10691 = ( GEOMETRIC_REPRESENTATION_CONTEXT(2) 
PARAMETRIC_REPRESENTATION_CONTEXT() REPRESENTATION_CONTEXT('2D SPACE',''
  ) );
#10692 = PCURVE('',#10693,#10698);
#10693 = PLANE('',#10694);
#10694 = AXIS2_PLACEMENT_3D('',#10695,#10696,#10697);
#10695 = CARTESIAN_POINT('',(69.,293.333,381.389));
#10696 = DIRECTION('',(0.,0.,1.));
#10697 = DIRECTION('',(1.,0.,-0.));
#10698 = DEFINITIONAL_REPRESENTATION('',(#10699),#10703);
#10699 = CIRCLE('',#10700,1.);
#10700 = AXIS2_PLACEMENT_2D('',#10701,#10702);
#10701 = CARTESIAN_POINT('',(0.,0.));
#10702 = DIRECTION('',(1.,0.));
#10703 = ( GEOMETRIC_REPRESENTATION_CONTEXT(2) 
PARAMETRIC_REPRESENTATION_CONTEXT() REPRESENTATION_CONTEXT('2D SPACE',''
  ) );
#10704 = ORIENTED_EDGE('',*,*,#10705,.F.);
#10705 = EDGE_CURVE('',#10706,#10672,#10708,.T.);
#10706 = VERTEX_POINT('',#10707);
#10707 = CARTESIAN_POINT('',(70.,293.333,190.));
#10708 = SEAM_CURVE('',#10709,(#10713,#10720),.PCURVE_S1.);
#10709 = LINE('',#10710,#10711);
#10710 = CARTESIAN_POINT('',(70.,293.333,190.));
#10711 = VECTOR('',#10712,1.);
#10712 = DIRECTION('',(0.,0.,1.));
#10713 = PCURVE('',#10681,#10714);
#10714 = DEFINITIONAL_REPRESENTATION('',(#10715),#10719);
#10715 = LINE('',#10716,#10717);
#10716 = CARTESIAN_POINT('',(6.28318530718,-0.));
#10717 = VECTOR('',#10718,1.);
#10718 = DIRECTION('',(0.,1.));
#10719 = ( GEOMETRIC_REPRESENTATION_CONTEXT(2) 
PARAMETRIC_REPRESENTATION_CONTEXT() REPRESENTATION_CONTEXT('2D SPACE',''
  ) );
#10720 = PCURVE('',#10681,#10721);
#10721 = DEFINITIONAL_REPRESENTATION('',(#10722),#10726);
#10722 = LINE('',#10723,#10724);
#10723 = CARTESIAN_POINT('',(0.,-0.));
#10724 = VECTOR('',#10725,1.);
#10725 = DIRECTION('',(0.,1.));
#10726 = ( GEOMETRIC_REPRESENTATION_CONTEXT(2) 
PARAMETRIC_REPRESENTATION_CONTEXT() REPRESENTATION_CONTEXT('2D SPACE',''
  ) );
#10727 = ORIENTED_EDGE('',*,*,#10728,.T.);
#10728 = EDGE_CURVE('',#10706,#10706,#10729,.T.);
#10729 = SURFACE_CURVE('',#10730,(#10735,#10742),.PCURVE_S1.);
#10730 = CIRCLE('',#10731,1.);
#10731 = AXIS2_PLACEMENT_3D('',#10732,#10733,#10734);
#10732 = CARTESIAN_POINT('',(69.,293.333,190.));
#10733 = DIRECTION('',(0.,0.,1.));
#10734 = DIRECTION('',(1.,0.,-0.));
#10735 = PCURVE('',#10681,#10736);
#10736 = DEFINITIONAL_REPRESENTATION('',(#10737),#10741);
#10737 = LINE('',#10738,#10739);
#10738 = CARTESIAN_POINT('',(0.,0.));
#10739 = VECTOR('',#10740,1.);
#10740 = DIRECTION('',(1.,0.));
#10741 = ( GEOMETRIC_REPRESENTATION_CONTEXT(2) 
PARAMETRIC_REPRESENTATION_CONTEXT() REPRESENTATION_CONTEXT('2D SPACE',''
  ) );
#10742 = PCURVE('',#10743,#10748);
#10743 = PLANE('',#10744);
#10744 = AXIS2_PLACEMENT_3D('',#10745,#10746,#10747);
#10745 = CARTESIAN_POINT('',(69.,293.333,190.));
#10746 = DIRECTION('',(0.,0.,1.));
#10747 = DIRECTION('',(1.,0.,-0.));
#10748 = DEFINITIONAL_REPRESENTATION('',(#10749),#10753);
#10749 = CIRCLE('',#10750,1.);
#10750 = AXIS2_PLACEMENT_2D('',#10751,#10752);
#10751 = CARTESIAN_POINT('',(0.,0.));
#10752 = DIRECTION('',(1.,0.));
#10753 = ( GEOMETRIC_REPRESENTATION_CONTEXT(2) 
PARAMETRIC_REPRESENTATION_CONTEXT() REPRESENTATION_CONTEXT('2D SPACE',''
  ) );
#10754 = ORIENTED_EDGE('',*,*,#10705,.T.);
#10755 = ADVANCED_FACE('',(#10756),#10693,.T.);
#10756 = FACE_BOUND('',#10757,.T.);
#10757 = EDGE_LOOP('',(#10758));
#10758 = ORIENTED_EDGE('',*,*,#10671,.T.);
#10759 = ADVANCED_FACE('',(#10760),#10743,.F.);
#10760 = FACE_BOUND('',#10761,.T.);
#10761 = EDGE_LOOP('',(#10762));
#10762 = ORIENTED_EDGE('',*,*,#10728,.F.);
#10763 = ( GEOMETRIC_REPRESENTATION_CONTEXT(3) 
GLOBAL_UNCERTAINTY_ASSIGNED_CONTEXT((#10767)) 
GLOBAL_UNIT_ASSIGNED_CONTEXT((#10764,#10765,#10766)) 
REPRESENTATION_CONTEXT('Context #1',
  '3D Context with UNIT and UNCERTAINTY') );
#10764 = ( LENGTH_UNIT() NAMED_UNIT(*) SI_UNIT(.MILLI.,.METRE.) );
#10765 = ( NAMED_UNIT(*) PLANE_ANGLE_UNIT() SI_UNIT($,.RADIAN.) );
#10766 = ( NAMED_UNIT(*) SI_UNIT($,.STERADIAN.) SOLID_ANGLE_UNIT() );
#10767 = UNCERTAINTY_MEASURE_WITH_UNIT(LENGTH_MEASURE(1.E-07),#10764,
  'distance_accuracy_value','confusion accuracy');
#10768 = CONTEXT_DEPENDENT_SHAPE_REPRESENTATION(#10769,#10771);
#10769 = ( REPRESENTATION_RELATIONSHIP('','',#10664,#10) 
REPRESENTATION_RELATIONSHIP_WITH_TRANSFORMATION(#10770) 
SHAPE_REPRESENTATION_RELATIONSHIP() );
#10770 = ITEM_DEFINED_TRANSFORMATION('','',#11,#383);
#10771 = PRODUCT_DEFINITION_SHAPE('Placement','Placement of an item',
  #10772);
#10772 = NEXT_ASSEMBLY_USAGE_OCCURRENCE('93','0092_battery_bay','',#5,
  #10659,$);
#10773 = PRODUCT_RELATED_PRODUCT_CATEGORY('part',$,(#10661));
#10774 = SHAPE_DEFINITION_REPRESENTATION(#10775,#10781);
#10775 = PRODUCT_DEFINITION_SHAPE('','',#10776);
#10776 = PRODUCT_DEFINITION('design','',#10777,#10780);
#10777 = PRODUCT_DEFINITION_FORMATION('','',#10778);
#10778 = PRODUCT('0093_battery_bay','0093_battery_bay','',(#10779));
#10779 = PRODUCT_CONTEXT('',#2,'mechanical');
#10780 = PRODUCT_DEFINITION_CONTEXT('part definition',#2,'design');
#10781 = ADVANCED_BREP_SHAPE_REPRESENTATION('',(#11,#10782),#10880);
#10782 = MANIFOLD_SOLID_BREP('',#10783);
#10783 = CLOSED_SHELL('',(#10784,#10872,#10876));
#10784 = ADVANCED_FACE('',(#10785),#10798,.T.);
#10785 = FACE_BOUND('',#10786,.T.);
#10786 = EDGE_LOOP('',(#10787,#10821,#10844,#10871));
#10787 = ORIENTED_EDGE('',*,*,#10788,.F.);
#10788 = EDGE_CURVE('',#10789,#10789,#10791,.T.);
#10789 = VERTEX_POINT('',#10790);
#10790 = CARTESIAN_POINT('',(-68.,293.333,381.389));
#10791 = SURFACE_CURVE('',#10792,(#10797,#10809),.PCURVE_S1.);
#10792 = CIRCLE('',#10793,1.);
#10793 = AXIS2_PLACEMENT_3D('',#10794,#10795,#10796);
#10794 = CARTESIAN_POINT('',(-69.,293.333,381.389));
#10795 = DIRECTION('',(0.,0.,1.));
#10796 = DIRECTION('',(1.,0.,-0.));
#10797 = PCURVE('',#10798,#10803);
#10798 = CYLINDRICAL_SURFACE('',#10799,1.);
#10799 = AXIS2_PLACEMENT_3D('',#10800,#10801,#10802);
#10800 = CARTESIAN_POINT('',(-69.,293.333,190.));
#10801 = DIRECTION('',(0.,0.,1.));
#10802 = DIRECTION('',(1.,0.,-0.));
#10803 = DEFINITIONAL_REPRESENTATION('',(#10804),#10808);
#10804 = LINE('',#10805,#10806);
#10805 = CARTESIAN_POINT('',(0.,191.389));
#10806 = VECTOR('',#10807,1.);
#10807 = DIRECTION('',(1.,0.));
#10808 = ( GEOMETRIC_REPRESENTATION_CONTEXT(2) 
PARAMETRIC_REPRESENTATION_CONTEXT() REPRESENTATION_CONTEXT('2D SPACE',''
  ) );
#10809 = PCURVE('',#10810,#10815);
#10810 = PLANE('',#10811);
#10811 = AXIS2_PLACEMENT_3D('',#10812,#10813,#10814);
#10812 = CARTESIAN_POINT('',(-69.,293.333,381.389));
#10813 = DIRECTION('',(0.,0.,1.));
#10814 = DIRECTION('',(1.,0.,-0.));
#10815 = DEFINITIONAL_REPRESENTATION('',(#10816),#10820);
#10816 = CIRCLE('',#10817,1.);
#10817 = AXIS2_PLACEMENT_2D('',#10818,#10819);
#10818 = CARTESIAN_POINT('',(0.,0.));
#10819 = DIRECTION('',(1.,0.));
#10820 = ( GEOMETRIC_REPRESENTATION_CONTEXT(2) 
PARAMETRIC_REPRESENTATION_CONTEXT() REPRESENTATION_CONTEXT('2D SPACE',''
  ) );
#10821 = ORIENTED_EDGE('',*,*,#10822,.F.);
#10822 = EDGE_CURVE('',#10823,#10789,#10825,.T.);
#10823 = VERTEX_POINT('',#10824);
#10824 = CARTESIAN_POINT('',(-68.,293.333,190.));
#10825 = SEAM_CURVE('',#10826,(#10830,#10837),.PCURVE_S1.);
#10826 = LINE('',#10827,#10828);
#10827 = CARTESIAN_POINT('',(-68.,293.333,190.));
#10828 = VECTOR('',#10829,1.);
#10829 = DIRECTION('',(0.,0.,1.));
#10830 = PCURVE('',#10798,#10831);
#10831 = DEFINITIONAL_REPRESENTATION('',(#10832),#10836);
#10832 = LINE('',#10833,#10834);
#10833 = CARTESIAN_POINT('',(6.28318530718,-0.));
#10834 = VECTOR('',#10835,1.);
#10835 = DIRECTION('',(0.,1.));
#10836 = ( GEOMETRIC_REPRESENTATION_CONTEXT(2) 
PARAMETRIC_REPRESENTATION_CONTEXT() REPRESENTATION_CONTEXT('2D SPACE',''
  ) );
#10837 = PCURVE('',#10798,#10838);
#10838 = DEFINITIONAL_REPRESENTATION('',(#10839),#10843);
#10839 = LINE('',#10840,#10841);
#10840 = CARTESIAN_POINT('',(0.,-0.));
#10841 = VECTOR('',#10842,1.);
#10842 = DIRECTION('',(0.,1.));
#10843 = ( GEOMETRIC_REPRESENTATION_CONTEXT(2) 
PARAMETRIC_REPRESENTATION_CONTEXT() REPRESENTATION_CONTEXT('2D SPACE',''
  ) );
#10844 = ORIENTED_EDGE('',*,*,#10845,.T.);
#10845 = EDGE_CURVE('',#10823,#10823,#10846,.T.);
#10846 = SURFACE_CURVE('',#10847,(#10852,#10859),.PCURVE_S1.);
#10847 = CIRCLE('',#10848,1.);
#10848 = AXIS2_PLACEMENT_3D('',#10849,#10850,#10851);
#10849 = CARTESIAN_POINT('',(-69.,293.333,190.));
#10850 = DIRECTION('',(0.,0.,1.));
#10851 = DIRECTION('',(1.,0.,-0.));
#10852 = PCURVE('',#10798,#10853);
#10853 = DEFINITIONAL_REPRESENTATION('',(#10854),#10858);
#10854 = LINE('',#10855,#10856);
#10855 = CARTESIAN_POINT('',(0.,0.));
#10856 = VECTOR('',#10857,1.);
#10857 = DIRECTION('',(1.,0.));
#10858 = ( GEOMETRIC_REPRESENTATION_CONTEXT(2) 
PARAMETRIC_REPRESENTATION_CONTEXT() REPRESENTATION_CONTEXT('2D SPACE',''
  ) );
#10859 = PCURVE('',#10860,#10865);
#10860 = PLANE('',#10861);
#10861 = AXIS2_PLACEMENT_3D('',#10862,#10863,#10864);
#10862 = CARTESIAN_POINT('',(-69.,293.333,190.));
#10863 = DIRECTION('',(0.,0.,1.));
#10864 = DIRECTION('',(1.,0.,-0.));
#10865 = DEFINITIONAL_REPRESENTATION('',(#10866),#10870);
#10866 = CIRCLE('',#10867,1.);
#10867 = AXIS2_PLACEMENT_2D('',#10868,#10869);
#10868 = CARTESIAN_POINT('',(0.,0.));
#10869 = DIRECTION('',(1.,0.));
#10870 = ( GEOMETRIC_REPRESENTATION_CONTEXT(2) 
PARAMETRIC_REPRESENTATION_CONTEXT() REPRESENTATION_CONTEXT('2D SPACE',''
  ) );
#10871 = ORIENTED_EDGE('',*,*,#10822,.T.);
#10872 = ADVANCED_FACE('',(#10873),#10810,.T.);
#10873 = FACE_BOUND('',#10874,.T.);
#10874 = EDGE_LOOP('',(#10875));
#10875 = ORIENTED_EDGE('',*,*,#10788,.T.);
#10876 = ADVANCED_FACE('',(#10877),#10860,.F.);
#10877 = FACE_BOUND('',#10878,.T.);
#10878 = EDGE_LOOP('',(#10879));
#10879 = ORIENTED_EDGE('',*,*,#10845,.F.);
#10880 = ( GEOMETRIC_REPRESENTATION_CONTEXT(3) 
GLOBAL_UNCERTAINTY_ASSIGNED_CONTEXT((#10884)) 
GLOBAL_UNIT_ASSIGNED_CONTEXT((#10881,#10882,#10883)) 
REPRESENTATION_CONTEXT('Context #1',
  '3D Context with UNIT and UNCERTAINTY') );
#10881 = ( LENGTH_UNIT() NAMED_UNIT(*) SI_UNIT(.MILLI.,.METRE.) );
#10882 = ( NAMED_UNIT(*) PLANE_ANGLE_UNIT() SI_UNIT($,.RADIAN.) );
#10883 = ( NAMED_UNIT(*) SI_UNIT($,.STERADIAN.) SOLID_ANGLE_UNIT() );
#10884 = UNCERTAINTY_MEASURE_WITH_UNIT(LENGTH_MEASURE(1.E-07),#10881,
  'distance_accuracy_value','confusion accuracy');
#10885 = CONTEXT_DEPENDENT_SHAPE_REPRESENTATION(#10886,#10888);
#10886 = ( REPRESENTATION_RELATIONSHIP('','',#10781,#10) 
REPRESENTATION_RELATIONSHIP_WITH_TRANSFORMATION(#10887) 
SHAPE_REPRESENTATION_RELATIONSHIP() );
#10887 = ITEM_DEFINED_TRANSFORMATION('','',#11,#387);
#10888 = PRODUCT_DEFINITION_SHAPE('Placement','Placement of an item',
  #10889);
#10889 = NEXT_ASSEMBLY_USAGE_OCCURRENCE('94','0093_battery_bay','',#5,
  #10776,$);
#10890 = PRODUCT_RELATED_PRODUCT_CATEGORY('part',$,(#10778));
#10891 = SHAPE_DEFINITION_REPRESENTATION(#10892,#10898);
#10892 = PRODUCT_DEFINITION_SHAPE('','',#10893);
#10893 = PRODUCT_DEFINITION('design','',#10894,#10897);
#10894 = PRODUCT_DEFINITION_FORMATION('','',#10895);
#10895 = PRODUCT('0094_aft_electronics_bay','0094_aft_electronics_bay',
  '',(#10896));
#10896 = PRODUCT_CONTEXT('',#2,'mechanical');
#10897 = PRODUCT_DEFINITION_CONTEXT('part definition',#2,'design');
#10898 = ADVANCED_BREP_SHAPE_REPRESENTATION('',(#11,#10899),#10997);
#10899 = MANIFOLD_SOLID_BREP('',#10900);
#10900 = CLOSED_SHELL('',(#10901,#10989,#10993));
#10901 = ADVANCED_FACE('',(#10902),#10915,.T.);
#10902 = FACE_BOUND('',#10903,.T.);
#10903 = EDGE_LOOP('',(#10904,#10938,#10961,#10988));
#10904 = ORIENTED_EDGE('',*,*,#10905,.F.);
#10905 = EDGE_CURVE('',#10906,#10906,#10908,.T.);
#10906 = VERTEX_POINT('',#10907);
#10907 = CARTESIAN_POINT('',(57.,293.333,245.167));
#10908 = SURFACE_CURVE('',#10909,(#10914,#10926),.PCURVE_S1.);
#10909 = CIRCLE('',#10910,1.);
#10910 = AXIS2_PLACEMENT_3D('',#10911,#10912,#10913);
#10911 = CARTESIAN_POINT('',(57.,293.333,244.167));
#10912 = DIRECTION('',(1.,0.,0.));
#10913 = DIRECTION('',(-0.,0.,1.));
#10914 = PCURVE('',#10915,#10920);
#10915 = CYLINDRICAL_SURFACE('',#10916,1.);
#10916 = AXIS2_PLACEMENT_3D('',#10917,#10918,#10919);
#10917 = CARTESIAN_POINT('',(-57.,293.333,244.167));
#10918 = DIRECTION('',(1.,0.,0.));
#10919 = DIRECTION('',(-0.,0.,1.));
#10920 = DEFINITIONAL_REPRESENTATION('',(#10921),#10925);
#10921 = LINE('',#10922,#10923);
#10922 = CARTESIAN_POINT('',(0.,114.));
#10923 = VECTOR('',#10924,1.);
#10924 = DIRECTION('',(1.,0.));
#10925 = ( GEOMETRIC_REPRESENTATION_CONTEXT(2) 
PARAMETRIC_REPRESENTATION_CONTEXT() REPRESENTATION_CONTEXT('2D SPACE',''
  ) );
#10926 = PCURVE('',#10927,#10932);
#10927 = PLANE('',#10928);
#10928 = AXIS2_PLACEMENT_3D('',#10929,#10930,#10931);
#10929 = CARTESIAN_POINT('',(57.,293.333,244.167));
#10930 = DIRECTION('',(1.,0.,0.));
#10931 = DIRECTION('',(-0.,0.,1.));
#10932 = DEFINITIONAL_REPRESENTATION('',(#10933),#10937);
#10933 = CIRCLE('',#10934,1.);
#10934 = AXIS2_PLACEMENT_2D('',#10935,#10936);
#10935 = CARTESIAN_POINT('',(0.,0.));
#10936 = DIRECTION('',(1.,0.));
#10937 = ( GEOMETRIC_REPRESENTATION_CONTEXT(2) 
PARAMETRIC_REPRESENTATION_CONTEXT() REPRESENTATION_CONTEXT('2D SPACE',''
  ) );
#10938 = ORIENTED_EDGE('',*,*,#10939,.F.);
#10939 = EDGE_CURVE('',#10940,#10906,#10942,.T.);
#10940 = VERTEX_POINT('',#10941);
#10941 = CARTESIAN_POINT('',(-57.,293.333,245.167));
#10942 = SEAM_CURVE('',#10943,(#10947,#10954),.PCURVE_S1.);
#10943 = LINE('',#10944,#10945);
#10944 = CARTESIAN_POINT('',(-57.,293.333,245.167));
#10945 = VECTOR('',#10946,1.);
#10946 = DIRECTION('',(1.,0.,0.));
#10947 = PCURVE('',#10915,#10948);
#10948 = DEFINITIONAL_REPRESENTATION('',(#10949),#10953);
#10949 = LINE('',#10950,#10951);
#10950 = CARTESIAN_POINT('',(6.28318530718,-0.));
#10951 = VECTOR('',#10952,1.);
#10952 = DIRECTION('',(0.,1.));
#10953 = ( GEOMETRIC_REPRESENTATION_CONTEXT(2) 
PARAMETRIC_REPRESENTATION_CONTEXT() REPRESENTATION_CONTEXT('2D SPACE',''
  ) );
#10954 = PCURVE('',#10915,#10955);
#10955 = DEFINITIONAL_REPRESENTATION('',(#10956),#10960);
#10956 = LINE('',#10957,#10958);
#10957 = CARTESIAN_POINT('',(0.,-0.));
#10958 = VECTOR('',#10959,1.);
#10959 = DIRECTION('',(0.,1.));
#10960 = ( GEOMETRIC_REPRESENTATION_CONTEXT(2) 
PARAMETRIC_REPRESENTATION_CONTEXT() REPRESENTATION_CONTEXT('2D SPACE',''
  ) );
#10961 = ORIENTED_EDGE('',*,*,#10962,.T.);
#10962 = EDGE_CURVE('',#10940,#10940,#10963,.T.);
#10963 = SURFACE_CURVE('',#10964,(#10969,#10976),.PCURVE_S1.);
#10964 = CIRCLE('',#10965,1.);
#10965 = AXIS2_PLACEMENT_3D('',#10966,#10967,#10968);
#10966 = CARTESIAN_POINT('',(-57.,293.333,244.167));
#10967 = DIRECTION('',(1.,0.,0.));
#10968 = DIRECTION('',(-0.,0.,1.));
#10969 = PCURVE('',#10915,#10970);
#10970 = DEFINITIONAL_REPRESENTATION('',(#10971),#10975);
#10971 = LINE('',#10972,#10973);
#10972 = CARTESIAN_POINT('',(0.,0.));
#10973 = VECTOR('',#10974,1.);
#10974 = DIRECTION('',(1.,0.));
#10975 = ( GEOMETRIC_REPRESENTATION_CONTEXT(2) 
PARAMETRIC_REPRESENTATION_CONTEXT() REPRESENTATION_CONTEXT('2D SPACE',''
  ) );
#10976 = PCURVE('',#10977,#10982);
#10977 = PLANE('',#10978);
#10978 = AXIS2_PLACEMENT_3D('',#10979,#10980,#10981);
#10979 = CARTESIAN_POINT('',(-57.,293.333,244.167));
#10980 = DIRECTION('',(1.,0.,0.));
#10981 = DIRECTION('',(-0.,0.,1.));
#10982 = DEFINITIONAL_REPRESENTATION('',(#10983),#10987);
#10983 = CIRCLE('',#10984,1.);
#10984 = AXIS2_PLACEMENT_2D('',#10985,#10986);
#10985 = CARTESIAN_POINT('',(0.,0.));
#10986 = DIRECTION('',(1.,0.));
#10987 = ( GEOMETRIC_REPRESENTATION_CONTEXT(2) 
PARAMETRIC_REPRESENTATION_CONTEXT() REPRESENTATION_CONTEXT('2D SPACE',''
  ) );
#10988 = ORIENTED_EDGE('',*,*,#10939,.T.);
#10989 = ADVANCED_FACE('',(#10990),#10927,.T.);
#10990 = FACE_BOUND('',#10991,.T.);
#10991 = EDGE_LOOP('',(#10992));
#10992 = ORIENTED_EDGE('',*,*,#10905,.T.);
#10993 = ADVANCED_FACE('',(#10994),#10977,.F.);
#10994 = FACE_BOUND('',#10995,.T.);
#10995 = EDGE_LOOP('',(#10996));
#10996 = ORIENTED_EDGE('',*,*,#10962,.F.);
#10997 = ( GEOMETRIC_REPRESENTATION_CONTEXT(3) 
GLOBAL_UNCERTAINTY_ASSIGNED_CONTEXT((#11001)) 
GLOBAL_UNIT_ASSIGNED_CONTEXT((#10998,#10999,#11000)) 
REPRESENTATION_CONTEXT('Context #1',
  '3D Context with UNIT and UNCERTAINTY') );
#10998 = ( LENGTH_UNIT() NAMED_UNIT(*) SI_UNIT(.MILLI.,.METRE.) );
#10999 = ( NAMED_UNIT(*) PLANE_ANGLE_UNIT() SI_UNIT($,.RADIAN.) );
#11000 = ( NAMED_UNIT(*) SI_UNIT($,.STERADIAN.) SOLID_ANGLE_UNIT() );
#11001 = UNCERTAINTY_MEASURE_WITH_UNIT(LENGTH_MEASURE(1.E-07),#10998,
  'distance_accuracy_value','confusion accuracy');
#11002 = CONTEXT_DEPENDENT_SHAPE_REPRESENTATION(#11003,#11005);
#11003 = ( REPRESENTATION_RELATIONSHIP('','',#10898,#10) 
REPRESENTATION_RELATIONSHIP_WITH_TRANSFORMATION(#11004) 
SHAPE_REPRESENTATION_RELATIONSHIP() );
#11004 = ITEM_DEFINED_TRANSFORMATION('','',#11,#391);
#11005 = PRODUCT_DEFINITION_SHAPE('Placement','Placement of an item',
  #11006);
#11006 = NEXT_ASSEMBLY_USAGE_OCCURRENCE('95','0094_aft_electronics_bay',
  '',#5,#10893,$);
#11007 = PRODUCT_RELATED_PRODUCT_CATEGORY('part',$,(#10895));
#11008 = SHAPE_DEFINITION_REPRESENTATION(#11009,#11015);
#11009 = PRODUCT_DEFINITION_SHAPE('','',#11010);
#11010 = PRODUCT_DEFINITION('design','',#11011,#11014);
#11011 = PRODUCT_DEFINITION_FORMATION('','',#11012);
#11012 = PRODUCT('0095_aft_electronics_bay','0095_aft_electronics_bay',
  '',(#11013));
#11013 = PRODUCT_CONTEXT('',#2,'mechanical');
#11014 = PRODUCT_DEFINITION_CONTEXT('part definition',#2,'design');
#11015 = ADVANCED_BREP_SHAPE_REPRESENTATION('',(#11,#11016),#11114);
#11016 = MANIFOLD_SOLID_BREP('',#11017);
#11017 = CLOSED_SHELL('',(#11018,#11106,#11110));
#11018 = ADVANCED_FACE('',(#11019),#11032,.T.);
#11019 = FACE_BOUND('',#11020,.T.);
#11020 = EDGE_LOOP('',(#11021,#11055,#11078,#11105));
#11021 = ORIENTED_EDGE('',*,*,#11022,.F.);
#11022 = EDGE_CURVE('',#11023,#11023,#11025,.T.);
#11023 = VERTEX_POINT('',#11024);
#11024 = CARTESIAN_POINT('',(57.,420.,245.167));
#11025 = SURFACE_CURVE('',#11026,(#11031,#11043),.PCURVE_S1.);
#11026 = CIRCLE('',#11027,1.);
#11027 = AXIS2_PLACEMENT_3D('',#11028,#11029,#11030);
#11028 = CARTESIAN_POINT('',(57.,420.,244.167));
#11029 = DIRECTION('',(0.,1.,0.));
#11030 = DIRECTION('',(0.,-0.,1.));
#11031 = PCURVE('',#11032,#11037);
#11032 = CYLINDRICAL_SURFACE('',#11033,1.);
#11033 = AXIS2_PLACEMENT_3D('',#11034,#11035,#11036);
#11034 = CARTESIAN_POINT('',(57.,293.333,244.167));
#11035 = DIRECTION('',(0.,1.,0.));
#11036 = DIRECTION('',(0.,-0.,1.));
#11037 = DEFINITIONAL_REPRESENTATION('',(#11038),#11042);
#11038 = LINE('',#11039,#11040);
#11039 = CARTESIAN_POINT('',(0.,126.667));
#11040 = VECTOR('',#11041,1.);
#11041 = DIRECTION('',(1.,0.));
#11042 = ( GEOMETRIC_REPRESENTATION_CONTEXT(2) 
PARAMETRIC_REPRESENTATION_CONTEXT() REPRESENTATION_CONTEXT('2D SPACE',''
  ) );
#11043 = PCURVE('',#11044,#11049);
#11044 = PLANE('',#11045);
#11045 = AXIS2_PLACEMENT_3D('',#11046,#11047,#11048);
#11046 = CARTESIAN_POINT('',(57.,420.,244.167));
#11047 = DIRECTION('',(0.,1.,0.));
#11048 = DIRECTION('',(0.,-0.,1.));
#11049 = DEFINITIONAL_REPRESENTATION('',(#11050),#11054);
#11050 = CIRCLE('',#11051,1.);
#11051 = AXIS2_PLACEMENT_2D('',#11052,#11053);
#11052 = CARTESIAN_POINT('',(0.,0.));
#11053 = DIRECTION('',(1.,0.));
#11054 = ( GEOMETRIC_REPRESENTATION_CONTEXT(2) 
PARAMETRIC_REPRESENTATION_CONTEXT() REPRESENTATION_CONTEXT('2D SPACE',''
  ) );
#11055 = ORIENTED_EDGE('',*,*,#11056,.F.);
#11056 = EDGE_CURVE('',#11057,#11023,#11059,.T.);
#11057 = VERTEX_POINT('',#11058);
#11058 = CARTESIAN_POINT('',(57.,293.333,245.167));
#11059 = SEAM_CURVE('',#11060,(#11064,#11071),.PCURVE_S1.);
#11060 = LINE('',#11061,#11062);
#11061 = CARTESIAN_POINT('',(57.,293.333,245.167));
#11062 = VECTOR('',#11063,1.);
#11063 = DIRECTION('',(0.,1.,0.));
#11064 = PCURVE('',#11032,#11065);
#11065 = DEFINITIONAL_REPRESENTATION('',(#11066),#11070);
#11066 = LINE('',#11067,#11068);
#11067 = CARTESIAN_POINT('',(6.28318530718,-0.));
#11068 = VECTOR('',#11069,1.);
#11069 = DIRECTION('',(0.,1.));
#11070 = ( GEOMETRIC_REPRESENTATION_CONTEXT(2) 
PARAMETRIC_REPRESENTATION_CONTEXT() REPRESENTATION_CONTEXT('2D SPACE',''
  ) );
#11071 = PCURVE('',#11032,#11072);
#11072 = DEFINITIONAL_REPRESENTATION('',(#11073),#11077);
#11073 = LINE('',#11074,#11075);
#11074 = CARTESIAN_POINT('',(0.,-0.));
#11075 = VECTOR('',#11076,1.);
#11076 = DIRECTION('',(0.,1.));
#11077 = ( GEOMETRIC_REPRESENTATION_CONTEXT(2) 
PARAMETRIC_REPRESENTATION_CONTEXT() REPRESENTATION_CONTEXT('2D SPACE',''
  ) );
#11078 = ORIENTED_EDGE('',*,*,#11079,.T.);
#11079 = EDGE_CURVE('',#11057,#11057,#11080,.T.);
#11080 = SURFACE_CURVE('',#11081,(#11086,#11093),.PCURVE_S1.);
#11081 = CIRCLE('',#11082,1.);
#11082 = AXIS2_PLACEMENT_3D('',#11083,#11084,#11085);
#11083 = CARTESIAN_POINT('',(57.,293.333,244.167));
#11084 = DIRECTION('',(0.,1.,0.));
#11085 = DIRECTION('',(0.,-0.,1.));
#11086 = PCURVE('',#11032,#11087);
#11087 = DEFINITIONAL_REPRESENTATION('',(#11088),#11092);
#11088 = LINE('',#11089,#11090);
#11089 = CARTESIAN_POINT('',(0.,0.));
#11090 = VECTOR('',#11091,1.);
#11091 = DIRECTION('',(1.,0.));
#11092 = ( GEOMETRIC_REPRESENTATION_CONTEXT(2) 
PARAMETRIC_REPRESENTATION_CONTEXT() REPRESENTATION_CONTEXT('2D SPACE',''
  ) );
#11093 = PCURVE('',#11094,#11099);
#11094 = PLANE('',#11095);
#11095 = AXIS2_PLACEMENT_3D('',#11096,#11097,#11098);
#11096 = CARTESIAN_POINT('',(57.,293.333,244.167));
#11097 = DIRECTION('',(0.,1.,0.));
#11098 = DIRECTION('',(0.,-0.,1.));
#11099 = DEFINITIONAL_REPRESENTATION('',(#11100),#11104);
#11100 = CIRCLE('',#11101,1.);
#11101 = AXIS2_PLACEMENT_2D('',#11102,#11103);
#11102 = CARTESIAN_POINT('',(0.,0.));
#11103 = DIRECTION('',(1.,0.));
#11104 = ( GEOMETRIC_REPRESENTATION_CONTEXT(2) 
PARAMETRIC_REPRESENTATION_CONTEXT() REPRESENTATION_CONTEXT('2D SPACE',''
  ) );
#11105 = ORIENTED_EDGE('',*,*,#11056,.T.);
#11106 = ADVANCED_FACE('',(#11107),#11044,.T.);
#11107 = FACE_BOUND('',#11108,.T.);
#11108 = EDGE_LOOP('',(#11109));
#11109 = ORIENTED_EDGE('',*,*,#11022,.T.);
#11110 = ADVANCED_FACE('',(#11111),#11094,.F.);
#11111 = FACE_BOUND('',#11112,.T.);
#11112 = EDGE_LOOP('',(#11113));
#11113 = ORIENTED_EDGE('',*,*,#11079,.F.);
#11114 = ( GEOMETRIC_REPRESENTATION_CONTEXT(3) 
GLOBAL_UNCERTAINTY_ASSIGNED_CONTEXT((#11118)) 
GLOBAL_UNIT_ASSIGNED_CONTEXT((#11115,#11116,#11117)) 
REPRESENTATION_CONTEXT('Context #1',
  '3D Context with UNIT and UNCERTAINTY') );
#11115 = ( LENGTH_UNIT() NAMED_UNIT(*) SI_UNIT(.MILLI.,.METRE.) );
#11116 = ( NAMED_UNIT(*) PLANE_ANGLE_UNIT() SI_UNIT($,.RADIAN.) );
#11117 = ( NAMED_UNIT(*) SI_UNIT($,.STERADIAN.) SOLID_ANGLE_UNIT() );
#11118 = UNCERTAINTY_MEASURE_WITH_UNIT(LENGTH_MEASURE(1.E-07),#11115,
  'distance_accuracy_value','confusion accuracy');
#11119 = CONTEXT_DEPENDENT_SHAPE_REPRESENTATION(#11120,#11122);
#11120 = ( REPRESENTATION_RELATIONSHIP('','',#11015,#10) 
REPRESENTATION_RELATIONSHIP_WITH_TRANSFORMATION(#11121) 
SHAPE_REPRESENTATION_RELATIONSHIP() );
#11121 = ITEM_DEFINED_TRANSFORMATION('','',#11,#395);
#11122 = PRODUCT_DEFINITION_SHAPE('Placement','Placement of an item',
  #11123);
#11123 = NEXT_ASSEMBLY_USAGE_OCCURRENCE('96','0095_aft_electronics_bay',
  '',#5,#11010,$);
#11124 = PRODUCT_RELATED_PRODUCT_CATEGORY('part',$,(#11012));
#11125 = SHAPE_DEFINITION_REPRESENTATION(#11126,#11132);
#11126 = PRODUCT_DEFINITION_SHAPE('','',#11127);
#11127 = PRODUCT_DEFINITION('design','',#11128,#11131);
#11128 = PRODUCT_DEFINITION_FORMATION('','',#11129);
#11129 = PRODUCT('0096_aft_electronics_bay','0096_aft_electronics_bay',
  '',(#11130));
#11130 = PRODUCT_CONTEXT('',#2,'mechanical');
#11131 = PRODUCT_DEFINITION_CONTEXT('part definition',#2,'design');
#11132 = ADVANCED_BREP_SHAPE_REPRESENTATION('',(#11,#11133),#11231);
#11133 = MANIFOLD_SOLID_BREP('',#11134);
#11134 = CLOSED_SHELL('',(#11135,#11223,#11227));
#11135 = ADVANCED_FACE('',(#11136),#11149,.T.);
#11136 = FACE_BOUND('',#11137,.T.);
#11137 = EDGE_LOOP('',(#11138,#11172,#11195,#11222));
#11138 = ORIENTED_EDGE('',*,*,#11139,.F.);
#11139 = EDGE_CURVE('',#11140,#11140,#11142,.T.);
#11140 = VERTEX_POINT('',#11141);
#11141 = CARTESIAN_POINT('',(-57.,420.,243.167));
#11142 = SURFACE_CURVE('',#11143,(#11148,#11160),.PCURVE_S1.);
#11143 = CIRCLE('',#11144,1.);
#11144 = AXIS2_PLACEMENT_3D('',#11145,#11146,#11147);
#11145 = CARTESIAN_POINT('',(-57.,420.,244.167));
#11146 = DIRECTION('',(-1.,0.,0.));
#11147 = DIRECTION('',(0.,0.,-1.));
#11148 = PCURVE('',#11149,#11154);
#11149 = CYLINDRICAL_SURFACE('',#11150,1.);
#11150 = AXIS2_PLACEMENT_3D('',#11151,#11152,#11153);
#11151 = CARTESIAN_POINT('',(57.,420.,244.167));
#11152 = DIRECTION('',(-1.,0.,0.));
#11153 = DIRECTION('',(0.,0.,-1.));
#11154 = DEFINITIONAL_REPRESENTATION('',(#11155),#11159);
#11155 = LINE('',#11156,#11157);
#11156 = CARTESIAN_POINT('',(0.,114.));
#11157 = VECTOR('',#11158,1.);
#11158 = DIRECTION('',(1.,0.));
#11159 = ( GEOMETRIC_REPRESENTATION_CONTEXT(2) 
PARAMETRIC_REPRESENTATION_CONTEXT() REPRESENTATION_CONTEXT('2D SPACE',''
  ) );
#11160 = PCURVE('',#11161,#11166);
#11161 = PLANE('',#11162);
#11162 = AXIS2_PLACEMENT_3D('',#11163,#11164,#11165);
#11163 = CARTESIAN_POINT('',(-57.,420.,244.167));
#11164 = DIRECTION('',(-1.,0.,0.));
#11165 = DIRECTION('',(0.,0.,-1.));
#11166 = DEFINITIONAL_REPRESENTATION('',(#11167),#11171);
#11167 = CIRCLE('',#11168,1.);
#11168 = AXIS2_PLACEMENT_2D('',#11169,#11170);
#11169 = CARTESIAN_POINT('',(0.,0.));
#11170 = DIRECTION('',(1.,0.));
#11171 = ( GEOMETRIC_REPRESENTATION_CONTEXT(2) 
PARAMETRIC_REPRESENTATION_CONTEXT() REPRESENTATION_CONTEXT('2D SPACE',''
  ) );
#11172 = ORIENTED_EDGE('',*,*,#11173,.F.);
#11173 = EDGE_CURVE('',#11174,#11140,#11176,.T.);
#11174 = VERTEX_POINT('',#11175);
#11175 = CARTESIAN_POINT('',(57.,420.,243.167));
#11176 = SEAM_CURVE('',#11177,(#11181,#11188),.PCURVE_S1.);
#11177 = LINE('',#11178,#11179);
#11178 = CARTESIAN_POINT('',(57.,420.,243.167));
#11179 = VECTOR('',#11180,1.);
#11180 = DIRECTION('',(-1.,0.,0.));
#11181 = PCURVE('',#11149,#11182);
#11182 = DEFINITIONAL_REPRESENTATION('',(#11183),#11187);
#11183 = LINE('',#11184,#11185);
#11184 = CARTESIAN_POINT('',(6.28318530718,-0.));
#11185 = VECTOR('',#11186,1.);
#11186 = DIRECTION('',(0.,1.));
#11187 = ( GEOMETRIC_REPRESENTATION_CONTEXT(2) 
PARAMETRIC_REPRESENTATION_CONTEXT() REPRESENTATION_CONTEXT('2D SPACE',''
  ) );
#11188 = PCURVE('',#11149,#11189);
#11189 = DEFINITIONAL_REPRESENTATION('',(#11190),#11194);
#11190 = LINE('',#11191,#11192);
#11191 = CARTESIAN_POINT('',(0.,-0.));
#11192 = VECTOR('',#11193,1.);
#11193 = DIRECTION('',(0.,1.));
#11194 = ( GEOMETRIC_REPRESENTATION_CONTEXT(2) 
PARAMETRIC_REPRESENTATION_CONTEXT() REPRESENTATION_CONTEXT('2D SPACE',''
  ) );
#11195 = ORIENTED_EDGE('',*,*,#11196,.T.);
#11196 = EDGE_CURVE('',#11174,#11174,#11197,.T.);
#11197 = SURFACE_CURVE('',#11198,(#11203,#11210),.PCURVE_S1.);
#11198 = CIRCLE('',#11199,1.);
#11199 = AXIS2_PLACEMENT_3D('',#11200,#11201,#11202);
#11200 = CARTESIAN_POINT('',(57.,420.,244.167));
#11201 = DIRECTION('',(-1.,0.,0.));
#11202 = DIRECTION('',(0.,0.,-1.));
#11203 = PCURVE('',#11149,#11204);
#11204 = DEFINITIONAL_REPRESENTATION('',(#11205),#11209);
#11205 = LINE('',#11206,#11207);
#11206 = CARTESIAN_POINT('',(0.,0.));
#11207 = VECTOR('',#11208,1.);
#11208 = DIRECTION('',(1.,0.));
#11209 = ( GEOMETRIC_REPRESENTATION_CONTEXT(2) 
PARAMETRIC_REPRESENTATION_CONTEXT() REPRESENTATION_CONTEXT('2D SPACE',''
  ) );
#11210 = PCURVE('',#11211,#11216);
#11211 = PLANE('',#11212);
#11212 = AXIS2_PLACEMENT_3D('',#11213,#11214,#11215);
#11213 = CARTESIAN_POINT('',(57.,420.,244.167));
#11214 = DIRECTION('',(-1.,0.,0.));
#11215 = DIRECTION('',(0.,0.,-1.));
#11216 = DEFINITIONAL_REPRESENTATION('',(#11217),#11221);
#11217 = CIRCLE('',#11218,1.);
#11218 = AXIS2_PLACEMENT_2D('',#11219,#11220);
#11219 = CARTESIAN_POINT('',(0.,0.));
#11220 = DIRECTION('',(1.,0.));
#11221 = ( GEOMETRIC_REPRESENTATION_CONTEXT(2) 
PARAMETRIC_REPRESENTATION_CONTEXT() REPRESENTATION_CONTEXT('2D SPACE',''
  ) );
#11222 = ORIENTED_EDGE('',*,*,#11173,.T.);
#11223 = ADVANCED_FACE('',(#11224),#11161,.T.);
#11224 = FACE_BOUND('',#11225,.T.);
#11225 = EDGE_LOOP('',(#11226));
#11226 = ORIENTED_EDGE('',*,*,#11139,.T.);
#11227 = ADVANCED_FACE('',(#11228),#11211,.F.);
#11228 = FACE_BOUND('',#11229,.T.);
#11229 = EDGE_LOOP('',(#11230));
#11230 = ORIENTED_EDGE('',*,*,#11196,.F.);
#11231 = ( GEOMETRIC_REPRESENTATION_CONTEXT(3) 
GLOBAL_UNCERTAINTY_ASSIGNED_CONTEXT((#11235)) 
GLOBAL_UNIT_ASSIGNED_CONTEXT((#11232,#11233,#11234)) 
REPRESENTATION_CONTEXT('Context #1',
  '3D Context with UNIT and UNCERTAINTY') );
#11232 = ( LENGTH_UNIT() NAMED_UNIT(*) SI_UNIT(.MILLI.,.METRE.) );
#11233 = ( NAMED_UNIT(*) PLANE_ANGLE_UNIT() SI_UNIT($,.RADIAN.) );
#11234 = ( NAMED_UNIT(*) SI_UNIT($,.STERADIAN.) SOLID_ANGLE_UNIT() );
#11235 = UNCERTAINTY_MEASURE_WITH_UNIT(LENGTH_MEASURE(1.E-07),#11232,
  'distance_accuracy_value','confusion accuracy');
#11236 = CONTEXT_DEPENDENT_SHAPE_REPRESENTATION(#11237,#11239);
#11237 = ( REPRESENTATION_RELATIONSHIP('','',#11132,#10) 
REPRESENTATION_RELATIONSHIP_WITH_TRANSFORMATION(#11238) 
SHAPE_REPRESENTATION_RELATIONSHIP() );
#11238 = ITEM_DEFINED_TRANSFORMATION('','',#11,#399);
#11239 = PRODUCT_DEFINITION_SHAPE('Placement','Placement of an item',
  #11240);
#11240 = NEXT_ASSEMBLY_USAGE_OCCURRENCE('97','0096_aft_electronics_bay',
  '',#5,#11127,$);
#11241 = PRODUCT_RELATED_PRODUCT_CATEGORY('part',$,(#11129));
#11242 = SHAPE_DEFINITION_REPRESENTATION(#11243,#11249);
#11243 = PRODUCT_DEFINITION_SHAPE('','',#11244);
#11244 = PRODUCT_DEFINITION('design','',#11245,#11248);
#11245 = PRODUCT_DEFINITION_FORMATION('','',#11246);
#11246 = PRODUCT('0097_aft_electronics_bay','0097_aft_electronics_bay',
  '',(#11247));
#11247 = PRODUCT_CONTEXT('',#2,'mechanical');
#11248 = PRODUCT_DEFINITION_CONTEXT('part definition',#2,'design');
#11249 = ADVANCED_BREP_SHAPE_REPRESENTATION('',(#11,#11250),#11348);
#11250 = MANIFOLD_SOLID_BREP('',#11251);
#11251 = CLOSED_SHELL('',(#11252,#11340,#11344));
#11252 = ADVANCED_FACE('',(#11253),#11266,.T.);
#11253 = FACE_BOUND('',#11254,.T.);
#11254 = EDGE_LOOP('',(#11255,#11289,#11312,#11339));
#11255 = ORIENTED_EDGE('',*,*,#11256,.F.);
#11256 = EDGE_CURVE('',#11257,#11257,#11259,.T.);
#11257 = VERTEX_POINT('',#11258);
#11258 = CARTESIAN_POINT('',(-57.,293.333,243.167));
#11259 = SURFACE_CURVE('',#11260,(#11265,#11277),.PCURVE_S1.);
#11260 = CIRCLE('',#11261,1.);
#11261 = AXIS2_PLACEMENT_3D('',#11262,#11263,#11264);
#11262 = CARTESIAN_POINT('',(-57.,293.333,244.167));
#11263 = DIRECTION('',(0.,-1.,0.));
#11264 = DIRECTION('',(0.,-0.,-1.));
#11265 = PCURVE('',#11266,#11271);
#11266 = CYLINDRICAL_SURFACE('',#11267,1.);
#11267 = AXIS2_PLACEMENT_3D('',#11268,#11269,#11270);
#11268 = CARTESIAN_POINT('',(-57.,420.,244.167));
#11269 = DIRECTION('',(0.,-1.,0.));
#11270 = DIRECTION('',(0.,-0.,-1.));
#11271 = DEFINITIONAL_REPRESENTATION('',(#11272),#11276);
#11272 = LINE('',#11273,#11274);
#11273 = CARTESIAN_POINT('',(0.,126.667));
#11274 = VECTOR('',#11275,1.);
#11275 = DIRECTION('',(1.,0.));
#11276 = ( GEOMETRIC_REPRESENTATION_CONTEXT(2) 
PARAMETRIC_REPRESENTATION_CONTEXT() REPRESENTATION_CONTEXT('2D SPACE',''
  ) );
#11277 = PCURVE('',#11278,#11283);
#11278 = PLANE('',#11279);
#11279 = AXIS2_PLACEMENT_3D('',#11280,#11281,#11282);
#11280 = CARTESIAN_POINT('',(-57.,293.333,244.167));
#11281 = DIRECTION('',(0.,-1.,0.));
#11282 = DIRECTION('',(0.,-0.,-1.));
#11283 = DEFINITIONAL_REPRESENTATION('',(#11284),#11288);
#11284 = CIRCLE('',#11285,1.);
#11285 = AXIS2_PLACEMENT_2D('',#11286,#11287);
#11286 = CARTESIAN_POINT('',(0.,0.));
#11287 = DIRECTION('',(1.,0.));
#11288 = ( GEOMETRIC_REPRESENTATION_CONTEXT(2) 
PARAMETRIC_REPRESENTATION_CONTEXT() REPRESENTATION_CONTEXT('2D SPACE',''
  ) );
#11289 = ORIENTED_EDGE('',*,*,#11290,.F.);
#11290 = EDGE_CURVE('',#11291,#11257,#11293,.T.);
#11291 = VERTEX_POINT('',#11292);
#11292 = CARTESIAN_POINT('',(-57.,420.,243.167));
#11293 = SEAM_CURVE('',#11294,(#11298,#11305),.PCURVE_S1.);
#11294 = LINE('',#11295,#11296);
#11295 = CARTESIAN_POINT('',(-57.,420.,243.167));
#11296 = VECTOR('',#11297,1.);
#11297 = DIRECTION('',(0.,-1.,0.));
#11298 = PCURVE('',#11266,#11299);
#11299 = DEFINITIONAL_REPRESENTATION('',(#11300),#11304);
#11300 = LINE('',#11301,#11302);
#11301 = CARTESIAN_POINT('',(6.28318530718,-0.));
#11302 = VECTOR('',#11303,1.);
#11303 = DIRECTION('',(0.,1.));
#11304 = ( GEOMETRIC_REPRESENTATION_CONTEXT(2) 
PARAMETRIC_REPRESENTATION_CONTEXT() REPRESENTATION_CONTEXT('2D SPACE',''
  ) );
#11305 = PCURVE('',#11266,#11306);
#11306 = DEFINITIONAL_REPRESENTATION('',(#11307),#11311);
#11307 = LINE('',#11308,#11309);
#11308 = CARTESIAN_POINT('',(0.,-0.));
#11309 = VECTOR('',#11310,1.);
#11310 = DIRECTION('',(0.,1.));
#11311 = ( GEOMETRIC_REPRESENTATION_CONTEXT(2) 
PARAMETRIC_REPRESENTATION_CONTEXT() REPRESENTATION_CONTEXT('2D SPACE',''
  ) );
#11312 = ORIENTED_EDGE('',*,*,#11313,.T.);
#11313 = EDGE_CURVE('',#11291,#11291,#11314,.T.);
#11314 = SURFACE_CURVE('',#11315,(#11320,#11327),.PCURVE_S1.);
#11315 = CIRCLE('',#11316,1.);
#11316 = AXIS2_PLACEMENT_3D('',#11317,#11318,#11319);
#11317 = CARTESIAN_POINT('',(-57.,420.,244.167));
#11318 = DIRECTION('',(0.,-1.,0.));
#11319 = DIRECTION('',(0.,-0.,-1.));
#11320 = PCURVE('',#11266,#11321);
#11321 = DEFINITIONAL_REPRESENTATION('',(#11322),#11326);
#11322 = LINE('',#11323,#11324);
#11323 = CARTESIAN_POINT('',(0.,0.));
#11324 = VECTOR('',#11325,1.);
#11325 = DIRECTION('',(1.,0.));
#11326 = ( GEOMETRIC_REPRESENTATION_CONTEXT(2) 
PARAMETRIC_REPRESENTATION_CONTEXT() REPRESENTATION_CONTEXT('2D SPACE',''
  ) );
#11327 = PCURVE('',#11328,#11333);
#11328 = PLANE('',#11329);
#11329 = AXIS2_PLACEMENT_3D('',#11330,#11331,#11332);
#11330 = CARTESIAN_POINT('',(-57.,420.,244.167));
#11331 = DIRECTION('',(0.,-1.,0.));
#11332 = DIRECTION('',(0.,-0.,-1.));
#11333 = DEFINITIONAL_REPRESENTATION('',(#11334),#11338);
#11334 = CIRCLE('',#11335,1.);
#11335 = AXIS2_PLACEMENT_2D('',#11336,#11337);
#11336 = CARTESIAN_POINT('',(0.,0.));
#11337 = DIRECTION('',(1.,0.));
#11338 = ( GEOMETRIC_REPRESENTATION_CONTEXT(2) 
PARAMETRIC_REPRESENTATION_CONTEXT() REPRESENTATION_CONTEXT('2D SPACE',''
  ) );
#11339 = ORIENTED_EDGE('',*,*,#11290,.T.);
#11340 = ADVANCED_FACE('',(#11341),#11278,.T.);
#11341 = FACE_BOUND('',#11342,.T.);
#11342 = EDGE_LOOP('',(#11343));
#11343 = ORIENTED_EDGE('',*,*,#11256,.T.);
#11344 = ADVANCED_FACE('',(#11345),#11328,.F.);
#11345 = FACE_BOUND('',#11346,.T.);
#11346 = EDGE_LOOP('',(#11347));
#11347 = ORIENTED_EDGE('',*,*,#11313,.F.);
#11348 = ( GEOMETRIC_REPRESENTATION_CONTEXT(3) 
GLOBAL_UNCERTAINTY_ASSIGNED_CONTEXT((#11352)) 
GLOBAL_UNIT_ASSIGNED_CONTEXT((#11349,#11350,#11351)) 
REPRESENTATION_CONTEXT('Context #1',
  '3D Context with UNIT and UNCERTAINTY') );
#11349 = ( LENGTH_UNIT() NAMED_UNIT(*) SI_UNIT(.MILLI.,.METRE.) );
#11350 = ( NAMED_UNIT(*) PLANE_ANGLE_UNIT() SI_UNIT($,.RADIAN.) );
#11351 = ( NAMED_UNIT(*) SI_UNIT($,.STERADIAN.) SOLID_ANGLE_UNIT() );
#11352 = UNCERTAINTY_MEASURE_WITH_UNIT(LENGTH_MEASURE(1.E-07),#11349,
  'distance_accuracy_value','confusion accuracy');
#11353 = CONTEXT_DEPENDENT_SHAPE_REPRESENTATION(#11354,#11356);
#11354 = ( REPRESENTATION_RELATIONSHIP('','',#11249,#10) 
REPRESENTATION_RELATIONSHIP_WITH_TRANSFORMATION(#11355) 
SHAPE_REPRESENTATION_RELATIONSHIP() );
#11355 = ITEM_DEFINED_TRANSFORMATION('','',#11,#403);
#11356 = PRODUCT_DEFINITION_SHAPE('Placement','Placement of an item',
  #11357);
#11357 = NEXT_ASSEMBLY_USAGE_OCCURRENCE('98','0097_aft_electronics_bay',
  '',#5,#11244,$);
#11358 = PRODUCT_RELATED_PRODUCT_CATEGORY('part',$,(#11246));
#11359 = SHAPE_DEFINITION_REPRESENTATION(#11360,#11366);
#11360 = PRODUCT_DEFINITION_SHAPE('','',#11361);
#11361 = PRODUCT_DEFINITION('design','',#11362,#11365);
#11362 = PRODUCT_DEFINITION_FORMATION('','',#11363);
#11363 = PRODUCT('0098_aft_electronics_bay','0098_aft_electronics_bay',
  '',(#11364));
#11364 = PRODUCT_CONTEXT('',#2,'mechanical');
#11365 = PRODUCT_DEFINITION_CONTEXT('part definition',#2,'design');
#11366 = ADVANCED_BREP_SHAPE_REPRESENTATION('',(#11,#11367),#11465);
#11367 = MANIFOLD_SOLID_BREP('',#11368);
#11368 = CLOSED_SHELL('',(#11369,#11457,#11461));
#11369 = ADVANCED_FACE('',(#11370),#11383,.T.);
#11370 = FACE_BOUND('',#11371,.T.);
#11371 = EDGE_LOOP('',(#11372,#11406,#11429,#11456));
#11372 = ORIENTED_EDGE('',*,*,#11373,.F.);
#11373 = EDGE_CURVE('',#11374,#11374,#11376,.T.);
#11374 = VERTEX_POINT('',#11375);
#11375 = CARTESIAN_POINT('',(57.,293.333,378.778));
#11376 = SURFACE_CURVE('',#11377,(#11382,#11394),.PCURVE_S1.);
#11377 = CIRCLE('',#11378,1.);
#11378 = AXIS2_PLACEMENT_3D('',#11379,#11380,#11381);
#11379 = CARTESIAN_POINT('',(57.,293.333,377.778));
#11380 = DIRECTION('',(1.,0.,0.));
#11381 = DIRECTION('',(-0.,0.,1.));
#11382 = PCURVE('',#11383,#11388);
#11383 = CYLINDRICAL_SURFACE('',#11384,1.);
#11384 = AXIS2_PLACEMENT_3D('',#11385,#11386,#11387);
#11385 = CARTESIAN_POINT('',(-57.,293.333,377.778));
#11386 = DIRECTION('',(1.,0.,0.));
#11387 = DIRECTION('',(-0.,0.,1.));
#11388 = DEFINITIONAL_REPRESENTATION('',(#11389),#11393);
#11389 = LINE('',#11390,#11391);
#11390 = CARTESIAN_POINT('',(0.,114.));
#11391 = VECTOR('',#11392,1.);
#11392 = DIRECTION('',(1.,0.));
#11393 = ( GEOMETRIC_REPRESENTATION_CONTEXT(2) 
PARAMETRIC_REPRESENTATION_CONTEXT() REPRESENTATION_CONTEXT('2D SPACE',''
  ) );
#11394 = PCURVE('',#11395,#11400);
#11395 = PLANE('',#11396);
#11396 = AXIS2_PLACEMENT_3D('',#11397,#11398,#11399);
#11397 = CARTESIAN_POINT('',(57.,293.333,377.778));
#11398 = DIRECTION('',(1.,0.,0.));
#11399 = DIRECTION('',(-0.,0.,1.));
#11400 = DEFINITIONAL_REPRESENTATION('',(#11401),#11405);
#11401 = CIRCLE('',#11402,1.);
#11402 = AXIS2_PLACEMENT_2D('',#11403,#11404);
#11403 = CARTESIAN_POINT('',(0.,0.));
#11404 = DIRECTION('',(1.,0.));
#11405 = ( GEOMETRIC_REPRESENTATION_CONTEXT(2) 
PARAMETRIC_REPRESENTATION_CONTEXT() REPRESENTATION_CONTEXT('2D SPACE',''
  ) );
#11406 = ORIENTED_EDGE('',*,*,#11407,.F.);
#11407 = EDGE_CURVE('',#11408,#11374,#11410,.T.);
#11408 = VERTEX_POINT('',#11409);
#11409 = CARTESIAN_POINT('',(-57.,293.333,378.778));
#11410 = SEAM_CURVE('',#11411,(#11415,#11422),.PCURVE_S1.);
#11411 = LINE('',#11412,#11413);
#11412 = CARTESIAN_POINT('',(-57.,293.333,378.778));
#11413 = VECTOR('',#11414,1.);
#11414 = DIRECTION('',(1.,0.,0.));
#11415 = PCURVE('',#11383,#11416);
#11416 = DEFINITIONAL_REPRESENTATION('',(#11417),#11421);
#11417 = LINE('',#11418,#11419);
#11418 = CARTESIAN_POINT('',(6.28318530718,-0.));
#11419 = VECTOR('',#11420,1.);
#11420 = DIRECTION('',(0.,1.));
#11421 = ( GEOMETRIC_REPRESENTATION_CONTEXT(2) 
PARAMETRIC_REPRESENTATION_CONTEXT() REPRESENTATION_CONTEXT('2D SPACE',''
  ) );
#11422 = PCURVE('',#11383,#11423);
#11423 = DEFINITIONAL_REPRESENTATION('',(#11424),#11428);
#11424 = LINE('',#11425,#11426);
#11425 = CARTESIAN_POINT('',(0.,-0.));
#11426 = VECTOR('',#11427,1.);
#11427 = DIRECTION('',(0.,1.));
#11428 = ( GEOMETRIC_REPRESENTATION_CONTEXT(2) 
PARAMETRIC_REPRESENTATION_CONTEXT() REPRESENTATION_CONTEXT('2D SPACE',''
  ) );
#11429 = ORIENTED_EDGE('',*,*,#11430,.T.);
#11430 = EDGE_CURVE('',#11408,#11408,#11431,.T.);
#11431 = SURFACE_CURVE('',#11432,(#11437,#11444),.PCURVE_S1.);
#11432 = CIRCLE('',#11433,1.);
#11433 = AXIS2_PLACEMENT_3D('',#11434,#11435,#11436);
#11434 = CARTESIAN_POINT('',(-57.,293.333,377.778));
#11435 = DIRECTION('',(1.,0.,0.));
#11436 = DIRECTION('',(-0.,0.,1.));
#11437 = PCURVE('',#11383,#11438);
#11438 = DEFINITIONAL_REPRESENTATION('',(#11439),#11443);
#11439 = LINE('',#11440,#11441);
#11440 = CARTESIAN_POINT('',(0.,0.));
#11441 = VECTOR('',#11442,1.);
#11442 = DIRECTION('',(1.,0.));
#11443 = ( GEOMETRIC_REPRESENTATION_CONTEXT(2) 
PARAMETRIC_REPRESENTATION_CONTEXT() REPRESENTATION_CONTEXT('2D SPACE',''
  ) );
#11444 = PCURVE('',#11445,#11450);
#11445 = PLANE('',#11446);
#11446 = AXIS2_PLACEMENT_3D('',#11447,#11448,#11449);
#11447 = CARTESIAN_POINT('',(-57.,293.333,377.778));
#11448 = DIRECTION('',(1.,0.,0.));
#11449 = DIRECTION('',(-0.,0.,1.));
#11450 = DEFINITIONAL_REPRESENTATION('',(#11451),#11455);
#11451 = CIRCLE('',#11452,1.);
#11452 = AXIS2_PLACEMENT_2D('',#11453,#11454);
#11453 = CARTESIAN_POINT('',(0.,0.));
#11454 = DIRECTION('',(1.,0.));
#11455 = ( GEOMETRIC_REPRESENTATION_CONTEXT(2) 
PARAMETRIC_REPRESENTATION_CONTEXT() REPRESENTATION_CONTEXT('2D SPACE',''
  ) );
#11456 = ORIENTED_EDGE('',*,*,#11407,.T.);
#11457 = ADVANCED_FACE('',(#11458),#11395,.T.);
#11458 = FACE_BOUND('',#11459,.T.);
#11459 = EDGE_LOOP('',(#11460));
#11460 = ORIENTED_EDGE('',*,*,#11373,.T.);
#11461 = ADVANCED_FACE('',(#11462),#11445,.F.);
#11462 = FACE_BOUND('',#11463,.T.);
#11463 = EDGE_LOOP('',(#11464));
#11464 = ORIENTED_EDGE('',*,*,#11430,.F.);
#11465 = ( GEOMETRIC_REPRESENTATION_CONTEXT(3) 
GLOBAL_UNCERTAINTY_ASSIGNED_CONTEXT((#11469)) 
GLOBAL_UNIT_ASSIGNED_CONTEXT((#11466,#11467,#11468)) 
REPRESENTATION_CONTEXT('Context #1',
  '3D Context with UNIT and UNCERTAINTY') );
#11466 = ( LENGTH_UNIT() NAMED_UNIT(*) SI_UNIT(.MILLI.,.METRE.) );
#11467 = ( NAMED_UNIT(*) PLANE_ANGLE_UNIT() SI_UNIT($,.RADIAN.) );
#11468 = ( NAMED_UNIT(*) SI_UNIT($,.STERADIAN.) SOLID_ANGLE_UNIT() );
#11469 = UNCERTAINTY_MEASURE_WITH_UNIT(LENGTH_MEASURE(1.E-07),#11466,
  'distance_accuracy_value','confusion accuracy');
#11470 = CONTEXT_DEPENDENT_SHAPE_REPRESENTATION(#11471,#11473);
#11471 = ( REPRESENTATION_RELATIONSHIP('','',#11366,#10) 
REPRESENTATION_RELATIONSHIP_WITH_TRANSFORMATION(#11472) 
SHAPE_REPRESENTATION_RELATIONSHIP() );
#11472 = ITEM_DEFINED_TRANSFORMATION('','',#11,#407);
#11473 = PRODUCT_DEFINITION_SHAPE('Placement','Placement of an item',
  #11474);
#11474 = NEXT_ASSEMBLY_USAGE_OCCURRENCE('99','0098_aft_electronics_bay',
  '',#5,#11361,$);
#11475 = PRODUCT_RELATED_PRODUCT_CATEGORY('part',$,(#11363));
#11476 = SHAPE_DEFINITION_REPRESENTATION(#11477,#11483);
#11477 = PRODUCT_DEFINITION_SHAPE('','',#11478);
#11478 = PRODUCT_DEFINITION('design','',#11479,#11482);
#11479 = PRODUCT_DEFINITION_FORMATION('','',#11480);
#11480 = PRODUCT('0099_aft_electronics_bay','0099_aft_electronics_bay',
  '',(#11481));
#11481 = PRODUCT_CONTEXT('',#2,'mechanical');
#11482 = PRODUCT_DEFINITION_CONTEXT('part definition',#2,'design');
#11483 = ADVANCED_BREP_SHAPE_REPRESENTATION('',(#11,#11484),#11582);
#11484 = MANIFOLD_SOLID_BREP('',#11485);
#11485 = CLOSED_SHELL('',(#11486,#11574,#11578));
#11486 = ADVANCED_FACE('',(#11487),#11500,.T.);
#11487 = FACE_BOUND('',#11488,.T.);
#11488 = EDGE_LOOP('',(#11489,#11523,#11546,#11573));
#11489 = ORIENTED_EDGE('',*,*,#11490,.F.);
#11490 = EDGE_CURVE('',#11491,#11491,#11493,.T.);
#11491 = VERTEX_POINT('',#11492);
#11492 = CARTESIAN_POINT('',(57.,420.,378.778));
#11493 = SURFACE_CURVE('',#11494,(#11499,#11511),.PCURVE_S1.);
#11494 = CIRCLE('',#11495,1.);
#11495 = AXIS2_PLACEMENT_3D('',#11496,#11497,#11498);
#11496 = CARTESIAN_POINT('',(57.,420.,377.778));
#11497 = DIRECTION('',(0.,1.,0.));
#11498 = DIRECTION('',(0.,-0.,1.));
#11499 = PCURVE('',#11500,#11505);
#11500 = CYLINDRICAL_SURFACE('',#11501,1.);
#11501 = AXIS2_PLACEMENT_3D('',#11502,#11503,#11504);
#11502 = CARTESIAN_POINT('',(57.,293.333,377.778));
#11503 = DIRECTION('',(0.,1.,0.));
#11504 = DIRECTION('',(0.,-0.,1.));
#11505 = DEFINITIONAL_REPRESENTATION('',(#11506),#11510);
#11506 = LINE('',#11507,#11508);
#11507 = CARTESIAN_POINT('',(0.,126.667));
#11508 = VECTOR('',#11509,1.);
#11509 = DIRECTION('',(1.,0.));
#11510 = ( GEOMETRIC_REPRESENTATION_CONTEXT(2) 
PARAMETRIC_REPRESENTATION_CONTEXT() REPRESENTATION_CONTEXT('2D SPACE',''
  ) );
#11511 = PCURVE('',#11512,#11517);
#11512 = PLANE('',#11513);
#11513 = AXIS2_PLACEMENT_3D('',#11514,#11515,#11516);
#11514 = CARTESIAN_POINT('',(57.,420.,377.778));
#11515 = DIRECTION('',(0.,1.,0.));
#11516 = DIRECTION('',(0.,-0.,1.));
#11517 = DEFINITIONAL_REPRESENTATION('',(#11518),#11522);
#11518 = CIRCLE('',#11519,1.);
#11519 = AXIS2_PLACEMENT_2D('',#11520,#11521);
#11520 = CARTESIAN_POINT('',(0.,0.));
#11521 = DIRECTION('',(1.,0.));
#11522 = ( GEOMETRIC_REPRESENTATION_CONTEXT(2) 
PARAMETRIC_REPRESENTATION_CONTEXT() REPRESENTATION_CONTEXT('2D SPACE',''
  ) );
#11523 = ORIENTED_EDGE('',*,*,#11524,.F.);
#11524 = EDGE_CURVE('',#11525,#11491,#11527,.T.);
#11525 = VERTEX_POINT('',#11526);
#11526 = CARTESIAN_POINT('',(57.,293.333,378.778));
#11527 = SEAM_CURVE('',#11528,(#11532,#11539),.PCURVE_S1.);
#11528 = LINE('',#11529,#11530);
#11529 = CARTESIAN_POINT('',(57.,293.333,378.778));
#11530 = VECTOR('',#11531,1.);
#11531 = DIRECTION('',(0.,1.,0.));
#11532 = PCURVE('',#11500,#11533);
#11533 = DEFINITIONAL_REPRESENTATION('',(#11534),#11538);
#11534 = LINE('',#11535,#11536);
#11535 = CARTESIAN_POINT('',(6.28318530718,-0.));
#11536 = VECTOR('',#11537,1.);
#11537 = DIRECTION('',(0.,1.));
#11538 = ( GEOMETRIC_REPRESENTATION_CONTEXT(2) 
PARAMETRIC_REPRESENTATION_CONTEXT() REPRESENTATION_CONTEXT('2D SPACE',''
  ) );
#11539 = PCURVE('',#11500,#11540);
#11540 = DEFINITIONAL_REPRESENTATION('',(#11541),#11545);
#11541 = LINE('',#11542,#11543);
#11542 = CARTESIAN_POINT('',(0.,-0.));
#11543 = VECTOR('',#11544,1.);
#11544 = DIRECTION('',(0.,1.));
#11545 = ( GEOMETRIC_REPRESENTATION_CONTEXT(2) 
PARAMETRIC_REPRESENTATION_CONTEXT() REPRESENTATION_CONTEXT('2D SPACE',''
  ) );
#11546 = ORIENTED_EDGE('',*,*,#11547,.T.);
#11547 = EDGE_CURVE('',#11525,#11525,#11548,.T.);
#11548 = SURFACE_CURVE('',#11549,(#11554,#11561),.PCURVE_S1.);
#11549 = CIRCLE('',#11550,1.);
#11550 = AXIS2_PLACEMENT_3D('',#11551,#11552,#11553);
#11551 = CARTESIAN_POINT('',(57.,293.333,377.778));
#11552 = DIRECTION('',(0.,1.,0.));
#11553 = DIRECTION('',(0.,-0.,1.));
#11554 = PCURVE('',#11500,#11555);
#11555 = DEFINITIONAL_REPRESENTATION('',(#11556),#11560);
#11556 = LINE('',#11557,#11558);
#11557 = CARTESIAN_POINT('',(0.,0.));
#11558 = VECTOR('',#11559,1.);
#11559 = DIRECTION('',(1.,0.));
#11560 = ( GEOMETRIC_REPRESENTATION_CONTEXT(2) 
PARAMETRIC_REPRESENTATION_CONTEXT() REPRESENTATION_CONTEXT('2D SPACE',''
  ) );
#11561 = PCURVE('',#11562,#11567);
#11562 = PLANE('',#11563);
#11563 = AXIS2_PLACEMENT_3D('',#11564,#11565,#11566);
#11564 = CARTESIAN_POINT('',(57.,293.333,377.778));
#11565 = DIRECTION('',(0.,1.,0.));
#11566 = DIRECTION('',(0.,-0.,1.));
#11567 = DEFINITIONAL_REPRESENTATION('',(#11568),#11572);
#11568 = CIRCLE('',#11569,1.);
#11569 = AXIS2_PLACEMENT_2D('',#11570,#11571);
#11570 = CARTESIAN_POINT('',(0.,0.));
#11571 = DIRECTION('',(1.,0.));
#11572 = ( GEOMETRIC_REPRESENTATION_CONTEXT(2) 
PARAMETRIC_REPRESENTATION_CONTEXT() REPRESENTATION_CONTEXT('2D SPACE',''
  ) );
#11573 = ORIENTED_EDGE('',*,*,#11524,.T.);
#11574 = ADVANCED_FACE('',(#11575),#11512,.T.);
#11575 = FACE_BOUND('',#11576,.T.);
#11576 = EDGE_LOOP('',(#11577));
#11577 = ORIENTED_EDGE('',*,*,#11490,.T.);
#11578 = ADVANCED_FACE('',(#11579),#11562,.F.);
#11579 = FACE_BOUND('',#11580,.T.);
#11580 = EDGE_LOOP('',(#11581));
#11581 = ORIENTED_EDGE('',*,*,#11547,.F.);
#11582 = ( GEOMETRIC_REPRESENTATION_CONTEXT(3) 
GLOBAL_UNCERTAINTY_ASSIGNED_CONTEXT((#11586)) 
GLOBAL_UNIT_ASSIGNED_CONTEXT((#11583,#11584,#11585)) 
REPRESENTATION_CONTEXT('Context #1',
  '3D Context with UNIT and UNCERTAINTY') );
#11583 = ( LENGTH_UNIT() NAMED_UNIT(*) SI_UNIT(.MILLI.,.METRE.) );
#11584 = ( NAMED_UNIT(*) PLANE_ANGLE_UNIT() SI_UNIT($,.RADIAN.) );
#11585 = ( NAMED_UNIT(*) SI_UNIT($,.STERADIAN.) SOLID_ANGLE_UNIT() );
#11586 = UNCERTAINTY_MEASURE_WITH_UNIT(LENGTH_MEASURE(1.E-07),#11583,
  'distance_accuracy_value','confusion accuracy');
#11587 = CONTEXT_DEPENDENT_SHAPE_REPRESENTATION(#11588,#11590);
#11588 = ( REPRESENTATION_RELATIONSHIP('','',#11483,#10) 
REPRESENTATION_RELATIONSHIP_WITH_TRANSFORMATION(#11589) 
SHAPE_REPRESENTATION_RELATIONSHIP() );
#11589 = ITEM_DEFINED_TRANSFORMATION('','',#11,#411);
#11590 = PRODUCT_DEFINITION_SHAPE('Placement','Placement of an item',
  #11591);
#11591 = NEXT_ASSEMBLY_USAGE_OCCURRENCE('100','0099_aft_electronics_bay'
  ,'',#5,#11478,$);
#11592 = PRODUCT_RELATED_PRODUCT_CATEGORY('part',$,(#11480));
#11593 = SHAPE_DEFINITION_REPRESENTATION(#11594,#11600);
#11594 = PRODUCT_DEFINITION_SHAPE('','',#11595);
#11595 = PRODUCT_DEFINITION('design','',#11596,#11599);
#11596 = PRODUCT_DEFINITION_FORMATION('','',#11597);
#11597 = PRODUCT('0100_aft_electronics_bay','0100_aft_electronics_bay',
  '',(#11598));
#11598 = PRODUCT_CONTEXT('',#2,'mechanical');
#11599 = PRODUCT_DEFINITION_CONTEXT('part definition',#2,'design');
#11600 = ADVANCED_BREP_SHAPE_REPRESENTATION('',(#11,#11601),#11699);
#11601 = MANIFOLD_SOLID_BREP('',#11602);
#11602 = CLOSED_SHELL('',(#11603,#11691,#11695));
#11603 = ADVANCED_FACE('',(#11604),#11617,.T.);
#11604 = FACE_BOUND('',#11605,.T.);
#11605 = EDGE_LOOP('',(#11606,#11640,#11663,#11690));
#11606 = ORIENTED_EDGE('',*,*,#11607,.F.);
#11607 = EDGE_CURVE('',#11608,#11608,#11610,.T.);
#11608 = VERTEX_POINT('',#11609);
#11609 = CARTESIAN_POINT('',(-57.,420.,376.778));
#11610 = SURFACE_CURVE('',#11611,(#11616,#11628),.PCURVE_S1.);
#11611 = CIRCLE('',#11612,1.);
#11612 = AXIS2_PLACEMENT_3D('',#11613,#11614,#11615);
#11613 = CARTESIAN_POINT('',(-57.,420.,377.778));
#11614 = DIRECTION('',(-1.,0.,0.));
#11615 = DIRECTION('',(0.,0.,-1.));
#11616 = PCURVE('',#11617,#11622);
#11617 = CYLINDRICAL_SURFACE('',#11618,1.);
#11618 = AXIS2_PLACEMENT_3D('',#11619,#11620,#11621);
#11619 = CARTESIAN_POINT('',(57.,420.,377.778));
#11620 = DIRECTION('',(-1.,0.,0.));
#11621 = DIRECTION('',(0.,0.,-1.));
#11622 = DEFINITIONAL_REPRESENTATION('',(#11623),#11627);
#11623 = LINE('',#11624,#11625);
#11624 = CARTESIAN_POINT('',(0.,114.));
#11625 = VECTOR('',#11626,1.);
#11626 = DIRECTION('',(1.,0.));
#11627 = ( GEOMETRIC_REPRESENTATION_CONTEXT(2) 
PARAMETRIC_REPRESENTATION_CONTEXT() REPRESENTATION_CONTEXT('2D SPACE',''
  ) );
#11628 = PCURVE('',#11629,#11634);
#11629 = PLANE('',#11630);
#11630 = AXIS2_PLACEMENT_3D('',#11631,#11632,#11633);
#11631 = CARTESIAN_POINT('',(-57.,420.,377.778));
#11632 = DIRECTION('',(-1.,0.,0.));
#11633 = DIRECTION('',(0.,0.,-1.));
#11634 = DEFINITIONAL_REPRESENTATION('',(#11635),#11639);
#11635 = CIRCLE('',#11636,1.);
#11636 = AXIS2_PLACEMENT_2D('',#11637,#11638);
#11637 = CARTESIAN_POINT('',(0.,0.));
#11638 = DIRECTION('',(1.,0.));
#11639 = ( GEOMETRIC_REPRESENTATION_CONTEXT(2) 
PARAMETRIC_REPRESENTATION_CONTEXT() REPRESENTATION_CONTEXT('2D SPACE',''
  ) );
#11640 = ORIENTED_EDGE('',*,*,#11641,.F.);
#11641 = EDGE_CURVE('',#11642,#11608,#11644,.T.);
#11642 = VERTEX_POINT('',#11643);
#11643 = CARTESIAN_POINT('',(57.,420.,376.778));
#11644 = SEAM_CURVE('',#11645,(#11649,#11656),.PCURVE_S1.);
#11645 = LINE('',#11646,#11647);
#11646 = CARTESIAN_POINT('',(57.,420.,376.778));
#11647 = VECTOR('',#11648,1.);
#11648 = DIRECTION('',(-1.,0.,0.));
#11649 = PCURVE('',#11617,#11650);
#11650 = DEFINITIONAL_REPRESENTATION('',(#11651),#11655);
#11651 = LINE('',#11652,#11653);
#11652 = CARTESIAN_POINT('',(6.28318530718,-0.));
#11653 = VECTOR('',#11654,1.);
#11654 = DIRECTION('',(0.,1.));
#11655 = ( GEOMETRIC_REPRESENTATION_CONTEXT(2) 
PARAMETRIC_REPRESENTATION_CONTEXT() REPRESENTATION_CONTEXT('2D SPACE',''
  ) );
#11656 = PCURVE('',#11617,#11657);
#11657 = DEFINITIONAL_REPRESENTATION('',(#11658),#11662);
#11658 = LINE('',#11659,#11660);
#11659 = CARTESIAN_POINT('',(0.,-0.));
#11660 = VECTOR('',#11661,1.);
#11661 = DIRECTION('',(0.,1.));
#11662 = ( GEOMETRIC_REPRESENTATION_CONTEXT(2) 
PARAMETRIC_REPRESENTATION_CONTEXT() REPRESENTATION_CONTEXT('2D SPACE',''
  ) );
#11663 = ORIENTED_EDGE('',*,*,#11664,.T.);
#11664 = EDGE_CURVE('',#11642,#11642,#11665,.T.);
#11665 = SURFACE_CURVE('',#11666,(#11671,#11678),.PCURVE_S1.);
#11666 = CIRCLE('',#11667,1.);
#11667 = AXIS2_PLACEMENT_3D('',#11668,#11669,#11670);
#11668 = CARTESIAN_POINT('',(57.,420.,377.778));
#11669 = DIRECTION('',(-1.,0.,0.));
#11670 = DIRECTION('',(0.,0.,-1.));
#11671 = PCURVE('',#11617,#11672);
#11672 = DEFINITIONAL_REPRESENTATION('',(#11673),#11677);
#11673 = LINE('',#11674,#11675);
#11674 = CARTESIAN_POINT('',(0.,0.));
#11675 = VECTOR('',#11676,1.);
#11676 = DIRECTION('',(1.,0.));
#11677 = ( GEOMETRIC_REPRESENTATION_CONTEXT(2) 
PARAMETRIC_REPRESENTATION_CONTEXT() REPRESENTATION_CONTEXT('2D SPACE',''
  ) );
#11678 = PCURVE('',#11679,#11684);
#11679 = PLANE('',#11680);
#11680 = AXIS2_PLACEMENT_3D('',#11681,#11682,#11683);
#11681 = CARTESIAN_POINT('',(57.,420.,377.778));
#11682 = DIRECTION('',(-1.,0.,0.));
#11683 = DIRECTION('',(0.,0.,-1.));
#11684 = DEFINITIONAL_REPRESENTATION('',(#11685),#11689);
#11685 = CIRCLE('',#11686,1.);
#11686 = AXIS2_PLACEMENT_2D('',#11687,#11688);
#11687 = CARTESIAN_POINT('',(0.,0.));
#11688 = DIRECTION('',(1.,0.));
#11689 = ( GEOMETRIC_REPRESENTATION_CONTEXT(2) 
PARAMETRIC_REPRESENTATION_CONTEXT() REPRESENTATION_CONTEXT('2D SPACE',''
  ) );
#11690 = ORIENTED_EDGE('',*,*,#11641,.T.);
#11691 = ADVANCED_FACE('',(#11692),#11629,.T.);
#11692 = FACE_BOUND('',#11693,.T.);
#11693 = EDGE_LOOP('',(#11694));
#11694 = ORIENTED_EDGE('',*,*,#11607,.T.);
#11695 = ADVANCED_FACE('',(#11696),#11679,.F.);
#11696 = FACE_BOUND('',#11697,.T.);
#11697 = EDGE_LOOP('',(#11698));
#11698 = ORIENTED_EDGE('',*,*,#11664,.F.);
#11699 = ( GEOMETRIC_REPRESENTATION_CONTEXT(3) 
GLOBAL_UNCERTAINTY_ASSIGNED_CONTEXT((#11703)) 
GLOBAL_UNIT_ASSIGNED_CONTEXT((#11700,#11701,#11702)) 
REPRESENTATION_CONTEXT('Context #1',
  '3D Context with UNIT and UNCERTAINTY') );
#11700 = ( LENGTH_UNIT() NAMED_UNIT(*) SI_UNIT(.MILLI.,.METRE.) );
#11701 = ( NAMED_UNIT(*) PLANE_ANGLE_UNIT() SI_UNIT($,.RADIAN.) );
#11702 = ( NAMED_UNIT(*) SI_UNIT($,.STERADIAN.) SOLID_ANGLE_UNIT() );
#11703 = UNCERTAINTY_MEASURE_WITH_UNIT(LENGTH_MEASURE(1.E-07),#11700,
  'distance_accuracy_value','confusion accuracy');
#11704 = CONTEXT_DEPENDENT_SHAPE_REPRESENTATION(#11705,#11707);
#11705 = ( REPRESENTATION_RELATIONSHIP('','',#11600,#10) 
REPRESENTATION_RELATIONSHIP_WITH_TRANSFORMATION(#11706) 
SHAPE_REPRESENTATION_RELATIONSHIP() );
#11706 = ITEM_DEFINED_TRANSFORMATION('','',#11,#415);
#11707 = PRODUCT_DEFINITION_SHAPE('Placement','Placement of an item',
  #11708);
#11708 = NEXT_ASSEMBLY_USAGE_OCCURRENCE('101','0100_aft_electronics_bay'
  ,'',#5,#11595,$);
#11709 = PRODUCT_RELATED_PRODUCT_CATEGORY('part',$,(#11597));
#11710 = SHAPE_DEFINITION_REPRESENTATION(#11711,#11717);
#11711 = PRODUCT_DEFINITION_SHAPE('','',#11712);
#11712 = PRODUCT_DEFINITION('design','',#11713,#11716);
#11713 = PRODUCT_DEFINITION_FORMATION('','',#11714);
#11714 = PRODUCT('0101_aft_electronics_bay','0101_aft_electronics_bay',
  '',(#11715));
#11715 = PRODUCT_CONTEXT('',#2,'mechanical');
#11716 = PRODUCT_DEFINITION_CONTEXT('part definition',#2,'design');
#11717 = ADVANCED_BREP_SHAPE_REPRESENTATION('',(#11,#11718),#11816);
#11718 = MANIFOLD_SOLID_BREP('',#11719);
#11719 = CLOSED_SHELL('',(#11720,#11808,#11812));
#11720 = ADVANCED_FACE('',(#11721),#11734,.T.);
#11721 = FACE_BOUND('',#11722,.T.);
#11722 = EDGE_LOOP('',(#11723,#11757,#11780,#11807));
#11723 = ORIENTED_EDGE('',*,*,#11724,.F.);
#11724 = EDGE_CURVE('',#11725,#11725,#11727,.T.);
#11725 = VERTEX_POINT('',#11726);
#11726 = CARTESIAN_POINT('',(-57.,293.333,376.778));
#11727 = SURFACE_CURVE('',#11728,(#11733,#11745),.PCURVE_S1.);
#11728 = CIRCLE('',#11729,1.);
#11729 = AXIS2_PLACEMENT_3D('',#11730,#11731,#11732);
#11730 = CARTESIAN_POINT('',(-57.,293.333,377.778));
#11731 = DIRECTION('',(0.,-1.,0.));
#11732 = DIRECTION('',(0.,-0.,-1.));
#11733 = PCURVE('',#11734,#11739);
#11734 = CYLINDRICAL_SURFACE('',#11735,1.);
#11735 = AXIS2_PLACEMENT_3D('',#11736,#11737,#11738);
#11736 = CARTESIAN_POINT('',(-57.,420.,377.778));
#11737 = DIRECTION('',(0.,-1.,0.));
#11738 = DIRECTION('',(0.,-0.,-1.));
#11739 = DEFINITIONAL_REPRESENTATION('',(#11740),#11744);
#11740 = LINE('',#11741,#11742);
#11741 = CARTESIAN_POINT('',(0.,126.667));
#11742 = VECTOR('',#11743,1.);
#11743 = DIRECTION('',(1.,0.));
#11744 = ( GEOMETRIC_REPRESENTATION_CONTEXT(2) 
PARAMETRIC_REPRESENTATION_CONTEXT() REPRESENTATION_CONTEXT('2D SPACE',''
  ) );
#11745 = PCURVE('',#11746,#11751);
#11746 = PLANE('',#11747);
#11747 = AXIS2_PLACEMENT_3D('',#11748,#11749,#11750);
#11748 = CARTESIAN_POINT('',(-57.,293.333,377.778));
#11749 = DIRECTION('',(0.,-1.,0.));
#11750 = DIRECTION('',(0.,-0.,-1.));
#11751 = DEFINITIONAL_REPRESENTATION('',(#11752),#11756);
#11752 = CIRCLE('',#11753,1.);
#11753 = AXIS2_PLACEMENT_2D('',#11754,#11755);
#11754 = CARTESIAN_POINT('',(0.,0.));
#11755 = DIRECTION('',(1.,0.));
#11756 = ( GEOMETRIC_REPRESENTATION_CONTEXT(2) 
PARAMETRIC_REPRESENTATION_CONTEXT() REPRESENTATION_CONTEXT('2D SPACE',''
  ) );
#11757 = ORIENTED_EDGE('',*,*,#11758,.F.);
#11758 = EDGE_CURVE('',#11759,#11725,#11761,.T.);
#11759 = VERTEX_POINT('',#11760);
#11760 = CARTESIAN_POINT('',(-57.,420.,376.778));
#11761 = SEAM_CURVE('',#11762,(#11766,#11773),.PCURVE_S1.);
#11762 = LINE('',#11763,#11764);
#11763 = CARTESIAN_POINT('',(-57.,420.,376.778));
#11764 = VECTOR('',#11765,1.);
#11765 = DIRECTION('',(0.,-1.,0.));
#11766 = PCURVE('',#11734,#11767);
#11767 = DEFINITIONAL_REPRESENTATION('',(#11768),#11772);
#11768 = LINE('',#11769,#11770);
#11769 = CARTESIAN_POINT('',(6.28318530718,-0.));
#11770 = VECTOR('',#11771,1.);
#11771 = DIRECTION('',(0.,1.));
#11772 = ( GEOMETRIC_REPRESENTATION_CONTEXT(2) 
PARAMETRIC_REPRESENTATION_CONTEXT() REPRESENTATION_CONTEXT('2D SPACE',''
  ) );
#11773 = PCURVE('',#11734,#11774);
#11774 = DEFINITIONAL_REPRESENTATION('',(#11775),#11779);
#11775 = LINE('',#11776,#11777);
#11776 = CARTESIAN_POINT('',(0.,-0.));
#11777 = VECTOR('',#11778,1.);
#11778 = DIRECTION('',(0.,1.));
#11779 = ( GEOMETRIC_REPRESENTATION_CONTEXT(2) 
PARAMETRIC_REPRESENTATION_CONTEXT() REPRESENTATION_CONTEXT('2D SPACE',''
  ) );
#11780 = ORIENTED_EDGE('',*,*,#11781,.T.);
#11781 = EDGE_CURVE('',#11759,#11759,#11782,.T.);
#11782 = SURFACE_CURVE('',#11783,(#11788,#11795),.PCURVE_S1.);
#11783 = CIRCLE('',#11784,1.);
#11784 = AXIS2_PLACEMENT_3D('',#11785,#11786,#11787);
#11785 = CARTESIAN_POINT('',(-57.,420.,377.778));
#11786 = DIRECTION('',(0.,-1.,0.));
#11787 = DIRECTION('',(0.,-0.,-1.));
#11788 = PCURVE('',#11734,#11789);
#11789 = DEFINITIONAL_REPRESENTATION('',(#11790),#11794);
#11790 = LINE('',#11791,#11792);
#11791 = CARTESIAN_POINT('',(0.,0.));
#11792 = VECTOR('',#11793,1.);
#11793 = DIRECTION('',(1.,0.));
#11794 = ( GEOMETRIC_REPRESENTATION_CONTEXT(2) 
PARAMETRIC_REPRESENTATION_CONTEXT() REPRESENTATION_CONTEXT('2D SPACE',''
  ) );
#11795 = PCURVE('',#11796,#11801);
#11796 = PLANE('',#11797);
#11797 = AXIS2_PLACEMENT_3D('',#11798,#11799,#11800);
#11798 = CARTESIAN_POINT('',(-57.,420.,377.778));
#11799 = DIRECTION('',(0.,-1.,0.));
#11800 = DIRECTION('',(0.,-0.,-1.));
#11801 = DEFINITIONAL_REPRESENTATION('',(#11802),#11806);
#11802 = CIRCLE('',#11803,1.);
#11803 = AXIS2_PLACEMENT_2D('',#11804,#11805);
#11804 = CARTESIAN_POINT('',(0.,0.));
#11805 = DIRECTION('',(1.,0.));
#11806 = ( GEOMETRIC_REPRESENTATION_CONTEXT(2) 
PARAMETRIC_REPRESENTATION_CONTEXT() REPRESENTATION_CONTEXT('2D SPACE',''
  ) );
#11807 = ORIENTED_EDGE('',*,*,#11758,.T.);
#11808 = ADVANCED_FACE('',(#11809),#11746,.T.);
#11809 = FACE_BOUND('',#11810,.T.);
#11810 = EDGE_LOOP('',(#11811));
#11811 = ORIENTED_EDGE('',*,*,#11724,.T.);
#11812 = ADVANCED_FACE('',(#11813),#11796,.F.);
#11813 = FACE_BOUND('',#11814,.T.);
#11814 = EDGE_LOOP('',(#11815));
#11815 = ORIENTED_EDGE('',*,*,#11781,.F.);
#11816 = ( GEOMETRIC_REPRESENTATION_CONTEXT(3) 
GLOBAL_UNCERTAINTY_ASSIGNED_CONTEXT((#11820)) 
GLOBAL_UNIT_ASSIGNED_CONTEXT((#11817,#11818,#11819)) 
REPRESENTATION_CONTEXT('Context #1',
  '3D Context with UNIT and UNCERTAINTY') );
#11817 = ( LENGTH_UNIT() NAMED_UNIT(*) SI_UNIT(.MILLI.,.METRE.) );
#11818 = ( NAMED_UNIT(*) PLANE_ANGLE_UNIT() SI_UNIT($,.RADIAN.) );
#11819 = ( NAMED_UNIT(*) SI_UNIT($,.STERADIAN.) SOLID_ANGLE_UNIT() );
#11820 = UNCERTAINTY_MEASURE_WITH_UNIT(LENGTH_MEASURE(1.E-07),#11817,
  'distance_accuracy_value','confusion accuracy');
#11821 = CONTEXT_DEPENDENT_SHAPE_REPRESENTATION(#11822,#11824);
#11822 = ( REPRESENTATION_RELATIONSHIP('','',#11717,#10) 
REPRESENTATION_RELATIONSHIP_WITH_TRANSFORMATION(#11823) 
SHAPE_REPRESENTATION_RELATIONSHIP() );
#11823 = ITEM_DEFINED_TRANSFORMATION('','',#11,#419);
#11824 = PRODUCT_DEFINITION_SHAPE('Placement','Placement of an item',
  #11825);
#11825 = NEXT_ASSEMBLY_USAGE_OCCURRENCE('102','0101_aft_electronics_bay'
  ,'',#5,#11712,$);
#11826 = PRODUCT_RELATED_PRODUCT_CATEGORY('part',$,(#11714));
#11827 = SHAPE_DEFINITION_REPRESENTATION(#11828,#11834);
#11828 = PRODUCT_DEFINITION_SHAPE('','',#11829);
#11829 = PRODUCT_DEFINITION('design','',#11830,#11833);
#11830 = PRODUCT_DEFINITION_FORMATION('','',#11831);
#11831 = PRODUCT('0102_aft_electronics_bay','0102_aft_electronics_bay',
  '',(#11832));
#11832 = PRODUCT_CONTEXT('',#2,'mechanical');
#11833 = PRODUCT_DEFINITION_CONTEXT('part definition',#2,'design');
#11834 = ADVANCED_BREP_SHAPE_REPRESENTATION('',(#11,#11835),#11933);
#11835 = MANIFOLD_SOLID_BREP('',#11836);
#11836 = CLOSED_SHELL('',(#11837,#11925,#11929));
#11837 = ADVANCED_FACE('',(#11838),#11851,.T.);
#11838 = FACE_BOUND('',#11839,.T.);
#11839 = EDGE_LOOP('',(#11840,#11874,#11897,#11924));
#11840 = ORIENTED_EDGE('',*,*,#11841,.F.);
#11841 = EDGE_CURVE('',#11842,#11842,#11844,.T.);
#11842 = VERTEX_POINT('',#11843);
#11843 = CARTESIAN_POINT('',(-56.,293.333,377.778));
#11844 = SURFACE_CURVE('',#11845,(#11850,#11862),.PCURVE_S1.);
#11845 = CIRCLE('',#11846,1.);
#11846 = AXIS2_PLACEMENT_3D('',#11847,#11848,#11849);
#11847 = CARTESIAN_POINT('',(-57.,293.333,377.778));
#11848 = DIRECTION('',(0.,0.,1.));
#11849 = DIRECTION('',(1.,0.,-0.));
#11850 = PCURVE('',#11851,#11856);
#11851 = CYLINDRICAL_SURFACE('',#11852,1.);
#11852 = AXIS2_PLACEMENT_3D('',#11853,#11854,#11855);
#11853 = CARTESIAN_POINT('',(-57.,293.333,244.167));
#11854 = DIRECTION('',(0.,0.,1.));
#11855 = DIRECTION('',(1.,0.,-0.));
#11856 = DEFINITIONAL_REPRESENTATION('',(#11857),#11861);
#11857 = LINE('',#11858,#11859);
#11858 = CARTESIAN_POINT('',(0.,133.611));
#11859 = VECTOR('',#11860,1.);
#11860 = DIRECTION('',(1.,0.));
#11861 = ( GEOMETRIC_REPRESENTATION_CONTEXT(2) 
PARAMETRIC_REPRESENTATION_CONTEXT() REPRESENTATION_CONTEXT('2D SPACE',''
  ) );
#11862 = PCURVE('',#11863,#11868);
#11863 = PLANE('',#11864);
#11864 = AXIS2_PLACEMENT_3D('',#11865,#11866,#11867);
#11865 = CARTESIAN_POINT('',(-57.,293.333,377.778));
#11866 = DIRECTION('',(0.,0.,1.));
#11867 = DIRECTION('',(1.,0.,-0.));
#11868 = DEFINITIONAL_REPRESENTATION('',(#11869),#11873);
#11869 = CIRCLE('',#11870,1.);
#11870 = AXIS2_PLACEMENT_2D('',#11871,#11872);
#11871 = CARTESIAN_POINT('',(0.,0.));
#11872 = DIRECTION('',(1.,0.));
#11873 = ( GEOMETRIC_REPRESENTATION_CONTEXT(2) 
PARAMETRIC_REPRESENTATION_CONTEXT() REPRESENTATION_CONTEXT('2D SPACE',''
  ) );
#11874 = ORIENTED_EDGE('',*,*,#11875,.F.);
#11875 = EDGE_CURVE('',#11876,#11842,#11878,.T.);
#11876 = VERTEX_POINT('',#11877);
#11877 = CARTESIAN_POINT('',(-56.,293.333,244.167));
#11878 = SEAM_CURVE('',#11879,(#11883,#11890),.PCURVE_S1.);
#11879 = LINE('',#11880,#11881);
#11880 = CARTESIAN_POINT('',(-56.,293.333,244.167));
#11881 = VECTOR('',#11882,1.);
#11882 = DIRECTION('',(0.,0.,1.));
#11883 = PCURVE('',#11851,#11884);
#11884 = DEFINITIONAL_REPRESENTATION('',(#11885),#11889);
#11885 = LINE('',#11886,#11887);
#11886 = CARTESIAN_POINT('',(6.28318530718,-0.));
#11887 = VECTOR('',#11888,1.);
#11888 = DIRECTION('',(0.,1.));
#11889 = ( GEOMETRIC_REPRESENTATION_CONTEXT(2) 
PARAMETRIC_REPRESENTATION_CONTEXT() REPRESENTATION_CONTEXT('2D SPACE',''
  ) );
#11890 = PCURVE('',#11851,#11891);
#11891 = DEFINITIONAL_REPRESENTATION('',(#11892),#11896);
#11892 = LINE('',#11893,#11894);
#11893 = CARTESIAN_POINT('',(0.,-0.));
#11894 = VECTOR('',#11895,1.);
#11895 = DIRECTION('',(0.,1.));
#11896 = ( GEOMETRIC_REPRESENTATION_CONTEXT(2) 
PARAMETRIC_REPRESENTATION_CONTEXT() REPRESENTATION_CONTEXT('2D SPACE',''
  ) );
#11897 = ORIENTED_EDGE('',*,*,#11898,.T.);
#11898 = EDGE_CURVE('',#11876,#11876,#11899,.T.);
#11899 = SURFACE_CURVE('',#11900,(#11905,#11912),.PCURVE_S1.);
#11900 = CIRCLE('',#11901,1.);
#11901 = AXIS2_PLACEMENT_3D('',#11902,#11903,#11904);
#11902 = CARTESIAN_POINT('',(-57.,293.333,244.167));
#11903 = DIRECTION('',(0.,0.,1.));
#11904 = DIRECTION('',(1.,0.,-0.));
#11905 = PCURVE('',#11851,#11906);
#11906 = DEFINITIONAL_REPRESENTATION('',(#11907),#11911);
#11907 = LINE('',#11908,#11909);
#11908 = CARTESIAN_POINT('',(0.,0.));
#11909 = VECTOR('',#11910,1.);
#11910 = DIRECTION('',(1.,0.));
#11911 = ( GEOMETRIC_REPRESENTATION_CONTEXT(2) 
PARAMETRIC_REPRESENTATION_CONTEXT() REPRESENTATION_CONTEXT('2D SPACE',''
  ) );
#11912 = PCURVE('',#11913,#11918);
#11913 = PLANE('',#11914);
#11914 = AXIS2_PLACEMENT_3D('',#11915,#11916,#11917);
#11915 = CARTESIAN_POINT('',(-57.,293.333,244.167));
#11916 = DIRECTION('',(0.,0.,1.));
#11917 = DIRECTION('',(1.,0.,-0.));
#11918 = DEFINITIONAL_REPRESENTATION('',(#11919),#11923);
#11919 = CIRCLE('',#11920,1.);
#11920 = AXIS2_PLACEMENT_2D('',#11921,#11922);
#11921 = CARTESIAN_POINT('',(0.,0.));
#11922 = DIRECTION('',(1.,0.));
#11923 = ( GEOMETRIC_REPRESENTATION_CONTEXT(2) 
PARAMETRIC_REPRESENTATION_CONTEXT() REPRESENTATION_CONTEXT('2D SPACE',''
  ) );
#11924 = ORIENTED_EDGE('',*,*,#11875,.T.);
#11925 = ADVANCED_FACE('',(#11926),#11863,.T.);
#11926 = FACE_BOUND('',#11927,.T.);
#11927 = EDGE_LOOP('',(#11928));
#11928 = ORIENTED_EDGE('',*,*,#11841,.T.);
#11929 = ADVANCED_FACE('',(#11930),#11913,.F.);
#11930 = FACE_BOUND('',#11931,.T.);
#11931 = EDGE_LOOP('',(#11932));
#11932 = ORIENTED_EDGE('',*,*,#11898,.F.);
#11933 = ( GEOMETRIC_REPRESENTATION_CONTEXT(3) 
GLOBAL_UNCERTAINTY_ASSIGNED_CONTEXT((#11937)) 
GLOBAL_UNIT_ASSIGNED_CONTEXT((#11934,#11935,#11936)) 
REPRESENTATION_CONTEXT('Context #1',
  '3D Context with UNIT and UNCERTAINTY') );
#11934 = ( LENGTH_UNIT() NAMED_UNIT(*) SI_UNIT(.MILLI.,.METRE.) );
#11935 = ( NAMED_UNIT(*) PLANE_ANGLE_UNIT() SI_UNIT($,.RADIAN.) );
#11936 = ( NAMED_UNIT(*) SI_UNIT($,.STERADIAN.) SOLID_ANGLE_UNIT() );
#11937 = UNCERTAINTY_MEASURE_WITH_UNIT(LENGTH_MEASURE(1.E-07),#11934,
  'distance_accuracy_value','confusion accuracy');
#11938 = CONTEXT_DEPENDENT_SHAPE_REPRESENTATION(#11939,#11941);
#11939 = ( REPRESENTATION_RELATIONSHIP('','',#11834,#10) 
REPRESENTATION_RELATIONSHIP_WITH_TRANSFORMATION(#11940) 
SHAPE_REPRESENTATION_RELATIONSHIP() );
#11940 = ITEM_DEFINED_TRANSFORMATION('','',#11,#423);
#11941 = PRODUCT_DEFINITION_SHAPE('Placement','Placement of an item',
  #11942);
#11942 = NEXT_ASSEMBLY_USAGE_OCCURRENCE('103','0102_aft_electronics_bay'
  ,'',#5,#11829,$);
#11943 = PRODUCT_RELATED_PRODUCT_CATEGORY('part',$,(#11831));
#11944 = SHAPE_DEFINITION_REPRESENTATION(#11945,#11951);
#11945 = PRODUCT_DEFINITION_SHAPE('','',#11946);
#11946 = PRODUCT_DEFINITION('design','',#11947,#11950);
#11947 = PRODUCT_DEFINITION_FORMATION('','',#11948);
#11948 = PRODUCT('0103_aft_electronics_bay','0103_aft_electronics_bay',
  '',(#11949));
#11949 = PRODUCT_CONTEXT('',#2,'mechanical');
#11950 = PRODUCT_DEFINITION_CONTEXT('part definition',#2,'design');
#11951 = ADVANCED_BREP_SHAPE_REPRESENTATION('',(#11,#11952),#12050);
#11952 = MANIFOLD_SOLID_BREP('',#11953);
#11953 = CLOSED_SHELL('',(#11954,#12042,#12046));
#11954 = ADVANCED_FACE('',(#11955),#11968,.T.);
#11955 = FACE_BOUND('',#11956,.T.);
#11956 = EDGE_LOOP('',(#11957,#11991,#12014,#12041));
#11957 = ORIENTED_EDGE('',*,*,#11958,.F.);
#11958 = EDGE_CURVE('',#11959,#11959,#11961,.T.);
#11959 = VERTEX_POINT('',#11960);
#11960 = CARTESIAN_POINT('',(58.,293.333,377.778));
#11961 = SURFACE_CURVE('',#11962,(#11967,#11979),.PCURVE_S1.);
#11962 = CIRCLE('',#11963,1.);
#11963 = AXIS2_PLACEMENT_3D('',#11964,#11965,#11966);
#11964 = CARTESIAN_POINT('',(57.,293.333,377.778));
#11965 = DIRECTION('',(0.,0.,1.));
#11966 = DIRECTION('',(1.,0.,-0.));
#11967 = PCURVE('',#11968,#11973);
#11968 = CYLINDRICAL_SURFACE('',#11969,1.);
#11969 = AXIS2_PLACEMENT_3D('',#11970,#11971,#11972);
#11970 = CARTESIAN_POINT('',(57.,293.333,244.167));
#11971 = DIRECTION('',(0.,0.,1.));
#11972 = DIRECTION('',(1.,0.,-0.));
#11973 = DEFINITIONAL_REPRESENTATION('',(#11974),#11978);
#11974 = LINE('',#11975,#11976);
#11975 = CARTESIAN_POINT('',(0.,133.611));
#11976 = VECTOR('',#11977,1.);
#11977 = DIRECTION('',(1.,0.));
#11978 = ( GEOMETRIC_REPRESENTATION_CONTEXT(2) 
PARAMETRIC_REPRESENTATION_CONTEXT() REPRESENTATION_CONTEXT('2D SPACE',''
  ) );
#11979 = PCURVE('',#11980,#11985);
#11980 = PLANE('',#11981);
#11981 = AXIS2_PLACEMENT_3D('',#11982,#11983,#11984);
#11982 = CARTESIAN_POINT('',(57.,293.333,377.778));
#11983 = DIRECTION('',(0.,0.,1.));
#11984 = DIRECTION('',(1.,0.,-0.));
#11985 = DEFINITIONAL_REPRESENTATION('',(#11986),#11990);
#11986 = CIRCLE('',#11987,1.);
#11987 = AXIS2_PLACEMENT_2D('',#11988,#11989);
#11988 = CARTESIAN_POINT('',(0.,0.));
#11989 = DIRECTION('',(1.,0.));
#11990 = ( GEOMETRIC_REPRESENTATION_CONTEXT(2) 
PARAMETRIC_REPRESENTATION_CONTEXT() REPRESENTATION_CONTEXT('2D SPACE',''
  ) );
#11991 = ORIENTED_EDGE('',*,*,#11992,.F.);
#11992 = EDGE_CURVE('',#11993,#11959,#11995,.T.);
#11993 = VERTEX_POINT('',#11994);
#11994 = CARTESIAN_POINT('',(58.,293.333,244.167));
#11995 = SEAM_CURVE('',#11996,(#12000,#12007),.PCURVE_S1.);
#11996 = LINE('',#11997,#11998);
#11997 = CARTESIAN_POINT('',(58.,293.333,244.167));
#11998 = VECTOR('',#11999,1.);
#11999 = DIRECTION('',(0.,0.,1.));
#12000 = PCURVE('',#11968,#12001);
#12001 = DEFINITIONAL_REPRESENTATION('',(#12002),#12006);
#12002 = LINE('',#12003,#12004);
#12003 = CARTESIAN_POINT('',(6.28318530718,-0.));
#12004 = VECTOR('',#12005,1.);
#12005 = DIRECTION('',(0.,1.));
#12006 = ( GEOMETRIC_REPRESENTATION_CONTEXT(2) 
PARAMETRIC_REPRESENTATION_CONTEXT() REPRESENTATION_CONTEXT('2D SPACE',''
  ) );
#12007 = PCURVE('',#11968,#12008);
#12008 = DEFINITIONAL_REPRESENTATION('',(#12009),#12013);
#12009 = LINE('',#12010,#12011);
#12010 = CARTESIAN_POINT('',(0.,-0.));
#12011 = VECTOR('',#12012,1.);
#12012 = DIRECTION('',(0.,1.));
#12013 = ( GEOMETRIC_REPRESENTATION_CONTEXT(2) 
PARAMETRIC_REPRESENTATION_CONTEXT() REPRESENTATION_CONTEXT('2D SPACE',''
  ) );
#12014 = ORIENTED_EDGE('',*,*,#12015,.T.);
#12015 = EDGE_CURVE('',#11993,#11993,#12016,.T.);
#12016 = SURFACE_CURVE('',#12017,(#12022,#12029),.PCURVE_S1.);
#12017 = CIRCLE('',#12018,1.);
#12018 = AXIS2_PLACEMENT_3D('',#12019,#12020,#12021);
#12019 = CARTESIAN_POINT('',(57.,293.333,244.167));
#12020 = DIRECTION('',(0.,0.,1.));
#12021 = DIRECTION('',(1.,0.,-0.));
#12022 = PCURVE('',#11968,#12023);
#12023 = DEFINITIONAL_REPRESENTATION('',(#12024),#12028);
#12024 = LINE('',#12025,#12026);
#12025 = CARTESIAN_POINT('',(0.,0.));
#12026 = VECTOR('',#12027,1.);
#12027 = DIRECTION('',(1.,0.));
#12028 = ( GEOMETRIC_REPRESENTATION_CONTEXT(2) 
PARAMETRIC_REPRESENTATION_CONTEXT() REPRESENTATION_CONTEXT('2D SPACE',''
  ) );
#12029 = PCURVE('',#12030,#12035);
#12030 = PLANE('',#12031);
#12031 = AXIS2_PLACEMENT_3D('',#12032,#12033,#12034);
#12032 = CARTESIAN_POINT('',(57.,293.333,244.167));
#12033 = DIRECTION('',(0.,0.,1.));
#12034 = DIRECTION('',(1.,0.,-0.));
#12035 = DEFINITIONAL_REPRESENTATION('',(#12036),#12040);
#12036 = CIRCLE('',#12037,1.);
#12037 = AXIS2_PLACEMENT_2D('',#12038,#12039);
#12038 = CARTESIAN_POINT('',(0.,0.));
#12039 = DIRECTION('',(1.,0.));
#12040 = ( GEOMETRIC_REPRESENTATION_CONTEXT(2) 
PARAMETRIC_REPRESENTATION_CONTEXT() REPRESENTATION_CONTEXT('2D SPACE',''
  ) );
#12041 = ORIENTED_EDGE('',*,*,#11992,.T.);
#12042 = ADVANCED_FACE('',(#12043),#11980,.T.);
#12043 = FACE_BOUND('',#12044,.T.);
#12044 = EDGE_LOOP('',(#12045));
#12045 = ORIENTED_EDGE('',*,*,#11958,.T.);
#12046 = ADVANCED_FACE('',(#12047),#12030,.F.);
#12047 = FACE_BOUND('',#12048,.T.);
#12048 = EDGE_LOOP('',(#12049));
#12049 = ORIENTED_EDGE('',*,*,#12015,.F.);
#12050 = ( GEOMETRIC_REPRESENTATION_CONTEXT(3) 
GLOBAL_UNCERTAINTY_ASSIGNED_CONTEXT((#12054)) 
GLOBAL_UNIT_ASSIGNED_CONTEXT((#12051,#12052,#12053)) 
REPRESENTATION_CONTEXT('Context #1',
  '3D Context with UNIT and UNCERTAINTY') );
#12051 = ( LENGTH_UNIT() NAMED_UNIT(*) SI_UNIT(.MILLI.,.METRE.) );
#12052 = ( NAMED_UNIT(*) PLANE_ANGLE_UNIT() SI_UNIT($,.RADIAN.) );
#12053 = ( NAMED_UNIT(*) SI_UNIT($,.STERADIAN.) SOLID_ANGLE_UNIT() );
#12054 = UNCERTAINTY_MEASURE_WITH_UNIT(LENGTH_MEASURE(1.E-07),#12051,
  'distance_accuracy_value','confusion accuracy');
#12055 = CONTEXT_DEPENDENT_SHAPE_REPRESENTATION(#12056,#12058);
#12056 = ( REPRESENTATION_RELATIONSHIP('','',#11951,#10) 
REPRESENTATION_RELATIONSHIP_WITH_TRANSFORMATION(#12057) 
SHAPE_REPRESENTATION_RELATIONSHIP() );
#12057 = ITEM_DEFINED_TRANSFORMATION('','',#11,#427);
#12058 = PRODUCT_DEFINITION_SHAPE('Placement','Placement of an item',
  #12059);
#12059 = NEXT_ASSEMBLY_USAGE_OCCURRENCE('104','0103_aft_electronics_bay'
  ,'',#5,#11946,$);
#12060 = PRODUCT_RELATED_PRODUCT_CATEGORY('part',$,(#11948));
#12061 = SHAPE_DEFINITION_REPRESENTATION(#12062,#12068);
#12062 = PRODUCT_DEFINITION_SHAPE('','',#12063);
#12063 = PRODUCT_DEFINITION('design','',#12064,#12067);
#12064 = PRODUCT_DEFINITION_FORMATION('','',#12065);
#12065 = PRODUCT('0104_aft_electronics_bay','0104_aft_electronics_bay',
  '',(#12066));
#12066 = PRODUCT_CONTEXT('',#2,'mechanical');
#12067 = PRODUCT_DEFINITION_CONTEXT('part definition',#2,'design');
#12068 = ADVANCED_BREP_SHAPE_REPRESENTATION('',(#11,#12069),#12167);
#12069 = MANIFOLD_SOLID_BREP('',#12070);
#12070 = CLOSED_SHELL('',(#12071,#12159,#12163));
#12071 = ADVANCED_FACE('',(#12072),#12085,.T.);
#12072 = FACE_BOUND('',#12073,.T.);
#12073 = EDGE_LOOP('',(#12074,#12108,#12131,#12158));
#12074 = ORIENTED_EDGE('',*,*,#12075,.F.);
#12075 = EDGE_CURVE('',#12076,#12076,#12078,.T.);
#12076 = VERTEX_POINT('',#12077);
#12077 = CARTESIAN_POINT('',(58.,420.,377.778));
#12078 = SURFACE_CURVE('',#12079,(#12084,#12096),.PCURVE_S1.);
#12079 = CIRCLE('',#12080,1.);
#12080 = AXIS2_PLACEMENT_3D('',#12081,#12082,#12083);
#12081 = CARTESIAN_POINT('',(57.,420.,377.778));
#12082 = DIRECTION('',(0.,0.,1.));
#12083 = DIRECTION('',(1.,0.,-0.));
#12084 = PCURVE('',#12085,#12090);
#12085 = CYLINDRICAL_SURFACE('',#12086,1.);
#12086 = AXIS2_PLACEMENT_3D('',#12087,#12088,#12089);
#12087 = CARTESIAN_POINT('',(57.,420.,244.167));
#12088 = DIRECTION('',(0.,0.,1.));
#12089 = DIRECTION('',(1.,0.,-0.));
#12090 = DEFINITIONAL_REPRESENTATION('',(#12091),#12095);
#12091 = LINE('',#12092,#12093);
#12092 = CARTESIAN_POINT('',(0.,133.611));
#12093 = VECTOR('',#12094,1.);
#12094 = DIRECTION('',(1.,0.));
#12095 = ( GEOMETRIC_REPRESENTATION_CONTEXT(2) 
PARAMETRIC_REPRESENTATION_CONTEXT() REPRESENTATION_CONTEXT('2D SPACE',''
  ) );
#12096 = PCURVE('',#12097,#12102);
#12097 = PLANE('',#12098);
#12098 = AXIS2_PLACEMENT_3D('',#12099,#12100,#12101);
#12099 = CARTESIAN_POINT('',(57.,420.,377.778));
#12100 = DIRECTION('',(0.,0.,1.));
#12101 = DIRECTION('',(1.,0.,-0.));
#12102 = DEFINITIONAL_REPRESENTATION('',(#12103),#12107);
#12103 = CIRCLE('',#12104,1.);
#12104 = AXIS2_PLACEMENT_2D('',#12105,#12106);
#12105 = CARTESIAN_POINT('',(0.,0.));
#12106 = DIRECTION('',(1.,0.));
#12107 = ( GEOMETRIC_REPRESENTATION_CONTEXT(2) 
PARAMETRIC_REPRESENTATION_CONTEXT() REPRESENTATION_CONTEXT('2D SPACE',''
  ) );
#12108 = ORIENTED_EDGE('',*,*,#12109,.F.);
#12109 = EDGE_CURVE('',#12110,#12076,#12112,.T.);
#12110 = VERTEX_POINT('',#12111);
#12111 = CARTESIAN_POINT('',(58.,420.,244.167));
#12112 = SEAM_CURVE('',#12113,(#12117,#12124),.PCURVE_S1.);
#12113 = LINE('',#12114,#12115);
#12114 = CARTESIAN_POINT('',(58.,420.,244.167));
#12115 = VECTOR('',#12116,1.);
#12116 = DIRECTION('',(0.,0.,1.));
#12117 = PCURVE('',#12085,#12118);
#12118 = DEFINITIONAL_REPRESENTATION('',(#12119),#12123);
#12119 = LINE('',#12120,#12121);
#12120 = CARTESIAN_POINT('',(6.28318530718,-0.));
#12121 = VECTOR('',#12122,1.);
#12122 = DIRECTION('',(0.,1.));
#12123 = ( GEOMETRIC_REPRESENTATION_CONTEXT(2) 
PARAMETRIC_REPRESENTATION_CONTEXT() REPRESENTATION_CONTEXT('2D SPACE',''
  ) );
#12124 = PCURVE('',#12085,#12125);
#12125 = DEFINITIONAL_REPRESENTATION('',(#12126),#12130);
#12126 = LINE('',#12127,#12128);
#12127 = CARTESIAN_POINT('',(0.,-0.));
#12128 = VECTOR('',#12129,1.);
#12129 = DIRECTION('',(0.,1.));
#12130 = ( GEOMETRIC_REPRESENTATION_CONTEXT(2) 
PARAMETRIC_REPRESENTATION_CONTEXT() REPRESENTATION_CONTEXT('2D SPACE',''
  ) );
#12131 = ORIENTED_EDGE('',*,*,#12132,.T.);
#12132 = EDGE_CURVE('',#12110,#12110,#12133,.T.);
#12133 = SURFACE_CURVE('',#12134,(#12139,#12146),.PCURVE_S1.);
#12134 = CIRCLE('',#12135,1.);
#12135 = AXIS2_PLACEMENT_3D('',#12136,#12137,#12138);
#12136 = CARTESIAN_POINT('',(57.,420.,244.167));
#12137 = DIRECTION('',(0.,0.,1.));
#12138 = DIRECTION('',(1.,0.,-0.));
#12139 = PCURVE('',#12085,#12140);
#12140 = DEFINITIONAL_REPRESENTATION('',(#12141),#12145);
#12141 = LINE('',#12142,#12143);
#12142 = CARTESIAN_POINT('',(0.,0.));
#12143 = VECTOR('',#12144,1.);
#12144 = DIRECTION('',(1.,0.));
#12145 = ( GEOMETRIC_REPRESENTATION_CONTEXT(2) 
PARAMETRIC_REPRESENTATION_CONTEXT() REPRESENTATION_CONTEXT('2D SPACE',''
  ) );
#12146 = PCURVE('',#12147,#12152);
#12147 = PLANE('',#12148);
#12148 = AXIS2_PLACEMENT_3D('',#12149,#12150,#12151);
#12149 = CARTESIAN_POINT('',(57.,420.,244.167));
#12150 = DIRECTION('',(0.,0.,1.));
#12151 = DIRECTION('',(1.,0.,-0.));
#12152 = DEFINITIONAL_REPRESENTATION('',(#12153),#12157);
#12153 = CIRCLE('',#12154,1.);
#12154 = AXIS2_PLACEMENT_2D('',#12155,#12156);
#12155 = CARTESIAN_POINT('',(0.,0.));
#12156 = DIRECTION('',(1.,0.));
#12157 = ( GEOMETRIC_REPRESENTATION_CONTEXT(2) 
PARAMETRIC_REPRESENTATION_CONTEXT() REPRESENTATION_CONTEXT('2D SPACE',''
  ) );
#12158 = ORIENTED_EDGE('',*,*,#12109,.T.);
#12159 = ADVANCED_FACE('',(#12160),#12097,.T.);
#12160 = FACE_BOUND('',#12161,.T.);
#12161 = EDGE_LOOP('',(#12162));
#12162 = ORIENTED_EDGE('',*,*,#12075,.T.);
#12163 = ADVANCED_FACE('',(#12164),#12147,.F.);
#12164 = FACE_BOUND('',#12165,.T.);
#12165 = EDGE_LOOP('',(#12166));
#12166 = ORIENTED_EDGE('',*,*,#12132,.F.);
#12167 = ( GEOMETRIC_REPRESENTATION_CONTEXT(3) 
GLOBAL_UNCERTAINTY_ASSIGNED_CONTEXT((#12171)) 
GLOBAL_UNIT_ASSIGNED_CONTEXT((#12168,#12169,#12170)) 
REPRESENTATION_CONTEXT('Context #1',
  '3D Context with UNIT and UNCERTAINTY') );
#12168 = ( LENGTH_UNIT() NAMED_UNIT(*) SI_UNIT(.MILLI.,.METRE.) );
#12169 = ( NAMED_UNIT(*) PLANE_ANGLE_UNIT() SI_UNIT($,.RADIAN.) );
#12170 = ( NAMED_UNIT(*) SI_UNIT($,.STERADIAN.) SOLID_ANGLE_UNIT() );
#12171 = UNCERTAINTY_MEASURE_WITH_UNIT(LENGTH_MEASURE(1.E-07),#12168,
  'distance_accuracy_value','confusion accuracy');
#12172 = CONTEXT_DEPENDENT_SHAPE_REPRESENTATION(#12173,#12175);
#12173 = ( REPRESENTATION_RELATIONSHIP('','',#12068,#10) 
REPRESENTATION_RELATIONSHIP_WITH_TRANSFORMATION(#12174) 
SHAPE_REPRESENTATION_RELATIONSHIP() );
#12174 = ITEM_DEFINED_TRANSFORMATION('','',#11,#431);
#12175 = PRODUCT_DEFINITION_SHAPE('Placement','Placement of an item',
  #12176);
#12176 = NEXT_ASSEMBLY_USAGE_OCCURRENCE('105','0104_aft_electronics_bay'
  ,'',#5,#12063,$);
#12177 = PRODUCT_RELATED_PRODUCT_CATEGORY('part',$,(#12065));
#12178 = SHAPE_DEFINITION_REPRESENTATION(#12179,#12185);
#12179 = PRODUCT_DEFINITION_SHAPE('','',#12180);
#12180 = PRODUCT_DEFINITION('design','',#12181,#12184);
#12181 = PRODUCT_DEFINITION_FORMATION('','',#12182);
#12182 = PRODUCT('0105_aft_electronics_bay','0105_aft_electronics_bay',
  '',(#12183));
#12183 = PRODUCT_CONTEXT('',#2,'mechanical');
#12184 = PRODUCT_DEFINITION_CONTEXT('part definition',#2,'design');
#12185 = ADVANCED_BREP_SHAPE_REPRESENTATION('',(#11,#12186),#12284);
#12186 = MANIFOLD_SOLID_BREP('',#12187);
#12187 = CLOSED_SHELL('',(#12188,#12276,#12280));
#12188 = ADVANCED_FACE('',(#12189),#12202,.T.);
#12189 = FACE_BOUND('',#12190,.T.);
#12190 = EDGE_LOOP('',(#12191,#12225,#12248,#12275));
#12191 = ORIENTED_EDGE('',*,*,#12192,.F.);
#12192 = EDGE_CURVE('',#12193,#12193,#12195,.T.);
#12193 = VERTEX_POINT('',#12194);
#12194 = CARTESIAN_POINT('',(-56.,420.,377.778));
#12195 = SURFACE_CURVE('',#12196,(#12201,#12213),.PCURVE_S1.);
#12196 = CIRCLE('',#12197,1.);
#12197 = AXIS2_PLACEMENT_3D('',#12198,#12199,#12200);
#12198 = CARTESIAN_POINT('',(-57.,420.,377.778));
#12199 = DIRECTION('',(0.,0.,1.));
#12200 = DIRECTION('',(1.,0.,-0.));
#12201 = PCURVE('',#12202,#12207);
#12202 = CYLINDRICAL_SURFACE('',#12203,1.);
#12203 = AXIS2_PLACEMENT_3D('',#12204,#12205,#12206);
#12204 = CARTESIAN_POINT('',(-57.,420.,244.167));
#12205 = DIRECTION('',(0.,0.,1.));
#12206 = DIRECTION('',(1.,0.,-0.));
#12207 = DEFINITIONAL_REPRESENTATION('',(#12208),#12212);
#12208 = LINE('',#12209,#12210);
#12209 = CARTESIAN_POINT('',(0.,133.611));
#12210 = VECTOR('',#12211,1.);
#12211 = DIRECTION('',(1.,0.));
#12212 = ( GEOMETRIC_REPRESENTATION_CONTEXT(2) 
PARAMETRIC_REPRESENTATION_CONTEXT() REPRESENTATION_CONTEXT('2D SPACE',''
  ) );
#12213 = PCURVE('',#12214,#12219);
#12214 = PLANE('',#12215);
#12215 = AXIS2_PLACEMENT_3D('',#12216,#12217,#12218);
#12216 = CARTESIAN_POINT('',(-57.,420.,377.778));
#12217 = DIRECTION('',(0.,0.,1.));
#12218 = DIRECTION('',(1.,0.,-0.));
#12219 = DEFINITIONAL_REPRESENTATION('',(#12220),#12224);
#12220 = CIRCLE('',#12221,1.);
#12221 = AXIS2_PLACEMENT_2D('',#12222,#12223);
#12222 = CARTESIAN_POINT('',(0.,0.));
#12223 = DIRECTION('',(1.,0.));
#12224 = ( GEOMETRIC_REPRESENTATION_CONTEXT(2) 
PARAMETRIC_REPRESENTATION_CONTEXT() REPRESENTATION_CONTEXT('2D SPACE',''
  ) );
#12225 = ORIENTED_EDGE('',*,*,#12226,.F.);
#12226 = EDGE_CURVE('',#12227,#12193,#12229,.T.);
#12227 = VERTEX_POINT('',#12228);
#12228 = CARTESIAN_POINT('',(-56.,420.,244.167));
#12229 = SEAM_CURVE('',#12230,(#12234,#12241),.PCURVE_S1.);
#12230 = LINE('',#12231,#12232);
#12231 = CARTESIAN_POINT('',(-56.,420.,244.167));
#12232 = VECTOR('',#12233,1.);
#12233 = DIRECTION('',(0.,0.,1.));
#12234 = PCURVE('',#12202,#12235);
#12235 = DEFINITIONAL_REPRESENTATION('',(#12236),#12240);
#12236 = LINE('',#12237,#12238);
#12237 = CARTESIAN_POINT('',(6.28318530718,-0.));
#12238 = VECTOR('',#12239,1.);
#12239 = DIRECTION('',(0.,1.));
#12240 = ( GEOMETRIC_REPRESENTATION_CONTEXT(2) 
PARAMETRIC_REPRESENTATION_CONTEXT() REPRESENTATION_CONTEXT('2D SPACE',''
  ) );
#12241 = PCURVE('',#12202,#12242);
#12242 = DEFINITIONAL_REPRESENTATION('',(#12243),#12247);
#12243 = LINE('',#12244,#12245);
#12244 = CARTESIAN_POINT('',(0.,-0.));
#12245 = VECTOR('',#12246,1.);
#12246 = DIRECTION('',(0.,1.));
#12247 = ( GEOMETRIC_REPRESENTATION_CONTEXT(2) 
PARAMETRIC_REPRESENTATION_CONTEXT() REPRESENTATION_CONTEXT('2D SPACE',''
  ) );
#12248 = ORIENTED_EDGE('',*,*,#12249,.T.);
#12249 = EDGE_CURVE('',#12227,#12227,#12250,.T.);
#12250 = SURFACE_CURVE('',#12251,(#12256,#12263),.PCURVE_S1.);
#12251 = CIRCLE('',#12252,1.);
#12252 = AXIS2_PLACEMENT_3D('',#12253,#12254,#12255);
#12253 = CARTESIAN_POINT('',(-57.,420.,244.167));
#12254 = DIRECTION('',(0.,0.,1.));
#12255 = DIRECTION('',(1.,0.,-0.));
#12256 = PCURVE('',#12202,#12257);
#12257 = DEFINITIONAL_REPRESENTATION('',(#12258),#12262);
#12258 = LINE('',#12259,#12260);
#12259 = CARTESIAN_POINT('',(0.,0.));
#12260 = VECTOR('',#12261,1.);
#12261 = DIRECTION('',(1.,0.));
#12262 = ( GEOMETRIC_REPRESENTATION_CONTEXT(2) 
PARAMETRIC_REPRESENTATION_CONTEXT() REPRESENTATION_CONTEXT('2D SPACE',''
  ) );
#12263 = PCURVE('',#12264,#12269);
#12264 = PLANE('',#12265);
#12265 = AXIS2_PLACEMENT_3D('',#12266,#12267,#12268);
#12266 = CARTESIAN_POINT('',(-57.,420.,244.167));
#12267 = DIRECTION('',(0.,0.,1.));
#12268 = DIRECTION('',(1.,0.,-0.));
#12269 = DEFINITIONAL_REPRESENTATION('',(#12270),#12274);
#12270 = CIRCLE('',#12271,1.);
#12271 = AXIS2_PLACEMENT_2D('',#12272,#12273);
#12272 = CARTESIAN_POINT('',(0.,0.));
#12273 = DIRECTION('',(1.,0.));
#12274 = ( GEOMETRIC_REPRESENTATION_CONTEXT(2) 
PARAMETRIC_REPRESENTATION_CONTEXT() REPRESENTATION_CONTEXT('2D SPACE',''
  ) );
#12275 = ORIENTED_EDGE('',*,*,#12226,.T.);
#12276 = ADVANCED_FACE('',(#12277),#12214,.T.);
#12277 = FACE_BOUND('',#12278,.T.);
#12278 = EDGE_LOOP('',(#12279));
#12279 = ORIENTED_EDGE('',*,*,#12192,.T.);
#12280 = ADVANCED_FACE('',(#12281),#12264,.F.);
#12281 = FACE_BOUND('',#12282,.T.);
#12282 = EDGE_LOOP('',(#12283));
#12283 = ORIENTED_EDGE('',*,*,#12249,.F.);
#12284 = ( GEOMETRIC_REPRESENTATION_CONTEXT(3) 
GLOBAL_UNCERTAINTY_ASSIGNED_CONTEXT((#12288)) 
GLOBAL_UNIT_ASSIGNED_CONTEXT((#12285,#12286,#12287)) 
REPRESENTATION_CONTEXT('Context #1',
  '3D Context with UNIT and UNCERTAINTY') );
#12285 = ( LENGTH_UNIT() NAMED_UNIT(*) SI_UNIT(.MILLI.,.METRE.) );
#12286 = ( NAMED_UNIT(*) PLANE_ANGLE_UNIT() SI_UNIT($,.RADIAN.) );
#12287 = ( NAMED_UNIT(*) SI_UNIT($,.STERADIAN.) SOLID_ANGLE_UNIT() );
#12288 = UNCERTAINTY_MEASURE_WITH_UNIT(LENGTH_MEASURE(1.E-07),#12285,
  'distance_accuracy_value','confusion accuracy');
#12289 = CONTEXT_DEPENDENT_SHAPE_REPRESENTATION(#12290,#12292);
#12290 = ( REPRESENTATION_RELATIONSHIP('','',#12185,#10) 
REPRESENTATION_RELATIONSHIP_WITH_TRANSFORMATION(#12291) 
SHAPE_REPRESENTATION_RELATIONSHIP() );
#12291 = ITEM_DEFINED_TRANSFORMATION('','',#11,#435);
#12292 = PRODUCT_DEFINITION_SHAPE('Placement','Placement of an item',
  #12293);
#12293 = NEXT_ASSEMBLY_USAGE_OCCURRENCE('106','0105_aft_electronics_bay'
  ,'',#5,#12180,$);
#12294 = PRODUCT_RELATED_PRODUCT_CATEGORY('part',$,(#12182));
#12295 = SHAPE_DEFINITION_REPRESENTATION(#12296,#12302);
#12296 = PRODUCT_DEFINITION_SHAPE('','',#12297);
#12297 = PRODUCT_DEFINITION('design','',#12298,#12301);
#12298 = PRODUCT_DEFINITION_FORMATION('','',#12299);
#12299 = PRODUCT('0106_overall_dog_envelope','0106_overall_dog_envelope'
  ,'',(#12300));
#12300 = PRODUCT_CONTEXT('',#2,'mechanical');
#12301 = PRODUCT_DEFINITION_CONTEXT('part definition',#2,'design');
#12302 = ADVANCED_BREP_SHAPE_REPRESENTATION('',(#11,#12303),#12401);
#12303 = MANIFOLD_SOLID_BREP('',#12304);
#12304 = CLOSED_SHELL('',(#12305,#12393,#12397));
#12305 = ADVANCED_FACE('',(#12306),#12319,.T.);
#12306 = FACE_BOUND('',#12307,.T.);
#12307 = EDGE_LOOP('',(#12308,#12342,#12365,#12392));
#12308 = ORIENTED_EDGE('',*,*,#12309,.F.);
#12309 = EDGE_CURVE('',#12310,#12310,#12312,.T.);
#12310 = VERTEX_POINT('',#12311);
#12311 = CARTESIAN_POINT('',(87.6,2.939152317954E-16,1.2));
#12312 = SURFACE_CURVE('',#12313,(#12318,#12330),.PCURVE_S1.);
#12313 = CIRCLE('',#12314,1.2);
#12314 = AXIS2_PLACEMENT_3D('',#12315,#12316,#12317);
#12315 = CARTESIAN_POINT('',(87.6,0.,0.));
#12316 = DIRECTION('',(1.,0.,0.));
#12317 = DIRECTION('',(-0.,0.,1.));
#12318 = PCURVE('',#12319,#12324);
#12319 = CYLINDRICAL_SURFACE('',#12320,1.2);
#12320 = AXIS2_PLACEMENT_3D('',#12321,#12322,#12323);
#12321 = CARTESIAN_POINT('',(-87.6,0.,0.));
#12322 = DIRECTION('',(1.,0.,0.));
#12323 = DIRECTION('',(-0.,0.,1.));
#12324 = DEFINITIONAL_REPRESENTATION('',(#12325),#12329);
#12325 = LINE('',#12326,#12327);
#12326 = CARTESIAN_POINT('',(0.,175.2));
#12327 = VECTOR('',#12328,1.);
#12328 = DIRECTION('',(1.,0.));
#12329 = ( GEOMETRIC_REPRESENTATION_CONTEXT(2) 
PARAMETRIC_REPRESENTATION_CONTEXT() REPRESENTATION_CONTEXT('2D SPACE',''
  ) );
#12330 = PCURVE('',#12331,#12336);
#12331 = PLANE('',#12332);
#12332 = AXIS2_PLACEMENT_3D('',#12333,#12334,#12335);
#12333 = CARTESIAN_POINT('',(87.6,0.,0.));
#12334 = DIRECTION('',(1.,0.,0.));
#12335 = DIRECTION('',(-0.,0.,1.));
#12336 = DEFINITIONAL_REPRESENTATION('',(#12337),#12341);
#12337 = CIRCLE('',#12338,1.2);
#12338 = AXIS2_PLACEMENT_2D('',#12339,#12340);
#12339 = CARTESIAN_POINT('',(0.,0.));
#12340 = DIRECTION('',(1.,0.));
#12341 = ( GEOMETRIC_REPRESENTATION_CONTEXT(2) 
PARAMETRIC_REPRESENTATION_CONTEXT() REPRESENTATION_CONTEXT('2D SPACE',''
  ) );
#12342 = ORIENTED_EDGE('',*,*,#12343,.F.);
#12343 = EDGE_CURVE('',#12344,#12310,#12346,.T.);
#12344 = VERTEX_POINT('',#12345);
#12345 = CARTESIAN_POINT('',(-87.6,2.939152317954E-16,1.2));
#12346 = SEAM_CURVE('',#12347,(#12351,#12358),.PCURVE_S1.);
#12347 = LINE('',#12348,#12349);
#12348 = CARTESIAN_POINT('',(-87.6,2.939152317954E-16,1.2));
#12349 = VECTOR('',#12350,1.);
#12350 = DIRECTION('',(1.,0.,0.));
#12351 = PCURVE('',#12319,#12352);
#12352 = DEFINITIONAL_REPRESENTATION('',(#12353),#12357);
#12353 = LINE('',#12354,#12355);
#12354 = CARTESIAN_POINT('',(6.28318530718,-0.));
#12355 = VECTOR('',#12356,1.);
#12356 = DIRECTION('',(0.,1.));
#12357 = ( GEOMETRIC_REPRESENTATION_CONTEXT(2) 
PARAMETRIC_REPRESENTATION_CONTEXT() REPRESENTATION_CONTEXT('2D SPACE',''
  ) );
#12358 = PCURVE('',#12319,#12359);
#12359 = DEFINITIONAL_REPRESENTATION('',(#12360),#12364);
#12360 = LINE('',#12361,#12362);
#12361 = CARTESIAN_POINT('',(0.,-0.));
#12362 = VECTOR('',#12363,1.);
#12363 = DIRECTION('',(0.,1.));
#12364 = ( GEOMETRIC_REPRESENTATION_CONTEXT(2) 
PARAMETRIC_REPRESENTATION_CONTEXT() REPRESENTATION_CONTEXT('2D SPACE',''
  ) );
#12365 = ORIENTED_EDGE('',*,*,#12366,.T.);
#12366 = EDGE_CURVE('',#12344,#12344,#12367,.T.);
#12367 = SURFACE_CURVE('',#12368,(#12373,#12380),.PCURVE_S1.);
#12368 = CIRCLE('',#12369,1.2);
#12369 = AXIS2_PLACEMENT_3D('',#12370,#12371,#12372);
#12370 = CARTESIAN_POINT('',(-87.6,0.,0.));
#12371 = DIRECTION('',(1.,0.,0.));
#12372 = DIRECTION('',(-0.,0.,1.));
#12373 = PCURVE('',#12319,#12374);
#12374 = DEFINITIONAL_REPRESENTATION('',(#12375),#12379);
#12375 = LINE('',#12376,#12377);
#12376 = CARTESIAN_POINT('',(0.,0.));
#12377 = VECTOR('',#12378,1.);
#12378 = DIRECTION('',(1.,0.));
#12379 = ( GEOMETRIC_REPRESENTATION_CONTEXT(2) 
PARAMETRIC_REPRESENTATION_CONTEXT() REPRESENTATION_CONTEXT('2D SPACE',''
  ) );
#12380 = PCURVE('',#12381,#12386);
#12381 = PLANE('',#12382);
#12382 = AXIS2_PLACEMENT_3D('',#12383,#12384,#12385);
#12383 = CARTESIAN_POINT('',(-87.6,0.,0.));
#12384 = DIRECTION('',(1.,0.,0.));
#12385 = DIRECTION('',(-0.,0.,1.));
#12386 = DEFINITIONAL_REPRESENTATION('',(#12387),#12391);
#12387 = CIRCLE('',#12388,1.2);
#12388 = AXIS2_PLACEMENT_2D('',#12389,#12390);
#12389 = CARTESIAN_POINT('',(0.,0.));
#12390 = DIRECTION('',(1.,0.));
#12391 = ( GEOMETRIC_REPRESENTATION_CONTEXT(2) 
PARAMETRIC_REPRESENTATION_CONTEXT() REPRESENTATION_CONTEXT('2D SPACE',''
  ) );
#12392 = ORIENTED_EDGE('',*,*,#12343,.T.);
#12393 = ADVANCED_FACE('',(#12394),#12331,.T.);
#12394 = FACE_BOUND('',#12395,.T.);
#12395 = EDGE_LOOP('',(#12396));
#12396 = ORIENTED_EDGE('',*,*,#12309,.T.);
#12397 = ADVANCED_FACE('',(#12398),#12381,.F.);
#12398 = FACE_BOUND('',#12399,.T.);
#12399 = EDGE_LOOP('',(#12400));
#12400 = ORIENTED_EDGE('',*,*,#12366,.F.);
#12401 = ( GEOMETRIC_REPRESENTATION_CONTEXT(3) 
GLOBAL_UNCERTAINTY_ASSIGNED_CONTEXT((#12405)) 
GLOBAL_UNIT_ASSIGNED_CONTEXT((#12402,#12403,#12404)) 
REPRESENTATION_CONTEXT('Context #1',
  '3D Context with UNIT and UNCERTAINTY') );
#12402 = ( LENGTH_UNIT() NAMED_UNIT(*) SI_UNIT(.MILLI.,.METRE.) );
#12403 = ( NAMED_UNIT(*) PLANE_ANGLE_UNIT() SI_UNIT($,.RADIAN.) );
#12404 = ( NAMED_UNIT(*) SI_UNIT($,.STERADIAN.) SOLID_ANGLE_UNIT() );
#12405 = UNCERTAINTY_MEASURE_WITH_UNIT(LENGTH_MEASURE(1.E-07),#12402,
  'distance_accuracy_value','confusion accuracy');
#12406 = CONTEXT_DEPENDENT_SHAPE_REPRESENTATION(#12407,#12409);
#12407 = ( REPRESENTATION_RELATIONSHIP('','',#12302,#10) 
REPRESENTATION_RELATIONSHIP_WITH_TRANSFORMATION(#12408) 
SHAPE_REPRESENTATION_RELATIONSHIP() );
#12408 = ITEM_DEFINED_TRANSFORMATION('','',#11,#439);
#12409 = PRODUCT_DEFINITION_SHAPE('Placement','Placement of an item',
  #12410);
#12410 = NEXT_ASSEMBLY_USAGE_OCCURRENCE('107',
  '0106_overall_dog_envelope','',#5,#12297,$);
#12411 = PRODUCT_RELATED_PRODUCT_CATEGORY('part',$,(#12299));
#12412 = SHAPE_DEFINITION_REPRESENTATION(#12413,#12419);
#12413 = PRODUCT_DEFINITION_SHAPE('','',#12414);
#12414 = PRODUCT_DEFINITION('design','',#12415,#12418);
#12415 = PRODUCT_DEFINITION_FORMATION('','',#12416);
#12416 = PRODUCT('0107_overall_dog_envelope','0107_overall_dog_envelope'
  ,'',(#12417));
#12417 = PRODUCT_CONTEXT('',#2,'mechanical');
#12418 = PRODUCT_DEFINITION_CONTEXT('part definition',#2,'design');
#12419 = ADVANCED_BREP_SHAPE_REPRESENTATION('',(#11,#12420),#12518);
#12420 = MANIFOLD_SOLID_BREP('',#12421);
#12421 = CLOSED_SHELL('',(#12422,#12510,#12514));
#12422 = ADVANCED_FACE('',(#12423),#12436,.T.);
#12423 = FACE_BOUND('',#12424,.T.);
#12424 = EDGE_LOOP('',(#12425,#12459,#12482,#12509));
#12425 = ORIENTED_EDGE('',*,*,#12426,.F.);
#12426 = EDGE_CURVE('',#12427,#12427,#12429,.T.);
#12427 = VERTEX_POINT('',#12428);
#12428 = CARTESIAN_POINT('',(87.6,614.72,1.2));
#12429 = SURFACE_CURVE('',#12430,(#12435,#12447),.PCURVE_S1.);
#12430 = CIRCLE('',#12431,1.2);
#12431 = AXIS2_PLACEMENT_3D('',#12432,#12433,#12434);
#12432 = CARTESIAN_POINT('',(87.6,614.72,0.));
#12433 = DIRECTION('',(0.,1.,0.));
#12434 = DIRECTION('',(0.,-0.,1.));
#12435 = PCURVE('',#12436,#12441);
#12436 = CYLINDRICAL_SURFACE('',#12437,1.2);
#12437 = AXIS2_PLACEMENT_3D('',#12438,#12439,#12440);
#12438 = CARTESIAN_POINT('',(87.6,0.,0.));
#12439 = DIRECTION('',(0.,1.,0.));
#12440 = DIRECTION('',(0.,-0.,1.));
#12441 = DEFINITIONAL_REPRESENTATION('',(#12442),#12446);
#12442 = LINE('',#12443,#12444);
#12443 = CARTESIAN_POINT('',(0.,614.72));
#12444 = VECTOR('',#12445,1.);
#12445 = DIRECTION('',(1.,0.));
#12446 = ( GEOMETRIC_REPRESENTATION_CONTEXT(2) 
PARAMETRIC_REPRESENTATION_CONTEXT() REPRESENTATION_CONTEXT('2D SPACE',''
  ) );
#12447 = PCURVE('',#12448,#12453);
#12448 = PLANE('',#12449);
#12449 = AXIS2_PLACEMENT_3D('',#12450,#12451,#12452);
#12450 = CARTESIAN_POINT('',(87.6,614.72,0.));
#12451 = DIRECTION('',(0.,1.,0.));
#12452 = DIRECTION('',(0.,-0.,1.));
#12453 = DEFINITIONAL_REPRESENTATION('',(#12454),#12458);
#12454 = CIRCLE('',#12455,1.2);
#12455 = AXIS2_PLACEMENT_2D('',#12456,#12457);
#12456 = CARTESIAN_POINT('',(0.,0.));
#12457 = DIRECTION('',(1.,0.));
#12458 = ( GEOMETRIC_REPRESENTATION_CONTEXT(2) 
PARAMETRIC_REPRESENTATION_CONTEXT() REPRESENTATION_CONTEXT('2D SPACE',''
  ) );
#12459 = ORIENTED_EDGE('',*,*,#12460,.F.);
#12460 = EDGE_CURVE('',#12461,#12427,#12463,.T.);
#12461 = VERTEX_POINT('',#12462);
#12462 = CARTESIAN_POINT('',(87.6,0.,1.2));
#12463 = SEAM_CURVE('',#12464,(#12468,#12475),.PCURVE_S1.);
#12464 = LINE('',#12465,#12466);
#12465 = CARTESIAN_POINT('',(87.6,0.,1.2));
#12466 = VECTOR('',#12467,1.);
#12467 = DIRECTION('',(0.,1.,0.));
#12468 = PCURVE('',#12436,#12469);
#12469 = DEFINITIONAL_REPRESENTATION('',(#12470),#12474);
#12470 = LINE('',#12471,#12472);
#12471 = CARTESIAN_POINT('',(6.28318530718,-0.));
#12472 = VECTOR('',#12473,1.);
#12473 = DIRECTION('',(0.,1.));
#12474 = ( GEOMETRIC_REPRESENTATION_CONTEXT(2) 
PARAMETRIC_REPRESENTATION_CONTEXT() REPRESENTATION_CONTEXT('2D SPACE',''
  ) );
#12475 = PCURVE('',#12436,#12476);
#12476 = DEFINITIONAL_REPRESENTATION('',(#12477),#12481);
#12477 = LINE('',#12478,#12479);
#12478 = CARTESIAN_POINT('',(0.,-0.));
#12479 = VECTOR('',#12480,1.);
#12480 = DIRECTION('',(0.,1.));
#12481 = ( GEOMETRIC_REPRESENTATION_CONTEXT(2) 
PARAMETRIC_REPRESENTATION_CONTEXT() REPRESENTATION_CONTEXT('2D SPACE',''
  ) );
#12482 = ORIENTED_EDGE('',*,*,#12483,.T.);
#12483 = EDGE_CURVE('',#12461,#12461,#12484,.T.);
#12484 = SURFACE_CURVE('',#12485,(#12490,#12497),.PCURVE_S1.);
#12485 = CIRCLE('',#12486,1.2);
#12486 = AXIS2_PLACEMENT_3D('',#12487,#12488,#12489);
#12487 = CARTESIAN_POINT('',(87.6,0.,0.));
#12488 = DIRECTION('',(0.,1.,0.));
#12489 = DIRECTION('',(0.,-0.,1.));
#12490 = PCURVE('',#12436,#12491);
#12491 = DEFINITIONAL_REPRESENTATION('',(#12492),#12496);
#12492 = LINE('',#12493,#12494);
#12493 = CARTESIAN_POINT('',(0.,0.));
#12494 = VECTOR('',#12495,1.);
#12495 = DIRECTION('',(1.,0.));
#12496 = ( GEOMETRIC_REPRESENTATION_CONTEXT(2) 
PARAMETRIC_REPRESENTATION_CONTEXT() REPRESENTATION_CONTEXT('2D SPACE',''
  ) );
#12497 = PCURVE('',#12498,#12503);
#12498 = PLANE('',#12499);
#12499 = AXIS2_PLACEMENT_3D('',#12500,#12501,#12502);
#12500 = CARTESIAN_POINT('',(87.6,0.,0.));
#12501 = DIRECTION('',(0.,1.,0.));
#12502 = DIRECTION('',(0.,-0.,1.));
#12503 = DEFINITIONAL_REPRESENTATION('',(#12504),#12508);
#12504 = CIRCLE('',#12505,1.2);
#12505 = AXIS2_PLACEMENT_2D('',#12506,#12507);
#12506 = CARTESIAN_POINT('',(0.,0.));
#12507 = DIRECTION('',(1.,0.));
#12508 = ( GEOMETRIC_REPRESENTATION_CONTEXT(2) 
PARAMETRIC_REPRESENTATION_CONTEXT() REPRESENTATION_CONTEXT('2D SPACE',''
  ) );
#12509 = ORIENTED_EDGE('',*,*,#12460,.T.);
#12510 = ADVANCED_FACE('',(#12511),#12448,.T.);
#12511 = FACE_BOUND('',#12512,.T.);
#12512 = EDGE_LOOP('',(#12513));
#12513 = ORIENTED_EDGE('',*,*,#12426,.T.);
#12514 = ADVANCED_FACE('',(#12515),#12498,.F.);
#12515 = FACE_BOUND('',#12516,.T.);
#12516 = EDGE_LOOP('',(#12517));
#12517 = ORIENTED_EDGE('',*,*,#12483,.F.);
#12518 = ( GEOMETRIC_REPRESENTATION_CONTEXT(3) 
GLOBAL_UNCERTAINTY_ASSIGNED_CONTEXT((#12522)) 
GLOBAL_UNIT_ASSIGNED_CONTEXT((#12519,#12520,#12521)) 
REPRESENTATION_CONTEXT('Context #1',
  '3D Context with UNIT and UNCERTAINTY') );
#12519 = ( LENGTH_UNIT() NAMED_UNIT(*) SI_UNIT(.MILLI.,.METRE.) );
#12520 = ( NAMED_UNIT(*) PLANE_ANGLE_UNIT() SI_UNIT($,.RADIAN.) );
#12521 = ( NAMED_UNIT(*) SI_UNIT($,.STERADIAN.) SOLID_ANGLE_UNIT() );
#12522 = UNCERTAINTY_MEASURE_WITH_UNIT(LENGTH_MEASURE(1.E-07),#12519,
  'distance_accuracy_value','confusion accuracy');
#12523 = CONTEXT_DEPENDENT_SHAPE_REPRESENTATION(#12524,#12526);
#12524 = ( REPRESENTATION_RELATIONSHIP('','',#12419,#10) 
REPRESENTATION_RELATIONSHIP_WITH_TRANSFORMATION(#12525) 
SHAPE_REPRESENTATION_RELATIONSHIP() );
#12525 = ITEM_DEFINED_TRANSFORMATION('','',#11,#443);
#12526 = PRODUCT_DEFINITION_SHAPE('Placement','Placement of an item',
  #12527);
#12527 = NEXT_ASSEMBLY_USAGE_OCCURRENCE('108',
  '0107_overall_dog_envelope','',#5,#12414,$);
#12528 = PRODUCT_RELATED_PRODUCT_CATEGORY('part',$,(#12416));
#12529 = SHAPE_DEFINITION_REPRESENTATION(#12530,#12536);
#12530 = PRODUCT_DEFINITION_SHAPE('','',#12531);
#12531 = PRODUCT_DEFINITION('design','',#12532,#12535);
#12532 = PRODUCT_DEFINITION_FORMATION('','',#12533);
#12533 = PRODUCT('0108_overall_dog_envelope','0108_overall_dog_envelope'
  ,'',(#12534));
#12534 = PRODUCT_CONTEXT('',#2,'mechanical');
#12535 = PRODUCT_DEFINITION_CONTEXT('part definition',#2,'design');
#12536 = ADVANCED_BREP_SHAPE_REPRESENTATION('',(#11,#12537),#12635);
#12537 = MANIFOLD_SOLID_BREP('',#12538);
#12538 = CLOSED_SHELL('',(#12539,#12627,#12631));
#12539 = ADVANCED_FACE('',(#12540),#12553,.T.);
#12540 = FACE_BOUND('',#12541,.T.);
#12541 = EDGE_LOOP('',(#12542,#12576,#12599,#12626));
#12542 = ORIENTED_EDGE('',*,*,#12543,.F.);
#12543 = EDGE_CURVE('',#12544,#12544,#12546,.T.);
#12544 = VERTEX_POINT('',#12545);
#12545 = CARTESIAN_POINT('',(-87.6,614.72,-1.2));
#12546 = SURFACE_CURVE('',#12547,(#12552,#12564),.PCURVE_S1.);
#12547 = CIRCLE('',#12548,1.2);
#12548 = AXIS2_PLACEMENT_3D('',#12549,#12550,#12551);
#12549 = CARTESIAN_POINT('',(-87.6,614.72,0.));
#12550 = DIRECTION('',(-1.,0.,0.));
#12551 = DIRECTION('',(0.,0.,-1.));
#12552 = PCURVE('',#12553,#12558);
#12553 = CYLINDRICAL_SURFACE('',#12554,1.2);
#12554 = AXIS2_PLACEMENT_3D('',#12555,#12556,#12557);
#12555 = CARTESIAN_POINT('',(87.6,614.72,0.));
#12556 = DIRECTION('',(-1.,0.,0.));
#12557 = DIRECTION('',(0.,0.,-1.));
#12558 = DEFINITIONAL_REPRESENTATION('',(#12559),#12563);
#12559 = LINE('',#12560,#12561);
#12560 = CARTESIAN_POINT('',(0.,175.2));
#12561 = VECTOR('',#12562,1.);
#12562 = DIRECTION('',(1.,0.));
#12563 = ( GEOMETRIC_REPRESENTATION_CONTEXT(2) 
PARAMETRIC_REPRESENTATION_CONTEXT() REPRESENTATION_CONTEXT('2D SPACE',''
  ) );
#12564 = PCURVE('',#12565,#12570);
#12565 = PLANE('',#12566);
#12566 = AXIS2_PLACEMENT_3D('',#12567,#12568,#12569);
#12567 = CARTESIAN_POINT('',(-87.6,614.72,0.));
#12568 = DIRECTION('',(-1.,0.,0.));
#12569 = DIRECTION('',(0.,0.,-1.));
#12570 = DEFINITIONAL_REPRESENTATION('',(#12571),#12575);
#12571 = CIRCLE('',#12572,1.2);
#12572 = AXIS2_PLACEMENT_2D('',#12573,#12574);
#12573 = CARTESIAN_POINT('',(0.,0.));
#12574 = DIRECTION('',(1.,0.));
#12575 = ( GEOMETRIC_REPRESENTATION_CONTEXT(2) 
PARAMETRIC_REPRESENTATION_CONTEXT() REPRESENTATION_CONTEXT('2D SPACE',''
  ) );
#12576 = ORIENTED_EDGE('',*,*,#12577,.F.);
#12577 = EDGE_CURVE('',#12578,#12544,#12580,.T.);
#12578 = VERTEX_POINT('',#12579);
#12579 = CARTESIAN_POINT('',(87.6,614.72,-1.2));
#12580 = SEAM_CURVE('',#12581,(#12585,#12592),.PCURVE_S1.);
#12581 = LINE('',#12582,#12583);
#12582 = CARTESIAN_POINT('',(87.6,614.72,-1.2));
#12583 = VECTOR('',#12584,1.);
#12584 = DIRECTION('',(-1.,0.,0.));
#12585 = PCURVE('',#12553,#12586);
#12586 = DEFINITIONAL_REPRESENTATION('',(#12587),#12591);
#12587 = LINE('',#12588,#12589);
#12588 = CARTESIAN_POINT('',(6.28318530718,-0.));
#12589 = VECTOR('',#12590,1.);
#12590 = DIRECTION('',(0.,1.));
#12591 = ( GEOMETRIC_REPRESENTATION_CONTEXT(2) 
PARAMETRIC_REPRESENTATION_CONTEXT() REPRESENTATION_CONTEXT('2D SPACE',''
  ) );
#12592 = PCURVE('',#12553,#12593);
#12593 = DEFINITIONAL_REPRESENTATION('',(#12594),#12598);
#12594 = LINE('',#12595,#12596);
#12595 = CARTESIAN_POINT('',(0.,-0.));
#12596 = VECTOR('',#12597,1.);
#12597 = DIRECTION('',(0.,1.));
#12598 = ( GEOMETRIC_REPRESENTATION_CONTEXT(2) 
PARAMETRIC_REPRESENTATION_CONTEXT() REPRESENTATION_CONTEXT('2D SPACE',''
  ) );
#12599 = ORIENTED_EDGE('',*,*,#12600,.T.);
#12600 = EDGE_CURVE('',#12578,#12578,#12601,.T.);
#12601 = SURFACE_CURVE('',#12602,(#12607,#12614),.PCURVE_S1.);
#12602 = CIRCLE('',#12603,1.2);
#12603 = AXIS2_PLACEMENT_3D('',#12604,#12605,#12606);
#12604 = CARTESIAN_POINT('',(87.6,614.72,0.));
#12605 = DIRECTION('',(-1.,0.,0.));
#12606 = DIRECTION('',(0.,0.,-1.));
#12607 = PCURVE('',#12553,#12608);
#12608 = DEFINITIONAL_REPRESENTATION('',(#12609),#12613);
#12609 = LINE('',#12610,#12611);
#12610 = CARTESIAN_POINT('',(0.,0.));
#12611 = VECTOR('',#12612,1.);
#12612 = DIRECTION('',(1.,0.));
#12613 = ( GEOMETRIC_REPRESENTATION_CONTEXT(2) 
PARAMETRIC_REPRESENTATION_CONTEXT() REPRESENTATION_CONTEXT('2D SPACE',''
  ) );
#12614 = PCURVE('',#12615,#12620);
#12615 = PLANE('',#12616);
#12616 = AXIS2_PLACEMENT_3D('',#12617,#12618,#12619);
#12617 = CARTESIAN_POINT('',(87.6,614.72,0.));
#12618 = DIRECTION('',(-1.,0.,0.));
#12619 = DIRECTION('',(0.,0.,-1.));
#12620 = DEFINITIONAL_REPRESENTATION('',(#12621),#12625);
#12621 = CIRCLE('',#12622,1.2);
#12622 = AXIS2_PLACEMENT_2D('',#12623,#12624);
#12623 = CARTESIAN_POINT('',(0.,0.));
#12624 = DIRECTION('',(1.,0.));
#12625 = ( GEOMETRIC_REPRESENTATION_CONTEXT(2) 
PARAMETRIC_REPRESENTATION_CONTEXT() REPRESENTATION_CONTEXT('2D SPACE',''
  ) );
#12626 = ORIENTED_EDGE('',*,*,#12577,.T.);
#12627 = ADVANCED_FACE('',(#12628),#12565,.T.);
#12628 = FACE_BOUND('',#12629,.T.);
#12629 = EDGE_LOOP('',(#12630));
#12630 = ORIENTED_EDGE('',*,*,#12543,.T.);
#12631 = ADVANCED_FACE('',(#12632),#12615,.F.);
#12632 = FACE_BOUND('',#12633,.T.);
#12633 = EDGE_LOOP('',(#12634));
#12634 = ORIENTED_EDGE('',*,*,#12600,.F.);
#12635 = ( GEOMETRIC_REPRESENTATION_CONTEXT(3) 
GLOBAL_UNCERTAINTY_ASSIGNED_CONTEXT((#12639)) 
GLOBAL_UNIT_ASSIGNED_CONTEXT((#12636,#12637,#12638)) 
REPRESENTATION_CONTEXT('Context #1',
  '3D Context with UNIT and UNCERTAINTY') );
#12636 = ( LENGTH_UNIT() NAMED_UNIT(*) SI_UNIT(.MILLI.,.METRE.) );
#12637 = ( NAMED_UNIT(*) PLANE_ANGLE_UNIT() SI_UNIT($,.RADIAN.) );
#12638 = ( NAMED_UNIT(*) SI_UNIT($,.STERADIAN.) SOLID_ANGLE_UNIT() );
#12639 = UNCERTAINTY_MEASURE_WITH_UNIT(LENGTH_MEASURE(1.E-07),#12636,
  'distance_accuracy_value','confusion accuracy');
#12640 = CONTEXT_DEPENDENT_SHAPE_REPRESENTATION(#12641,#12643);
#12641 = ( REPRESENTATION_RELATIONSHIP('','',#12536,#10) 
REPRESENTATION_RELATIONSHIP_WITH_TRANSFORMATION(#12642) 
SHAPE_REPRESENTATION_RELATIONSHIP() );
#12642 = ITEM_DEFINED_TRANSFORMATION('','',#11,#447);
#12643 = PRODUCT_DEFINITION_SHAPE('Placement','Placement of an item',
  #12644);
#12644 = NEXT_ASSEMBLY_USAGE_OCCURRENCE('109',
  '0108_overall_dog_envelope','',#5,#12531,$);
#12645 = PRODUCT_RELATED_PRODUCT_CATEGORY('part',$,(#12533));
#12646 = SHAPE_DEFINITION_REPRESENTATION(#12647,#12653);
#12647 = PRODUCT_DEFINITION_SHAPE('','',#12648);
#12648 = PRODUCT_DEFINITION('design','',#12649,#12652);
#12649 = PRODUCT_DEFINITION_FORMATION('','',#12650);
#12650 = PRODUCT('0109_overall_dog_envelope','0109_overall_dog_envelope'
  ,'',(#12651));
#12651 = PRODUCT_CONTEXT('',#2,'mechanical');
#12652 = PRODUCT_DEFINITION_CONTEXT('part definition',#2,'design');
#12653 = ADVANCED_BREP_SHAPE_REPRESENTATION('',(#11,#12654),#12752);
#12654 = MANIFOLD_SOLID_BREP('',#12655);
#12655 = CLOSED_SHELL('',(#12656,#12744,#12748));
#12656 = ADVANCED_FACE('',(#12657),#12670,.T.);
#12657 = FACE_BOUND('',#12658,.T.);
#12658 = EDGE_LOOP('',(#12659,#12693,#12716,#12743));
#12659 = ORIENTED_EDGE('',*,*,#12660,.F.);
#12660 = EDGE_CURVE('',#12661,#12661,#12663,.T.);
#12661 = VERTEX_POINT('',#12662);
#12662 = CARTESIAN_POINT('',(-87.6,0.,-1.2));
#12663 = SURFACE_CURVE('',#12664,(#12669,#12681),.PCURVE_S1.);
#12664 = CIRCLE('',#12665,1.2);
#12665 = AXIS2_PLACEMENT_3D('',#12666,#12667,#12668);
#12666 = CARTESIAN_POINT('',(-87.6,0.,0.));
#12667 = DIRECTION('',(0.,-1.,0.));
#12668 = DIRECTION('',(0.,-0.,-1.));
#12669 = PCURVE('',#12670,#12675);
#12670 = CYLINDRICAL_SURFACE('',#12671,1.2);
#12671 = AXIS2_PLACEMENT_3D('',#12672,#12673,#12674);
#12672 = CARTESIAN_POINT('',(-87.6,614.72,0.));
#12673 = DIRECTION('',(0.,-1.,0.));
#12674 = DIRECTION('',(0.,-0.,-1.));
#12675 = DEFINITIONAL_REPRESENTATION('',(#12676),#12680);
#12676 = LINE('',#12677,#12678);
#12677 = CARTESIAN_POINT('',(0.,614.72));
#12678 = VECTOR('',#12679,1.);
#12679 = DIRECTION('',(1.,0.));
#12680 = ( GEOMETRIC_REPRESENTATION_CONTEXT(2) 
PARAMETRIC_REPRESENTATION_CONTEXT() REPRESENTATION_CONTEXT('2D SPACE',''
  ) );
#12681 = PCURVE('',#12682,#12687);
#12682 = PLANE('',#12683);
#12683 = AXIS2_PLACEMENT_3D('',#12684,#12685,#12686);
#12684 = CARTESIAN_POINT('',(-87.6,0.,0.));
#12685 = DIRECTION('',(0.,-1.,0.));
#12686 = DIRECTION('',(0.,-0.,-1.));
#12687 = DEFINITIONAL_REPRESENTATION('',(#12688),#12692);
#12688 = CIRCLE('',#12689,1.2);
#12689 = AXIS2_PLACEMENT_2D('',#12690,#12691);
#12690 = CARTESIAN_POINT('',(0.,0.));
#12691 = DIRECTION('',(1.,0.));
#12692 = ( GEOMETRIC_REPRESENTATION_CONTEXT(2) 
PARAMETRIC_REPRESENTATION_CONTEXT() REPRESENTATION_CONTEXT('2D SPACE',''
  ) );
#12693 = ORIENTED_EDGE('',*,*,#12694,.F.);
#12694 = EDGE_CURVE('',#12695,#12661,#12697,.T.);
#12695 = VERTEX_POINT('',#12696);
#12696 = CARTESIAN_POINT('',(-87.6,614.72,-1.2));
#12697 = SEAM_CURVE('',#12698,(#12702,#12709),.PCURVE_S1.);
#12698 = LINE('',#12699,#12700);
#12699 = CARTESIAN_POINT('',(-87.6,614.72,-1.2));
#12700 = VECTOR('',#12701,1.);
#12701 = DIRECTION('',(0.,-1.,0.));
#12702 = PCURVE('',#12670,#12703);
#12703 = DEFINITIONAL_REPRESENTATION('',(#12704),#12708);
#12704 = LINE('',#12705,#12706);
#12705 = CARTESIAN_POINT('',(6.28318530718,-0.));
#12706 = VECTOR('',#12707,1.);
#12707 = DIRECTION('',(0.,1.));
#12708 = ( GEOMETRIC_REPRESENTATION_CONTEXT(2) 
PARAMETRIC_REPRESENTATION_CONTEXT() REPRESENTATION_CONTEXT('2D SPACE',''
  ) );
#12709 = PCURVE('',#12670,#12710);
#12710 = DEFINITIONAL_REPRESENTATION('',(#12711),#12715);
#12711 = LINE('',#12712,#12713);
#12712 = CARTESIAN_POINT('',(0.,-0.));
#12713 = VECTOR('',#12714,1.);
#12714 = DIRECTION('',(0.,1.));
#12715 = ( GEOMETRIC_REPRESENTATION_CONTEXT(2) 
PARAMETRIC_REPRESENTATION_CONTEXT() REPRESENTATION_CONTEXT('2D SPACE',''
  ) );
#12716 = ORIENTED_EDGE('',*,*,#12717,.T.);
#12717 = EDGE_CURVE('',#12695,#12695,#12718,.T.);
#12718 = SURFACE_CURVE('',#12719,(#12724,#12731),.PCURVE_S1.);
#12719 = CIRCLE('',#12720,1.2);
#12720 = AXIS2_PLACEMENT_3D('',#12721,#12722,#12723);
#12721 = CARTESIAN_POINT('',(-87.6,614.72,0.));
#12722 = DIRECTION('',(0.,-1.,0.));
#12723 = DIRECTION('',(0.,-0.,-1.));
#12724 = PCURVE('',#12670,#12725);
#12725 = DEFINITIONAL_REPRESENTATION('',(#12726),#12730);
#12726 = LINE('',#12727,#12728);
#12727 = CARTESIAN_POINT('',(0.,0.));
#12728 = VECTOR('',#12729,1.);
#12729 = DIRECTION('',(1.,0.));
#12730 = ( GEOMETRIC_REPRESENTATION_CONTEXT(2) 
PARAMETRIC_REPRESENTATION_CONTEXT() REPRESENTATION_CONTEXT('2D SPACE',''
  ) );
#12731 = PCURVE('',#12732,#12737);
#12732 = PLANE('',#12733);
#12733 = AXIS2_PLACEMENT_3D('',#12734,#12735,#12736);
#12734 = CARTESIAN_POINT('',(-87.6,614.72,0.));
#12735 = DIRECTION('',(0.,-1.,0.));
#12736 = DIRECTION('',(0.,-0.,-1.));
#12737 = DEFINITIONAL_REPRESENTATION('',(#12738),#12742);
#12738 = CIRCLE('',#12739,1.2);
#12739 = AXIS2_PLACEMENT_2D('',#12740,#12741);
#12740 = CARTESIAN_POINT('',(0.,0.));
#12741 = DIRECTION('',(1.,0.));
#12742 = ( GEOMETRIC_REPRESENTATION_CONTEXT(2) 
PARAMETRIC_REPRESENTATION_CONTEXT() REPRESENTATION_CONTEXT('2D SPACE',''
  ) );
#12743 = ORIENTED_EDGE('',*,*,#12694,.T.);
#12744 = ADVANCED_FACE('',(#12745),#12682,.T.);
#12745 = FACE_BOUND('',#12746,.T.);
#12746 = EDGE_LOOP('',(#12747));
#12747 = ORIENTED_EDGE('',*,*,#12660,.T.);
#12748 = ADVANCED_FACE('',(#12749),#12732,.F.);
#12749 = FACE_BOUND('',#12750,.T.);
#12750 = EDGE_LOOP('',(#12751));
#12751 = ORIENTED_EDGE('',*,*,#12717,.F.);
#12752 = ( GEOMETRIC_REPRESENTATION_CONTEXT(3) 
GLOBAL_UNCERTAINTY_ASSIGNED_CONTEXT((#12756)) 
GLOBAL_UNIT_ASSIGNED_CONTEXT((#12753,#12754,#12755)) 
REPRESENTATION_CONTEXT('Context #1',
  '3D Context with UNIT and UNCERTAINTY') );
#12753 = ( LENGTH_UNIT() NAMED_UNIT(*) SI_UNIT(.MILLI.,.METRE.) );
#12754 = ( NAMED_UNIT(*) PLANE_ANGLE_UNIT() SI_UNIT($,.RADIAN.) );
#12755 = ( NAMED_UNIT(*) SI_UNIT($,.STERADIAN.) SOLID_ANGLE_UNIT() );
#12756 = UNCERTAINTY_MEASURE_WITH_UNIT(LENGTH_MEASURE(1.E-07),#12753,
  'distance_accuracy_value','confusion accuracy');
#12757 = CONTEXT_DEPENDENT_SHAPE_REPRESENTATION(#12758,#12760);
#12758 = ( REPRESENTATION_RELATIONSHIP('','',#12653,#10) 
REPRESENTATION_RELATIONSHIP_WITH_TRANSFORMATION(#12759) 
SHAPE_REPRESENTATION_RELATIONSHIP() );
#12759 = ITEM_DEFINED_TRANSFORMATION('','',#11,#451);
#12760 = PRODUCT_DEFINITION_SHAPE('Placement','Placement of an item',
  #12761);
#12761 = NEXT_ASSEMBLY_USAGE_OCCURRENCE('110',
  '0109_overall_dog_envelope','',#5,#12648,$);
#12762 = PRODUCT_RELATED_PRODUCT_CATEGORY('part',$,(#12650));
#12763 = SHAPE_DEFINITION_REPRESENTATION(#12764,#12770);
#12764 = PRODUCT_DEFINITION_SHAPE('','',#12765);
#12765 = PRODUCT_DEFINITION('design','',#12766,#12769);
#12766 = PRODUCT_DEFINITION_FORMATION('','',#12767);
#12767 = PRODUCT('0110_overall_dog_envelope','0110_overall_dog_envelope'
  ,'',(#12768));
#12768 = PRODUCT_CONTEXT('',#2,'mechanical');
#12769 = PRODUCT_DEFINITION_CONTEXT('part definition',#2,'design');
#12770 = ADVANCED_BREP_SHAPE_REPRESENTATION('',(#11,#12771),#12869);
#12771 = MANIFOLD_SOLID_BREP('',#12772);
#12772 = CLOSED_SHELL('',(#12773,#12861,#12865));
#12773 = ADVANCED_FACE('',(#12774),#12787,.T.);
#12774 = FACE_BOUND('',#12775,.T.);
#12775 = EDGE_LOOP('',(#12776,#12810,#12833,#12860));
#12776 = ORIENTED_EDGE('',*,*,#12777,.F.);
#12777 = EDGE_CURVE('',#12778,#12778,#12780,.T.);
#12778 = VERTEX_POINT('',#12779);
#12779 = CARTESIAN_POINT('',(87.6,2.939152317954E-16,466.67));
#12780 = SURFACE_CURVE('',#12781,(#12786,#12798),.PCURVE_S1.);
#12781 = CIRCLE('',#12782,1.2);
#12782 = AXIS2_PLACEMENT_3D('',#12783,#12784,#12785);
#12783 = CARTESIAN_POINT('',(87.6,0.,465.47));
#12784 = DIRECTION('',(1.,0.,0.));
#12785 = DIRECTION('',(-0.,0.,1.));
#12786 = PCURVE('',#12787,#12792);
#12787 = CYLINDRICAL_SURFACE('',#12788,1.2);
#12788 = AXIS2_PLACEMENT_3D('',#12789,#12790,#12791);
#12789 = CARTESIAN_POINT('',(-87.6,0.,465.47));
#12790 = DIRECTION('',(1.,0.,0.));
#12791 = DIRECTION('',(-0.,0.,1.));
#12792 = DEFINITIONAL_REPRESENTATION('',(#12793),#12797);
#12793 = LINE('',#12794,#12795);
#12794 = CARTESIAN_POINT('',(0.,175.2));
#12795 = VECTOR('',#12796,1.);
#12796 = DIRECTION('',(1.,0.));
#12797 = ( GEOMETRIC_REPRESENTATION_CONTEXT(2) 
PARAMETRIC_REPRESENTATION_CONTEXT() REPRESENTATION_CONTEXT('2D SPACE',''
  ) );
#12798 = PCURVE('',#12799,#12804);
#12799 = PLANE('',#12800);
#12800 = AXIS2_PLACEMENT_3D('',#12801,#12802,#12803);
#12801 = CARTESIAN_POINT('',(87.6,0.,465.47));
#12802 = DIRECTION('',(1.,0.,0.));
#12803 = DIRECTION('',(-0.,0.,1.));
#12804 = DEFINITIONAL_REPRESENTATION('',(#12805),#12809);
#12805 = CIRCLE('',#12806,1.2);
#12806 = AXIS2_PLACEMENT_2D('',#12807,#12808);
#12807 = CARTESIAN_POINT('',(0.,0.));
#12808 = DIRECTION('',(1.,0.));
#12809 = ( GEOMETRIC_REPRESENTATION_CONTEXT(2) 
PARAMETRIC_REPRESENTATION_CONTEXT() REPRESENTATION_CONTEXT('2D SPACE',''
  ) );
#12810 = ORIENTED_EDGE('',*,*,#12811,.F.);
#12811 = EDGE_CURVE('',#12812,#12778,#12814,.T.);
#12812 = VERTEX_POINT('',#12813);
#12813 = CARTESIAN_POINT('',(-87.6,2.939152317954E-16,466.67));
#12814 = SEAM_CURVE('',#12815,(#12819,#12826),.PCURVE_S1.);
#12815 = LINE('',#12816,#12817);
#12816 = CARTESIAN_POINT('',(-87.6,2.939152317954E-16,466.67));
#12817 = VECTOR('',#12818,1.);
#12818 = DIRECTION('',(1.,0.,0.));
#12819 = PCURVE('',#12787,#12820);
#12820 = DEFINITIONAL_REPRESENTATION('',(#12821),#12825);
#12821 = LINE('',#12822,#12823);
#12822 = CARTESIAN_POINT('',(6.28318530718,-0.));
#12823 = VECTOR('',#12824,1.);
#12824 = DIRECTION('',(0.,1.));
#12825 = ( GEOMETRIC_REPRESENTATION_CONTEXT(2) 
PARAMETRIC_REPRESENTATION_CONTEXT() REPRESENTATION_CONTEXT('2D SPACE',''
  ) );
#12826 = PCURVE('',#12787,#12827);
#12827 = DEFINITIONAL_REPRESENTATION('',(#12828),#12832);
#12828 = LINE('',#12829,#12830);
#12829 = CARTESIAN_POINT('',(0.,-0.));
#12830 = VECTOR('',#12831,1.);
#12831 = DIRECTION('',(0.,1.));
#12832 = ( GEOMETRIC_REPRESENTATION_CONTEXT(2) 
PARAMETRIC_REPRESENTATION_CONTEXT() REPRESENTATION_CONTEXT('2D SPACE',''
  ) );
#12833 = ORIENTED_EDGE('',*,*,#12834,.T.);
#12834 = EDGE_CURVE('',#12812,#12812,#12835,.T.);
#12835 = SURFACE_CURVE('',#12836,(#12841,#12848),.PCURVE_S1.);
#12836 = CIRCLE('',#12837,1.2);
#12837 = AXIS2_PLACEMENT_3D('',#12838,#12839,#12840);
#12838 = CARTESIAN_POINT('',(-87.6,0.,465.47));
#12839 = DIRECTION('',(1.,0.,0.));
#12840 = DIRECTION('',(-0.,0.,1.));
#12841 = PCURVE('',#12787,#12842);
#12842 = DEFINITIONAL_REPRESENTATION('',(#12843),#12847);
#12843 = LINE('',#12844,#12845);
#12844 = CARTESIAN_POINT('',(0.,0.));
#12845 = VECTOR('',#12846,1.);
#12846 = DIRECTION('',(1.,0.));
#12847 = ( GEOMETRIC_REPRESENTATION_CONTEXT(2) 
PARAMETRIC_REPRESENTATION_CONTEXT() REPRESENTATION_CONTEXT('2D SPACE',''
  ) );
#12848 = PCURVE('',#12849,#12854);
#12849 = PLANE('',#12850);
#12850 = AXIS2_PLACEMENT_3D('',#12851,#12852,#12853);
#12851 = CARTESIAN_POINT('',(-87.6,0.,465.47));
#12852 = DIRECTION('',(1.,0.,0.));
#12853 = DIRECTION('',(-0.,0.,1.));
#12854 = DEFINITIONAL_REPRESENTATION('',(#12855),#12859);
#12855 = CIRCLE('',#12856,1.2);
#12856 = AXIS2_PLACEMENT_2D('',#12857,#12858);
#12857 = CARTESIAN_POINT('',(0.,0.));
#12858 = DIRECTION('',(1.,0.));
#12859 = ( GEOMETRIC_REPRESENTATION_CONTEXT(2) 
PARAMETRIC_REPRESENTATION_CONTEXT() REPRESENTATION_CONTEXT('2D SPACE',''
  ) );
#12860 = ORIENTED_EDGE('',*,*,#12811,.T.);
#12861 = ADVANCED_FACE('',(#12862),#12799,.T.);
#12862 = FACE_BOUND('',#12863,.T.);
#12863 = EDGE_LOOP('',(#12864));
#12864 = ORIENTED_EDGE('',*,*,#12777,.T.);
#12865 = ADVANCED_FACE('',(#12866),#12849,.F.);
#12866 = FACE_BOUND('',#12867,.T.);
#12867 = EDGE_LOOP('',(#12868));
#12868 = ORIENTED_EDGE('',*,*,#12834,.F.);
#12869 = ( GEOMETRIC_REPRESENTATION_CONTEXT(3) 
GLOBAL_UNCERTAINTY_ASSIGNED_CONTEXT((#12873)) 
GLOBAL_UNIT_ASSIGNED_CONTEXT((#12870,#12871,#12872)) 
REPRESENTATION_CONTEXT('Context #1',
  '3D Context with UNIT and UNCERTAINTY') );
#12870 = ( LENGTH_UNIT() NAMED_UNIT(*) SI_UNIT(.MILLI.,.METRE.) );
#12871 = ( NAMED_UNIT(*) PLANE_ANGLE_UNIT() SI_UNIT($,.RADIAN.) );
#12872 = ( NAMED_UNIT(*) SI_UNIT($,.STERADIAN.) SOLID_ANGLE_UNIT() );
#12873 = UNCERTAINTY_MEASURE_WITH_UNIT(LENGTH_MEASURE(1.E-07),#12870,
  'distance_accuracy_value','confusion accuracy');
#12874 = CONTEXT_DEPENDENT_SHAPE_REPRESENTATION(#12875,#12877);
#12875 = ( REPRESENTATION_RELATIONSHIP('','',#12770,#10) 
REPRESENTATION_RELATIONSHIP_WITH_TRANSFORMATION(#12876) 
SHAPE_REPRESENTATION_RELATIONSHIP() );
#12876 = ITEM_DEFINED_TRANSFORMATION('','',#11,#455);
#12877 = PRODUCT_DEFINITION_SHAPE('Placement','Placement of an item',
  #12878);
#12878 = NEXT_ASSEMBLY_USAGE_OCCURRENCE('111',
  '0110_overall_dog_envelope','',#5,#12765,$);
#12879 = PRODUCT_RELATED_PRODUCT_CATEGORY('part',$,(#12767));
#12880 = SHAPE_DEFINITION_REPRESENTATION(#12881,#12887);
#12881 = PRODUCT_DEFINITION_SHAPE('','',#12882);
#12882 = PRODUCT_DEFINITION('design','',#12883,#12886);
#12883 = PRODUCT_DEFINITION_FORMATION('','',#12884);
#12884 = PRODUCT('0111_overall_dog_envelope','0111_overall_dog_envelope'
  ,'',(#12885));
#12885 = PRODUCT_CONTEXT('',#2,'mechanical');
#12886 = PRODUCT_DEFINITION_CONTEXT('part definition',#2,'design');
#12887 = ADVANCED_BREP_SHAPE_REPRESENTATION('',(#11,#12888),#12986);
#12888 = MANIFOLD_SOLID_BREP('',#12889);
#12889 = CLOSED_SHELL('',(#12890,#12978,#12982));
#12890 = ADVANCED_FACE('',(#12891),#12904,.T.);
#12891 = FACE_BOUND('',#12892,.T.);
#12892 = EDGE_LOOP('',(#12893,#12927,#12950,#12977));
#12893 = ORIENTED_EDGE('',*,*,#12894,.F.);
#12894 = EDGE_CURVE('',#12895,#12895,#12897,.T.);
#12895 = VERTEX_POINT('',#12896);
#12896 = CARTESIAN_POINT('',(87.6,614.72,466.67));
#12897 = SURFACE_CURVE('',#12898,(#12903,#12915),.PCURVE_S1.);
#12898 = CIRCLE('',#12899,1.2);
#12899 = AXIS2_PLACEMENT_3D('',#12900,#12901,#12902);
#12900 = CARTESIAN_POINT('',(87.6,614.72,465.47));
#12901 = DIRECTION('',(0.,1.,0.));
#12902 = DIRECTION('',(0.,-0.,1.));
#12903 = PCURVE('',#12904,#12909);
#12904 = CYLINDRICAL_SURFACE('',#12905,1.2);
#12905 = AXIS2_PLACEMENT_3D('',#12906,#12907,#12908);
#12906 = CARTESIAN_POINT('',(87.6,0.,465.47));
#12907 = DIRECTION('',(0.,1.,0.));
#12908 = DIRECTION('',(0.,-0.,1.));
#12909 = DEFINITIONAL_REPRESENTATION('',(#12910),#12914);
#12910 = LINE('',#12911,#12912);
#12911 = CARTESIAN_POINT('',(0.,614.72));
#12912 = VECTOR('',#12913,1.);
#12913 = DIRECTION('',(1.,0.));
#12914 = ( GEOMETRIC_REPRESENTATION_CONTEXT(2) 
PARAMETRIC_REPRESENTATION_CONTEXT() REPRESENTATION_CONTEXT('2D SPACE',''
  ) );
#12915 = PCURVE('',#12916,#12921);
#12916 = PLANE('',#12917);
#12917 = AXIS2_PLACEMENT_3D('',#12918,#12919,#12920);
#12918 = CARTESIAN_POINT('',(87.6,614.72,465.47));
#12919 = DIRECTION('',(0.,1.,0.));
#12920 = DIRECTION('',(0.,-0.,1.));
#12921 = DEFINITIONAL_REPRESENTATION('',(#12922),#12926);
#12922 = CIRCLE('',#12923,1.2);
#12923 = AXIS2_PLACEMENT_2D('',#12924,#12925);
#12924 = CARTESIAN_POINT('',(0.,0.));
#12925 = DIRECTION('',(1.,0.));
#12926 = ( GEOMETRIC_REPRESENTATION_CONTEXT(2) 
PARAMETRIC_REPRESENTATION_CONTEXT() REPRESENTATION_CONTEXT('2D SPACE',''
  ) );
#12927 = ORIENTED_EDGE('',*,*,#12928,.F.);
#12928 = EDGE_CURVE('',#12929,#12895,#12931,.T.);
#12929 = VERTEX_POINT('',#12930);
#12930 = CARTESIAN_POINT('',(87.6,0.,466.67));
#12931 = SEAM_CURVE('',#12932,(#12936,#12943),.PCURVE_S1.);
#12932 = LINE('',#12933,#12934);
#12933 = CARTESIAN_POINT('',(87.6,0.,466.67));
#12934 = VECTOR('',#12935,1.);
#12935 = DIRECTION('',(0.,1.,0.));
#12936 = PCURVE('',#12904,#12937);
#12937 = DEFINITIONAL_REPRESENTATION('',(#12938),#12942);
#12938 = LINE('',#12939,#12940);
#12939 = CARTESIAN_POINT('',(6.28318530718,-0.));
#12940 = VECTOR('',#12941,1.);
#12941 = DIRECTION('',(0.,1.));
#12942 = ( GEOMETRIC_REPRESENTATION_CONTEXT(2) 
PARAMETRIC_REPRESENTATION_CONTEXT() REPRESENTATION_CONTEXT('2D SPACE',''
  ) );
#12943 = PCURVE('',#12904,#12944);
#12944 = DEFINITIONAL_REPRESENTATION('',(#12945),#12949);
#12945 = LINE('',#12946,#12947);
#12946 = CARTESIAN_POINT('',(0.,-0.));
#12947 = VECTOR('',#12948,1.);
#12948 = DIRECTION('',(0.,1.));
#12949 = ( GEOMETRIC_REPRESENTATION_CONTEXT(2) 
PARAMETRIC_REPRESENTATION_CONTEXT() REPRESENTATION_CONTEXT('2D SPACE',''
  ) );
#12950 = ORIENTED_EDGE('',*,*,#12951,.T.);
#12951 = EDGE_CURVE('',#12929,#12929,#12952,.T.);
#12952 = SURFACE_CURVE('',#12953,(#12958,#12965),.PCURVE_S1.);
#12953 = CIRCLE('',#12954,1.2);
#12954 = AXIS2_PLACEMENT_3D('',#12955,#12956,#12957);
#12955 = CARTESIAN_POINT('',(87.6,0.,465.47));
#12956 = DIRECTION('',(0.,1.,0.));
#12957 = DIRECTION('',(0.,-0.,1.));
#12958 = PCURVE('',#12904,#12959);
#12959 = DEFINITIONAL_REPRESENTATION('',(#12960),#12964);
#12960 = LINE('',#12961,#12962);
#12961 = CARTESIAN_POINT('',(0.,0.));
#12962 = VECTOR('',#12963,1.);
#12963 = DIRECTION('',(1.,0.));
#12964 = ( GEOMETRIC_REPRESENTATION_CONTEXT(2) 
PARAMETRIC_REPRESENTATION_CONTEXT() REPRESENTATION_CONTEXT('2D SPACE',''
  ) );
#12965 = PCURVE('',#12966,#12971);
#12966 = PLANE('',#12967);
#12967 = AXIS2_PLACEMENT_3D('',#12968,#12969,#12970);
#12968 = CARTESIAN_POINT('',(87.6,0.,465.47));
#12969 = DIRECTION('',(0.,1.,0.));
#12970 = DIRECTION('',(0.,-0.,1.));
#12971 = DEFINITIONAL_REPRESENTATION('',(#12972),#12976);
#12972 = CIRCLE('',#12973,1.2);
#12973 = AXIS2_PLACEMENT_2D('',#12974,#12975);
#12974 = CARTESIAN_POINT('',(0.,0.));
#12975 = DIRECTION('',(1.,0.));
#12976 = ( GEOMETRIC_REPRESENTATION_CONTEXT(2) 
PARAMETRIC_REPRESENTATION_CONTEXT() REPRESENTATION_CONTEXT('2D SPACE',''
  ) );
#12977 = ORIENTED_EDGE('',*,*,#12928,.T.);
#12978 = ADVANCED_FACE('',(#12979),#12916,.T.);
#12979 = FACE_BOUND('',#12980,.T.);
#12980 = EDGE_LOOP('',(#12981));
#12981 = ORIENTED_EDGE('',*,*,#12894,.T.);
#12982 = ADVANCED_FACE('',(#12983),#12966,.F.);
#12983 = FACE_BOUND('',#12984,.T.);
#12984 = EDGE_LOOP('',(#12985));
#12985 = ORIENTED_EDGE('',*,*,#12951,.F.);
#12986 = ( GEOMETRIC_REPRESENTATION_CONTEXT(3) 
GLOBAL_UNCERTAINTY_ASSIGNED_CONTEXT((#12990)) 
GLOBAL_UNIT_ASSIGNED_CONTEXT((#12987,#12988,#12989)) 
REPRESENTATION_CONTEXT('Context #1',
  '3D Context with UNIT and UNCERTAINTY') );
#12987 = ( LENGTH_UNIT() NAMED_UNIT(*) SI_UNIT(.MILLI.,.METRE.) );
#12988 = ( NAMED_UNIT(*) PLANE_ANGLE_UNIT() SI_UNIT($,.RADIAN.) );
#12989 = ( NAMED_UNIT(*) SI_UNIT($,.STERADIAN.) SOLID_ANGLE_UNIT() );
#12990 = UNCERTAINTY_MEASURE_WITH_UNIT(LENGTH_MEASURE(1.E-07),#12987,
  'distance_accuracy_value','confusion accuracy');
#12991 = CONTEXT_DEPENDENT_SHAPE_REPRESENTATION(#12992,#12994);
#12992 = ( REPRESENTATION_RELATIONSHIP('','',#12887,#10) 
REPRESENTATION_RELATIONSHIP_WITH_TRANSFORMATION(#12993) 
SHAPE_REPRESENTATION_RELATIONSHIP() );
#12993 = ITEM_DEFINED_TRANSFORMATION('','',#11,#459);
#12994 = PRODUCT_DEFINITION_SHAPE('Placement','Placement of an item',
  #12995);
#12995 = NEXT_ASSEMBLY_USAGE_OCCURRENCE('112',
  '0111_overall_dog_envelope','',#5,#12882,$);
#12996 = PRODUCT_RELATED_PRODUCT_CATEGORY('part',$,(#12884));
#12997 = SHAPE_DEFINITION_REPRESENTATION(#12998,#13004);
#12998 = PRODUCT_DEFINITION_SHAPE('','',#12999);
#12999 = PRODUCT_DEFINITION('design','',#13000,#13003);
#13000 = PRODUCT_DEFINITION_FORMATION('','',#13001);
#13001 = PRODUCT('0112_overall_dog_envelope','0112_overall_dog_envelope'
  ,'',(#13002));
#13002 = PRODUCT_CONTEXT('',#2,'mechanical');
#13003 = PRODUCT_DEFINITION_CONTEXT('part definition',#2,'design');
#13004 = ADVANCED_BREP_SHAPE_REPRESENTATION('',(#11,#13005),#13103);
#13005 = MANIFOLD_SOLID_BREP('',#13006);
#13006 = CLOSED_SHELL('',(#13007,#13095,#13099));
#13007 = ADVANCED_FACE('',(#13008),#13021,.T.);
#13008 = FACE_BOUND('',#13009,.T.);
#13009 = EDGE_LOOP('',(#13010,#13044,#13067,#13094));
#13010 = ORIENTED_EDGE('',*,*,#13011,.F.);
#13011 = EDGE_CURVE('',#13012,#13012,#13014,.T.);
#13012 = VERTEX_POINT('',#13013);
#13013 = CARTESIAN_POINT('',(-87.6,614.72,464.27));
#13014 = SURFACE_CURVE('',#13015,(#13020,#13032),.PCURVE_S1.);
#13015 = CIRCLE('',#13016,1.2);
#13016 = AXIS2_PLACEMENT_3D('',#13017,#13018,#13019);
#13017 = CARTESIAN_POINT('',(-87.6,614.72,465.47));
#13018 = DIRECTION('',(-1.,0.,0.));
#13019 = DIRECTION('',(0.,0.,-1.));
#13020 = PCURVE('',#13021,#13026);
#13021 = CYLINDRICAL_SURFACE('',#13022,1.2);
#13022 = AXIS2_PLACEMENT_3D('',#13023,#13024,#13025);
#13023 = CARTESIAN_POINT('',(87.6,614.72,465.47));
#13024 = DIRECTION('',(-1.,0.,0.));
#13025 = DIRECTION('',(0.,0.,-1.));
#13026 = DEFINITIONAL_REPRESENTATION('',(#13027),#13031);
#13027 = LINE('',#13028,#13029);
#13028 = CARTESIAN_POINT('',(0.,175.2));
#13029 = VECTOR('',#13030,1.);
#13030 = DIRECTION('',(1.,0.));
#13031 = ( GEOMETRIC_REPRESENTATION_CONTEXT(2) 
PARAMETRIC_REPRESENTATION_CONTEXT() REPRESENTATION_CONTEXT('2D SPACE',''
  ) );
#13032 = PCURVE('',#13033,#13038);
#13033 = PLANE('',#13034);
#13034 = AXIS2_PLACEMENT_3D('',#13035,#13036,#13037);
#13035 = CARTESIAN_POINT('',(-87.6,614.72,465.47));
#13036 = DIRECTION('',(-1.,0.,0.));
#13037 = DIRECTION('',(0.,0.,-1.));
#13038 = DEFINITIONAL_REPRESENTATION('',(#13039),#13043);
#13039 = CIRCLE('',#13040,1.2);
#13040 = AXIS2_PLACEMENT_2D('',#13041,#13042);
#13041 = CARTESIAN_POINT('',(0.,0.));
#13042 = DIRECTION('',(1.,0.));
#13043 = ( GEOMETRIC_REPRESENTATION_CONTEXT(2) 
PARAMETRIC_REPRESENTATION_CONTEXT() REPRESENTATION_CONTEXT('2D SPACE',''
  ) );
#13044 = ORIENTED_EDGE('',*,*,#13045,.F.);
#13045 = EDGE_CURVE('',#13046,#13012,#13048,.T.);
#13046 = VERTEX_POINT('',#13047);
#13047 = CARTESIAN_POINT('',(87.6,614.72,464.27));
#13048 = SEAM_CURVE('',#13049,(#13053,#13060),.PCURVE_S1.);
#13049 = LINE('',#13050,#13051);
#13050 = CARTESIAN_POINT('',(87.6,614.72,464.27));
#13051 = VECTOR('',#13052,1.);
#13052 = DIRECTION('',(-1.,0.,0.));
#13053 = PCURVE('',#13021,#13054);
#13054 = DEFINITIONAL_REPRESENTATION('',(#13055),#13059);
#13055 = LINE('',#13056,#13057);
#13056 = CARTESIAN_POINT('',(6.28318530718,-0.));
#13057 = VECTOR('',#13058,1.);
#13058 = DIRECTION('',(0.,1.));
#13059 = ( GEOMETRIC_REPRESENTATION_CONTEXT(2) 
PARAMETRIC_REPRESENTATION_CONTEXT() REPRESENTATION_CONTEXT('2D SPACE',''
  ) );
#13060 = PCURVE('',#13021,#13061);
#13061 = DEFINITIONAL_REPRESENTATION('',(#13062),#13066);
#13062 = LINE('',#13063,#13064);
#13063 = CARTESIAN_POINT('',(0.,-0.));
#13064 = VECTOR('',#13065,1.);
#13065 = DIRECTION('',(0.,1.));
#13066 = ( GEOMETRIC_REPRESENTATION_CONTEXT(2) 
PARAMETRIC_REPRESENTATION_CONTEXT() REPRESENTATION_CONTEXT('2D SPACE',''
  ) );
#13067 = ORIENTED_EDGE('',*,*,#13068,.T.);
#13068 = EDGE_CURVE('',#13046,#13046,#13069,.T.);
#13069 = SURFACE_CURVE('',#13070,(#13075,#13082),.PCURVE_S1.);
#13070 = CIRCLE('',#13071,1.2);
#13071 = AXIS2_PLACEMENT_3D('',#13072,#13073,#13074);
#13072 = CARTESIAN_POINT('',(87.6,614.72,465.47));
#13073 = DIRECTION('',(-1.,0.,0.));
#13074 = DIRECTION('',(0.,0.,-1.));
#13075 = PCURVE('',#13021,#13076);
#13076 = DEFINITIONAL_REPRESENTATION('',(#13077),#13081);
#13077 = LINE('',#13078,#13079);
#13078 = CARTESIAN_POINT('',(0.,0.));
#13079 = VECTOR('',#13080,1.);
#13080 = DIRECTION('',(1.,0.));
#13081 = ( GEOMETRIC_REPRESENTATION_CONTEXT(2) 
PARAMETRIC_REPRESENTATION_CONTEXT() REPRESENTATION_CONTEXT('2D SPACE',''
  ) );
#13082 = PCURVE('',#13083,#13088);
#13083 = PLANE('',#13084);
#13084 = AXIS2_PLACEMENT_3D('',#13085,#13086,#13087);
#13085 = CARTESIAN_POINT('',(87.6,614.72,465.47));
#13086 = DIRECTION('',(-1.,0.,0.));
#13087 = DIRECTION('',(0.,0.,-1.));
#13088 = DEFINITIONAL_REPRESENTATION('',(#13089),#13093);
#13089 = CIRCLE('',#13090,1.2);
#13090 = AXIS2_PLACEMENT_2D('',#13091,#13092);
#13091 = CARTESIAN_POINT('',(0.,0.));
#13092 = DIRECTION('',(1.,0.));
#13093 = ( GEOMETRIC_REPRESENTATION_CONTEXT(2) 
PARAMETRIC_REPRESENTATION_CONTEXT() REPRESENTATION_CONTEXT('2D SPACE',''
  ) );
#13094 = ORIENTED_EDGE('',*,*,#13045,.T.);
#13095 = ADVANCED_FACE('',(#13096),#13033,.T.);
#13096 = FACE_BOUND('',#13097,.T.);
#13097 = EDGE_LOOP('',(#13098));
#13098 = ORIENTED_EDGE('',*,*,#13011,.T.);
#13099 = ADVANCED_FACE('',(#13100),#13083,.F.);
#13100 = FACE_BOUND('',#13101,.T.);
#13101 = EDGE_LOOP('',(#13102));
#13102 = ORIENTED_EDGE('',*,*,#13068,.F.);
#13103 = ( GEOMETRIC_REPRESENTATION_CONTEXT(3) 
GLOBAL_UNCERTAINTY_ASSIGNED_CONTEXT((#13107)) 
GLOBAL_UNIT_ASSIGNED_CONTEXT((#13104,#13105,#13106)) 
REPRESENTATION_CONTEXT('Context #1',
  '3D Context with UNIT and UNCERTAINTY') );
#13104 = ( LENGTH_UNIT() NAMED_UNIT(*) SI_UNIT(.MILLI.,.METRE.) );
#13105 = ( NAMED_UNIT(*) PLANE_ANGLE_UNIT() SI_UNIT($,.RADIAN.) );
#13106 = ( NAMED_UNIT(*) SI_UNIT($,.STERADIAN.) SOLID_ANGLE_UNIT() );
#13107 = UNCERTAINTY_MEASURE_WITH_UNIT(LENGTH_MEASURE(1.E-07),#13104,
  'distance_accuracy_value','confusion accuracy');
#13108 = CONTEXT_DEPENDENT_SHAPE_REPRESENTATION(#13109,#13111);
#13109 = ( REPRESENTATION_RELATIONSHIP('','',#13004,#10) 
REPRESENTATION_RELATIONSHIP_WITH_TRANSFORMATION(#13110) 
SHAPE_REPRESENTATION_RELATIONSHIP() );
#13110 = ITEM_DEFINED_TRANSFORMATION('','',#11,#463);
#13111 = PRODUCT_DEFINITION_SHAPE('Placement','Placement of an item',
  #13112);
#13112 = NEXT_ASSEMBLY_USAGE_OCCURRENCE('113',
  '0112_overall_dog_envelope','',#5,#12999,$);
#13113 = PRODUCT_RELATED_PRODUCT_CATEGORY('part',$,(#13001));
#13114 = SHAPE_DEFINITION_REPRESENTATION(#13115,#13121);
#13115 = PRODUCT_DEFINITION_SHAPE('','',#13116);
#13116 = PRODUCT_DEFINITION('design','',#13117,#13120);
#13117 = PRODUCT_DEFINITION_FORMATION('','',#13118);
#13118 = PRODUCT('0113_overall_dog_envelope','0113_overall_dog_envelope'
  ,'',(#13119));
#13119 = PRODUCT_CONTEXT('',#2,'mechanical');
#13120 = PRODUCT_DEFINITION_CONTEXT('part definition',#2,'design');
#13121 = ADVANCED_BREP_SHAPE_REPRESENTATION('',(#11,#13122),#13220);
#13122 = MANIFOLD_SOLID_BREP('',#13123);
#13123 = CLOSED_SHELL('',(#13124,#13212,#13216));
#13124 = ADVANCED_FACE('',(#13125),#13138,.T.);
#13125 = FACE_BOUND('',#13126,.T.);
#13126 = EDGE_LOOP('',(#13127,#13161,#13184,#13211));
#13127 = ORIENTED_EDGE('',*,*,#13128,.F.);
#13128 = EDGE_CURVE('',#13129,#13129,#13131,.T.);
#13129 = VERTEX_POINT('',#13130);
#13130 = CARTESIAN_POINT('',(-87.6,0.,464.27));
#13131 = SURFACE_CURVE('',#13132,(#13137,#13149),.PCURVE_S1.);
#13132 = CIRCLE('',#13133,1.2);
#13133 = AXIS2_PLACEMENT_3D('',#13134,#13135,#13136);
#13134 = CARTESIAN_POINT('',(-87.6,0.,465.47));
#13135 = DIRECTION('',(0.,-1.,0.));
#13136 = DIRECTION('',(0.,-0.,-1.));
#13137 = PCURVE('',#13138,#13143);
#13138 = CYLINDRICAL_SURFACE('',#13139,1.2);
#13139 = AXIS2_PLACEMENT_3D('',#13140,#13141,#13142);
#13140 = CARTESIAN_POINT('',(-87.6,614.72,465.47));
#13141 = DIRECTION('',(0.,-1.,0.));
#13142 = DIRECTION('',(0.,-0.,-1.));
#13143 = DEFINITIONAL_REPRESENTATION('',(#13144),#13148);
#13144 = LINE('',#13145,#13146);
#13145 = CARTESIAN_POINT('',(0.,614.72));
#13146 = VECTOR('',#13147,1.);
#13147 = DIRECTION('',(1.,0.));
#13148 = ( GEOMETRIC_REPRESENTATION_CONTEXT(2) 
PARAMETRIC_REPRESENTATION_CONTEXT() REPRESENTATION_CONTEXT('2D SPACE',''
  ) );
#13149 = PCURVE('',#13150,#13155);
#13150 = PLANE('',#13151);
#13151 = AXIS2_PLACEMENT_3D('',#13152,#13153,#13154);
#13152 = CARTESIAN_POINT('',(-87.6,0.,465.47));
#13153 = DIRECTION('',(0.,-1.,0.));
#13154 = DIRECTION('',(0.,-0.,-1.));
#13155 = DEFINITIONAL_REPRESENTATION('',(#13156),#13160);
#13156 = CIRCLE('',#13157,1.2);
#13157 = AXIS2_PLACEMENT_2D('',#13158,#13159);
#13158 = CARTESIAN_POINT('',(0.,0.));
#13159 = DIRECTION('',(1.,0.));
#13160 = ( GEOMETRIC_REPRESENTATION_CONTEXT(2) 
PARAMETRIC_REPRESENTATION_CONTEXT() REPRESENTATION_CONTEXT('2D SPACE',''
  ) );
#13161 = ORIENTED_EDGE('',*,*,#13162,.F.);
#13162 = EDGE_CURVE('',#13163,#13129,#13165,.T.);
#13163 = VERTEX_POINT('',#13164);
#13164 = CARTESIAN_POINT('',(-87.6,614.72,464.27));
#13165 = SEAM_CURVE('',#13166,(#13170,#13177),.PCURVE_S1.);
#13166 = LINE('',#13167,#13168);
#13167 = CARTESIAN_POINT('',(-87.6,614.72,464.27));
#13168 = VECTOR('',#13169,1.);
#13169 = DIRECTION('',(0.,-1.,0.));
#13170 = PCURVE('',#13138,#13171);
#13171 = DEFINITIONAL_REPRESENTATION('',(#13172),#13176);
#13172 = LINE('',#13173,#13174);
#13173 = CARTESIAN_POINT('',(6.28318530718,-0.));
#13174 = VECTOR('',#13175,1.);
#13175 = DIRECTION('',(0.,1.));
#13176 = ( GEOMETRIC_REPRESENTATION_CONTEXT(2) 
PARAMETRIC_REPRESENTATION_CONTEXT() REPRESENTATION_CONTEXT('2D SPACE',''
  ) );
#13177 = PCURVE('',#13138,#13178);
#13178 = DEFINITIONAL_REPRESENTATION('',(#13179),#13183);
#13179 = LINE('',#13180,#13181);
#13180 = CARTESIAN_POINT('',(0.,-0.));
#13181 = VECTOR('',#13182,1.);
#13182 = DIRECTION('',(0.,1.));
#13183 = ( GEOMETRIC_REPRESENTATION_CONTEXT(2) 
PARAMETRIC_REPRESENTATION_CONTEXT() REPRESENTATION_CONTEXT('2D SPACE',''
  ) );
#13184 = ORIENTED_EDGE('',*,*,#13185,.T.);
#13185 = EDGE_CURVE('',#13163,#13163,#13186,.T.);
#13186 = SURFACE_CURVE('',#13187,(#13192,#13199),.PCURVE_S1.);
#13187 = CIRCLE('',#13188,1.2);
#13188 = AXIS2_PLACEMENT_3D('',#13189,#13190,#13191);
#13189 = CARTESIAN_POINT('',(-87.6,614.72,465.47));
#13190 = DIRECTION('',(0.,-1.,0.));
#13191 = DIRECTION('',(0.,-0.,-1.));
#13192 = PCURVE('',#13138,#13193);
#13193 = DEFINITIONAL_REPRESENTATION('',(#13194),#13198);
#13194 = LINE('',#13195,#13196);
#13195 = CARTESIAN_POINT('',(0.,0.));
#13196 = VECTOR('',#13197,1.);
#13197 = DIRECTION('',(1.,0.));
#13198 = ( GEOMETRIC_REPRESENTATION_CONTEXT(2) 
PARAMETRIC_REPRESENTATION_CONTEXT() REPRESENTATION_CONTEXT('2D SPACE',''
  ) );
#13199 = PCURVE('',#13200,#13205);
#13200 = PLANE('',#13201);
#13201 = AXIS2_PLACEMENT_3D('',#13202,#13203,#13204);
#13202 = CARTESIAN_POINT('',(-87.6,614.72,465.47));
#13203 = DIRECTION('',(0.,-1.,0.));
#13204 = DIRECTION('',(0.,-0.,-1.));
#13205 = DEFINITIONAL_REPRESENTATION('',(#13206),#13210);
#13206 = CIRCLE('',#13207,1.2);
#13207 = AXIS2_PLACEMENT_2D('',#13208,#13209);
#13208 = CARTESIAN_POINT('',(0.,0.));
#13209 = DIRECTION('',(1.,0.));
#13210 = ( GEOMETRIC_REPRESENTATION_CONTEXT(2) 
PARAMETRIC_REPRESENTATION_CONTEXT() REPRESENTATION_CONTEXT('2D SPACE',''
  ) );
#13211 = ORIENTED_EDGE('',*,*,#13162,.T.);
#13212 = ADVANCED_FACE('',(#13213),#13150,.T.);
#13213 = FACE_BOUND('',#13214,.T.);
#13214 = EDGE_LOOP('',(#13215));
#13215 = ORIENTED_EDGE('',*,*,#13128,.T.);
#13216 = ADVANCED_FACE('',(#13217),#13200,.F.);
#13217 = FACE_BOUND('',#13218,.T.);
#13218 = EDGE_LOOP('',(#13219));
#13219 = ORIENTED_EDGE('',*,*,#13185,.F.);
#13220 = ( GEOMETRIC_REPRESENTATION_CONTEXT(3) 
GLOBAL_UNCERTAINTY_ASSIGNED_CONTEXT((#13224)) 
GLOBAL_UNIT_ASSIGNED_CONTEXT((#13221,#13222,#13223)) 
REPRESENTATION_CONTEXT('Context #1',
  '3D Context with UNIT and UNCERTAINTY') );
#13221 = ( LENGTH_UNIT() NAMED_UNIT(*) SI_UNIT(.MILLI.,.METRE.) );
#13222 = ( NAMED_UNIT(*) PLANE_ANGLE_UNIT() SI_UNIT($,.RADIAN.) );
#13223 = ( NAMED_UNIT(*) SI_UNIT($,.STERADIAN.) SOLID_ANGLE_UNIT() );
#13224 = UNCERTAINTY_MEASURE_WITH_UNIT(LENGTH_MEASURE(1.E-07),#13221,
  'distance_accuracy_value','confusion accuracy');
#13225 = CONTEXT_DEPENDENT_SHAPE_REPRESENTATION(#13226,#13228);
#13226 = ( REPRESENTATION_RELATIONSHIP('','',#13121,#10) 
REPRESENTATION_RELATIONSHIP_WITH_TRANSFORMATION(#13227) 
SHAPE_REPRESENTATION_RELATIONSHIP() );
#13227 = ITEM_DEFINED_TRANSFORMATION('','',#11,#467);
#13228 = PRODUCT_DEFINITION_SHAPE('Placement','Placement of an item',
  #13229);
#13229 = NEXT_ASSEMBLY_USAGE_OCCURRENCE('114',
  '0113_overall_dog_envelope','',#5,#13116,$);
#13230 = PRODUCT_RELATED_PRODUCT_CATEGORY('part',$,(#13118));
#13231 = SHAPE_DEFINITION_REPRESENTATION(#13232,#13238);
#13232 = PRODUCT_DEFINITION_SHAPE('','',#13233);
#13233 = PRODUCT_DEFINITION('design','',#13234,#13237);
#13234 = PRODUCT_DEFINITION_FORMATION('','',#13235);
#13235 = PRODUCT('0114_overall_dog_envelope','0114_overall_dog_envelope'
  ,'',(#13236));
#13236 = PRODUCT_CONTEXT('',#2,'mechanical');
#13237 = PRODUCT_DEFINITION_CONTEXT('part definition',#2,'design');
#13238 = ADVANCED_BREP_SHAPE_REPRESENTATION('',(#11,#13239),#13337);
#13239 = MANIFOLD_SOLID_BREP('',#13240);
#13240 = CLOSED_SHELL('',(#13241,#13329,#13333));
#13241 = ADVANCED_FACE('',(#13242),#13255,.T.);
#13242 = FACE_BOUND('',#13243,.T.);
#13243 = EDGE_LOOP('',(#13244,#13278,#13301,#13328));
#13244 = ORIENTED_EDGE('',*,*,#13245,.F.);
#13245 = EDGE_CURVE('',#13246,#13246,#13248,.T.);
#13246 = VERTEX_POINT('',#13247);
#13247 = CARTESIAN_POINT('',(-86.4,-2.939152317954E-16,465.47));
#13248 = SURFACE_CURVE('',#13249,(#13254,#13266),.PCURVE_S1.);
#13249 = CIRCLE('',#13250,1.2);
#13250 = AXIS2_PLACEMENT_3D('',#13251,#13252,#13253);
#13251 = CARTESIAN_POINT('',(-87.6,0.,465.47));
#13252 = DIRECTION('',(0.,0.,1.));
#13253 = DIRECTION('',(1.,0.,-0.));
#13254 = PCURVE('',#13255,#13260);
#13255 = CYLINDRICAL_SURFACE('',#13256,1.2);
#13256 = AXIS2_PLACEMENT_3D('',#13257,#13258,#13259);
#13257 = CARTESIAN_POINT('',(-87.6,0.,0.));
#13258 = DIRECTION('',(0.,0.,1.));
#13259 = DIRECTION('',(1.,0.,-0.));
#13260 = DEFINITIONAL_REPRESENTATION('',(#13261),#13265);
#13261 = LINE('',#13262,#13263);
#13262 = CARTESIAN_POINT('',(0.,465.47));
#13263 = VECTOR('',#13264,1.);
#13264 = DIRECTION('',(1.,0.));
#13265 = ( GEOMETRIC_REPRESENTATION_CONTEXT(2) 
PARAMETRIC_REPRESENTATION_CONTEXT() REPRESENTATION_CONTEXT('2D SPACE',''
  ) );
#13266 = PCURVE('',#13267,#13272);
#13267 = PLANE('',#13268);
#13268 = AXIS2_PLACEMENT_3D('',#13269,#13270,#13271);
#13269 = CARTESIAN_POINT('',(-87.6,0.,465.47));
#13270 = DIRECTION('',(0.,0.,1.));
#13271 = DIRECTION('',(1.,0.,-0.));
#13272 = DEFINITIONAL_REPRESENTATION('',(#13273),#13277);
#13273 = CIRCLE('',#13274,1.2);
#13274 = AXIS2_PLACEMENT_2D('',#13275,#13276);
#13275 = CARTESIAN_POINT('',(0.,0.));
#13276 = DIRECTION('',(1.,0.));
#13277 = ( GEOMETRIC_REPRESENTATION_CONTEXT(2) 
PARAMETRIC_REPRESENTATION_CONTEXT() REPRESENTATION_CONTEXT('2D SPACE',''
  ) );
#13278 = ORIENTED_EDGE('',*,*,#13279,.F.);
#13279 = EDGE_CURVE('',#13280,#13246,#13282,.T.);
#13280 = VERTEX_POINT('',#13281);
#13281 = CARTESIAN_POINT('',(-86.4,-2.939152317954E-16,0.));
#13282 = SEAM_CURVE('',#13283,(#13287,#13294),.PCURVE_S1.);
#13283 = LINE('',#13284,#13285);
#13284 = CARTESIAN_POINT('',(-86.4,-2.939152317954E-16,0.));
#13285 = VECTOR('',#13286,1.);
#13286 = DIRECTION('',(0.,0.,1.));
#13287 = PCURVE('',#13255,#13288);
#13288 = DEFINITIONAL_REPRESENTATION('',(#13289),#13293);
#13289 = LINE('',#13290,#13291);
#13290 = CARTESIAN_POINT('',(6.28318530718,-0.));
#13291 = VECTOR('',#13292,1.);
#13292 = DIRECTION('',(0.,1.));
#13293 = ( GEOMETRIC_REPRESENTATION_CONTEXT(2) 
PARAMETRIC_REPRESENTATION_CONTEXT() REPRESENTATION_CONTEXT('2D SPACE',''
  ) );
#13294 = PCURVE('',#13255,#13295);
#13295 = DEFINITIONAL_REPRESENTATION('',(#13296),#13300);
#13296 = LINE('',#13297,#13298);
#13297 = CARTESIAN_POINT('',(0.,-0.));
#13298 = VECTOR('',#13299,1.);
#13299 = DIRECTION('',(0.,1.));
#13300 = ( GEOMETRIC_REPRESENTATION_CONTEXT(2) 
PARAMETRIC_REPRESENTATION_CONTEXT() REPRESENTATION_CONTEXT('2D SPACE',''
  ) );
#13301 = ORIENTED_EDGE('',*,*,#13302,.T.);
#13302 = EDGE_CURVE('',#13280,#13280,#13303,.T.);
#13303 = SURFACE_CURVE('',#13304,(#13309,#13316),.PCURVE_S1.);
#13304 = CIRCLE('',#13305,1.2);
#13305 = AXIS2_PLACEMENT_3D('',#13306,#13307,#13308);
#13306 = CARTESIAN_POINT('',(-87.6,0.,0.));
#13307 = DIRECTION('',(0.,0.,1.));
#13308 = DIRECTION('',(1.,0.,-0.));
#13309 = PCURVE('',#13255,#13310);
#13310 = DEFINITIONAL_REPRESENTATION('',(#13311),#13315);
#13311 = LINE('',#13312,#13313);
#13312 = CARTESIAN_POINT('',(0.,0.));
#13313 = VECTOR('',#13314,1.);
#13314 = DIRECTION('',(1.,0.));
#13315 = ( GEOMETRIC_REPRESENTATION_CONTEXT(2) 
PARAMETRIC_REPRESENTATION_CONTEXT() REPRESENTATION_CONTEXT('2D SPACE',''
  ) );
#13316 = PCURVE('',#13317,#13322);
#13317 = PLANE('',#13318);
#13318 = AXIS2_PLACEMENT_3D('',#13319,#13320,#13321);
#13319 = CARTESIAN_POINT('',(-87.6,0.,0.));
#13320 = DIRECTION('',(0.,0.,1.));
#13321 = DIRECTION('',(1.,0.,-0.));
#13322 = DEFINITIONAL_REPRESENTATION('',(#13323),#13327);
#13323 = CIRCLE('',#13324,1.2);
#13324 = AXIS2_PLACEMENT_2D('',#13325,#13326);
#13325 = CARTESIAN_POINT('',(0.,0.));
#13326 = DIRECTION('',(1.,0.));
#13327 = ( GEOMETRIC_REPRESENTATION_CONTEXT(2) 
PARAMETRIC_REPRESENTATION_CONTEXT() REPRESENTATION_CONTEXT('2D SPACE',''
  ) );
#13328 = ORIENTED_EDGE('',*,*,#13279,.T.);
#13329 = ADVANCED_FACE('',(#13330),#13267,.T.);
#13330 = FACE_BOUND('',#13331,.T.);
#13331 = EDGE_LOOP('',(#13332));
#13332 = ORIENTED_EDGE('',*,*,#13245,.T.);
#13333 = ADVANCED_FACE('',(#13334),#13317,.F.);
#13334 = FACE_BOUND('',#13335,.T.);
#13335 = EDGE_LOOP('',(#13336));
#13336 = ORIENTED_EDGE('',*,*,#13302,.F.);
#13337 = ( GEOMETRIC_REPRESENTATION_CONTEXT(3) 
GLOBAL_UNCERTAINTY_ASSIGNED_CONTEXT((#13341)) 
GLOBAL_UNIT_ASSIGNED_CONTEXT((#13338,#13339,#13340)) 
REPRESENTATION_CONTEXT('Context #1',
  '3D Context with UNIT and UNCERTAINTY') );
#13338 = ( LENGTH_UNIT() NAMED_UNIT(*) SI_UNIT(.MILLI.,.METRE.) );
#13339 = ( NAMED_UNIT(*) PLANE_ANGLE_UNIT() SI_UNIT($,.RADIAN.) );
#13340 = ( NAMED_UNIT(*) SI_UNIT($,.STERADIAN.) SOLID_ANGLE_UNIT() );
#13341 = UNCERTAINTY_MEASURE_WITH_UNIT(LENGTH_MEASURE(1.E-07),#13338,
  'distance_accuracy_value','confusion accuracy');
#13342 = CONTEXT_DEPENDENT_SHAPE_REPRESENTATION(#13343,#13345);
#13343 = ( REPRESENTATION_RELATIONSHIP('','',#13238,#10) 
REPRESENTATION_RELATIONSHIP_WITH_TRANSFORMATION(#13344) 
SHAPE_REPRESENTATION_RELATIONSHIP() );
#13344 = ITEM_DEFINED_TRANSFORMATION('','',#11,#471);
#13345 = PRODUCT_DEFINITION_SHAPE('Placement','Placement of an item',
  #13346);
#13346 = NEXT_ASSEMBLY_USAGE_OCCURRENCE('115',
  '0114_overall_dog_envelope','',#5,#13233,$);
#13347 = PRODUCT_RELATED_PRODUCT_CATEGORY('part',$,(#13235));
#13348 = SHAPE_DEFINITION_REPRESENTATION(#13349,#13355);
#13349 = PRODUCT_DEFINITION_SHAPE('','',#13350);
#13350 = PRODUCT_DEFINITION('design','',#13351,#13354);
#13351 = PRODUCT_DEFINITION_FORMATION('','',#13352);
#13352 = PRODUCT('0115_overall_dog_envelope','0115_overall_dog_envelope'
  ,'',(#13353));
#13353 = PRODUCT_CONTEXT('',#2,'mechanical');
#13354 = PRODUCT_DEFINITION_CONTEXT('part definition',#2,'design');
#13355 = ADVANCED_BREP_SHAPE_REPRESENTATION('',(#11,#13356),#13454);
#13356 = MANIFOLD_SOLID_BREP('',#13357);
#13357 = CLOSED_SHELL('',(#13358,#13446,#13450));
#13358 = ADVANCED_FACE('',(#13359),#13372,.T.);
#13359 = FACE_BOUND('',#13360,.T.);
#13360 = EDGE_LOOP('',(#13361,#13395,#13418,#13445));
#13361 = ORIENTED_EDGE('',*,*,#13362,.F.);
#13362 = EDGE_CURVE('',#13363,#13363,#13365,.T.);
#13363 = VERTEX_POINT('',#13364);
#13364 = CARTESIAN_POINT('',(88.8,-2.939152317954E-16,465.47));
#13365 = SURFACE_CURVE('',#13366,(#13371,#13383),.PCURVE_S1.);
#13366 = CIRCLE('',#13367,1.2);
#13367 = AXIS2_PLACEMENT_3D('',#13368,#13369,#13370);
#13368 = CARTESIAN_POINT('',(87.6,0.,465.47));
#13369 = DIRECTION('',(0.,0.,1.));
#13370 = DIRECTION('',(1.,0.,-0.));
#13371 = PCURVE('',#13372,#13377);
#13372 = CYLINDRICAL_SURFACE('',#13373,1.2);
#13373 = AXIS2_PLACEMENT_3D('',#13374,#13375,#13376);
#13374 = CARTESIAN_POINT('',(87.6,0.,0.));
#13375 = DIRECTION('',(0.,0.,1.));
#13376 = DIRECTION('',(1.,0.,-0.));
#13377 = DEFINITIONAL_REPRESENTATION('',(#13378),#13382);
#13378 = LINE('',#13379,#13380);
#13379 = CARTESIAN_POINT('',(0.,465.47));
#13380 = VECTOR('',#13381,1.);
#13381 = DIRECTION('',(1.,0.));
#13382 = ( GEOMETRIC_REPRESENTATION_CONTEXT(2) 
PARAMETRIC_REPRESENTATION_CONTEXT() REPRESENTATION_CONTEXT('2D SPACE',''
  ) );
#13383 = PCURVE('',#13384,#13389);
#13384 = PLANE('',#13385);
#13385 = AXIS2_PLACEMENT_3D('',#13386,#13387,#13388);
#13386 = CARTESIAN_POINT('',(87.6,0.,465.47));
#13387 = DIRECTION('',(0.,0.,1.));
#13388 = DIRECTION('',(1.,0.,-0.));
#13389 = DEFINITIONAL_REPRESENTATION('',(#13390),#13394);
#13390 = CIRCLE('',#13391,1.2);
#13391 = AXIS2_PLACEMENT_2D('',#13392,#13393);
#13392 = CARTESIAN_POINT('',(0.,0.));
#13393 = DIRECTION('',(1.,0.));
#13394 = ( GEOMETRIC_REPRESENTATION_CONTEXT(2) 
PARAMETRIC_REPRESENTATION_CONTEXT() REPRESENTATION_CONTEXT('2D SPACE',''
  ) );
#13395 = ORIENTED_EDGE('',*,*,#13396,.F.);
#13396 = EDGE_CURVE('',#13397,#13363,#13399,.T.);
#13397 = VERTEX_POINT('',#13398);
#13398 = CARTESIAN_POINT('',(88.8,-2.939152317954E-16,0.));
#13399 = SEAM_CURVE('',#13400,(#13404,#13411),.PCURVE_S1.);
#13400 = LINE('',#13401,#13402);
#13401 = CARTESIAN_POINT('',(88.8,-2.939152317954E-16,0.));
#13402 = VECTOR('',#13403,1.);
#13403 = DIRECTION('',(0.,0.,1.));
#13404 = PCURVE('',#13372,#13405);
#13405 = DEFINITIONAL_REPRESENTATION('',(#13406),#13410);
#13406 = LINE('',#13407,#13408);
#13407 = CARTESIAN_POINT('',(6.28318530718,-0.));
#13408 = VECTOR('',#13409,1.);
#13409 = DIRECTION('',(0.,1.));
#13410 = ( GEOMETRIC_REPRESENTATION_CONTEXT(2) 
PARAMETRIC_REPRESENTATION_CONTEXT() REPRESENTATION_CONTEXT('2D SPACE',''
  ) );
#13411 = PCURVE('',#13372,#13412);
#13412 = DEFINITIONAL_REPRESENTATION('',(#13413),#13417);
#13413 = LINE('',#13414,#13415);
#13414 = CARTESIAN_POINT('',(0.,-0.));
#13415 = VECTOR('',#13416,1.);
#13416 = DIRECTION('',(0.,1.));
#13417 = ( GEOMETRIC_REPRESENTATION_CONTEXT(2) 
PARAMETRIC_REPRESENTATION_CONTEXT() REPRESENTATION_CONTEXT('2D SPACE',''
  ) );
#13418 = ORIENTED_EDGE('',*,*,#13419,.T.);
#13419 = EDGE_CURVE('',#13397,#13397,#13420,.T.);
#13420 = SURFACE_CURVE('',#13421,(#13426,#13433),.PCURVE_S1.);
#13421 = CIRCLE('',#13422,1.2);
#13422 = AXIS2_PLACEMENT_3D('',#13423,#13424,#13425);
#13423 = CARTESIAN_POINT('',(87.6,0.,0.));
#13424 = DIRECTION('',(0.,0.,1.));
#13425 = DIRECTION('',(1.,0.,-0.));
#13426 = PCURVE('',#13372,#13427);
#13427 = DEFINITIONAL_REPRESENTATION('',(#13428),#13432);
#13428 = LINE('',#13429,#13430);
#13429 = CARTESIAN_POINT('',(0.,0.));
#13430 = VECTOR('',#13431,1.);
#13431 = DIRECTION('',(1.,0.));
#13432 = ( GEOMETRIC_REPRESENTATION_CONTEXT(2) 
PARAMETRIC_REPRESENTATION_CONTEXT() REPRESENTATION_CONTEXT('2D SPACE',''
  ) );
#13433 = PCURVE('',#13434,#13439);
#13434 = PLANE('',#13435);
#13435 = AXIS2_PLACEMENT_3D('',#13436,#13437,#13438);
#13436 = CARTESIAN_POINT('',(87.6,0.,0.));
#13437 = DIRECTION('',(0.,0.,1.));
#13438 = DIRECTION('',(1.,0.,-0.));
#13439 = DEFINITIONAL_REPRESENTATION('',(#13440),#13444);
#13440 = CIRCLE('',#13441,1.2);
#13441 = AXIS2_PLACEMENT_2D('',#13442,#13443);
#13442 = CARTESIAN_POINT('',(0.,0.));
#13443 = DIRECTION('',(1.,0.));
#13444 = ( GEOMETRIC_REPRESENTATION_CONTEXT(2) 
PARAMETRIC_REPRESENTATION_CONTEXT() REPRESENTATION_CONTEXT('2D SPACE',''
  ) );
#13445 = ORIENTED_EDGE('',*,*,#13396,.T.);
#13446 = ADVANCED_FACE('',(#13447),#13384,.T.);
#13447 = FACE_BOUND('',#13448,.T.);
#13448 = EDGE_LOOP('',(#13449));
#13449 = ORIENTED_EDGE('',*,*,#13362,.T.);
#13450 = ADVANCED_FACE('',(#13451),#13434,.F.);
#13451 = FACE_BOUND('',#13452,.T.);
#13452 = EDGE_LOOP('',(#13453));
#13453 = ORIENTED_EDGE('',*,*,#13419,.F.);
#13454 = ( GEOMETRIC_REPRESENTATION_CONTEXT(3) 
GLOBAL_UNCERTAINTY_ASSIGNED_CONTEXT((#13458)) 
GLOBAL_UNIT_ASSIGNED_CONTEXT((#13455,#13456,#13457)) 
REPRESENTATION_CONTEXT('Context #1',
  '3D Context with UNIT and UNCERTAINTY') );
#13455 = ( LENGTH_UNIT() NAMED_UNIT(*) SI_UNIT(.MILLI.,.METRE.) );
#13456 = ( NAMED_UNIT(*) PLANE_ANGLE_UNIT() SI_UNIT($,.RADIAN.) );
#13457 = ( NAMED_UNIT(*) SI_UNIT($,.STERADIAN.) SOLID_ANGLE_UNIT() );
#13458 = UNCERTAINTY_MEASURE_WITH_UNIT(LENGTH_MEASURE(1.E-07),#13455,
  'distance_accuracy_value','confusion accuracy');
#13459 = CONTEXT_DEPENDENT_SHAPE_REPRESENTATION(#13460,#13462);
#13460 = ( REPRESENTATION_RELATIONSHIP('','',#13355,#10) 
REPRESENTATION_RELATIONSHIP_WITH_TRANSFORMATION(#13461) 
SHAPE_REPRESENTATION_RELATIONSHIP() );
#13461 = ITEM_DEFINED_TRANSFORMATION('','',#11,#475);
#13462 = PRODUCT_DEFINITION_SHAPE('Placement','Placement of an item',
  #13463);
#13463 = NEXT_ASSEMBLY_USAGE_OCCURRENCE('116',
  '0115_overall_dog_envelope','',#5,#13350,$);
#13464 = PRODUCT_RELATED_PRODUCT_CATEGORY('part',$,(#13352));
#13465 = SHAPE_DEFINITION_REPRESENTATION(#13466,#13472);
#13466 = PRODUCT_DEFINITION_SHAPE('','',#13467);
#13467 = PRODUCT_DEFINITION('design','',#13468,#13471);
#13468 = PRODUCT_DEFINITION_FORMATION('','',#13469);
#13469 = PRODUCT('0116_overall_dog_envelope','0116_overall_dog_envelope'
  ,'',(#13470));
#13470 = PRODUCT_CONTEXT('',#2,'mechanical');
#13471 = PRODUCT_DEFINITION_CONTEXT('part definition',#2,'design');
#13472 = ADVANCED_BREP_SHAPE_REPRESENTATION('',(#11,#13473),#13571);
#13473 = MANIFOLD_SOLID_BREP('',#13474);
#13474 = CLOSED_SHELL('',(#13475,#13563,#13567));
#13475 = ADVANCED_FACE('',(#13476),#13489,.T.);
#13476 = FACE_BOUND('',#13477,.T.);
#13477 = EDGE_LOOP('',(#13478,#13512,#13535,#13562));
#13478 = ORIENTED_EDGE('',*,*,#13479,.F.);
#13479 = EDGE_CURVE('',#13480,#13480,#13482,.T.);
#13480 = VERTEX_POINT('',#13481);
#13481 = CARTESIAN_POINT('',(88.8,614.72,465.47));
#13482 = SURFACE_CURVE('',#13483,(#13488,#13500),.PCURVE_S1.);
#13483 = CIRCLE('',#13484,1.2);
#13484 = AXIS2_PLACEMENT_3D('',#13485,#13486,#13487);
#13485 = CARTESIAN_POINT('',(87.6,614.72,465.47));
#13486 = DIRECTION('',(0.,0.,1.));
#13487 = DIRECTION('',(1.,0.,-0.));
#13488 = PCURVE('',#13489,#13494);
#13489 = CYLINDRICAL_SURFACE('',#13490,1.2);
#13490 = AXIS2_PLACEMENT_3D('',#13491,#13492,#13493);
#13491 = CARTESIAN_POINT('',(87.6,614.72,0.));
#13492 = DIRECTION('',(0.,0.,1.));
#13493 = DIRECTION('',(1.,0.,-0.));
#13494 = DEFINITIONAL_REPRESENTATION('',(#13495),#13499);
#13495 = LINE('',#13496,#13497);
#13496 = CARTESIAN_POINT('',(0.,465.47));
#13497 = VECTOR('',#13498,1.);
#13498 = DIRECTION('',(1.,0.));
#13499 = ( GEOMETRIC_REPRESENTATION_CONTEXT(2) 
PARAMETRIC_REPRESENTATION_CONTEXT() REPRESENTATION_CONTEXT('2D SPACE',''
  ) );
#13500 = PCURVE('',#13501,#13506);
#13501 = PLANE('',#13502);
#13502 = AXIS2_PLACEMENT_3D('',#13503,#13504,#13505);
#13503 = CARTESIAN_POINT('',(87.6,614.72,465.47));
#13504 = DIRECTION('',(0.,0.,1.));
#13505 = DIRECTION('',(1.,0.,-0.));
#13506 = DEFINITIONAL_REPRESENTATION('',(#13507),#13511);
#13507 = CIRCLE('',#13508,1.2);
#13508 = AXIS2_PLACEMENT_2D('',#13509,#13510);
#13509 = CARTESIAN_POINT('',(0.,0.));
#13510 = DIRECTION('',(1.,0.));
#13511 = ( GEOMETRIC_REPRESENTATION_CONTEXT(2) 
PARAMETRIC_REPRESENTATION_CONTEXT() REPRESENTATION_CONTEXT('2D SPACE',''
  ) );
#13512 = ORIENTED_EDGE('',*,*,#13513,.F.);
#13513 = EDGE_CURVE('',#13514,#13480,#13516,.T.);
#13514 = VERTEX_POINT('',#13515);
#13515 = CARTESIAN_POINT('',(88.8,614.72,0.));
#13516 = SEAM_CURVE('',#13517,(#13521,#13528),.PCURVE_S1.);
#13517 = LINE('',#13518,#13519);
#13518 = CARTESIAN_POINT('',(88.8,614.72,0.));
#13519 = VECTOR('',#13520,1.);
#13520 = DIRECTION('',(0.,0.,1.));
#13521 = PCURVE('',#13489,#13522);
#13522 = DEFINITIONAL_REPRESENTATION('',(#13523),#13527);
#13523 = LINE('',#13524,#13525);
#13524 = CARTESIAN_POINT('',(6.28318530718,-0.));
#13525 = VECTOR('',#13526,1.);
#13526 = DIRECTION('',(0.,1.));
#13527 = ( GEOMETRIC_REPRESENTATION_CONTEXT(2) 
PARAMETRIC_REPRESENTATION_CONTEXT() REPRESENTATION_CONTEXT('2D SPACE',''
  ) );
#13528 = PCURVE('',#13489,#13529);
#13529 = DEFINITIONAL_REPRESENTATION('',(#13530),#13534);
#13530 = LINE('',#13531,#13532);
#13531 = CARTESIAN_POINT('',(0.,-0.));
#13532 = VECTOR('',#13533,1.);
#13533 = DIRECTION('',(0.,1.));
#13534 = ( GEOMETRIC_REPRESENTATION_CONTEXT(2) 
PARAMETRIC_REPRESENTATION_CONTEXT() REPRESENTATION_CONTEXT('2D SPACE',''
  ) );
#13535 = ORIENTED_EDGE('',*,*,#13536,.T.);
#13536 = EDGE_CURVE('',#13514,#13514,#13537,.T.);
#13537 = SURFACE_CURVE('',#13538,(#13543,#13550),.PCURVE_S1.);
#13538 = CIRCLE('',#13539,1.2);
#13539 = AXIS2_PLACEMENT_3D('',#13540,#13541,#13542);
#13540 = CARTESIAN_POINT('',(87.6,614.72,0.));
#13541 = DIRECTION('',(0.,0.,1.));
#13542 = DIRECTION('',(1.,0.,-0.));
#13543 = PCURVE('',#13489,#13544);
#13544 = DEFINITIONAL_REPRESENTATION('',(#13545),#13549);
#13545 = LINE('',#13546,#13547);
#13546 = CARTESIAN_POINT('',(0.,0.));
#13547 = VECTOR('',#13548,1.);
#13548 = DIRECTION('',(1.,0.));
#13549 = ( GEOMETRIC_REPRESENTATION_CONTEXT(2) 
PARAMETRIC_REPRESENTATION_CONTEXT() REPRESENTATION_CONTEXT('2D SPACE',''
  ) );
#13550 = PCURVE('',#13551,#13556);
#13551 = PLANE('',#13552);
#13552 = AXIS2_PLACEMENT_3D('',#13553,#13554,#13555);
#13553 = CARTESIAN_POINT('',(87.6,614.72,0.));
#13554 = DIRECTION('',(0.,0.,1.));
#13555 = DIRECTION('',(1.,0.,-0.));
#13556 = DEFINITIONAL_REPRESENTATION('',(#13557),#13561);
#13557 = CIRCLE('',#13558,1.2);
#13558 = AXIS2_PLACEMENT_2D('',#13559,#13560);
#13559 = CARTESIAN_POINT('',(0.,0.));
#13560 = DIRECTION('',(1.,0.));
#13561 = ( GEOMETRIC_REPRESENTATION_CONTEXT(2) 
PARAMETRIC_REPRESENTATION_CONTEXT() REPRESENTATION_CONTEXT('2D SPACE',''
  ) );
#13562 = ORIENTED_EDGE('',*,*,#13513,.T.);
#13563 = ADVANCED_FACE('',(#13564),#13501,.T.);
#13564 = FACE_BOUND('',#13565,.T.);
#13565 = EDGE_LOOP('',(#13566));
#13566 = ORIENTED_EDGE('',*,*,#13479,.T.);
#13567 = ADVANCED_FACE('',(#13568),#13551,.F.);
#13568 = FACE_BOUND('',#13569,.T.);
#13569 = EDGE_LOOP('',(#13570));
#13570 = ORIENTED_EDGE('',*,*,#13536,.F.);
#13571 = ( GEOMETRIC_REPRESENTATION_CONTEXT(3) 
GLOBAL_UNCERTAINTY_ASSIGNED_CONTEXT((#13575)) 
GLOBAL_UNIT_ASSIGNED_CONTEXT((#13572,#13573,#13574)) 
REPRESENTATION_CONTEXT('Context #1',
  '3D Context with UNIT and UNCERTAINTY') );
#13572 = ( LENGTH_UNIT() NAMED_UNIT(*) SI_UNIT(.MILLI.,.METRE.) );
#13573 = ( NAMED_UNIT(*) PLANE_ANGLE_UNIT() SI_UNIT($,.RADIAN.) );
#13574 = ( NAMED_UNIT(*) SI_UNIT($,.STERADIAN.) SOLID_ANGLE_UNIT() );
#13575 = UNCERTAINTY_MEASURE_WITH_UNIT(LENGTH_MEASURE(1.E-07),#13572,
  'distance_accuracy_value','confusion accuracy');
#13576 = CONTEXT_DEPENDENT_SHAPE_REPRESENTATION(#13577,#13579);
#13577 = ( REPRESENTATION_RELATIONSHIP('','',#13472,#10) 
REPRESENTATION_RELATIONSHIP_WITH_TRANSFORMATION(#13578) 
SHAPE_REPRESENTATION_RELATIONSHIP() );
#13578 = ITEM_DEFINED_TRANSFORMATION('','',#11,#479);
#13579 = PRODUCT_DEFINITION_SHAPE('Placement','Placement of an item',
  #13580);
#13580 = NEXT_ASSEMBLY_USAGE_OCCURRENCE('117',
  '0116_overall_dog_envelope','',#5,#13467,$);
#13581 = PRODUCT_RELATED_PRODUCT_CATEGORY('part',$,(#13469));
#13582 = SHAPE_DEFINITION_REPRESENTATION(#13583,#13589);
#13583 = PRODUCT_DEFINITION_SHAPE('','',#13584);
#13584 = PRODUCT_DEFINITION('design','',#13585,#13588);
#13585 = PRODUCT_DEFINITION_FORMATION('','',#13586);
#13586 = PRODUCT('0117_overall_dog_envelope','0117_overall_dog_envelope'
  ,'',(#13587));
#13587 = PRODUCT_CONTEXT('',#2,'mechanical');
#13588 = PRODUCT_DEFINITION_CONTEXT('part definition',#2,'design');
#13589 = ADVANCED_BREP_SHAPE_REPRESENTATION('',(#11,#13590),#13688);
#13590 = MANIFOLD_SOLID_BREP('',#13591);
#13591 = CLOSED_SHELL('',(#13592,#13680,#13684));
#13592 = ADVANCED_FACE('',(#13593),#13606,.T.);
#13593 = FACE_BOUND('',#13594,.T.);
#13594 = EDGE_LOOP('',(#13595,#13629,#13652,#13679));
#13595 = ORIENTED_EDGE('',*,*,#13596,.F.);
#13596 = EDGE_CURVE('',#13597,#13597,#13599,.T.);
#13597 = VERTEX_POINT('',#13598);
#13598 = CARTESIAN_POINT('',(-86.4,614.72,465.47));
#13599 = SURFACE_CURVE('',#13600,(#13605,#13617),.PCURVE_S1.);
#13600 = CIRCLE('',#13601,1.2);
#13601 = AXIS2_PLACEMENT_3D('',#13602,#13603,#13604);
#13602 = CARTESIAN_POINT('',(-87.6,614.72,465.47));
#13603 = DIRECTION('',(0.,0.,1.));
#13604 = DIRECTION('',(1.,0.,-0.));
#13605 = PCURVE('',#13606,#13611);
#13606 = CYLINDRICAL_SURFACE('',#13607,1.2);
#13607 = AXIS2_PLACEMENT_3D('',#13608,#13609,#13610);
#13608 = CARTESIAN_POINT('',(-87.6,614.72,0.));
#13609 = DIRECTION('',(0.,0.,1.));
#13610 = DIRECTION('',(1.,0.,-0.));
#13611 = DEFINITIONAL_REPRESENTATION('',(#13612),#13616);
#13612 = LINE('',#13613,#13614);
#13613 = CARTESIAN_POINT('',(0.,465.47));
#13614 = VECTOR('',#13615,1.);
#13615 = DIRECTION('',(1.,0.));
#13616 = ( GEOMETRIC_REPRESENTATION_CONTEXT(2) 
PARAMETRIC_REPRESENTATION_CONTEXT() REPRESENTATION_CONTEXT('2D SPACE',''
  ) );
#13617 = PCURVE('',#13618,#13623);
#13618 = PLANE('',#13619);
#13619 = AXIS2_PLACEMENT_3D('',#13620,#13621,#13622);
#13620 = CARTESIAN_POINT('',(-87.6,614.72,465.47));
#13621 = DIRECTION('',(0.,0.,1.));
#13622 = DIRECTION('',(1.,0.,-0.));
#13623 = DEFINITIONAL_REPRESENTATION('',(#13624),#13628);
#13624 = CIRCLE('',#13625,1.2);
#13625 = AXIS2_PLACEMENT_2D('',#13626,#13627);
#13626 = CARTESIAN_POINT('',(0.,0.));
#13627 = DIRECTION('',(1.,0.));
#13628 = ( GEOMETRIC_REPRESENTATION_CONTEXT(2) 
PARAMETRIC_REPRESENTATION_CONTEXT() REPRESENTATION_CONTEXT('2D SPACE',''
  ) );
#13629 = ORIENTED_EDGE('',*,*,#13630,.F.);
#13630 = EDGE_CURVE('',#13631,#13597,#13633,.T.);
#13631 = VERTEX_POINT('',#13632);
#13632 = CARTESIAN_POINT('',(-86.4,614.72,0.));
#13633 = SEAM_CURVE('',#13634,(#13638,#13645),.PCURVE_S1.);
#13634 = LINE('',#13635,#13636);
#13635 = CARTESIAN_POINT('',(-86.4,614.72,0.));
#13636 = VECTOR('',#13637,1.);
#13637 = DIRECTION('',(0.,0.,1.));
#13638 = PCURVE('',#13606,#13639);
#13639 = DEFINITIONAL_REPRESENTATION('',(#13640),#13644);
#13640 = LINE('',#13641,#13642);
#13641 = CARTESIAN_POINT('',(6.28318530718,-0.));
#13642 = VECTOR('',#13643,1.);
#13643 = DIRECTION('',(0.,1.));
#13644 = ( GEOMETRIC_REPRESENTATION_CONTEXT(2) 
PARAMETRIC_REPRESENTATION_CONTEXT() REPRESENTATION_CONTEXT('2D SPACE',''
  ) );
#13645 = PCURVE('',#13606,#13646);
#13646 = DEFINITIONAL_REPRESENTATION('',(#13647),#13651);
#13647 = LINE('',#13648,#13649);
#13648 = CARTESIAN_POINT('',(0.,-0.));
#13649 = VECTOR('',#13650,1.);
#13650 = DIRECTION('',(0.,1.));
#13651 = ( GEOMETRIC_REPRESENTATION_CONTEXT(2) 
PARAMETRIC_REPRESENTATION_CONTEXT() REPRESENTATION_CONTEXT('2D SPACE',''
  ) );
#13652 = ORIENTED_EDGE('',*,*,#13653,.T.);
#13653 = EDGE_CURVE('',#13631,#13631,#13654,.T.);
#13654 = SURFACE_CURVE('',#13655,(#13660,#13667),.PCURVE_S1.);
#13655 = CIRCLE('',#13656,1.2);
#13656 = AXIS2_PLACEMENT_3D('',#13657,#13658,#13659);
#13657 = CARTESIAN_POINT('',(-87.6,614.72,0.));
#13658 = DIRECTION('',(0.,0.,1.));
#13659 = DIRECTION('',(1.,0.,-0.));
#13660 = PCURVE('',#13606,#13661);
#13661 = DEFINITIONAL_REPRESENTATION('',(#13662),#13666);
#13662 = LINE('',#13663,#13664);
#13663 = CARTESIAN_POINT('',(0.,0.));
#13664 = VECTOR('',#13665,1.);
#13665 = DIRECTION('',(1.,0.));
#13666 = ( GEOMETRIC_REPRESENTATION_CONTEXT(2) 
PARAMETRIC_REPRESENTATION_CONTEXT() REPRESENTATION_CONTEXT('2D SPACE',''
  ) );
#13667 = PCURVE('',#13668,#13673);
#13668 = PLANE('',#13669);
#13669 = AXIS2_PLACEMENT_3D('',#13670,#13671,#13672);
#13670 = CARTESIAN_POINT('',(-87.6,614.72,0.));
#13671 = DIRECTION('',(0.,0.,1.));
#13672 = DIRECTION('',(1.,0.,-0.));
#13673 = DEFINITIONAL_REPRESENTATION('',(#13674),#13678);
#13674 = CIRCLE('',#13675,1.2);
#13675 = AXIS2_PLACEMENT_2D('',#13676,#13677);
#13676 = CARTESIAN_POINT('',(0.,0.));
#13677 = DIRECTION('',(1.,0.));
#13678 = ( GEOMETRIC_REPRESENTATION_CONTEXT(2) 
PARAMETRIC_REPRESENTATION_CONTEXT() REPRESENTATION_CONTEXT('2D SPACE',''
  ) );
#13679 = ORIENTED_EDGE('',*,*,#13630,.T.);
#13680 = ADVANCED_FACE('',(#13681),#13618,.T.);
#13681 = FACE_BOUND('',#13682,.T.);
#13682 = EDGE_LOOP('',(#13683));
#13683 = ORIENTED_EDGE('',*,*,#13596,.T.);
#13684 = ADVANCED_FACE('',(#13685),#13668,.F.);
#13685 = FACE_BOUND('',#13686,.T.);
#13686 = EDGE_LOOP('',(#13687));
#13687 = ORIENTED_EDGE('',*,*,#13653,.F.);
#13688 = ( GEOMETRIC_REPRESENTATION_CONTEXT(3) 
GLOBAL_UNCERTAINTY_ASSIGNED_CONTEXT((#13692)) 
GLOBAL_UNIT_ASSIGNED_CONTEXT((#13689,#13690,#13691)) 
REPRESENTATION_CONTEXT('Context #1',
  '3D Context with UNIT and UNCERTAINTY') );
#13689 = ( LENGTH_UNIT() NAMED_UNIT(*) SI_UNIT(.MILLI.,.METRE.) );
#13690 = ( NAMED_UNIT(*) PLANE_ANGLE_UNIT() SI_UNIT($,.RADIAN.) );
#13691 = ( NAMED_UNIT(*) SI_UNIT($,.STERADIAN.) SOLID_ANGLE_UNIT() );
#13692 = UNCERTAINTY_MEASURE_WITH_UNIT(LENGTH_MEASURE(1.E-07),#13689,
  'distance_accuracy_value','confusion accuracy');
#13693 = CONTEXT_DEPENDENT_SHAPE_REPRESENTATION(#13694,#13696);
#13694 = ( REPRESENTATION_RELATIONSHIP('','',#13589,#10) 
REPRESENTATION_RELATIONSHIP_WITH_TRANSFORMATION(#13695) 
SHAPE_REPRESENTATION_RELATIONSHIP() );
#13695 = ITEM_DEFINED_TRANSFORMATION('','',#11,#483);
#13696 = PRODUCT_DEFINITION_SHAPE('Placement','Placement of an item',
  #13697);
#13697 = NEXT_ASSEMBLY_USAGE_OCCURRENCE('118',
  '0117_overall_dog_envelope','',#5,#13584,$);
#13698 = PRODUCT_RELATED_PRODUCT_CATEGORY('part',$,(#13586));
ENDSEC;
END-ISO-10303-21;
